row,col,intensity,local_mean_5x5,sobel,laplacian,dog,annotated
0,0,195.0,202.40001,20.0,21.0,-4.820877,no
0,1,205.0,203.36,27.856777,-31.0,-3.3282623,no
0,2,201.0,204.32,28.284271,13.0,-1.9737549,no
0,3,197.0,204.36,78.29432,17.0,-2.685669,no
0,4,191.0,204.12,61.983868,32.0,-4.409378,no
0,5,197.0,202.12,32.984844,-12.0,-5.199112,no
0,6,191.0,201.16,24.207438,31.0,-4.507019,no
0,7,204.0,198.6,15.556349,-39.0,-3.5617828,no
0,8,187.0,199.12,52.153618,37.0,-4.2473907,no
0,9,190.0,198.84,58.24088,-3.0,-4.3439026,no
0,10,187.0,199.48,102.77159,27.0,-2.936554,no
0,11,178.0,198.2,118.06778,54.0,-0.7772522,no
0,12,191.0,196.28,84.95882,23.0,4.0361176,no
0,13,206.0,190.64,22.847319,-42.0,8.738724,no
0,14,196.0,181.0,85.44004,-7.0,9.576218,no
0,15,187.0,166.76,156.54393,-27.0,4.317383,no
0,16,164.0,152.72,273.24713,-55.0,-10.164764,no
0,17,111.0,148.0,308.01624,28.0,-29.435486,yes
0,18,65.0,146.92,244.96939,184.0,-37.708252,yes
0,19,125.0,157.0,353.59863,-1.0,-28.601791,yes
0,20,132.0,172.08,305.4996,126.0,-14.178101,yes
0,21,201.0,190.24,235.5122,-67.0,-1.4520264,no
0,22,206.0,201.4,45.099888,-4.0,3.6761017,no
0,23,210.0,209.8,28.071337,-8.0,2.4524536,no
0,24,200.0,212.36,29.017237,44.0,0.28904724,no
0,25,215.0,210.44,16.970562,-43.0,-0.47010803,no
0,26,202.0,207.64,115.37764,13.0,-2.6522675,no
0,27,179.0,204.88,115.41231,68.0,-5.729721,no
0,28,191.0,199.2,87.69264,-7.0,-4.827942,no
0,29,183.0,194.48,72.138756,39.0,-2.294693,no
0,30,186.0,185.16,24.41311,-9.0,0.09439087,yes
0,31,197.0,172.44,132.40091,-61.0,-1.2663422,yes
0,32,155.0,159.84,216.83173,17.0,-11.273788,no
0,33,146.0,161.4,72.99315,4.0,-18.126907,no
0,34,155.0,161.12,218.56349,0.0,-11.161011,no
0,35,192.0,173.16,207.39334,-11.0,3.5710297,no
0,36,205.0,186.04,75.39231,-28.0,11.864883,no
0,37,212.0,199.6,13.038404,-16.0,12.43042,no
0,38,200.0,199.56,37.94733,21.0,8.673508,no
0,39,204.0,200.56,43.56604,-16.0,3.7470856,no
0,40,193.0,194.8,89.453896,-18.0,-1.9734497,no
0,41,174.0,191.56,107.563934,40.0,-6.9163055,no
0,42,165.0,186.24,94.54099,40.0,-8.5395355,no
0,43,173.0,182.72,73.171036,4.0,-6.5129395,no
0,44,168.0,173.92,111.94642,3.0,-5.6881104,no
0,45,150.0,162.16,124.23365,41.0,-9.255661,no
0,46,148.0,152.28,142.12671,-38.0,-15.676147,no
0,47,127.0,143.92,95.047356,24.0,-18.21051,yes
0,48,151.0,141.28,154.79665,-55.0,-11.650055,yes
0,49,154.0,140.48,110.39022,-29.0,-1.6494446,no
0,50,158.0,143.12,46.66905,13.0,5.212494,no
0,51,162.0,140.8,117.72001,-65.0,3.6355133,no
0,52,130.0,141.12,129.03488,36.0,-2.8339996,no
0,53,122.0,136.72,56.142673,38.0,-3.2973938,no
0,54,150.0,133.95999,120.34118,-33.0,4.139908,no
0,55,157.0,131.51999,89.28606,-48.0,8.602051,no
0,56,145.0,133.48,105.30907,-5.0,6.094406,no
0,57,144.0,133.68,78.63841,-34.0,1.9126892,yes
0,58,139.0,134.4,14.422205,-3.0,-1.3094025,yes
0,59,133.0,140.24,91.3017,13.0,-5.377136,no
0,60,118.0,149.31999,129.65338,87.0,-6.91008,no
0,61,152.0,153.12,160.26228,-14.0,-1.4954529,no
0,62,159.0,154.56,25.806976,12.0,3.8612823,no
0,63,164.0,151.44,70.93659,-31.0,3.8546906,no
0,64,158.0,141.2,154.40207,-48.0,-0.9779358,no
0,65,132.0,136.04001,148.22281,0.0,-8.295364,yes
0,66,122.0,139.04001,128.7012,37.0,-8.450958,yes
0,67,162.0,143.76,217.72,-61.0,1.766449,no
0,68,169.0,155.56,48.166378,-3.0,9.414658,no
0,69,165.0,170.64,63.560993,32.0,9.993317,no
0,70,185.0,175.36,59.464275,-24.0,8.505508,no
0,71,179.0,176.0,102.48902,-7.0,2.4801788,no
0,72,158.0,177.0,41.18252,50.0,-5.7917786,no
0,73,175.0,177.76,26.076809,-40.0,-8.7799835,no
0,74,164.0,178.84,64.7611,49.0,-6.4047394,no
0,75,188.0,183.64,91.44397,-22.0,-1.0778961,no
0,76,191.0,186.48,16.970562,-5.0,2.2325897,no
0,77,192.0,185.56,65.192024,-32.0,0.61909485,no
0,78,166.0,184.84,137.64447,55.0,-4.4514923,no
0,79,159.0,184.36,94.02127,56.0,-5.636795,no
0,80,186.0,181.68001,84.20214,-36.0,0.20828247,no
0,81,175.0,177.0,57.306194,41.0,5.418289,no
0,82,180.0,168.84,57.00877,-15.0,5.5463867,no
0,83,172.0,156.72,226.87442,-62.0,-1.5879517,no
0,84,122.0,145.24,194.25757,48.0,-12.353317,no
0,85,114.0,136.2,44.65423,49.0,-15.671722,no
0,86,137.0,132.56,28.460499,-58.0,-12.901245,no
0,87,119.0,140.2,39.824615,61.0,-10.786072,no
0,88,137.0,148.28,151.34729,1.0,-6.299118,no
0,89,154.0,155.08,130.14607,21.0,0.20907593,no
0,90,166.0,164.28,46.32494,-3.0,3.7745514,no
0,91,172.0,171.88,98.38699,12.0,7.702194,no
0,92,197.0,170.44,93.60555,-70.0,14.3311,no
0,93,185.0,167.56,101.607086,-10.0,16.53955,no
0,94,161.0,155.52,203.10588,-2.0,10.435852,no
0,95,124.0,140.96,276.48148,78.0,-1.5383148,no
0,96,103.0,127.08,134.61798,34.0,-12.98838,yes
0,97,112.0,126.92,42.379242,-19.0,-13.76709,yes
0,98,113.0,128.96,231.05411,55.0,-0.79559326,no
0,99,165.0,130.68001,213.84106,-44.0,16.737503,no
1,0,206.0,205.36,32.280025,-34.0,-3.553772,no
1,1,188.0,204.2,59.816387,91.0,-1.9404602,no
1,2,214.0,205.28,57.68882,-35.0,0.20732117,no
1,3,216.0,205.52,57.706154,-40.0,0.8974304,no
1,4,211.0,204.72,91.214035,-17.0,0.3000946,no
1,5,197.0,204.68001,93.60555,39.0,-0.97998047,no
1,6,203.0,204.4,53.160137,-19.0,-1.4763794,no
1,7,195.0,201.4,43.174065,29.0,-0.9050293,no
1,8,204.0,200.44,73.4983,-19.0,-0.5096588,no
1,9,193.0,198.16,66.287254,39.0,0.19006348,no
1,10,220.0,196.31999,85.883644,-87.0,3.2793884,no
1,11,210.0,194.92,105.38501,-15.0,6.1233063,no
1,12,212.0,192.4,63.702435,-52.0,6.863037,no
1,13,189.0,187.84,130.87398,32.0,4.658798,no
1,14,188.0,180.72,173.07224,-46.0,0.95726013,no
1,15,174.0,169.48,189.50989,-28.0,-4.1815643,no
1,16,139.0,157.56,144.67896,58.0,-12.315826,yes
1,17,132.0,154.08,239.8833,35.0,-18.631897,yes
1,18,143.0,153.0,426.3543,7.0,-17.224747,yes
1,19,177.0,162.44,373.4836,-51.0,-9.63707,no
1,20,196.0,175.76,232.1422,-84.0,-2.364502,no
1,21,198.0,191.8,133.70116,12.0,2.7842102,no
1,22,203.0,202.36,72.47068,23.0,4.8575134,no
1,23,216.0,211.92,87.92042,-9.0,5.18277,no
1,24,219.0,213.4,105.11898,-22.0,4.535248,no
1,25,200.0,211.36,76.941536,88.0,3.3388214,no
1,26,225.0,207.8,69.339745,-74.0,1.811554,no
1,27,212.0,204.48,96.04166,-37.0,0.07270813,no
1,28,204.0,199.52,109.48972,13.0,1.0513763,no
1,29,211.0,195.2,143.45033,-69.0,2.3184052,no
1,30,169.0,187.8,92.61749,117.0,0.83251953,yes
1,31,189.0,178.28,134.53624,-75.0,-4.311737,yes
1,32,139.0,169.16,210.77002,84.0,-15.316269,yes
1,33,132.0,166.96,76.837494,15.0,-23.14795,yes
1,34,127.0,165.44,243.9877,112.0,-17.752167,no
1,35,205.0,173.72,236.07202,-156.0,-4.0380554,no
1,36,183.0,183.28,145.11375,58.0,4.7141113,no
1,37,215.0,193.84,99.08582,-61.0,8.497421,no
1,38,205.0,196.36,14.142136,-3.0,8.347214,no
1,39,203.0,198.59999,58.60034,-3.0,5.481003,no
1,40,183.0,195.51999,77.36925,71.0,1.8654022,no
1,41,204.0,193.76,121.34249,-61.0,-0.086883545,no
1,42,188.0,189.12,145.7738,10.0,-0.7878113,no
1,43,190.0,186.0,122.80065,-13.0,0.13467407,no
1,44,184.0,179.2,152.80052,-9.0,1.0730133,no
1,45,175.0,170.08,242.98148,-20.0,-2.1226196,no
1,46,129.0,162.44,289.43048,105.0,-11.609863,no
1,47,106.0,156.24,106.52699,98.0,-19.062103,no
1,48,117.0,152.08,48.270073,58.0,-16.699417,yes
1,49,124.0,149.72,129.37543,79.0,-8.278,yes
1,50,171.0,149.56,82.28001,-126.0,-0.984375,yes
1,51,133.0,144.95999,109.83624,79.0,-0.8606415,no
1,52,142.0,142.0,63.07139,-44.0,-3.9447174,no
1,53,124.0,137.16,5.656854,37.0,-4.2224884,no
1,54,138.0,132.8,91.18114,-29.0,-0.8497925,no
1,55,128.0,129.36,141.40015,33.0,0.24986267,no
1,56,129.0,130.36,158.95912,-20.0,-3.086914,no
1,57,114.0,131.48,136.62357,58.0,-6.0927734,yes
1,58,137.0,133.88,125.992065,-20.0,-5.244232,yes
1,59,155.0,141.56,58.855755,-68.0,-3.317978,no
1,60,156.0,152.04,126.253716,-25.0,-0.75823975,no
1,61,165.0,157.52,140.0357,-10.0,3.968216,no
1,62,173.0,160.92,70.76723,-41.0,5.947281,no
1,63,144.0,157.6,108.01852,42.0,2.3431854,no
1,64,130.0,145.72,104.019226,60.0,-3.7828827,no
1,65,116.0,137.56,157.33405,42.0,-12.185608,yes
1,66,109.0,136.64,121.235306,21.0,-14.911034,yes
1,67,134.0,137.95999,279.08423,38.0,-4.9555054,no
1,68,177.0,147.68,147.32956,-82.0,6.6110687,no
1,69,173.0,163.6,68.46897,17.0,10.988281,no
1,70,187.0,170.68001,58.30952,-21.0,10.630737,no
1,71,187.0,175.24,77.42093,-20.0,5.533798,no
1,72,170.0,178.56,89.106674,8.0,-2.3485107,no
1,73,163.0,181.56,79.25907,53.0,-5.533722,no
1,74,178.0,182.64,108.97706,-1.0,-2.9914703,no
1,75,187.0,187.12,65.192024,1.0,0.8233185,no
1,76,188.0,187.48,18.384777,6.0,2.7731934,no
1,77,187.0,185.64,41.109608,32.0,2.6969604,no
1,78,202.0,183.56,102.30347,-81.0,0.30244446,no
1,79,181.0,182.52,62.03225,3.0,-1.2855377,no
1,80,188.0,180.2,67.72001,-6.0,2.352295,no
1,81,200.0,178.0,34.928497,-70.0,6.428879,no
1,82,178.0,171.12,124.2578,-7.0,4.963791,no
1,83,152.0,160.2,177.22867,34.0,-1.9291687,no
1,84,128.0,149.24,149.58609,48.0,-9.953079,no
1,85,132.0,139.76001,71.063354,-34.0,-13.08223,yes
1,86,120.0,136.08,50.990196,71.0,-11.390549,yes
1,87,144.0,142.12,97.580734,-61.0,-7.4086914,no
1,88,139.0,149.44,180.64883,74.0,-1.0339661,no
1,89,180.0,155.31999,101.98039,-81.0,4.08107,no
1,90,169.0,163.76,46.06517,-9.0,3.1692963,no
1,91,165.0,168.56,91.389275,-7.0,2.7732544,no
1,92,164.0,165.68,120.880104,64.0,8.100327,no
1,93,187.0,159.44,93.29523,-60.0,12.475662,no
1,94,172.0,148.16,105.60303,-11.0,10.185593,no
1,95,186.0,135.51999,230.0,-207.0,0.853302,no
1,96,107.0,122.0,213.02112,63.0,-11.777412,yes
1,97,101.0,120.92,43.931767,35.0,-15.2326355,yes
1,98,117.0,124.08,231.72829,23.0,-4.7364197,yes
1,99,173.0,124.72,222.2836,-108.0,10.559769,no
2,0,201.0,209.56,62.76942,32.0,-0.56030273,no
2,1,218.0,208.6,74.094536,-40.0,1.0992737,no
2,2,216.0,209.48,29.15476,-30.0,1.3604431,no
2,3,202.0,208.8,45.343136,49.0,1.8420258,no
2,4,223.0,207.48,18.439089,-44.0,3.349289,no
2,5,216.0,207.44,58.60034,-27.0,3.4099426,no
2,6,210.0,207.12,96.17692,5.0,3.4171753,no
2,7,198.0,203.52,98.0816,65.0,3.9253998,no
2,8,222.0,202.4,58.137768,-82.0,3.4225311,no
2,9,197.0,199.48,46.8615,20.0,1.957901,no
2,10,203.0,196.8,95.015785,13.0,3.6155396,no
2,11,215.0,192.6,104.47966,-56.0,5.8864746,no
2,12,206.0,189.32,114.58621,-30.0,4.3181915,no
2,13,182.0,185.2,163.32176,3.0,-1.6986542,no
2,14,147.0,179.24,93.230896,106.0,-7.838028,no
2,15,154.0,172.56,52.0,23.0,-10.610748,yes
2,16,144.0,168.08,124.0645,64.0,-10.694382,yes
2,17,170.0,167.64,236.63051,-19.0,-5.8362427,yes
2,18,205.0,169.64,195.1666,-118.0,1.1065369,no
2,19,193.0,177.88,84.15462,-7.0,4.1540375,no
2,20,193.0,188.0,80.95678,17.0,4.773575,no
2,21,204.0,199.0,78.40918,10.0,5.3135834,no
2,22,215.0,208.08,60.033325,-23.0,5.763794,no
2,23,223.0,213.92,72.02777,-7.0,7.305832,no
2,24,238.0,215.72,26.57066,-64.0,8.470474,no
2,25,229.0,214.72,66.70832,-37.0,7.2289886,no
2,26,212.0,210.4,59.464275,29.0,4.5370026,no
2,27,203.0,207.44,54.626,40.0,2.0941925,no
2,28,215.0,203.59999,54.571056,-49.0,2.5180664,no
2,29,219.0,199.44,20.396078,-48.0,4.679184,no
2,30,207.0,192.59999,137.00365,-48.0,3.1936188,no
2,31,176.0,185.8,178.80716,50.0,-3.293579,no
2,32,164.0,177.31999,220.90723,-22.0,-12.432114,yes
2,33,131.0,175.12,253.06126,93.0,-18.961182,yes
2,34,128.0,173.12,185.29976,106.0,-17.756485,yes
2,35,162.0,176.84,101.597244,8.0,-11.474518,yes
2,36,165.0,182.08,173.06647,41.0,-6.1435394,yes
2,37,199.0,189.31999,180.27756,-47.0,-0.6215515,yes
2,38,199.0,191.8,107.042046,8.0,3.7954865,no
2,39,217.0,194.92,13.341664,-64.0,5.879242,no
2,40,203.0,196.52,35.128338,-2.0,6.0522614,no
2,41,210.0,197.32,51.24451,-21.0,6.477829,no
2,42,203.0,195.56,72.47068,-2.0,6.335663,no
2,43,202.0,194.28,73.82411,-16.0,6.090103,no
2,44,194.0,189.16,69.050705,24.0,7.476425,no
2,45,217.0,180.8,141.66158,-105.0,7.1954346,no
2,46,192.0,174.28,309.82898,-89.0,-0.31407166,no
2,47,149.0,167.76,318.7601,41.0,-8.506653,no
2,48,145.0,161.68,297.48615,7.0,-9.927582,no
2,49,133.0,156.96,195.24344,71.0,-6.9069366,yes
2,50,143.0,154.72,66.70832,28.0,-4.054413,yes
2,51,136.0,148.8,56.586216,18.0,-3.5643005,yes
2,52,137.0,143.72,72.498276,21.0,-3.4202423,no
2,53,131.0,136.52,79.30952,-4.0,-4.131195,no
2,54,121.0,131.44,61.220913,29.0,-5.441925,no
2,55,121.0,127.6,97.41663,-20.0,-7.808693,no
2,56,109.0,128.36,90.21086,23.0,-11.282684,yes
2,57,104.0,131.31999,70.76723,34.0,-12.547043,yes
2,58,120.0,137.16,142.27438,14.0,-8.776566,yes
2,59,126.0,146.68,152.23666,95.0,-2.347641,no
2,60,161.0,157.95999,138.92444,-17.0,4.152664,no
2,61,169.0,162.76,125.93649,20.0,9.498383,no
2,62,183.0,165.52,129.3213,-38.0,10.384979,no
2,63,151.0,161.0,178.89102,61.0,6.173889,no
2,64,162.0,148.4,192.21342,-45.0,0.1875,no
2,65,135.0,136.96,280.3712,-46.0,-11.402008,yes
2,66,85.0,133.8,82.68011,120.0,-20.604881,yes
2,67,126.0,134.44,282.84625,-48.0,-15.082268,yes
2,68,150.0,142.28,291.33142,-6.0,-2.1807709,no
2,69,180.0,157.72,195.06409,-70.0,6.5342712,no
2,70,182.0,168.56,129.3213,-19.0,9.16803,no
2,71,192.0,176.84,23.70654,-30.0,7.582443,no
2,72,180.0,182.08,69.339745,6.0,2.997818,no
2,73,182.0,186.95999,125.93649,7.0,1.4295502,no
2,74,197.0,188.44,126.65702,-25.0,3.8140717,no
2,75,195.0,191.28,71.80529,3.0,4.9390106,no
2,76,193.0,191.04,28.460499,-1.0,4.113205,no
2,77,198.0,188.72,20.396078,-28.0,3.2161407,no
2,78,193.0,185.92,69.29646,-22.0,1.3155975,no
2,79,178.0,185.16,51.40039,29.0,-0.4165039,no
2,80,179.0,183.84,53.90733,12.0,1.6349182,no
2,81,189.0,180.8,26.305893,-16.0,5.685623,no
2,82,173.0,174.52,111.89281,30.0,5.797287,no
2,83,164.0,164.95999,161.24515,7.0,1.6234741,no
2,84,154.0,153.51999,173.97127,-25.0,-4.1344757,no
2,85,132.0,144.23999,110.88733,43.0,-8.964935,no
2,86,138.0,141.2,28.319605,-42.0,-9.65596,yes
2,87,137.0,146.0,134.89255,49.0,-4.320694,no
2,88,169.0,152.44,161.77144,-53.0,3.7270355,no
2,89,177.0,158.16,25.019993,-24.0,6.5179596,no
2,90,156.0,164.64,113.32255,35.0,0.9481354,no
2,91,148.0,167.56,65.37584,43.0,-3.3018188,no
2,92,171.0,162.8,115.10864,-58.0,-0.07054138,no
2,93,167.0,155.76,144.99655,-19.0,3.1040802,no
2,94,143.0,145.2,232.57257,36.0,0.22702026,no
2,95,134.0,134.24,281.16898,-8.0,-7.4105377,no
2,96,101.0,123.68,129.37543,44.0,-15.506508,yes
2,97,103.0,123.52,29.017237,26.0,-17.522392,yes
2,98,104.0,126.6,137.64447,20.0,-12.292,yes
2,99,129.0,128.16,248.04031,3.0,-3.3579712,yes
3,0,211.0,213.24,95.60335,17.0,3.9051971,no
3,1,227.0,211.96,42.44997,-48.0,4.0401,no
3,2,200.0,212.4,69.354164,45.0,1.190155,no
3,3,202.0,211.8,63.560993,41.0,0.86694336,no
3,4,219.0,210.0,9.486833,-31.0,2.7549744,no
3,5,207.0,209.4,46.173584,36.0,3.5055084,no
3,6,228.0,209.0,37.202152,-61.0,5.0538483,no
3,7,230.0,205.6,17.029387,-84.0,6.2433014,no
3,8,207.0,204.0,87.14356,31.0,4.3983,no
3,9,190.0,201.56,79.81228,34.0,0.2694702,no
3,10,193.0,199.36,73.34848,-7.0,-1.8048553,no
3,11,185.0,195.4,136.565,28.0,-2.3786469,no
3,12,185.0,191.72,134.37262,9.0,-3.5688324,no
3,13,189.0,187.64,80.622574,-53.0,-5.986374,no
3,14,170.0,182.88,105.26158,14.0,-7.85907,yes
3,15,174.0,180.08,171.84296,3.0,-6.7216034,yes
3,16,177.0,181.24,172.19176,-20.0,-3.3916779,yes
3,17,180.0,184.12,168.29736,26.0,2.5740662,no
3,18,196.0,187.92,50.219517,2.0,7.0234375,no
3,19,190.0,193.76,25.179358,14.0,6.015167,no
3,20,196.0,199.88,89.94443,39.0,4.5116425,no
3,21,220.0,205.32,44.94441,-76.0,4.26799,no
3,22,207.0,211.40001,44.407207,41.0,4.847168,no
3,23,216.0,214.8,52.34501,13.0,6.7855988,no
3,24,217.0,216.56,36.05551,42.0,7.877411,no
3,25,229.0,216.68001,68.60029,-40.0,6.4260864,no
3,26,220.0,212.24,53.75872,-20.0,3.3714905,no
3,27,213.0,210.28,81.00617,-27.0,0.049545288,no
3,28,185.0,207.76,36.71512,75.0,-1.0478516,no
3,29,195.0,204.68,74.04053,59.0,2.6018677,no
3,30,216.0,198.96,67.601776,-59.0,4.570862,no
3,31,194.0,193.92,144.25671,9.0,1.3589478,no
3,32,188.0,185.76,202.41048,6.0,-2.1149445,no
3,33,193.0,182.8,290.44104,-40.0,-3.6443634,no
3,34,198.0,180.16,297.5668,-106.0,-4.8543243,no
3,35,158.0,181.72,226.80829,100.0,-7.355484,yes
3,36,157.0,183.84,76.105194,66.0,-10.068268,yes
3,37,170.0,187.76,110.0727,9.0,-9.944778,yes
3,38,183.0,189.24,195.8622,-3.0,-5.821533,yes
3,39,199.0,194.2,146.49232,-23.0,0.5971832,no
3,40,200.0,197.12001,49.67897,26.0,5.8247986,no
3,41,209.0,200.12001,25.96151,-24.0,8.649551,no
3,42,210.0,201.2,15.6205,-3.0,9.184097,no
3,43,205.0,202.24,51.884487,-13.0,8.158112,no
3,44,197.0,197.2,39.623226,22.0,9.07074,no
3,45,202.0,190.36,43.931767,8.0,10.536758,no
3,46,184.0,184.0,132.00757,60.0,7.8587646,no
3,47,194.0,177.52,184.09236,-54.0,4.7548065,no
3,48,188.0,169.76001,226.87442,-18.0,4.0316772,no
3,49,191.0,163.24,218.76929,-96.0,2.752365,no
3,50,160.0,159.72,183.91846,21.0,-0.16215515,no
3,51,149.0,152.92,108.81177,23.0,-1.4503174,yes
3,52,160.0,145.28,83.23461,-64.0,-0.7179413,yes
3,53,138.0,136.08,121.07848,4.0,-2.4183807,no
3,54,123.0,128.2,101.390335,3.0,-6.405922,no
3,55,106.0,121.16,54.626,43.0,-10.109863,no
3,56,105.0,121.28,89.98889,30.0,-11.514656,yes
3,57,107.0,126.2,175.31685,64.0,-9.604782,yes
3,58,127.0,137.04,203.88722,35.0,-4.8559113,no
3,59,163.0,151.0,182.78403,-64.0,1.3836517,no
3,60,176.0,165.64,124.81186,-28.0,7.537735,no
3,61,187.0,170.95999,104.40307,-21.0,12.616898,no
3,62,201.0,173.31999,71.021126,-67.0,13.811768,no
3,63,176.0,166.24,79.624115,-4.0,10.787781,no
3,64,187.0,152.12,123.36936,-111.0,6.0621185,no
3,65,131.0,136.2,316.79648,37.0,-6.1630096,yes
3,66,90.0,130.32,164.83931,76.0,-19.517036,yes
3,67,87.0,128.76001,86.34813,91.0,-21.23111,yes
3,68,111.0,134.04001,245.17749,48.0,-12.156342,no
3,69,145.0,149.72,190.64627,19.0,-1.8481293,no
3,70,150.0,164.24,150.0,71.0,4.023285,no
3,71,189.0,175.36,113.88591,-54.0,7.556595,no
3,72,182.0,182.95999,65.863495,38.0,8.269714,no
3,73,195.0,189.48,110.63454,1.0,8.780762,no
3,74,208.0,190.6,61.400326,-29.0,9.803833,no
3,75,206.0,192.2,57.00877,-26.0,8.393234,no
3,76,190.0,191.88,42.544094,30.0,5.169647,no
3,77,191.0,189.72,51.47815,-9.0,2.080597,no
3,78,172.0,187.0,34.20526,69.0,-0.5751953,no
3,79,188.0,186.92,21.633308,-41.0,-1.3482056,no
3,80,173.0,186.08,27.784887,48.0,0.84947205,no
3,81,188.0,183.23999,69.52697,-8.0,6.128113,no
3,82,191.0,177.48,94.86833,-11.0,9.273087,no
3,83,184.0,169.51999,123.943535,-44.0,6.9987183,no
3,84,167.0,157.64,136.62357,-17.0,1.280716,no
3,85,147.0,149.12,140.40656,-21.0,-5.537781,no
3,86,121.0,146.4,36.878178,88.0,-8.397934,yes
3,87,146.0,150.64,139.807,-4.0,-3.6193085,no
3,88,170.0,156.2,124.90797,-35.0,3.8460388,no
3,89,179.0,162.92,17.262676,-37.0,5.9337006,no
3,90,165.0,167.76001,111.13955,-5.0,0.7799988,no
3,91,143.0,169.52,80.80842,60.0,-4.0229797,no
3,92,147.0,164.88,30.364452,55.0,-3.811142,no
3,93,148.0,158.04001,111.94642,9.0,-4.705612,no
3,94,135.0,147.04001,182.36227,-24.0,-10.686005,no
3,95,98.0,138.56,115.134705,96.0,-17.44233,no
3,96,104.0,130.84,82.073135,36.0,-18.39605,yes
3,97,132.0,130.08,140.01428,-96.0,-15.062019,yes
3,98,87.0,132.8,160.04999,155.0,-12.570824,yes
3,99,113.0,136.28,146.8128,31.0,-9.307457,yes
4,0,222.0,211.56,44.94441,-4.0,6.5614777,no
4,1,231.0,210.52,70.45566,-51.0,4.997711,no
4,2,200.0,212.6,48.76474,64.0,1.1577911,no
4,3,228.0,213.84,45.099888,-89.0,1.0344696,no
4,4,213.0,212.12,33.37664,1.0,2.1043243,no
4,5,201.0,212.40001,18.867962,44.0,1.5240784,no
4,6,204.0,211.28,79.05694,14.0,1.344162,no
4,7,203.0,207.28,113.03982,33.0,2.2603912,no
4,8,217.0,202.72,53.75872,-65.0,2.4427948,no
4,9,197.0,199.24,76.941536,15.0,-0.068099976,no
4,10,187.0,196.12,78.24321,19.0,-3.8417969,no
4,11,175.0,193.0,67.00746,38.0,-6.8144073,no
4,12,169.0,189.44,60.827625,43.0,-7.0911713,no
4,13,166.0,187.68,110.35397,99.0,-4.7321167,yes
4,14,184.0,185.64,134.61798,3.0,-1.7863159,yes
4,15,198.0,185.76,131.7953,-41.0,1.2757721,yes
4,16,190.0,188.12,133.00375,31.0,4.1857452,no
4,17,203.0,190.88,139.29106,-21.0,7.493088,no
4,18,211.0,194.08,107.563934,-35.0,8.372467,no
4,19,189.0,198.2,76.655075,82.0,4.9461517,no
4,20,220.0,202.56,21.023796,-105.0,1.4785919,no
4,21,197.0,206.2,67.72001,60.0,0.029876709,no
4,22,218.0,211.76,101.636604,-33.0,2.3354492,no
4,23,230.0,215.68001,44.72136,-32.0,5.8881683,no
4,24,227.0,217.24,39.115215,-34.0,5.808441,no
4,25,210.0,216.36,87.86353,37.0,2.507782,no
4,26,206.0,212.12,81.7435,13.0,-0.57196045,no
4,27,217.0,210.32,53.66563,-51.0,-2.2677002,no
4,28,192.0,209.72,63.1981,58.0,-1.9667511,no
4,29,219.0,208.24,114.58621,-55.0,2.7720032,no
4,30,209.0,205.52,68.41052,23.0,5.7852325,no
4,31,205.0,203.72,73.4983,2.0,4.7283173,no
4,32,207.0,198.88,73.82411,-10.0,4.633438,no
4,33,215.0,193.36,51.24451,-49.0,6.2319336,no
4,34,207.0,190.44,80.11242,5.0,6.1870117,no
4,35,215.0,189.12,159.42397,-88.0,2.8821716,no
4,36,201.0,188.88,215.74522,-78.0,-3.3946228,yes
4,37,150.0,188.28,151.60475,145.0,-9.837799,yes
4,38,161.0,188.56,34.20526,42.0,-11.305191,yes
4,39,173.0,190.59999,148.51936,54.0,-6.306839,yes
4,40,215.0,194.23999,110.145355,-113.0,1.6761627,no
4,41,192.0,197.0,38.078865,95.0,7.4241333,no
4,42,220.0,198.76,9.486833,-81.0,9.351181,no
4,43,198.0,202.08,28.284271,50.0,8.369461,no
4,44,209.0,201.12,30.528675,-17.0,8.281631,no
4,45,218.0,197.84,27.856777,-56.0,9.084351,no
4,46,208.0,194.76,45.65085,-34.0,8.497314,no
4,47,201.0,192.24,24.698177,1.0,8.702209,no
4,48,204.0,184.52,38.600517,-50.0,9.281052,no
4,49,187.0,176.92,107.37784,18.0,6.840851,no
4,50,178.0,170.88,121.20231,-39.0,1.9628601,no
4,51,163.0,162.08,62.241467,-9.0,-0.10682678,yes
4,52,152.0,149.8,85.90693,27.0,0.39372253,yes
4,53,142.0,138.04,126.77539,-9.0,-1.9119873,yes
4,54,130.0,126.799995,107.563934,-12.0,-6.907791,no
4,55,118.0,117.6,71.38628,4.0,-11.41127,no
4,56,128.0,115.96,87.005745,-56.0,-11.68412,yes
4,57,156.0,121.84,136.62357,-132.0,-6.5975647,yes
4,58,153.0,134.92,116.24973,-30.0,-0.6400604,no
4,59,159.0,152.48,133.00375,2.0,4.2828827,no
4,60,165.0,168.8,115.55086,54.0,9.160339,no
4,61,181.0,176.32,91.235954,14.0,13.325302,no
4,62,191.0,180.52,69.426216,-18.0,13.929794,no
4,63,161.0,173.84,91.44397,69.0,10.965561,no
4,64,168.0,158.52,99.60924,-3.0,7.489868,no
4,65,149.0,140.6,219.27151,-16.0,-1.1179047,yes
4,66,133.0,129.68001,197.9596,-54.0,-13.05574,yes
4,67,112.0,123.6,66.287254,-24.0,-19.515686,yes
4,68,110.0,126.159996,180.09998,56.0,-15.628983,no
4,69,158.0,140.88,159.38005,-98.0,-6.8352356,no
4,70,155.0,156.84,156.89487,3.0,0.77275085,no
4,71,178.0,172.31999,171.35344,24.0,8.051819,no
4,72,202.0,182.84,70.028564,-57.0,11.941254,no
4,73,209.0,190.92,45.254833,-42.0,12.127792,no
4,74,205.0,192.24,80.399,-16.0,10.153595,no
4,75,205.0,193.88,74.953316,-28.0,7.408066,no
4,76,200.0,191.64,39.824615,-17.0,4.700821,no
4,77,195.0,189.56,60.0,-19.0,1.7792053,no
4,78,185.0,186.76,21.587032,-4.0,-0.6050873,no
4,79,188.0,185.92,3.1622777,-13.0,-0.67855835,no
4,80,185.0,185.28,24.207438,-7.0,1.9305115,no
4,81,191.0,183.72,69.426216,11.0,7.6773834,no
4,82,208.0,179.44,48.04165,-95.0,11.796417,no
4,83,170.0,171.28,136.0,70.0,9.497238,no
4,84,166.0,160.0,126.3962,-23.0,2.954132,no
4,85,147.0,151.48,109.48972,15.0,-4.177902,no
4,86,141.0,148.48,47.095646,1.0,-7.265991,yes
4,87,152.0,150.44,89.94443,-27.0,-3.9985504,no
4,88,151.0,158.04001,96.50906,50.0,1.414505,no
4,89,167.0,166.8,61.008198,14.0,4.711502,no
4,90,177.0,171.48,86.09297,-25.0,4.7460175,no
4,91,172.0,172.28,171.23668,18.0,3.1963348,no
4,92,181.0,168.0,173.29744,-73.0,1.3239136,no
4,93,152.0,159.4,193.0026,32.0,-2.4820251,no
4,94,127.0,147.95999,244.85915,79.0,-9.500046,no
4,95,115.0,142.16,189.44656,28.0,-16.267181,no
4,96,121.0,137.88,146.1027,-2.0,-15.036896,yes
4,97,138.0,138.04,198.33809,12.0,-6.7854004,no
4,98,154.0,141.48,279.614,-54.0,-0.90065,no
4,99,154.0,147.2,279.51746,-21.0,1.0047302,no
5,0,220.0,212.04001,129.65338,-21.0,2.8712006,no
5,1,224.0,211.2,126.84637,-51.0,1.146637,no
5,2,205.0,212.08,55.00909,8.0,-0.69096375,no
5,3,208.0,211.16,57.271286,29.0,1.5338898,no
5,4,205.0,210.0,76.941536,64.0,4.169449,no
5,5,224.0,210.92,102.625534,-62.0,3.0789948,no
5,6,198.0,209.64,93.60555,36.0,-0.48399353,no
5,7,194.0,205.8,30.265491,20.0,-1.7891846,no
5,8,196.0,202.28,53.009434,29.0,-0.063705444,no
5,9,209.0,198.36,34.928497,-35.0,0.37321472,no
5,10,202.0,194.76,65.192024,-36.0,-2.497757,no
5,11,197.0,194.08,45.65085,-31.0,-4.853348,no
5,12,193.0,193.8,106.06602,8.0,-3.1895752,yes
5,13,221.0,193.8,120.83046,-121.0,1.2820129,yes
5,14,205.0,192.76,67.08204,-8.0,3.6023254,no
5,15,203.0,192.92,2.0,-5.0,3.4784698,no
5,16,213.0,191.92,38.626415,-65.0,3.487915,no
5,17,210.0,192.88,76.941536,-17.0,4.501831,no
5,18,221.0,195.96,72.11102,-63.0,4.6140594,no
5,19,217.0,200.24,57.68882,-75.0,1.7845459,no
5,20,193.0,204.88,53.814495,53.0,-2.53273,no
5,21,190.0,209.72,42.544094,35.0,-4.358551,no
5,22,205.0,213.56,120.83046,28.0,-0.6766205,no
5,23,227.0,215.12,64.202805,-45.0,3.9645386,no
5,24,217.0,215.52,50.0,20.0,4.0871277,no
5,25,215.0,214.24,74.215904,-28.0,0.4799347,no
5,26,190.0,209.32,33.61547,89.0,-2.9755096,no
5,27,206.0,207.56,12.165525,-15.0,-3.8889008,no
5,28,205.0,209.44,58.0,7.0,-1.3303986,no
5,29,225.0,209.08,77.83315,-42.0,4.7598267,no
5,30,219.0,208.28,69.354164,2.0,7.8771973,no
5,31,212.0,211.0,77.83315,12.0,5.938751,no
5,32,210.0,210.36,19.235384,-18.0,4.433441,no
5,33,204.0,205.31999,7.071068,27.0,5.775772,no
5,34,205.0,203.31999,5.0990195,11.0,7.056885,no
5,35,206.0,201.0,9.486833,4.0,6.534958,no
5,36,204.0,197.68,84.0238,17.0,3.9624176,no
5,37,213.0,192.96,198.32297,-115.0,-0.5698395,no
5,38,180.0,190.12,208.06248,52.0,-5.652252,yes
5,39,171.0,187.84,20.248457,28.0,-8.543243,yes
5,40,182.0,188.56,182.23611,29.0,-5.630356,yes
5,41,219.0,190.24,171.35344,-142.0,0.8314209,no
5,42,199.0,192.2,80.411446,45.0,5.6184387,no
5,43,208.0,196.40001,46.818798,-23.0,6.409317,no
5,44,206.0,198.2,77.31753,-35.0,5.0641785,no
5,45,197.0,199.84,88.56636,32.0,4.2284393,no
5,46,195.0,200.04001,58.463665,12.0,4.04895,no
5,47,199.0,200.24,15.811388,-9.0,5.9433136,no
5,48,190.0,195.72,50.695168,51.0,7.982773,no
5,49,193.0,190.84,128.97287,-18.0,6.356537,no
5,50,163.0,184.04,148.06079,81.0,1.612793,no
5,51,164.0,174.16,58.412327,5.0,-0.33694458,no
5,52,170.0,160.28,99.35794,-51.0,0.6994171,yes
5,53,139.0,145.31999,185.39687,53.0,-2.4606323,yes
5,54,125.0,130.95999,162.38843,-7.0,-10.669273,yes
5,55,112.0,120.84,181.1574,-37.0,-19.13002,yes
5,56,77.0,119.52,194.36563,113.0,-22.015198,yes
5,57,104.0,126.72,287.58652,49.0,-14.988686,yes
5,58,140.0,141.28,194.25757,-5.0,-4.463791,no
5,59,157.0,159.52,162.6038,22.0,3.4101562,no
5,60,198.0,175.31999,152.31546,-100.0,10.031021,no
5,61,195.0,181.92,77.7946,5.0,14.659424,no
5,62,203.0,184.24,86.833176,-55.0,15.374619,no
5,63,178.0,177.08,138.85243,27.0,12.692932,no
5,64,172.0,162.36,139.28389,-20.0,8.464966,no
5,65,148.0,144.0,182.88794,1.0,0.48124695,yes
5,66,127.0,132.0,191.13347,-16.0,-10.360779,yes
5,67,94.0,124.36,62.76942,82.0,-17.553764,no
5,68,115.0,123.799995,122.80065,-22.0,-16.363304,yes
5,69,124.0,136.04,171.3301,18.0,-10.308563,yes
5,70,137.0,150.95999,231.4865,69.0,-1.7000122,no
5,71,190.0,165.48,171.5634,-92.0,7.70578,no
5,72,182.0,176.52,93.43447,32.0,11.963837,no
5,73,192.0,187.0,57.706154,10.0,10.915039,no
5,74,182.0,189.2,80.99383,32.0,6.7118225,no
5,75,181.0,191.48,82.8734,43.0,3.4438782,no
5,76,193.0,190.08,65.192024,-29.0,2.4409637,no
5,77,185.0,188.48,24.41311,23.0,1.9764557,no
5,78,181.0,185.48,29.732138,23.0,1.0391235,no
5,79,181.0,185.28,14.142136,13.0,0.66625977,no
5,80,181.0,184.72,23.323807,22.0,2.4322662,no
5,81,194.0,184.12,68.60029,-49.0,7.007553,no
5,82,185.0,180.0,51.86521,44.0,11.260895,no
5,83,192.0,172.08,117.03845,-78.0,10.112488,no
5,84,157.0,160.08,162.04938,50.0,2.6994476,no
5,85,149.0,152.8,137.2953,-22.0,-6.1554565,no
5,86,145.0,148.64,93.14505,-42.0,-9.146423,yes
5,87,143.0,149.95999,105.11898,46.0,-4.8764496,no
5,88,165.0,158.95999,90.60905,-33.0,0.55651855,no
5,89,175.0,170.24,116.456,-23.0,5.4754944,no
5,90,179.0,175.76,141.42136,54.0,10.227158,no
5,91,205.0,178.56,91.92388,-88.0,11.101425,no
5,92,180.0,176.76,90.78546,22.0,8.050735,no
5,93,184.0,168.0,103.35376,-37.0,5.0283203,no
5,94,185.0,156.88,215.52261,-120.0,0.40144348,no
5,95,142.0,151.28,251.33643,43.0,-6.9422607,no
5,96,125.0,149.28,137.87675,52.0,-8.646957,yes
5,97,157.0,149.92,251.76576,-6.0,1.0728302,no
5,98,183.0,154.44,175.4822,-49.0,10.852203,no
5,99,174.0,162.0,157.00319,6.0,12.984573,no
6,0,193.0,209.28,24.698177,52.0,-2.0671082,no
6,1,189.0,210.16,34.669872,62.0,-3.719818,no
6,2,196.0,211.56,45.188496,45.0,-3.1351929,no
6,3,223.0,210.8,88.814415,-55.0,1.6392517,no
6,4,239.0,210.2,41.59327,-84.0,5.710602,no
6,5,230.0,210.8,96.82975,-68.0,4.506378,no
6,6,206.0,207.44,65.00769,14.0,1.1401215,no
6,7,199.0,203.32,65.74192,7.0,-0.4869995,no
6,8,193.0,199.40001,29.15476,39.0,-0.21066284,no
6,9,206.0,197.36,44.407207,-51.0,-0.5502472,no
6,10,179.0,195.36,42.544094,75.0,-2.6770172,no
6,11,187.0,196.76001,37.01351,26.0,-2.8124695,yes
6,12,193.0,198.76001,86.09297,13.0,0.55656433,yes
6,13,199.0,200.44,73.53911,53.0,4.9959717,no
6,14,204.0,198.88,82.29216,3.0,4.348404,no
6,15,191.0,198.92,113.534134,18.0,-1.9438782,no
6,16,184.0,198.4,160.6549,13.0,-7.297455,no
6,17,186.0,198.76,183.78792,4.0,-8.044479,no
6,18,183.0,201.44,149.83324,35.0,-5.400055,no
6,19,190.0,204.64,59.008472,63.0,-2.314209,no
6,20,198.0,209.6,109.370926,18.0,-2.2860718,no
6,21,200.0,213.2,123.967735,24.0,-2.6051788,no
6,22,213.0,214.88,80.72174,-13.0,-0.0029449463,no
6,23,211.0,214.6,29.732138,33.0,2.7854156,no
6,24,219.0,214.88,18.0,-6.0,3.0341034,no
6,25,215.0,212.23999,46.0,0.0,0.5754547,no
6,26,222.0,208.04,48.6621,-84.0,-2.5746155,no
6,27,197.0,207.4,31.622776,45.0,-4.7381287,no
6,28,204.0,210.24,77.42093,-6.0,-2.748932,no
6,29,215.0,211.0,122.48265,10.0,4.275223,no
6,30,232.0,211.08,17.088007,-24.0,8.554352,no
6,31,226.0,213.88,109.55364,-67.0,5.257721,no
6,32,199.0,212.72,6.0,63.0,2.2580109,no
6,33,213.0,209.44,66.0303,-13.0,4.001709,no
6,34,214.0,208.2,64.884514,-11.0,5.544281,no
6,35,204.0,206.76,36.05551,28.0,5.190277,no
6,36,213.0,203.96,21.260292,-35.0,5.66626,no
6,37,203.0,199.88,50.219517,61.0,6.5154724,no
6,38,227.0,195.68001,152.79398,-135.0,3.4306488,no
6,39,177.0,190.44,212.53235,51.0,-5.239563,yes
6,40,152.0,186.32,73.593475,86.0,-12.150833,yes
6,41,161.0,185.4,222.1441,64.0,-11.208023,yes
6,42,194.0,186.84,228.26738,-59.0,-4.5687256,no
6,43,206.0,190.92,101.4002,-58.0,0.78482056,no
6,44,175.0,195.08,36.0,104.0,1.5021057,no
6,45,201.0,199.96,20.59126,-34.0,1.2765961,no
6,46,188.0,201.76,34.176014,39.0,1.6834717,no
6,47,201.0,202.0,94.79452,18.0,4.9524384,no
6,48,215.0,198.68,74.02702,-41.0,8.278259,no
6,49,214.0,195.44,105.11898,-52.0,8.05188,no
6,50,198.0,190.59999,193.82982,-34.0,5.0500336,no
6,51,165.0,182.4,170.17638,82.0,3.222458,no
6,52,174.0,170.2,122.19656,0.0,3.6459503,no
6,53,172.0,155.12,237.92436,-90.0,-0.8098755,no
6,54,112.0,138.2,259.97693,86.0,-12.744003,yes
6,55,91.0,126.92,170.20576,51.0,-25.135063,yes
6,56,77.0,126.36,80.06248,53.0,-29.409363,yes
6,57,92.0,133.32,283.09717,87.0,-20.075638,yes
6,58,141.0,146.76001,254.0315,-9.0,-5.1589355,no
6,59,153.0,164.92,165.94577,45.0,4.5245056,no
6,60,175.0,179.44,132.0606,45.0,10.188217,no
6,61,203.0,183.32,66.52819,-71.0,14.278366,no
6,62,193.0,182.2,30.232433,36.0,16.268997,no
6,63,203.0,175.4,95.047356,-89.0,14.98053,no
6,64,174.0,163.0,171.14322,-3.0,9.784592,no
6,65,145.0,145.76,223.10983,12.0,0.40811157,yes
6,66,117.0,135.24,158.11388,17.0,-9.777626,yes
6,67,104.0,130.44,92.22798,36.0,-13.916023,yes
6,68,110.0,127.64,144.31216,33.0,-11.712433,no
6,69,104.0,134.2,103.32473,118.0,-8.703705,yes
6,70,148.0,147.56,205.54318,-58.0,-3.5680847,no
6,71,171.0,158.56,176.47662,-16.0,4.0187073,no
6,72,176.0,166.95999,137.5936,13.0,8.173996,no
6,73,205.0,178.95999,97.49872,-112.0,8.1138,no
6,74,182.0,184.28,22.36068,28.0,5.646347,no
6,75,187.0,186.68,12.649111,-13.0,3.3144379,no
6,76,177.0,186.68,18.867962,43.0,2.3218079,no
6,77,194.0,186.0,40.024994,-25.0,3.255722,no
6,78,196.0,184.16,41.18252,-32.0,3.3187408,no
6,79,187.0,183.52,37.363083,-10.0,2.2402039,no
6,80,186.0,182.24,25.96151,-32.0,2.8231964,no
6,81,170.0,181.16,32.984844,79.0,5.72139,no
6,82,190.0,175.68001,43.174065,-57.0,9.531738,no
6,83,178.0,165.56,86.72946,26.0,9.497467,no
6,84,171.0,155.04,202.80533,-69.0,1.262619,no
6,85,125.0,150.28,188.47281,58.0,-9.954147,no
6,86,105.0,145.92,98.38699,126.0,-12.249664,yes
6,87,156.0,148.52,167.6723,-53.0,-4.91156,no
6,88,158.0,159.4,49.010204,16.0,0.7851715,no
6,89,166.0,171.68,155.92947,44.0,5.7851257,no
6,90,213.0,177.84,131.00381,-114.0,12.592361,no
6,91,201.0,183.88,60.41523,-21.0,14.361404,no
6,92,172.0,184.56,102.45975,95.0,11.99173,no
6,93,182.0,177.72,101.24229,4.0,10.427155,no
6,94,167.0,165.8,97.00516,75.0,7.260132,no
6,95,186.0,158.76,185.14859,-137.0,-0.079940796,no
6,96,132.0,159.12,83.18654,113.0,-4.730179,yes
6,97,176.0,161.12,243.97131,-60.0,3.5462341,no
6,98,198.0,166.24,94.86833,-39.0,14.6623535,no
6,99,191.0,177.08,72.718636,-13.0,17.202164,no
7,0,222.0,205.64,63.780876,-63.0,-1.2054749,no
7,1,205.0,206.72,44.20407,4.0,-3.7562256,no
7,2,212.0,209.36,30.594116,-58.0,-3.5874329,no
7,3,194.0,209.68001,81.0432,92.0,0.5053711,no
7,4,214.0,210.68001,62.177166,-14.0,3.6571808,no
7,5,183.0,209.28,72.18033,128.0,2.6844177,no
7,6,211.0,205.96,37.336308,-29.0,2.615326,no
7,7,210.0,200.0,64.07808,-3.0,2.2697296,no
7,8,210.0,196.24,68.8186,-73.0,-0.28138733,no
7,9,192.0,196.04001,60.74537,34.0,-2.4217377,no
7,10,196.0,197.72,42.544094,-27.0,-2.272583,yes
7,11,205.0,202.84,108.60018,-11.0,0.7067566,yes
7,12,206.0,207.88,92.64988,17.0,4.1743164,no
7,13,231.0,209.48,83.546394,-89.0,7.1490936,no
7,14,224.0,207.48,111.60645,-43.0,4.7138824,no
7,15,191.0,205.64,189.15602,14.0,-5.3372498,no
7,16,159.0,203.12,75.802376,109.0,-13.969254,no
7,17,171.0,202.48,104.20173,35.0,-14.407089,no
7,18,170.0,204.48,200.83824,124.0,-8.055847,no
7,19,225.0,207.12,187.446,-81.0,-0.07394409,no
7,20,227.0,211.28,93.64828,-46.0,2.7769623,no
7,21,223.0,213.44,79.84986,-27.0,2.8423462,no
7,22,223.0,213.84,70.0,1.0,3.4973907,no
7,23,218.0,212.84,26.907248,3.0,3.0488586,no
7,24,227.0,212.6,50.931328,-62.0,1.5193787,no
7,25,204.0,210.44,62.482,31.0,-0.82221985,no
7,26,202.0,208.12001,24.083189,31.0,-2.5922394,no
7,27,201.0,207.08,49.335587,-1.0,-4.52594,no
7,28,193.0,210.96,34.234486,43.0,-4.1199646,no
7,29,209.0,212.12,145.91093,27.0,1.8753204,no
7,30,244.0,212.31999,54.405884,-127.0,6.264786,no
7,31,194.0,213.92,111.97321,118.0,3.0094604,no
7,32,210.0,213.8,40.1995,-17.0,0.8233185,no
7,33,222.0,209.24,34.928497,-31.0,3.070053,no
7,34,223.0,207.04001,52.801514,-44.0,3.6450958,no
7,35,211.0,208.28,55.17246,-11.0,1.8148651,no
7,36,206.0,208.64,41.01219,16.0,2.679306,no
7,37,220.0,206.48,47.539455,-46.0,6.891266,no
7,38,213.0,202.92,48.373547,18.0,8.264053,no
7,39,209.0,197.48,202.25232,-54.0,1.9794159,no
7,40,174.0,187.24,253.81096,16.0,-9.4379425,yes
7,41,143.0,181.56,83.198555,88.0,-17.938171,yes
7,42,151.0,180.8,199.64969,53.0,-16.138,yes
7,43,189.0,184.56,169.45206,-37.0,-6.4263916,no
7,44,191.0,188.2,77.83315,13.0,1.2881165,no
7,45,210.0,196.2,64.62198,-47.0,3.7616577,no
7,46,194.0,200.04,41.976185,50.0,3.3296814,no
7,47,220.0,201.08,54.129475,-75.0,4.7556763,no
7,48,214.0,198.92,69.354164,-29.0,6.357483,no
7,49,198.0,198.88,57.271286,50.0,6.7763214,no
7,50,216.0,196.36,31.906113,-67.0,7.8082275,no
7,51,206.0,190.59999,145.83553,-40.0,9.093414,no
7,52,189.0,181.16,162.28987,8.0,8.966553,no
7,53,173.0,167.44,224.9311,1.0,4.0112305,no
7,54,146.0,149.2,306.21887,-13.0,-7.454529,yes
7,55,114.0,134.95999,264.51843,20.0,-20.723007,yes
7,56,101.0,131.68,145.13441,26.0,-25.350044,yes
7,57,133.0,135.44,329.29623,-40.0,-14.290054,yes
7,58,170.0,147.96,309.86447,-28.0,2.8349457,no
7,59,184.0,165.32,175.32826,-16.0,11.317612,no
7,60,191.0,179.44,49.396355,-47.0,11.852142,no
7,61,178.0,183.56,54.644306,67.0,12.289154,no
7,62,199.0,181.52,50.219517,-56.0,13.964294,no
7,63,178.0,171.88,147.20055,38.0,12.827179,no
7,64,173.0,158.20001,165.05151,-43.0,7.9327393,no
7,65,153.0,143.2,182.01099,-41.0,0.24569702,yes
7,66,109.0,133.84,137.7534,112.0,-6.8540497,yes
7,67,131.0,129.16,101.91173,-56.0,-6.50782,yes
7,68,150.0,126.88,181.20706,-60.0,-0.61117554,no
7,69,152.0,132.48,146.0137,-59.0,-0.41835022,no
7,70,122.0,141.04,80.024994,73.0,-5.1170654,yes
7,71,154.0,147.8,245.83734,-60.0,-4.0616302,yes
7,72,159.0,154.31999,178.44327,13.0,0.023864746,no
7,73,158.0,166.64,162.85576,57.0,2.3125305,no
7,74,182.0,173.4,134.83324,-23.0,5.2759247,no
7,75,195.0,179.08,22.090721,-33.0,7.052185,no
7,76,177.0,182.16,25.495098,40.0,5.207443,no
7,77,193.0,183.72,78.854294,-38.0,3.812149,no
7,78,190.0,182.52,124.65151,-41.0,2.8819733,no
7,79,175.0,181.88,58.0,24.0,2.9502563,no
7,80,174.0,179.36,11.313708,51.0,4.8201447,no
7,81,189.0,176.32,51.884487,-72.0,6.153778,no
7,82,170.0,168.72,94.20191,39.0,6.767578,no
7,83,185.0,158.92,159.22311,-82.0,4.7420807,no
7,84,155.0,149.36,239.70816,-13.0,-3.5857391,no
7,85,133.0,145.16,119.54916,-16.0,-11.945557,yes
7,86,120.0,142.0,170.84496,63.0,-10.514252,yes
7,87,165.0,146.4,139.17615,-50.0,-2.8171692,yes
7,88,161.0,157.08,31.780497,-23.0,-0.12701416,yes
7,89,162.0,170.0,173.45892,33.0,2.9041748,no
7,90,192.0,178.84,146.9966,-19.0,9.638718,no
7,91,193.0,187.84,48.373547,28.0,13.7314,no
7,92,220.0,191.6,40.81666,-116.0,15.382538,no
7,93,209.0,187.32,94.20191,-49.0,14.799515,no
7,94,190.0,175.68001,115.97414,-38.0,9.658188,no
7,95,166.0,168.24,163.71317,28.0,0.15008545,no
7,96,154.0,167.56,85.8021,-33.0,-6.9266815,yes
7,97,157.0,168.8,243.5775,44.0,-0.7311096,yes
7,98,203.0,173.6,137.89851,-76.0,11.337357,no
7,99,188.0,184.40001,38.052597,22.0,15.532761,no
8,0,205.0,204.59999,67.89698,19.0,-1.1760864,no
8,1,201.0,205.8,47.707443,-10.0,-3.480545,no
8,2,195.0,209.44,29.966648,67.0,-3.117035,no
8,3,219.0,209.64,83.546394,-70.0,0.7988281,no
8,4,226.0,211.24,70.21396,-33.0,4.437668,no
8,5,205.0,208.68,94.86833,22.0,3.960907,no
8,6,216.0,204.44,26.076809,-29.0,3.0873413,no
8,7,217.0,195.92,164.26807,-102.0,0.110458374,no
8,8,172.0,191.64,139.29106,110.0,-4.945114,no
8,9,190.0,191.12,67.08204,-44.0,-6.195099,yes
8,10,181.0,193.64,121.92621,89.0,-1.6743164,yes
8,11,220.0,199.68001,108.45275,-63.0,4.5781097,yes
8,12,212.0,208.08,46.043457,10.0,7.1078644,no
8,13,206.0,212.40001,57.72348,69.0,7.842758,no
8,14,227.0,210.96,63.007935,-40.0,5.9625854,no
8,15,204.0,209.84,181.1077,17.0,-1.6487885,no
8,16,199.0,207.72,196.35173,-6.0,-7.8751526,no
8,17,204.0,206.24,204.40157,-8.0,-7.1809235,no
8,18,225.0,208.32,168.67128,-76.0,-1.6249695,no
8,19,232.0,212.28,46.518814,-48.0,3.5136871,no
8,20,216.0,215.84,45.343136,31.0,4.2530975,no
8,21,215.0,217.2,45.453274,34.0,3.7012177,no
8,22,239.0,217.0,58.30952,-96.0,3.29245,no
8,23,214.0,214.36,76.41989,7.0,1.0393372,no
8,24,205.0,213.28,60.827625,44.0,-1.3811188,no
8,25,203.0,210.88,26.870058,2.0,-2.667984,no
8,26,212.0,209.24,47.434166,-20.0,-1.5260925,no
8,27,211.0,208.2,71.11962,-11.0,-1.4056702,no
8,28,201.0,212.64,45.891174,21.0,-2.4092865,no
8,29,211.0,212.95999,88.0568,-18.0,0.4239502,no
8,30,214.0,212.08,33.526108,31.0,3.870407,no
8,31,214.0,213.95999,60.033325,-19.0,2.4052277,no
8,32,208.0,214.12,12.649111,15.0,0.4640503,no
8,33,211.0,209.44,43.104523,-10.0,0.7463684,no
8,34,201.0,206.72,68.117546,46.0,-0.44877625,no
8,35,200.0,207.96,76.57676,0.0,-3.4157104,no
8,36,196.0,209.72,76.27582,27.0,-2.3724365,no
8,37,212.0,209.72,78.23043,4.0,4.2757263,no
8,38,214.0,206.6,53.75872,15.0,9.910873,no
8,39,218.0,201.08,115.42097,-11.0,8.938797,no
8,40,208.0,190.95999,240.10414,-58.0,-0.77905273,no
8,41,174.0,181.76,263.3477,-35.0,-14.96051,yes
8,42,131.0,177.76,31.780497,111.0,-21.272766,yes
8,43,171.0,182.12,267.61914,-15.0,-11.817581,no
8,44,203.0,186.95999,150.33296,-32.0,2.0761414,no
8,45,207.0,195.48,17.088007,-4.0,6.8011017,no
8,46,208.0,201.64,55.65968,-53.0,3.9777527,no
8,47,196.0,204.76,68.24954,36.0,1.9480743,no
8,48,194.0,203.4,33.734257,35.0,1.8584595,no
8,49,198.0,203.68001,14.764823,4.0,2.713745,no
8,50,195.0,202.0,54.589375,40.0,5.8769684,no
8,51,214.0,198.24,25.612497,-27.0,10.58049,no
8,52,211.0,190.76,128.80994,-48.0,12.311829,no
8,53,186.0,177.4,185.06755,14.0,9.99205,no
8,54,172.0,161.2,299.73654,3.0,2.5970001,no
8,55,138.0,146.88,336.94214,6.0,-10.370026,yes
8,56,106.0,140.72,154.55743,93.0,-18.101913,yes
8,57,129.0,142.04001,242.9856,54.0,-10.687668,yes
8,58,194.0,150.28,245.44653,-126.0,4.7861023,yes
8,59,206.0,163.48,66.0303,-96.0,12.990158,no
8,60,180.0,175.84,36.05551,53.0,11.891541,no
8,61,186.0,179.31999,30.066593,-13.0,10.141357,no
8,62,191.0,175.04,99.72964,-42.0,10.096619,no
8,63,175.0,165.88,156.01282,-28.0,7.8045807,no
8,64,144.0,150.64,176.2328,72.0,2.4122772,no
8,65,144.0,136.6,167.09279,-29.0,-3.9263306,yes
8,66,147.0,129.52,85.04117,-128.0,-7.3786926,yes
8,67,105.0,127.68,76.105194,144.0,-3.3439636,yes
8,68,147.0,127.0,168.31519,-23.0,5.5254517,yes
8,69,173.0,133.68,124.45883,-137.0,5.052002,no
8,70,107.0,140.8,165.52945,93.0,-6.444092,no
8,71,104.0,144.28,173.11269,129.0,-11.524048,yes
8,72,161.0,148.36,182.21416,-129.0,-8.623932,yes
8,73,143.0,159.6,160.87883,47.0,-4.7285767,no
8,74,170.0,166.76,230.41267,-5.0,2.6285858,no
8,75,201.0,173.32,79.30952,-76.0,9.08902,no
8,76,183.0,177.4,56.32051,0.0,8.188782,no
8,77,173.0,179.96,46.06517,23.0,4.533844,no
8,78,155.0,178.52,17.20465,99.0,2.8529663,no
8,79,173.0,176.32,64.513565,23.0,5.186554,no
8,80,197.0,171.76,8.0,-95.0,7.895447,no
8,81,170.0,167.8,104.40307,33.0,6.367691,no
8,82,155.0,160.12,125.89678,41.0,2.0409393,no
8,83,155.0,152.48,227.70155,-43.0,-4.049164,no
8,84,118.0,145.36,171.40012,67.0,-10.543167,no
8,85,116.0,141.52,43.174065,73.0,-11.715927,yes
8,86,140.0,139.24,126.30122,-5.0,-7.58667,no
8,87,173.0,142.76,88.64536,-127.0,-4.5500183,yes
8,88,136.0,152.04,106.47065,82.0,-5.2486267,yes
8,89,162.0,164.36,172.06975,-10.0,-2.1363525,no
8,90,181.0,175.36,123.49089,-12.0,5.1474915,no
8,91,187.0,184.96,97.29337,9.0,11.867172,no
8,92,190.0,188.4,44.181442,62.0,16.774048,no
8,93,195.0,183.6,74.02702,4.0,16.758041,no
8,94,180.0,172.88,141.79562,23.0,9.900497,no
8,95,162.0,165.72,187.60065,-1.0,-1.8408813,no
8,96,128.0,166.08,61.400326,92.0,-10.353699,yes
8,97,139.0,169.2,211.11609,89.0,-5.2469788,no
8,98,193.0,175.04001,174.92856,-57.0,7.328308,no
8,99,192.0,186.40001,26.683329,9.0,13.53363,no
9,0,211.0,208.16,32.24903,-38.0,-2.3088837,no
9,1,189.0,207.64,69.856995,88.0,-2.2982635,no
9,2,215.0,209.28,73.552704,-54.0,-0.9139099,no
9,3,191.0,208.6,47.853943,107.0,1.537323,no
9,4,233.0,209.08,60.0,-87.0,5.2849274,no
9,5,217.0,205.96,83.00603,-26.0,5.5451202,no
9,6,202.0,201.16,108.67382,-1.0,2.0169983,no
9,7,168.0,193.52,139.11865,119.0,-4.5173798,no
9,8,181.0,191.0,93.60555,-44.0,-10.687927,no
9,9,171.0,191.16,111.83023,45.0,-10.81485,yes
9,10,207.0,194.36,194.12367,-90.0,-3.5196838,yes
9,11,219.0,202.92,128.41339,-26.0,4.5063477,no
9,12,226.0,213.04001,19.79899,-39.0,7.3095245,no
9,13,223.0,217.2,56.797886,-9.0,7.7821198,no
9,14,234.0,216.8,51.088158,-39.0,7.4013367,no
9,15,216.0,217.28,110.145355,33.0,3.968277,no
9,16,223.0,215.16,130.06152,-37.0,1.4957123,no
9,17,213.0,214.12,115.11733,39.0,1.8725891,no
9,18,218.0,216.24,36.496574,7.0,2.733612,no
9,19,214.0,220.24,6.3245554,37.0,3.0944214,no
9,20,221.0,222.8,36.05551,-10.0,3.210907,no
9,21,216.0,223.52,43.289722,17.0,3.1411743,no
9,22,208.0,221.44,55.226807,50.0,1.5987854,no
9,23,201.0,217.48,31.780497,51.0,-1.075058,no
9,24,220.0,213.56,32.280025,-74.0,-2.6509094,no
9,25,193.0,210.72,18.0,72.0,-2.42984,no
9,26,212.0,208.12,75.89466,-8.0,0.86891174,no
9,27,219.0,207.12,38.600517,-22.0,2.6442108,no
9,28,210.0,210.2,48.82622,-10.0,0.91726685,no
9,29,202.0,210.6,55.569775,46.0,1.4166565,no
9,30,218.0,208.76,54.20332,-8.0,4.098236,no
9,31,221.0,211.28,47.853943,-23.0,3.384903,no
9,32,212.0,212.12,44.27189,-18.0,0.535202,no
9,33,203.0,209.48,5.8309517,41.0,-0.5221405,no
9,34,216.0,207.68,39.39543,-66.0,-2.1687317,no
9,35,192.0,210.28,61.46544,52.0,-5.6172485,no
9,36,193.0,211.52,62.0,34.0,-5.1391907,no
9,37,222.0,213.28,117.51595,-54.0,2.2396545,no
9,38,228.0,212.12,45.54119,-21.0,10.023773,no
9,39,230.0,208.52,73.552704,-44.0,11.404343,no
9,40,208.0,197.4,160.1312,-17.0,4.5518494,no
9,41,179.0,186.72,252.76471,14.0,-7.6209717,no
9,42,139.0,179.24,185.41306,90.0,-17.113815,yes
9,43,146.0,180.32,202.98769,102.0,-12.825424,yes
9,44,211.0,184.12,216.54099,-116.0,1.0205994,no
9,45,203.0,192.56,26.076809,16.0,8.078018,no
9,46,182.0,200.12,62.289646,96.0,5.097992,no
9,47,198.0,203.72,36.71512,-8.0,1.5679016,no
9,48,203.0,203.12,58.412327,-6.0,1.3414307,no
9,49,209.0,203.84,65.11528,-28.0,2.1280975,no
9,50,192.0,202.56,34.20526,67.0,3.530487,no
9,51,217.0,200.6,49.09175,-63.0,6.7670746,no
9,52,207.0,198.08,58.412327,-3.0,9.793213,no
9,53,202.0,189.0,45.122055,10.0,12.2235565,no
9,54,221.0,175.76,181.94505,-148.0,9.912979,no
9,55,166.0,163.08,287.5135,16.0,-1.367218,no
9,56,149.0,157.12,173.11269,-31.0,-12.507477,yes
9,57,137.0,156.2,58.940647,2.0,-13.669312,yes
9,58,145.0,160.92,245.06734,54.0,-4.737335,yes
9,59,170.0,167.84,192.50974,28.0,4.0391846,yes
9,60,190.0,176.28,113.216606,-77.0,6.214203,no
9,61,182.0,175.2,71.38628,-20.0,5.9756317,no
9,62,162.0,166.28,90.0,66.0,5.4597015,no
9,63,159.0,154.88,133.09395,12.0,2.2537842,no
9,64,156.0,141.92,204.4358,-92.0,-5.0536957,no
9,65,103.0,130.52,234.77649,103.0,-13.861237,yes
9,66,102.0,126.16,207.6969,44.0,-16.38182,yes
9,67,139.0,127.56,184.22812,-115.0,-8.1642685,yes
9,68,137.0,127.08,142.77255,36.0,3.2726746,yes
9,69,149.0,130.56,77.781746,-15.0,4.720581,no
9,70,122.0,136.56,150.71164,33.0,-4.374344,no
9,71,123.0,137.36,125.96031,-4.0,-10.232468,no
9,72,109.0,139.52,51.10773,127.0,-10.168106,yes
9,73,130.0,149.92,92.47703,25.0,-7.8439484,yes
9,74,149.0,158.04,194.55077,30.0,-1.31633,no
9,75,180.0,163.31999,158.22136,-30.0,6.0392456,no
9,76,181.0,167.95999,75.16648,-11.0,8.047592,no
9,77,184.0,171.12,34.176014,-25.0,6.6027374,no
9,78,183.0,168.48,5.656854,-47.0,5.864914,no
9,79,188.0,166.56,52.3259,-50.0,7.2025757,no
9,80,176.0,161.68001,153.68149,6.0,6.221649,no
9,81,172.0,158.88,184.56435,-48.0,1.9333801,no
9,82,166.0,151.04,154.38264,-95.0,-3.3115692,no
9,83,119.0,146.8,124.33825,104.0,-8.837906,no
9,84,113.0,143.28,111.085556,75.0,-10.667297,yes
9,85,146.0,141.52,166.70934,-34.0,-7.4901123,no
9,86,146.0,139.68,75.89466,-34.0,-7.940613,no
9,87,124.0,144.0,164.76044,43.0,-12.780441,yes
9,88,130.0,151.16,144.58907,40.0,-13.566589,yes
9,89,159.0,160.28,163.81697,-33.0,-7.5461273,no
9,90,171.0,170.24,145.46477,19.0,1.4672394,no
9,91,193.0,180.28,120.41595,-9.0,10.144684,no
9,92,220.0,182.6,45.65085,-111.0,15.812515,no
9,93,205.0,176.52,130.29965,-34.0,14.65097,no
9,94,196.0,167.0,205.29977,-84.0,5.8136444,no
9,95,173.0,161.16,201.20636,-65.0,-5.9131317,yes
9,96,149.0,160.4,18.867962,0.0,-11.122391,yes
9,97,167.0,164.76,209.48032,-34.0,-4.0280457,no
9,98,181.0,173.76,142.39381,40.0,7.01149,no
9,99,204.0,184.04,41.880783,-61.0,12.1749115,no
10,0,201.0,209.28,28.284271,27.0,-1.6759949,no
10,1,217.0,208.72,79.61156,-27.0,1.0427704,no
10,2,231.0,210.2,45.276924,-83.0,2.4246063,no
10,3,204.0,210.28,29.427877,28.0,1.6905365,no
10,4,211.0,209.72,57.306194,-7.0,3.3230743,no
10,5,202.0,205.24,41.036568,43.0,5.043915,no
10,6,206.0,198.4,102.156746,-20.0,2.883133,no
10,7,191.0,189.76,144.20125,-27.0,-4.1093445,no
10,8,169.0,186.64,85.158676,14.0,-11.386261,no
10,9,151.0,186.24,68.30813,90.0,-11.982544,yes
10,10,167.0,190.32,160.3122,97.0,-5.2856293,no
10,11,197.0,200.44,110.308655,16.0,1.3206482,no
10,12,211.0,212.6,83.725746,1.0,4.6933746,no
10,13,217.0,218.12,71.00704,33.0,7.076645,no
10,14,231.0,221.88,13.341664,-9.0,7.801834,no
10,15,236.0,225.2,17.720045,-52.0,6.344696,no
10,16,227.0,225.52,55.226807,27.0,6.2847595,no
10,17,246.0,223.56,60.876926,-79.0,6.65448,no
10,18,227.0,224.08,72.11102,-2.0,4.2683716,no
10,19,222.0,224.4,31.016125,6.0,2.6863556,no
10,20,228.0,223.8,74.96666,-6.0,4.554764,no
10,21,237.0,221.64,99.04544,-31.0,6.6818695,no
10,22,226.0,218.36,148.18907,-6.0,5.1129303,no
10,23,213.0,213.72,100.20978,14.0,1.2376404,no
10,24,207.0,210.32,43.908997,21.0,-1.5199127,no
10,25,209.0,208.4,7.071068,-10.0,-1.4161072,no
10,26,216.0,206.96,55.65968,-24.0,1.8644257,no
10,27,221.0,206.8,38.078865,-28.0,4.0074615,no
10,28,208.0,208.92,43.908997,15.0,2.4669647,no
10,29,215.0,209.6,48.414875,-19.0,2.013153,no
10,30,227.0,206.88,68.94926,-65.0,3.1699524,no
10,31,217.0,208.36,103.711136,-18.0,1.672226,no
10,32,198.0,208.92,36.05551,42.0,-0.5352478,no
10,33,214.0,208.04001,50.219517,-27.0,0.3751831,no
10,34,202.0,206.56,61.269894,53.0,0.072753906,no
10,35,211.0,208.68,83.725746,-38.0,-2.805252,no
10,36,196.0,211.08,76.537575,35.0,-3.5330963,no
10,37,201.0,214.2,111.31936,68.0,1.729248,no
10,38,225.0,215.16,48.04165,-22.0,8.655502,no
10,39,222.0,213.88,88.02273,-8.0,10.248459,no
10,40,198.0,205.2,101.390335,60.0,6.6136017,no
10,41,209.0,193.16,160.43066,-59.0,0.79042053,no
10,42,190.0,182.56,231.94827,-52.0,-7.1949463,yes
10,43,165.0,179.6,31.780497,21.0,-10.962341,yes
10,44,176.0,180.8,242.80032,38.0,-4.238449,yes
10,45,228.0,186.76,151.60475,-138.0,5.7949066,no
10,46,215.0,194.48,50.931328,-36.0,7.87323,no
10,47,203.0,200.48,43.104523,6.0,4.833908,no
10,48,205.0,201.24,24.083189,14.0,3.1981812,no
10,49,215.0,202.40001,27.856777,-43.0,2.322876,no
10,50,214.0,203.0,41.036568,-61.0,1.2996063,no
10,51,192.0,202.64,66.573265,57.0,1.0817871,no
10,52,195.0,203.16,58.60034,6.0,3.5379791,no
10,53,204.0,198.28,44.72136,-8.0,9.160767,no
10,54,196.0,188.28,121.20231,24.0,10.5681,no
10,55,172.0,176.36,197.68661,26.0,2.9214325,no
10,56,156.0,168.72,203.41583,9.0,-8.273422,yes
10,57,127.0,164.76,101.07423,60.0,-14.763046,yes
10,58,133.0,165.76,205.06097,96.0,-9.963654,yes
10,59,167.0,169.52,129.07362,-18.0,-1.4620667,yes
10,60,151.0,174.88,24.083189,115.0,1.2249756,no
10,61,170.0,173.4,72.18033,-11.0,0.961853,no
10,62,182.0,162.2,109.3435,-96.0,0.08546448,no
10,63,155.0,149.76,199.24858,-16.0,-4.681793,no
10,64,126.0,137.76,214.20084,21.0,-13.579437,no
10,65,113.0,129.12,158.15182,-54.0,-22.001198,yes
10,66,63.0,125.52,37.735924,185.0,-23.566048,yes
10,67,97.0,128.76,197.31194,85.0,-14.818115,no
10,68,149.0,128.52,147.07822,-101.0,-4.136154,yes
10,69,149.0,128.31999,110.35397,-44.0,-1.5881195,yes
10,70,142.0,132.28,83.00603,-30.0,-5.47023,no
10,71,153.0,133.44,53.009434,-99.0,-6.540436,no
10,72,149.0,134.04,104.40307,-24.0,-4.4622498,no
10,73,144.0,143.6,70.71068,-11.0,-4.42659,yes
10,74,146.0,152.36,88.814415,10.0,-3.7846222,no
10,75,159.0,156.16,165.84933,-12.0,-0.880661,no
10,76,166.0,158.12,191.76027,-21.0,1.7420044,no
10,77,174.0,161.31999,154.01299,-36.0,3.1773376,no
10,78,158.0,158.64,134.13426,40.0,3.405655,no
10,79,170.0,156.31999,175.91475,-19.0,1.957962,no
10,80,153.0,153.08,256.22256,-37.0,-3.3785553,no
10,81,128.0,150.4,189.55211,65.0,-7.337158,no
10,82,123.0,143.31999,58.855755,88.0,-7.56398,no
10,83,146.0,142.12,77.52419,-42.0,-7.2406464,yes
10,84,144.0,142.87999,91.60786,0.0,-5.9658966,no
10,85,175.0,142.64,37.336308,-145.0,-3.9395905,no
10,86,140.0,143.12,161.62302,5.0,-8.674728,no
10,87,90.0,150.12,95.34149,203.0,-16.791504,yes
10,88,141.0,155.52,149.37202,-57.0,-17.054688,yes
10,89,140.0,160.92,112.01785,67.0,-10.671951,no
10,90,170.0,167.04,144.83784,-24.0,-2.6262817,no
10,91,185.0,174.8,141.85204,-26.0,4.1408234,no
10,92,181.0,173.08,190.0421,4.0,7.5930634,no
10,93,175.0,165.36,219.67249,10.0,4.8085327,no
10,94,142.0,156.40001,318.21063,53.0,-6.564499,no
10,95,120.0,154.16,239.70816,64.0,-16.864471,yes
10,96,128.0,154.16,190.58856,53.0,-14.360657,yes
10,97,165.0,160.88,215.11392,20.0,-2.1261292,no
10,98,200.0,171.72,67.06713,-106.0,6.660309,no
10,99,178.0,181.12,68.26419,55.0,8.483139,no
11,0,202.0,211.76001,75.43209,36.0,1.2076874,no
11,1,220.0,210.84,35.69314,-40.0,3.7230225,no
11,2,205.0,211.48,48.76474,62.0,4.006485,no
11,3,211.0,211.52,46.840153,-33.0,2.0650787,no
11,4,198.0,210.12,8.602325,56.0,2.6478882,no
11,5,217.0,202.56,14.56022,-58.0,5.39003,no
11,6,209.0,195.0,79.12016,-23.0,4.8904114,no
11,7,194.0,185.48,149.93332,-25.0,-1.531662,no
11,8,167.0,181.84,76.105194,51.0,-8.624634,yes
11,9,187.0,180.76,126.14278,-58.0,-8.255753,yes
11,10,210.0,186.2,113.64858,-80.0,-2.893158,no
11,11,207.0,197.84,41.59327,-40.0,-0.2615509,no
11,12,205.0,211.28,133.75351,36.0,2.463028,no
11,13,236.0,218.52,112.79185,-65.0,7.131134,no
11,14,228.0,224.24,36.71512,18.0,8.257629,no
11,15,218.0,228.84,12.083046,50.0,6.315445,no
11,16,230.0,228.12,60.033325,-3.0,6.6493073,no
11,17,238.0,225.96,25.96151,-18.0,7.1650543,no
11,18,220.0,225.04,65.06919,39.0,4.2832184,no
11,19,225.0,225.12,8.0,-9.0,2.5911713,no
11,20,226.0,222.59999,56.63921,20.0,4.6291656,no
11,21,247.0,221.12,82.036575,-79.0,7.303406,no
11,22,240.0,218.0,88.23831,-44.0,6.673218,no
11,23,232.0,213.44,109.77249,-63.0,2.4840393,no
11,24,207.0,208.68001,89.498604,16.0,-2.1871796,no
11,25,210.0,206.8,80.224686,-42.0,-3.4148102,no
11,26,198.0,204.28,83.761566,45.0,-0.7396698,no
11,27,213.0,203.72,36.138622,-20.0,1.9934082,no
11,28,201.0,205.12,44.94441,30.0,1.1760406,no
11,29,204.0,206.16,60.299255,-9.0,-0.41444397,no
11,30,193.0,204.4,91.00549,63.0,-1.2321014,no
11,31,204.0,206.16,74.24284,-18.0,-2.5444489,no
11,32,191.0,207.76,59.464275,63.0,-2.2318573,no
11,33,226.0,208.16,68.0,-67.0,1.3039246,no
11,34,220.0,207.84,24.33105,-31.0,2.4411774,no
11,35,216.0,209.4,24.738634,-8.0,0.700058,no
11,36,214.0,212.76,38.052597,2.0,-0.5011444,no
11,37,229.0,215.0,72.8011,-77.0,2.2050934,no
11,38,227.0,215.0,46.840153,5.0,7.472397,no
11,39,227.0,214.6,73.239334,-21.0,9.347534,no
11,40,213.0,209.52,87.72685,10.0,8.157211,no
11,41,210.0,196.92,88.76936,-11.0,5.7649994,no
11,42,195.0,184.44,164.3046,-22.0,-1.3100128,no
11,43,169.0,179.12,190.37857,-4.0,-11.591309,yes
11,44,138.0,178.64,167.72,102.0,-14.081482,yes
11,45,180.0,182.52,320.83017,19.0,-3.6486206,yes
11,46,211.0,190.92,117.68602,-51.0,5.716751,yes
11,47,200.0,199.44,33.01515,23.0,6.123047,no
11,48,213.0,202.48,31.622776,-55.0,3.1154022,no
11,49,189.0,204.04001,58.137768,64.0,-0.10978699,no
11,50,196.0,203.8,26.076809,20.0,-1.1858673,no
11,51,199.0,204.28,72.06941,-4.0,-0.76498413,no
11,52,183.0,206.12,65.9242,89.0,1.3549957,no
11,53,215.0,203.84,74.793045,-60.0,7.283142,no
11,54,211.0,197.76,103.58572,-17.0,10.857651,no
11,55,196.0,187.16,174.31581,-11.0,7.1897736,no
11,56,185.0,176.56,245.06734,-49.0,-1.7112427,yes
11,57,142.0,170.88,170.13524,108.0,-9.289124,yes
11,58,189.0,171.48,190.64627,-128.0,-5.9555664,yes
11,59,196.0,172.16,107.70329,-54.0,2.218872,no
11,60,192.0,175.32,134.46188,-78.0,4.1327057,yes
11,61,154.0,174.32,112.44554,86.0,0.6951904,yes
11,62,145.0,162.52,89.6772,57.0,-4.0068207,no
11,63,137.0,149.12,196.30588,8.0,-11.217041,no
11,64,101.0,137.36,134.53624,79.0,-19.379677,yes
11,65,106.0,133.12,101.20277,40.0,-21.246063,no
11,66,125.0,132.95999,260.09998,-59.0,-17.027779,yes
11,67,122.0,137.6,227.01541,11.0,-11.148758,no
11,68,112.0,138.04,52.34501,81.0,-8.199402,no
11,69,112.0,137.56,81.400246,66.0,-10.652451,yes
11,70,114.0,137.2,155.24174,-3.0,-15.094063,no
11,71,99.0,136.32,213.56497,140.0,-12.222382,no
11,72,166.0,135.36,140.40656,-134.0,-3.210144,no
11,73,140.0,141.88,64.7611,55.0,-1.0887756,no
11,74,142.0,148.6,23.323807,-20.0,-4.551819,yes
11,75,132.0,150.72,54.33231,54.0,-6.285492,yes
11,76,129.0,151.4,99.31767,76.0,-6.074478,no
11,77,152.0,154.28,124.40257,-21.0,-5.212677,no
11,78,145.0,151.48,141.00354,20.0,-5.100754,no
11,79,162.0,150.04,171.18996,-108.0,-7.2255707,no
11,80,101.0,148.04,116.275536,170.0,-11.5728,no
11,81,129.0,144.56,86.4523,-3.0,-11.222168,yes
11,82,140.0,139.96,83.737686,5.0,-7.9409943,yes
11,83,156.0,143.08,28.460499,-70.0,-7.207779,yes
11,84,142.0,147.16,72.249565,-20.0,-7.1752167,no
11,85,125.0,149.31999,79.00633,136.0,-4.5713654,no
11,86,154.0,154.23999,174.10342,-11.0,-4.2078857,yes
11,87,158.0,161.72,263.33627,-51.0,-8.468597,yes
11,88,147.0,165.44,202.608,28.0,-10.32486,yes
11,89,157.0,167.44,161.47446,16.0,-7.248108,yes
11,90,160.0,171.92,64.899925,37.0,-4.097595,no
11,91,170.0,175.28,80.99383,-25.0,-3.3102875,no
11,92,148.0,169.44,111.040535,90.0,-3.260147,no
11,93,182.0,158.68,140.01428,-124.0,-6.2669983,no
11,94,130.0,151.2,263.6551,29.0,-17.718842,no
11,95,101.0,151.44,23.021729,90.0,-25.241486,yes
11,96,131.0,152.88,276.87543,27.0,-16.421982,no
11,97,185.0,161.52,177.0706,-98.0,-1.760788,no
11,98,170.0,173.88,60.728905,54.0,4.040161,no
11,99,185.0,181.8,36.796738,-26.0,4.057846,no
12,0,221.0,211.88,23.021729,-31.0,5.5704803,no
12,1,216.0,211.48,16.124516,4.0,6.414093,no
12,2,220.0,210.68,43.266617,-28.0,6.535034,no
12,3,204.0,209.8,63.780876,40.0,5.218689,no
12,4,209.0,207.8,33.13608,-19.0,5.408722,no
12,5,201.0,200.48,28.0,31.0,7.051407,no
12,6,196.0,190.68,106.62083,11.0,5.27153,no
12,7,184.0,182.64,161.05899,-5.0,-2.1815796,no
12,8,169.0,178.88,108.23123,-12.0,-9.408066,yes
12,9,162.0,176.96,170.08234,63.0,-8.821884,yes
12,10,199.0,181.92,142.56227,-72.0,-4.34494,no
12,11,176.0,194.64,80.32434,92.0,-3.1228027,no
12,12,202.0,207.64,174.64249,3.0,0.26182556,no
12,13,229.0,216.36,137.03284,-10.0,6.866867,no
12,14,245.0,223.56,5.0990195,-70.0,9.338547,no
12,15,228.0,229.52,42.44997,27.0,7.4151154,no
12,16,234.0,229.12001,28.600698,-24.0,6.291153,no
12,17,238.0,227.8,48.332184,-26.0,5.8296204,no
12,18,229.0,225.84,47.853943,-19.0,3.565857,no
12,19,223.0,225.36,12.165525,11.0,1.9655304,no
12,20,224.0,222.6,38.600517,-23.0,1.9564209,no
12,21,206.0,221.48,80.04999,84.0,2.3583832,no
12,22,211.0,217.92,89.498604,19.0,1.9389343,no
12,23,205.0,214.64,91.836815,40.0,-0.5583954,no
12,24,195.0,209.56,82.28001,18.0,-4.5914307,no
12,25,184.0,206.24,25.612497,74.0,-6.3525696,no
12,26,198.0,202.92,61.400326,-9.0,-4.607239,no
12,27,212.0,202.2,85.90693,-43.0,-2.0334015,no
12,28,209.0,202.76,75.89466,-43.0,-1.7929993,no
12,29,198.0,203.16,25.298222,19.0,-2.7263184,no
12,30,200.0,202.56,4.0,-12.0,-3.514389,no
12,31,197.0,205.08,14.142136,15.0,-4.0779724,no
12,32,199.0,206.95999,51.009804,10.0,-2.8396149,no
12,33,212.0,208.31999,66.52819,-19.0,0.23124695,no
12,34,205.0,209.72,37.65634,37.0,1.6214294,no
12,35,211.0,211.36,15.811388,12.0,0.82987976,no
12,36,217.0,214.36,52.3259,-35.0,-1.0591431,no
12,37,197.0,216.16,90.90655,86.0,-0.29837036,no
12,38,232.0,216.48,85.42833,-53.0,4.492264,no
12,39,225.0,216.95999,67.88225,-5.0,6.97081,no
12,40,227.0,214.36,56.586216,-56.0,7.266083,no
12,41,212.0,203.36,91.00549,-11.0,6.3313904,no
12,42,189.0,188.88,160.3808,30.0,0.026885986,no
12,43,174.0,179.4,235.76683,-40.0,-12.503464,no
12,44,129.0,177.04,44.72136,105.0,-20.979858,yes
12,45,162.0,178.56,277.33374,1.0,-13.247192,yes
12,46,198.0,185.24,167.90474,-20.0,1.0013885,yes
12,47,196.0,195.48,30.0,35.0,6.2032776,no
12,48,203.0,202.84,35.383614,2.0,3.2659302,no
12,49,196.0,204.36,45.188496,15.0,-1.1955566,no
12,50,202.0,203.44,76.15773,-8.0,-1.1899109,no
12,51,221.0,203.56,68.0,-52.0,2.0367432,no
12,52,212.0,204.88,87.09765,-30.0,4.208145,no
12,53,202.0,202.48,62.225395,61.0,7.78508,no
12,54,220.0,198.2,40.792156,-50.0,10.878967,no
12,55,205.0,189.4,78.44743,-12.0,9.549438,no
12,56,197.0,179.76,161.05899,-14.0,3.1218567,yes
12,57,175.0,176.6,133.15405,-41.0,-5.576065,yes
12,58,157.0,176.96,114.49017,74.0,-5.011078,yes
12,59,182.0,176.84,138.92444,17.0,4.9130554,no
12,60,189.0,180.2,135.18137,40.0,10.99118,yes
12,61,195.0,178.0,233.8632,-61.0,7.47229,yes
12,62,164.0,164.6,200.0,9.0,-1.6692047,no
12,63,155.0,152.48,202.0396,-56.0,-11.916412,no
12,64,114.0,144.0,143.03146,51.0,-18.031921,yes
12,65,125.0,140.44,250.20392,37.0,-12.866928,no
12,66,150.0,143.4,270.57346,-6.0,-2.3316345,no
12,67,165.0,150.64,293.08362,-48.0,3.4369812,no
12,68,146.0,151.48,346.34665,39.0,1.5475159,no
12,69,139.0,148.68,321.17908,-8.0,-6.98584,yes
12,70,100.0,147.08,227.13872,103.0,-17.210953,yes
12,71,103.0,144.76,148.06079,58.0,-17.066803,no
12,72,142.0,141.4,184.0978,6.0,-6.364868,no
12,73,163.0,144.16,42.426407,-88.0,-0.74417114,no
12,74,130.0,149.31999,59.48109,85.0,-2.6317902,no
12,75,152.0,150.16,101.98039,-39.0,-4.171936,no
12,76,142.0,149.28,76.6942,9.0,-6.6047516,yes
12,77,139.0,151.56,74.793045,-22.0,-10.147537,yes
12,78,128.0,149.64,85.70881,28.0,-11.258469,yes
12,79,124.0,147.0,15.231546,67.0,-10.4657135,no
12,80,130.0,144.0,135.36617,7.0,-9.247299,no
12,81,144.0,143.04001,130.59862,6.0,-7.1080933,yes
12,82,157.0,141.72,73.061615,-93.0,-8.398041,yes
12,83,126.0,147.08,103.4698,44.0,-12.265625,no
12,84,123.0,154.76,124.1934,91.0,-10.613892,no
12,85,165.0,161.96,277.21832,-45.0,-1.6056824,no
12,86,182.0,167.52,255.78506,0.0,5.8380737,yes
12,87,190.0,174.6,222.03603,-57.0,4.6704865,no
12,88,160.0,177.72,208.61447,98.0,1.1876526,no
12,89,197.0,178.16,210.85066,-85.0,1.787796,yes
12,90,180.0,178.72,176.23848,7.0,0.6595917,yes
12,91,162.0,178.48,144.25671,32.0,-3.65477,yes
12,92,149.0,168.4,58.137768,44.0,-7.003296,no
12,93,151.0,155.68,131.04198,4.0,-12.0538025,no
12,94,124.0,147.92,200.08498,19.0,-22.3051,no
12,95,113.0,149.04001,77.93587,23.0,-25.582458,yes
12,96,137.0,152.04001,296.1385,31.0,-13.68306,no
12,97,176.0,163.2,132.91351,-28.0,-0.12338257,no
12,98,164.0,176.72,35.014282,58.0,3.100647,no
12,99,181.0,184.64,43.289722,-13.0,2.4149475,no
13,0,214.0,207.0,59.933296,-6.0,7.7995605,no
13,1,207.0,207.68,65.25335,30.0,7.8796234,no
13,2,227.0,206.4,47.853943,-65.0,9.155334,no
13,3,216.0,205.8,44.38468,-3.0,9.254578,no
13,4,214.0,203.6,44.04543,-24.0,8.754822,no
13,5,213.0,196.12,46.69047,-45.0,8.852341,no
13,6,201.0,185.0,134.17154,-24.0,5.0055084,no
13,7,172.0,178.8,187.96808,7.0,-4.9842834,no
13,8,151.0,175.8,71.21797,43.0,-12.975525,yes
13,9,156.0,175.72,111.085556,34.0,-12.332748,yes
13,10,176.0,182.48,105.22357,17.0,-7.715439,no
13,11,188.0,196.84,82.46211,-4.0,-4.7399445,no
13,12,201.0,208.48,147.76332,14.0,-0.5088196,no
13,13,223.0,215.0,114.58621,-18.0,5.302948,no
13,14,225.0,220.4,74.88658,31.0,8.09761,no
13,15,242.0,223.84,33.105892,-75.0,7.3219757,no
13,16,216.0,222.52,25.059929,73.0,5.3990173,no
13,17,225.0,221.24,34.669872,-4.0,3.8912506,no
13,18,216.0,220.16,33.01515,37.0,2.4059143,no
13,19,225.0,219.76001,36.05551,-21.0,1.006546,no
13,20,218.0,219.28,40.496914,6.0,-0.32466125,no
13,21,226.0,219.44,13.038404,-53.0,-0.5443115,no
13,22,212.0,216.56,27.856777,26.0,-0.091049194,no
13,23,222.0,214.36,55.605755,-55.0,-0.449646,no
13,24,202.0,209.56,95.60335,33.0,-2.5992126,no
13,25,207.0,205.48,81.84131,-46.0,-4.7189026,no
13,26,189.0,201.4,34.785053,37.0,-5.932312,no
13,27,185.0,199.64,45.099888,33.0,-5.8806,no
13,28,182.0,198.8,40.718548,67.0,-4.842819,no
13,29,198.0,199.64,35.014282,-17.0,-3.451355,no
13,30,200.0,200.0,18.439089,9.0,-2.611023,no
13,31,200.0,201.96,25.059929,-1.0,-2.6170502,no
13,32,206.0,205.24,42.520584,-14.0,-1.7809448,no
13,33,199.0,207.44,39.698868,51.0,-0.27046204,no
13,34,214.0,210.32,38.600517,-18.0,0.6436615,no
13,35,218.0,213.4,1.4142135,-27.0,-0.17390442,no
13,36,211.0,216.92,44.922153,-2.0,-2.2208557,no
13,37,196.0,218.36,80.21222,74.0,-1.6761322,no
13,38,226.0,219.08,52.554733,-36.0,2.1423645,no
13,39,209.0,219.2,51.47815,36.0,3.79805,no
13,40,202.0,215.87999,15.811388,72.0,5.0321045,no
13,41,211.0,206.48,70.71068,-6.0,6.241928,no
13,42,205.0,191.16,160.0125,-48.0,2.0597382,no
13,43,169.0,178.95999,238.04622,39.0,-9.896408,no
13,44,147.0,175.16,132.3707,2.0,-21.670761,yes
13,45,142.0,176.16,220.27255,68.0,-18.480133,yes
13,46,203.0,182.56,275.96014,-79.0,-2.6564484,yes
13,47,218.0,193.4,45.891174,-61.0,6.854645,no
13,48,209.0,203.23999,38.052597,-7.0,4.9463654,no
13,49,205.0,206.4,28.460499,-37.0,0.06303406,no
13,50,187.0,205.72,74.04053,99.0,0.036514282,no
13,51,219.0,205.16,40.496914,-47.0,3.2144012,no
13,52,212.0,207.2,62.177166,0.0,4.4341736,no
13,53,222.0,205.68001,65.06919,-69.0,5.658661,no
13,54,212.0,201.88,97.097885,-21.0,6.7776947,no
13,55,195.0,194.92,74.68601,38.0,6.0964813,no
13,56,209.0,186.68,122.702896,-95.0,1.6865234,yes
13,57,163.0,184.28,172.9393,58.0,-6.8557587,yes
13,58,156.0,186.72,120.83874,59.0,-6.8569183,yes
13,59,203.0,187.44,232.96352,-45.0,6.0700073,no
13,60,227.0,189.92,71.693794,-94.0,16.451569,no
13,61,212.0,186.88,162.56076,-57.0,14.407364,no
13,62,170.0,172.68001,230.36058,45.0,3.0807343,yes
13,63,149.0,160.4,195.96939,-1.0,-9.747421,yes
13,64,126.0,154.88,88.64536,74.0,-13.914764,yes
13,65,167.0,154.23999,243.00206,-83.0,-4.275589,no
13,66,179.0,158.08,208.83008,-4.0,9.241577,no
13,67,194.0,166.56,170.79227,-31.0,16.383636,no
13,68,207.0,166.72,205.18285,-98.0,15.859558,no
13,69,190.0,161.23999,327.2736,-61.0,7.5111084,no
13,70,147.0,156.16,357.23383,15.0,-5.123581,no
13,71,129.0,151.72,197.91412,40.0,-10.914566,yes
13,72,142.0,147.04,105.68822,-12.0,-6.8747253,yes
13,73,152.0,147.76,13.928389,2.0,-1.7922974,no
13,74,148.0,150.48,22.803509,1.0,-0.12030029,no
13,75,165.0,150.0,83.00603,-55.0,1.6853638,no
13,76,157.0,150.48,146.64925,-26.0,0.30647278,no
13,77,112.0,153.0,175.32826,156.0,-4.7229156,yes
13,78,132.0,151.44,173.90227,26.0,-5.68454,yes
13,79,143.0,149.56,177.88199,12.0,-2.6743622,yes
13,80,158.0,148.0,124.595345,-27.0,-0.62590027,yes
13,81,166.0,147.48,72.99315,-93.0,-3.2890778,no
13,82,125.0,147.88,100.07997,68.0,-10.320648,no
13,83,112.0,154.48,132.37825,123.0,-13.541748,no
13,84,150.0,163.84,273.66037,-3.0,-7.2319946,yes
13,85,185.0,174.64,264.46173,-14.0,4.986603,yes
13,86,219.0,181.16,136.49908,-98.0,13.430725,no
13,87,203.0,188.32,132.8834,18.0,12.4097595,no
13,88,204.0,191.48,117.34564,-50.0,8.556595,no
13,89,206.0,191.28,96.79876,-2.0,8.35614,no
13,90,208.0,187.92,140.42792,-63.0,7.320801,no
13,91,181.0,185.96,210.21893,41.0,4.118393,yes
13,92,179.0,173.76,239.3533,-18.0,-0.17208862,yes
13,93,153.0,160.72,258.5498,21.0,-9.046631,no
13,94,121.0,152.76,183.83145,50.0,-19.92952,yes
13,95,113.0,154.2,171.8255,96.0,-20.430939,yes
13,96,159.0,156.16,267.86563,-31.0,-8.022232,no
13,97,190.0,167.68,138.39798,-54.0,3.9527588,no
13,98,187.0,180.76,109.48972,-16.0,6.995743,no
13,99,181.0,186.88,136.94525,40.0,6.6122437,no
14,0,208.0,199.52,100.80675,-22.0,7.175308,no
14,1,201.0,199.84,97.04638,0.0,7.097992,no
14,2,200.0,199.04001,112.29426,37.0,8.5807495,no
14,3,216.0,198.08,94.92102,-51.0,9.176514,no
14,4,194.0,194.56,107.8981,30.0,7.8165283,no
14,5,191.0,184.76,94.20191,37.0,6.759613,no
14,6,199.0,174.16,179.47145,-72.0,1.3560333,no
14,7,159.0,169.2,206.63011,34.0,-9.912689,yes
14,8,150.0,167.84,47.707443,14.0,-16.206009,yes
14,9,169.0,171.04,126.1507,-21.0,-12.790512,no
14,10,178.0,182.08,130.29965,7.0,-6.6845856,no
14,11,195.0,196.2,128.82547,1.0,-1.9088898,no
14,12,205.0,207.44,108.67382,9.0,1.734726,no
14,13,219.0,214.0,59.413803,-3.0,4.3330383,no
14,14,221.0,217.12,64.03124,1.0,4.452179,no
14,15,224.0,217.6,127.00394,-4.0,2.6428528,no
14,16,236.0,216.96,131.52946,-83.0,0.614975,no
14,17,226.0,215.96,104.69002,-35.0,-0.48858643,no
14,18,222.0,214.52,66.70832,-13.0,-0.25816345,no
14,19,222.0,214.36,62.482,-29.0,-0.9356842,no
14,20,203.0,215.4,58.940647,50.0,-2.6708221,no
14,21,215.0,215.88,50.990196,-9.0,-1.7549286,no
14,22,215.0,213.6,18.867962,4.0,0.9995117,no
14,23,214.0,212.0,38.470768,27.0,2.4122314,no
14,24,217.0,209.04,54.20332,-34.0,1.3257141,no
14,25,207.0,203.84,65.74192,14.0,-1.2975616,no
14,26,203.0,199.96,78.0,-33.0,-4.69339,no
14,27,190.0,197.76,55.226807,30.0,-6.1228485,no
14,28,203.0,197.8,57.567352,-40.0,-4.738434,no
14,29,195.0,198.72,29.15476,25.0,-2.8820953,no
14,30,211.0,200.92,16.492422,-55.0,-1.5686493,no
14,31,196.0,202.6,10.198039,44.0,-1.4841309,no
14,32,212.0,205.28,30.364452,-31.0,-1.2549286,no
14,33,215.0,207.24,32.280025,-36.0,-0.48020935,no
14,34,216.0,210.04,19.849434,-11.0,-0.052505493,no
14,35,209.0,212.84,20.248457,12.0,-0.8184509,no
14,36,211.0,217.12,65.11528,21.0,-0.5621643,no
14,37,224.0,219.88,106.32967,-19.0,1.8873901,no
14,38,231.0,220.28,50.990196,-34.0,3.965042,no
14,39,219.0,219.8,49.09175,23.0,3.9453735,no
14,40,233.0,217.04001,27.018513,-92.0,4.997238,no
14,41,219.0,208.68001,56.302753,-4.0,7.27536,no
14,42,203.0,193.72,137.884,11.0,5.3157654,no
14,43,189.0,180.6,229.75204,-33.0,-4.7250214,no
14,44,150.0,176.04,210.21893,19.0,-17.982697,yes
14,45,124.0,176.48,148.66069,133.0,-18.92778,yes
14,46,175.0,180.2,282.02838,25.0,-4.74205,yes
14,47,203.0,190.8,101.00495,-6.0,6.674225,no
14,48,203.0,202.16,60.464867,25.0,6.7768555,no
14,49,191.0,207.04,64.77654,78.0,2.8355408,no
14,50,221.0,206.96,69.31089,-87.0,2.3003693,no
14,51,209.0,207.48,29.832869,12.0,2.7178345,no
14,52,195.0,208.16,32.80244,42.0,1.6942139,no
14,53,193.0,205.68001,17.088007,51.0,1.8266907,no
14,54,190.0,201.96,56.089214,49.0,2.0317535,no
14,55,192.0,195.76001,45.343136,-7.0,1.2831116,no
14,56,186.0,187.40001,82.96987,16.0,-1.5521393,no
14,57,170.0,185.44,124.48293,15.0,-7.3390503,yes
14,58,160.0,188.4,138.92444,68.0,-6.083023,yes
14,59,202.0,189.95999,212.60292,-33.0,6.5746155,no
14,60,210.0,192.52,25.019993,9.0,17.186188,no
14,61,199.0,191.08,103.58572,50.0,17.168335,no
14,62,200.0,179.4,258.49564,-68.0,7.4952087,no
14,63,144.0,168.64,259.73062,102.0,-6.5060883,yes
14,64,148.0,163.64,83.18654,-26.0,-11.442917,no
14,65,155.0,164.64,215.13252,75.0,-1.6681824,no
14,66,201.0,170.2,141.7392,-85.0,11.707535,no
14,67,194.0,180.44,42.520584,26.0,18.31511,no
14,68,200.0,182.04001,8.246211,4.0,18.942657,no
14,69,206.0,179.0,107.42439,-55.0,15.2999115,no
14,70,184.0,170.36,218.08255,-28.0,8.210037,no
14,71,164.0,162.68001,274.61246,4.0,1.5351257,yes
14,72,133.0,153.84,147.58049,103.0,-2.8480225,yes
14,73,157.0,152.24,24.207438,-58.0,-2.9033966,yes
14,74,146.0,151.96,13.038404,28.0,0.16589355,no
14,75,148.0,152.52,90.088844,59.0,5.2087708,no
14,76,183.0,153.36,62.801273,-85.0,8.689423,no
14,77,176.0,155.6,170.31735,-74.0,8.120728,no
14,78,171.0,155.2,212.60292,-19.0,8.615829,no
14,79,170.0,152.68001,149.40549,-11.0,9.2743225,no
14,80,166.0,151.24,77.47257,-32.0,5.246216,no
14,81,144.0,152.8,110.65261,36.0,-3.074585,no
14,82,133.0,155.52,109.444046,56.0,-8.631393,yes
14,83,170.0,163.32,284.40112,-72.0,-5.38974,yes
14,84,177.0,173.76,257.938,10.0,2.3541718,yes
14,85,192.0,185.8,157.20052,15.0,9.448898,no
14,86,208.0,193.0,61.204575,-3.0,12.780716,no
14,87,217.0,200.96,34.785053,-54.0,10.891541,no
14,88,197.0,202.6,7.615773,51.0,7.7642517,no
14,89,213.0,202.2,18.110771,-43.0,7.8876038,no
14,90,202.0,199.6,49.497475,38.0,9.834381,no
14,91,216.0,196.04,119.70798,-36.0,11.799515,no
14,92,215.0,182.28,185.26738,-84.0,9.414917,no
14,93,182.0,169.64,282.0638,-20.0,-0.85310364,yes
14,94,144.0,161.4,200.86314,35.0,-12.672012,yes
14,95,155.0,160.08,150.71164,-47.0,-13.612854,yes
14,96,165.0,161.44,184.0489,6.0,-3.8007965,no
14,97,184.0,171.88,120.50726,7.0,6.078644,no
14,98,197.0,183.04,68.96376,-7.0,10.352341,no
14,99,215.0,188.12,67.601776,-69.0,11.734619,no
15,0,187.0,180.84,167.20049,-5.0,2.508957,no
15,1,189.0,183.48,109.88175,7.0,3.8747864,no
15,2,193.0,186.0,113.78049,0.0,5.179657,no
15,3,203.0,188.6,155.00322,-54.0,4.615906,no
15,4,185.0,186.72,137.92752,19.0,2.5886688,no
15,5,195.0,177.72,148.0,-66.0,-0.2030487,no
15,6,173.0,168.08,264.76404,-11.0,-8.363922,yes
15,7,149.0,165.76001,217.20036,-18.0,-19.004196,yes
15,8,135.0,166.12,144.89996,63.0,-20.09291,yes
15,9,171.0,173.8,186.34377,-14.0,-10.928146,no
15,10,179.0,187.2,158.47397,42.0,-1.930191,no
15,11,210.0,201.52,156.237,-34.0,3.7570648,no
15,12,214.0,209.56,56.603886,12.0,5.3768616,no
15,13,224.0,214.48,27.313,-50.0,3.8141632,no
15,14,217.0,214.6,63.63961,-12.0,0.54348755,no
15,15,193.0,213.76,107.415085,72.0,-4.2451324,no
15,16,195.0,213.16,161.20795,19.0,-7.9743805,no
15,17,186.0,213.52,156.10893,76.0,-8.050781,no
15,18,211.0,212.88,116.275536,-30.0,-4.650467,no
15,19,209.0,213.64,27.018513,26.0,-2.820053,no
15,20,207.0,215.12001,26.0,-2.0,-3.8699646,no
15,21,207.0,215.76001,65.00769,24.0,-2.3674927,no
15,22,223.0,215.44,57.00877,-13.0,1.927063,no
15,23,229.0,215.52,37.44329,-51.0,4.0592194,no
15,24,211.0,213.0,46.389652,36.0,3.0305176,no
15,25,215.0,207.68,65.00769,-43.0,-0.0639801,no
15,26,193.0,203.95999,83.546394,49.0,-4.4950104,no
15,27,199.0,200.2,46.32494,-35.0,-6.5652466,no
15,28,205.0,198.8,39.824615,-34.0,-4.862076,no
15,29,193.0,199.84,16.124516,31.0,-2.7657623,no
15,30,198.0,202.2,41.231056,28.0,-1.2400208,no
15,31,205.0,203.0,19.235384,-14.0,-1.4901581,no
15,32,200.0,205.72,20.0,11.0,-2.999649,no
15,33,197.0,208.08,56.727417,51.0,-3.024109,no
15,34,215.0,210.08,25.96151,-38.0,-1.6379242,no
15,35,203.0,213.64,42.544094,61.0,-0.41267395,no
15,36,221.0,218.72,96.17692,-11.0,2.1406555,no
15,37,239.0,220.72,32.649654,-62.0,5.4563446,no
15,38,221.0,220.52,29.966648,41.0,6.49971,no
15,39,226.0,220.40001,63.245552,-18.0,5.4100494,no
15,40,200.0,217.68001,52.3259,101.0,4.6275177,no
15,41,225.0,210.16,50.695168,-70.0,6.5131836,no
15,42,210.0,196.76,82.0,-3.0,6.790909,no
15,43,201.0,183.04,200.4445,-49.0,-0.5574341,no
15,44,159.0,177.64,194.85892,43.0,-12.601761,yes
15,45,162.0,177.44,150.33296,-9.0,-14.551804,yes
15,46,195.0,179.88,218.56349,-50.0,-3.5110474,no
15,47,210.0,190.48,101.24229,-9.0,5.815384,no
15,48,234.0,202.8,42.426407,-136.0,6.8017883,no
15,49,213.0,207.52,12.083046,-6.0,4.993103,no
15,50,210.0,206.76,24.698177,22.0,4.3381805,no
15,51,213.0,207.48,48.373547,-11.0,2.8424683,no
15,52,208.0,206.59999,28.319605,-11.0,0.9495239,no
15,53,216.0,203.68,31.400637,-48.0,1.4026031,no
15,54,212.0,200.28,70.38466,-53.0,1.73349,no
15,55,190.0,194.12,52.3259,24.0,0.721756,no
15,56,189.0,186.2,58.412327,8.0,-1.3790131,no
15,57,186.0,185.31999,82.36504,-30.0,-5.3412476,yes
15,58,180.0,188.68,87.93179,2.0,-4.1852875,yes
15,59,202.0,190.52,158.31615,-10.0,5.5345306,no
15,60,221.0,194.87999,50.990196,-48.0,14.101929,no
15,61,224.0,194.36,55.605755,-65.0,15.215942,no
15,62,219.0,184.0,173.44164,-91.0,8.24295,no
15,63,181.0,174.95999,227.12552,-58.0,-4.483841,yes
15,64,141.0,171.48,45.099888,107.0,-10.925262,yes
15,65,179.0,172.68,166.7693,-77.0,-4.2055206,no
15,66,191.0,179.31999,149.27156,-1.0,7.071533,no
15,67,207.0,190.24,39.92493,-48.0,12.846405,no
15,68,197.0,194.48,25.298222,-6.0,13.704742,no
15,69,195.0,194.16,20.0,32.0,14.63208,no
15,70,191.0,185.48,83.725746,25.0,15.348343,no
15,71,214.0,173.95999,182.48288,-118.0,12.196777,no
15,72,172.0,161.68,247.64894,-49.0,1.9360657,yes
15,73,139.0,154.84,47.41308,59.0,-5.047699,yes
15,74,159.0,149.31999,61.741398,-50.0,-2.2592163,yes
15,75,157.0,147.04,73.061615,1.0,4.6765137,no
15,76,166.0,148.6,63.007935,6.0,10.008759,no
15,77,164.0,150.68001,69.18092,38.0,11.694336,no
15,78,187.0,150.44,91.389275,-83.0,12.459183,no
15,79,189.0,148.96,82.0975,-82.0,11.012985,no
15,80,160.0,149.04,121.037186,16.0,3.974762,no
15,81,147.0,153.68,57.77543,15.0,-4.312805,yes
15,82,149.0,160.72,179.88885,26.0,-4.860672,yes
15,83,186.0,170.88,225.1444,-15.0,3.131607,yes
15,84,206.0,181.72,117.456375,-53.0,9.458572,yes
15,85,213.0,193.88,52.153618,-45.0,10.18573,no
15,86,201.0,201.52,11.313708,25.0,7.6084137,no
15,87,206.0,207.40001,16.552946,4.0,5.1058655,no
15,88,205.0,208.76,38.910152,-1.0,4.4331512,no
15,89,204.0,210.04,52.34501,41.0,5.7379303,no
15,90,209.0,209.95999,42.941822,5.0,8.74411,no
15,91,230.0,205.76,4.472136,-83.0,12.963135,no
15,92,199.0,194.04,109.83624,59.0,12.672745,no
15,93,196.0,181.36,223.8973,-43.0,4.3398743,no
15,94,153.0,172.56,180.49931,43.0,-7.323578,no
15,95,151.0,168.32,59.093147,28.0,-10.567108,yes
15,96,168.0,168.56,135.03333,2.0,-4.0157166,no
15,97,191.0,176.64,100.80675,-35.0,3.5618134,no
15,98,195.0,186.88,80.65978,-14.0,7.428955,no
15,99,198.0,191.24,93.230896,8.0,9.284958,no
16,0,159.0,159.76,303.98026,2.0,-9.999603,no
16,1,182.0,166.08,261.30826,-78.0,-5.833145,no
16,2,180.0,171.56,163.76813,-18.0,-1.8964386,yes
16,3,164.0,177.84,105.22357,62.0,-1.2668915,yes
16,4,167.0,180.04001,59.211487,27.0,-2.3753204,yes
16,5,165.0,174.76001,126.57014,19.0,-6.719986,yes
16,6,138.0,167.08,201.69284,40.0,-17.199158,yes
16,7,111.0,168.28,36.05551,123.0,-25.407883,yes
16,8,133.0,170.92,237.84448,58.0,-20.329132,no
16,9,187.0,180.64,267.8843,-45.0,-5.7075043,no
16,10,199.0,193.64,192.33304,8.0,5.412552,no
16,11,218.0,206.8,141.42842,1.0,9.891006,no
16,12,229.0,212.24,60.811184,-64.0,8.06459,no
16,13,196.0,214.32,40.792156,109.0,3.0655212,no
16,14,218.0,212.32,25.806976,-48.0,-1.0644989,no
16,15,208.0,211.08,84.53402,-29.0,-5.4800415,no
16,16,184.0,210.32,105.773346,73.0,-8.988312,no
16,17,188.0,210.64,126.08727,42.0,-8.335129,no
16,18,197.0,211.36,106.21676,56.0,-4.3014374,no
16,19,222.0,213.36,44.38468,-60.0,-1.4138947,no
16,20,207.0,215.76,57.201397,32.0,-1.793335,no
16,21,207.0,216.32,48.104053,27.0,-1.4338684,no
16,22,228.0,216.96,54.405884,-54.0,1.0677795,no
16,23,217.0,216.92,39.319206,11.0,2.8530731,no
16,24,219.0,215.6,37.336308,-6.0,3.5200806,no
16,25,206.0,210.96,97.59098,40.0,1.4633789,no
16,26,204.0,208.72,119.54079,-28.0,-3.3387299,no
16,27,173.0,205.08,52.554733,111.0,-6.7539825,no
16,28,191.0,203.52,56.938564,30.0,-5.48114,no
16,29,205.0,203.36,39.59798,-25.0,-2.6573944,no
16,30,211.0,205.88,56.85068,-23.0,-0.5374756,no
16,31,212.0,207.12,46.69047,-17.0,-0.94906616,no
16,32,197.0,209.52,40.792156,33.0,-4.0234375,no
16,33,209.0,211.88,44.38468,-44.0,-4.9695435,no
16,34,206.0,213.6,79.15807,36.0,-2.1902618,no
16,35,228.0,216.92,58.137768,-56.0,1.1675873,no
16,36,220.0,219.8,26.305893,15.0,3.221222,no
16,37,228.0,221.56,48.166378,-7.0,5.198639,no
16,38,229.0,222.92,22.671568,11.0,6.601959,no
16,39,246.0,222.8,49.25444,-103.0,6.4845123,no
16,40,217.0,218.64,85.90693,7.0,5.362198,no
16,41,201.0,211.72,34.058773,68.0,5.7549896,no
16,42,208.0,198.88,59.682495,-14.0,5.699875,no
16,43,197.0,184.4,193.93298,-18.0,-0.7809601,no
16,44,166.0,178.36,161.61684,5.0,-11.458908,yes
16,45,161.0,177.64,113.46365,15.0,-13.073654,yes
16,46,183.0,180.2,181.2457,10.0,-4.2296753,no
16,47,199.0,189.68,72.8011,-28.0,1.8630829,no
16,48,174.0,202.44,97.94897,140.0,2.369751,no
16,49,211.0,207.28,82.8734,-23.0,3.7519836,no
16,50,215.0,207.72,7.615773,-13.0,4.554123,no
16,51,214.0,208.6,53.851646,-25.0,2.4082184,no
16,52,197.0,207.48,51.86521,37.0,0.18077087,no
16,53,203.0,203.56,57.271286,-4.0,0.984787,no
16,54,199.0,199.32,47.41308,14.0,2.452591,no
16,55,191.0,192.72,37.44329,31.0,2.389557,no
16,56,202.0,184.88,76.23647,-63.0,-0.5245056,no
16,57,175.0,184.24,111.220505,26.0,-6.1432953,yes
16,58,174.0,186.12,108.23123,16.0,-6.179062,yes
16,59,195.0,188.64,141.85204,-11.0,1.5368347,no
16,60,200.0,195.12,85.90693,6.0,7.608917,no
16,61,192.0,196.24,110.308655,31.0,7.931793,no
16,62,180.0,187.96,134.1119,51.0,3.1554413,no
16,63,162.0,180.08,152.0,59.0,-5.8680725,no
16,64,163.0,177.0,44.04543,-39.0,-11.572815,yes
16,65,152.0,176.16,106.47065,87.0,-7.676956,yes
16,66,176.0,180.88,147.411,25.0,1.5274506,no
16,67,198.0,190.04001,27.45906,-25.0,7.6672363,no
16,68,180.0,195.88,26.0,94.0,9.825958,no
16,69,218.0,197.64,59.413803,-101.0,13.69487,no
16,70,196.0,189.72,55.7853,54.0,18.16005,no
16,71,211.0,177.24,145.16887,-72.0,16.212463,no
16,72,153.0,164.31999,330.05453,78.0,2.4259949,yes
16,73,127.0,154.84,132.8006,50.0,-10.213516,yes
16,74,144.0,145.72,170.58136,-29.0,-9.356628,yes
16,75,156.0,144.24,152.61061,-18.0,-2.2269287,no
16,76,166.0,147.84,174.1838,-60.0,1.1386719,no
16,77,165.0,149.8,250.37971,-83.0,0.115249634,no
16,78,141.0,149.56,316.00632,50.0,-1.8499756,no
16,79,157.0,150.32,309.36386,-49.0,-3.4184113,no
16,80,154.0,152.0,174.10342,-28.0,-5.654129,no
16,81,150.0,158.84,45.343136,2.0,-7.0396576,yes
16,82,156.0,169.04,182.88794,41.0,-3.2076569,no
16,83,204.0,181.16,175.02571,-99.0,4.944763,no
16,84,195.0,191.76,71.021126,40.0,9.325775,no
16,85,208.0,201.28,8.0,-7.0,7.5489807,no
16,86,202.0,206.24,37.202152,-1.0,2.7212067,no
16,87,205.0,210.08,56.142673,-2.0,1.055069,no
16,88,212.0,210.28,90.44335,17.0,3.841156,no
16,89,230.0,212.4,74.96666,-75.0,6.358078,no
16,90,205.0,212.87999,37.12142,55.0,7.559845,no
16,91,213.0,208.95999,7.071068,12.0,10.502106,no
16,92,214.0,198.44,68.42514,-17.0,11.71991,no
16,93,207.0,187.76,181.60396,-54.0,6.317627,no
16,94,164.0,179.04001,219.31712,62.0,-4.041931,no
16,95,156.0,173.6,65.192024,13.0,-9.512161,yes
16,96,167.0,172.76,111.040535,14.0,-6.0592957,no
16,97,182.0,180.36,71.693794,-16.0,-1.0898132,no
16,98,180.0,189.92,63.51378,34.0,1.8208466,no
16,99,192.0,192.64,42.190044,2.0,4.2387695,no
17,0,110.0,147.56,235.22755,63.0,-26.477234,no
17,1,122.0,156.31999,313.9331,56.0,-21.099106,yes
17,2,163.0,164.23999,228.54759,-42.0,-10.745087,yes
17,3,168.0,173.59999,75.643906,26.0,-2.7194061,yes
17,4,181.0,178.76,108.16654,-24.0,0.02293396,yes
17,5,179.0,175.24,177.20045,-24.0,-3.4013062,yes
17,6,143.0,169.28,245.05101,77.0,-13.080368,yes
17,7,147.0,171.76,222.32408,1.0,-19.166428,yes
17,8,157.0,174.88,282.99118,26.0,-12.805832,no
17,9,200.0,185.52,270.57346,-20.0,1.6769104,no
17,10,220.0,198.4,135.60236,-23.0,11.347534,no
17,11,235.0,210.24,12.165525,-55.0,12.369629,no
17,12,224.0,213.8,66.0303,-13.0,7.7105103,no
17,13,222.0,214.32,32.31099,-48.0,2.7824097,no
17,14,203.0,210.08,38.078865,56.0,-0.013412476,no
17,15,208.0,207.48,44.407207,15.0,-2.0955353,no
17,16,218.0,206.4,61.983868,-55.0,-3.3094635,no
17,17,227.0,207.44,75.643906,-68.0,-2.1852722,no
17,18,223.0,209.2,42.047592,-47.0,-0.08267212,no
17,19,215.0,212.36,41.617306,28.0,1.8553619,no
17,20,224.0,215.56,71.00704,-33.0,2.3586884,no
17,21,213.0,217.24,78.91768,29.0,1.3513794,no
17,22,211.0,218.16,40.5216,21.0,0.0697937,no
17,23,203.0,218.04,44.72136,62.0,0.73687744,no
17,24,236.0,216.56,39.115215,-76.0,3.790802,no
17,25,226.0,212.52,62.241467,-32.0,4.1032715,no
17,26,216.0,210.08,123.709335,7.0,0.84342957,no
17,27,209.0,207.16,129.24396,-25.0,-2.6957092,no
17,28,211.0,205.68001,86.833176,-37.0,-2.9409943,no
17,29,200.0,207.0,36.496574,41.0,-1.4780426,no
17,30,206.0,209.24,37.01351,8.0,-0.020217896,no
17,31,218.0,210.24,33.734257,-41.0,0.6333008,no
17,32,200.0,211.72,110.06362,43.0,-1.0055084,no
17,33,192.0,214.12,113.137085,84.0,-2.0985413,no
17,34,208.0,214.92,96.67471,20.0,-0.056915283,no
17,35,227.0,217.52,24.33105,-33.0,2.375824,no
17,36,218.0,219.52,29.698484,9.0,2.2757416,no
17,37,217.0,221.52,49.09175,30.0,2.2140656,no
17,38,232.0,221.8,82.02438,-66.0,3.405487,no
17,39,209.0,221.8,57.567352,86.0,5.650009,no
17,40,228.0,217.8,43.863426,-20.0,8.060989,no
17,41,222.0,211.48,105.60303,-32.0,7.647629,no
17,42,210.0,199.56,119.230865,-22.0,3.7319489,no
17,43,195.0,188.2,198.53967,-56.0,-4.363266,no
17,44,152.0,182.84,132.19682,69.0,-13.348907,yes
17,45,148.0,182.52,113.7717,73.0,-13.513306,yes
17,46,187.0,186.04,172.9393,-23.0,-5.11351,no
17,47,201.0,194.92,35.77709,-33.0,0.02885437,no
17,48,192.0,203.88,72.18033,34.0,0.6771698,no
17,49,219.0,207.72,95.036835,-63.0,2.7700195,no
17,50,212.0,208.56,9.486833,13.0,3.974884,no
17,51,206.0,209.04001,50.990196,14.0,2.3491974,no
17,52,200.0,207.32,62.641838,16.0,1.0763245,no
17,53,196.0,204.28,64.49806,48.0,2.1132812,no
17,54,204.0,199.32,38.910152,-18.0,3.6952362,no
17,55,204.0,192.36,43.289722,-27.0,3.33049,no
17,56,190.0,184.56,150.52574,-9.0,-2.2360382,yes
17,57,164.0,184.28,125.36347,28.0,-10.176193,yes
17,58,162.0,186.2,124.65151,44.0,-10.093857,yes
17,59,193.0,190.12,136.52838,-21.0,-1.9116516,no
17,60,198.0,196.8,10.0,-5.0,3.607666,no
17,61,195.0,199.59999,54.037025,9.0,4.5838776,no
17,62,198.0,192.48,130.59862,-17.0,2.5393066,no
17,63,183.0,186.08,181.02486,-19.0,-4.1082,no
17,64,158.0,180.87999,81.400246,62.0,-9.968094,no
17,65,177.0,178.56,90.35486,-42.0,-8.186951,yes
17,66,188.0,181.16,122.588745,-17.0,-0.8708191,no
17,67,204.0,188.72,58.0517,-39.0,5.8671265,no
17,68,201.0,193.52,19.849434,-15.0,9.675415,no
17,69,200.0,196.88,49.57822,28.0,13.509064,no
17,70,218.0,191.52,74.0,-79.0,17.259766,no
17,71,209.0,178.4,163.878,-47.0,14.653488,no
17,72,180.0,165.84,312.92172,-79.0,0.87239075,no
17,73,122.0,156.68,183.22118,50.0,-13.772003,yes
17,74,105.0,146.76,86.313385,118.0,-15.791183,yes
17,75,139.0,143.96,96.13532,-38.0,-10.881622,yes
17,76,117.0,147.68001,139.28389,61.0,-10.000427,yes
17,77,106.0,147.72,68.73136,110.0,-11.910522,yes
17,78,105.0,146.36,55.027267,79.0,-15.25296,no
17,79,95.0,148.16,72.12489,128.0,-17.837112,yes
17,80,121.0,151.52,156.46725,43.0,-14.714066,yes
17,81,145.0,160.28,175.27692,36.0,-7.6725616,yes
17,82,162.0,173.6,171.9593,33.0,-1.0437775,no
17,83,180.0,187.24,134.89255,40.0,4.4290924,no
17,84,202.0,197.76,93.39165,-7.0,7.330078,no
17,85,215.0,205.2,46.69047,-48.0,5.938339,no
17,86,193.0,209.84,72.47068,73.0,1.6594543,no
17,87,198.0,212.2,77.00649,43.0,0.49919128,no
17,88,225.0,211.84,81.055534,-49.0,4.0917053,no
17,89,224.0,213.76,35.35534,-2.0,6.285446,no
17,90,223.0,214.28,42.047592,-45.0,6.1262054,no
17,91,215.0,209.32,14.142136,9.0,7.6680603,no
17,92,220.0,199.72,95.60335,-49.0,8.204681,no
17,93,200.0,189.84,151.71684,2.0,3.6794128,no
17,94,202.0,182.0,160.56151,-128.0,-3.9612274,no
17,95,155.0,177.72,31.906113,72.0,-8.169525,yes
17,96,176.0,177.12,104.62313,-15.0,-5.477051,no
17,97,174.0,183.68001,33.286633,30.0,-2.5208588,no
17,98,185.0,192.08,89.822044,-6.0,0.05517578,no
17,99,200.0,194.16,87.41853,-14.0,3.982666,no
18,0,112.0,142.44,123.878975,9.0,-30.382004,no
18,1,89.0,153.0,143.02448,143.0,-27.252945,yes
18,2,140.0,162.44,328.1463,53.0,-13.254791,yes
18,3,190.0,173.6,157.54364,-65.0,1.0527954,no
18,4,186.0,180.84,93.914856,23.0,6.9164276,no
18,5,203.0,178.24,125.283676,-56.0,5.777893,no
18,6,185.0,174.76,198.09088,-19.0,-1.8825531,no
18,7,178.0,178.12,131.7953,-32.0,-8.369995,yes
18,8,174.0,181.6,169.66437,33.0,-5.155121,no
18,9,216.0,192.92,188.09572,-67.0,5.0615845,no
18,10,223.0,205.31999,81.400246,-28.0,11.055618,no
18,11,223.0,214.28,69.97142,-21.0,9.433533,no
18,12,197.0,215.95999,49.09175,93.0,4.492218,no
18,13,217.0,215.12,24.698177,-15.0,1.7891083,no
18,14,220.0,210.6,14.0,-37.0,0.7449646,no
18,15,218.0,208.64,33.734257,-34.0,-0.88516235,no
18,16,198.0,208.28,53.08484,56.0,-2.4743042,no
18,17,211.0,210.52,82.28001,-9.0,-1.8856049,no
18,18,206.0,212.08,48.373547,38.0,0.089904785,no
18,19,219.0,214.28,53.08484,-3.0,2.7508087,no
18,20,228.0,216.40001,24.698177,-13.0,4.054413,no
18,21,239.0,217.04001,33.61547,-85.0,2.8261719,no
18,22,221.0,217.44,54.589375,-11.0,0.5557709,no
18,23,210.0,217.84,56.85068,33.0,0.6834717,no
18,24,220.0,218.48,21.023796,6.0,3.2683716,no
18,25,214.0,216.12,55.226807,41.0,3.710312,no
18,26,232.0,214.84,70.724815,-94.0,1.7346039,no
18,27,211.0,212.2,48.104053,7.0,-0.4607544,no
18,28,207.0,210.96,32.80244,26.0,-0.45199585,no
18,29,219.0,211.0,65.00769,-44.0,0.792984,no
18,30,203.0,212.04,65.37584,51.0,1.619812,no
18,31,213.0,213.44,70.837845,28.0,3.1598969,no
18,32,236.0,214.04,69.426216,-78.0,4.2544403,no
18,33,235.0,216.4,84.38009,-66.0,3.9789886,no
18,34,227.0,216.48,49.47727,-24.0,3.772293,no
18,35,221.0,217.44,15.297058,11.0,3.156723,no
18,36,217.0,217.4,27.784887,6.0,0.9760895,no
18,37,220.0,219.16,32.984844,-27.0,-0.7256317,no
18,38,207.0,218.6,23.021729,53.0,0.17723083,no
18,39,216.0,218.2,79.24645,25.0,5.0956116,no
18,40,244.0,215.36,15.6205,-94.0,10.420334,no
18,41,217.0,209.36,146.6697,17.0,9.387741,no
18,42,193.0,198.32,174.54512,15.0,2.2730255,no
18,43,165.0,188.28,120.01666,82.0,-5.892227,no
18,44,168.0,183.76,104.27847,-7.0,-10.570297,yes
18,45,165.0,183.72,162.26521,39.0,-8.363892,yes
18,46,193.0,186.48,142.39381,-28.0,-1.4831543,no
18,47,193.0,194.84,79.397736,35.0,2.6468353,no
18,48,208.0,202.4,66.24198,-25.0,3.06427,no
18,49,198.0,206.32,16.124516,65.0,2.6215057,no
18,50,221.0,207.16,50.0,-70.0,2.5023193,no
18,51,212.0,209.6,10.29563,4.0,2.7934418,no
18,52,217.0,207.28,26.832815,-24.0,4.0043335,no
18,53,225.0,204.12,47.539455,-84.0,5.091797,no
18,54,199.0,197.24,62.433964,30.0,4.392578,no
18,55,204.0,189.48,104.69002,-47.0,1.3688202,no
18,56,181.0,182.64,156.37135,-6.0,-5.8203278,yes
18,57,157.0,182.12,63.1981,51.0,-12.378693,yes
18,58,161.0,183.84,156.2178,43.0,-9.969757,yes
18,59,196.0,188.68,155.24174,-17.0,-0.9972229,no
18,60,199.0,195.48,54.571056,3.0,4.4761047,no
18,61,201.0,197.8,68.8186,22.0,6.456299,no
18,62,217.0,193.64,68.60029,-66.0,5.9963074,no
18,63,195.0,187.84,166.85922,-11.0,0.19163513,no
18,64,171.0,182.92,112.1606,26.0,-6.4292145,no
18,65,168.0,179.44,31.400637,40.0,-7.758484,yes
18,66,178.0,180.36,92.64988,-2.0,-4.312912,yes
18,67,190.0,184.92,145.67087,-8.0,2.2532806,no
18,68,205.0,189.16,51.224995,-37.0,8.999954,no
18,69,191.0,190.0,32.649654,36.0,12.535919,no
18,70,188.0,184.44,107.042046,26.0,12.795731,no
18,71,180.0,172.84,173.97127,1.0,8.548737,no
18,72,157.0,161.32,224.75764,26.0,-1.5058136,no
18,73,126.0,153.36,156.4161,50.0,-11.306641,yes
18,74,133.0,147.84,157.58173,-5.0,-11.894302,no
18,75,140.0,147.16,144.22205,-9.0,-8.068756,no
18,76,118.0,149.28,192.01042,98.0,-6.7161407,yes
18,77,147.0,147.59999,253.9488,-29.0,-6.2990417,yes
18,78,157.0,145.68,239.3533,-92.0,-10.10585,yes
18,79,125.0,147.24,162.98466,17.0,-15.9101715,yes
18,80,133.0,151.36,214.46211,48.0,-13.252396,yes
18,81,183.0,161.32,210.05237,-101.0,-4.052307,yes
18,82,200.0,175.92,123.82246,-86.0,2.8483582,no
18,83,192.0,189.44,130.87398,29.0,6.1864014,no
18,84,211.0,199.88,96.02083,-24.0,7.820236,no
18,85,209.0,206.31999,45.80393,35.0,7.0294495,no
18,86,230.0,211.08,57.567352,-91.0,4.169922,no
18,87,212.0,213.72,46.818798,6.0,2.2433014,no
18,88,217.0,213.08,41.109608,10.0,3.430954,no
18,89,216.0,213.8,52.153618,-4.0,3.7252502,no
18,90,203.0,214.48,31.780497,51.0,3.3858643,no
18,91,213.0,210.2,19.697716,-14.0,4.874344,no
18,92,202.0,201.44,134.20134,6.0,3.6471558,no
18,93,173.0,191.88,157.54364,55.0,-2.080658,no
18,94,161.0,185.04,90.697296,59.0,-7.2502747,no
18,95,158.0,180.28,69.065186,61.0,-6.7650604,yes
18,96,193.0,178.8,125.89678,-66.0,-1.4307709,no
18,97,183.0,184.76,97.00516,21.0,1.3931885,no
18,98,180.0,193.44,123.03658,62.0,3.4885864,no
18,99,209.0,194.68001,105.42296,-32.0,7.6973877,no
19,0,146.0,145.68001,253.69273,-28.0,-18.355118,yes
19,1,125.0,158.2,234.54637,46.0,-18.122513,yes
19,2,171.0,168.68001,351.55084,-27.0,-6.0913086,no
19,3,201.0,180.88,141.87318,-51.0,7.0834503,no
19,4,193.0,189.52,92.64988,30.0,12.303726,no
19,5,206.0,188.44,65.39113,-5.0,11.050812,no
19,6,197.0,185.76,145.03104,-47.0,2.643814,no
19,7,174.0,187.76,32.55764,27.0,-4.705353,yes
19,8,178.0,189.8,140.46352,29.0,-2.6990967,yes
19,9,200.0,199.52,130.11533,16.0,4.553406,no
19,10,205.0,208.8,52.0,38.0,8.356247,no
19,11,216.0,215.2,36.05551,11.0,7.325226,no
19,12,217.0,215.8,60.033325,-18.0,3.7148285,no
19,13,214.0,214.68,11.313708,-7.0,0.8493042,no
19,14,205.0,211.32,36.769554,42.0,-0.802948,no
19,15,212.0,211.28,49.67897,-25.0,-2.8720245,no
19,16,201.0,211.64,11.045361,18.0,-4.701523,no
19,17,204.0,214.28,36.359318,16.0,-3.9423523,no
19,18,209.0,216.32,83.630135,13.0,-0.73794556,no
19,19,224.0,218.32,41.109608,-13.0,2.2888184,no
19,20,217.0,218.76001,82.46211,1.0,1.3633423,no
19,21,209.0,218.2,106.01887,29.0,-0.7492523,no
19,22,213.0,218.2,50.990196,28.0,-0.67263794,no
19,23,229.0,218.24,31.016125,-60.0,1.1199799,no
19,24,226.0,218.16,26.683329,-9.0,3.155777,no
19,25,219.0,217.76,60.959003,-14.0,2.8026428,no
19,26,193.0,217.52,55.00909,117.0,1.031601,no
19,27,203.0,214.96,64.49806,44.0,0.1398468,no
19,28,213.0,213.88,41.880783,-8.0,0.582489,no
19,29,222.0,212.96,29.529646,-15.0,2.2503357,no
19,30,225.0,213.28,29.427877,-34.0,3.2946472,no
19,31,223.0,213.72,13.038404,-21.0,3.7095032,no
19,32,218.0,214.76,72.18033,16.0,4.233322,no
19,33,219.0,216.0,79.00633,11.0,4.206238,no
19,34,220.0,217.36,42.190044,6.0,3.9043732,no
19,35,224.0,216.6,26.41969,-18.0,2.9115906,no
19,36,215.0,216.24,43.382023,6.0,0.12538147,no
19,37,212.0,216.8,62.482,8.0,-2.67305,no
19,38,213.0,216.08,63.702435,-17.0,-1.6831665,no
19,39,229.0,215.0,85.04117,-45.0,4.165024,no
19,40,221.0,211.8,98.84331,13.0,9.1194,no
19,41,226.0,204.8,106.06602,-64.0,9.142242,no
19,42,195.0,194.44,166.72133,33.0,3.6824188,no
19,43,186.0,185.08,91.706055,-26.0,-2.6790314,no
19,44,183.0,182.44,59.933296,-12.0,-4.0984497,yes
19,45,190.0,183.32,104.89042,-20.0,-0.34944153,yes
19,46,199.0,188.64,100.0,-10.0,4.544876,no
19,47,205.0,197.28,63.529522,11.0,6.343979,no
19,48,224.0,205.0,15.297058,-85.0,5.0688477,no
19,49,209.0,207.12,34.234486,-5.0,2.483902,no
19,50,192.0,208.28,13.928389,76.0,1.0492249,no
19,51,208.0,210.12,33.734257,-3.0,2.5732117,no
19,52,207.0,208.12,9.899495,14.0,5.3139954,no
19,53,204.0,204.2,59.22837,29.0,6.3400116,no
19,54,193.0,196.32,98.48858,17.0,3.4166412,no
19,55,185.0,187.6,145.7738,7.0,-2.8548431,no
19,56,167.0,181.68,113.216606,17.0,-9.834778,yes
19,57,173.0,181.68,65.60488,-25.0,-11.09967,yes
19,58,172.0,184.44,166.23477,68.0,-5.1213226,no
19,59,214.0,190.88,108.78419,-99.0,2.3204498,no
19,60,204.0,199.6,28.635643,21.0,5.8649597,no
19,61,215.0,202.52,24.738634,-43.0,6.952408,no
19,62,208.0,199.68001,49.335587,5.0,6.189087,no
19,63,198.0,196.6,95.34149,-3.0,2.0853577,no
19,64,189.0,192.16,96.20811,-3.0,-2.6895752,no
19,65,186.0,186.16,83.630135,-41.0,-6.096695,no
19,66,164.0,184.36,37.363083,51.0,-7.661911,yes
19,67,165.0,183.12001,124.73973,61.0,-3.8550568,yes
19,68,201.0,181.68001,143.01048,-56.0,4.3314056,no
19,69,207.0,178.52,76.96753,-70.0,8.959045,no
19,70,189.0,173.16,148.60686,-14.0,6.8199005,no
19,71,167.0,162.12,176.79932,7.0,0.48321533,no
19,72,168.0,154.24,120.50726,-80.0,-5.368881,yes
19,73,142.0,148.76,53.460266,33.0,-7.006668,no
19,74,156.0,145.6,150.23315,-21.0,-2.4068146,no
19,75,161.0,145.68,191.80199,-6.0,3.6221924,no
19,76,166.0,148.56,226.87442,-7.0,6.925171,no
19,77,178.0,146.04,132.96616,-69.0,6.410019,no
19,78,159.0,144.48,142.86357,-10.0,-0.32435608,no
19,79,132.0,147.88,98.0816,61.0,-8.190445,no
19,80,151.0,153.48,147.87157,-21.0,-8.094223,yes
19,81,153.0,163.12,129.31357,74.0,-2.7974243,yes
19,82,177.0,179.2,142.22517,26.0,1.9893036,no
19,83,206.0,192.04,125.865005,-50.0,5.4871674,no
19,84,217.0,201.95999,63.560993,-33.0,7.287369,no
19,85,215.0,207.59999,39.012817,-4.0,6.972946,no
19,86,215.0,211.64,17.720045,21.0,4.946747,no
19,87,209.0,213.23999,22.36068,23.0,2.235794,no
19,88,225.0,213.56,33.01515,-48.0,1.5483246,no
19,89,216.0,214.0,52.801514,-4.0,1.1921234,no
19,90,211.0,214.44,20.248457,-3.0,2.1461792,no
19,91,218.0,210.24,29.832869,-14.0,5.1017456,no
19,92,208.0,201.31999,131.52946,-24.0,4.3856964,no
19,93,184.0,190.04,179.80545,33.0,-1.2712555,no
19,94,170.0,182.36,108.93117,27.0,-6.947632,no
19,95,184.0,177.8,81.154175,-65.0,-5.7905884,yes
19,96,189.0,178.36,99.60924,16.0,1.1331482,no
19,97,206.0,185.48,28.178005,-63.0,5.772476,no
19,98,205.0,195.76,74.323616,-24.0,8.339218,no
19,99,215.0,199.24,63.15061,-23.0,11.445114,no
20,0,173.0,155.24,189.65231,-50.0,-4.5582275,yes
20,1,140.0,169.04,213.3776,111.0,-5.3625793,yes
20,2,191.0,177.0,272.0919,-41.0,3.4374237,no
20,3,199.0,187.16,109.28861,18.0,12.455338,no
20,4,209.0,196.56,92.09777,-1.0,15.255692,no
20,5,226.0,194.8,107.51744,-98.0,11.47142,no
20,6,176.0,190.92,179.69418,62.0,0.5809479,no
20,7,170.0,192.76,46.818798,45.0,-5.559326,yes
20,8,193.0,193.92,152.84633,-5.0,-1.2119141,yes
20,9,217.0,200.24,97.6934,-53.0,5.528122,no
20,10,219.0,207.84,54.405884,-11.0,8.277863,no
20,11,230.0,212.0,29.832869,-49.0,7.5276794,no
20,12,223.0,212.48,54.33231,-13.0,3.99292,no
20,13,210.0,211.68001,45.188496,14.0,-0.38690186,no
20,14,216.0,210.76,11.661903,-43.0,-2.7806702,no
20,15,199.0,211.8,24.207438,55.0,-4.045044,no
20,16,208.0,213.48,51.613953,-13.0,-4.050049,no
20,17,211.0,216.0,76.02631,12.0,-2.089737,no
20,18,215.0,217.28,79.32213,18.0,0.98347473,no
20,19,238.0,218.44,14.0,-84.0,2.6524658,no
20,20,208.0,219.28,99.29753,45.0,-0.21499634,no
20,21,196.0,218.72,61.46544,80.0,-2.679306,no
20,22,221.0,218.08,36.769554,-41.0,-1.7362518,no
20,23,207.0,217.8,42.426407,59.0,-0.35968018,no
20,24,227.0,217.6,70.45566,-38.0,1.6169128,no
20,25,229.0,217.0,23.323807,-19.0,2.649643,no
20,26,235.0,216.52,40.024994,-74.0,2.6032257,no
20,27,239.0,215.6,49.658836,-85.0,2.1942139,no
20,28,212.0,215.6,53.851646,30.0,0.51091003,no
20,29,216.0,214.72,67.424034,-16.0,0.5735321,no
20,30,218.0,214.96,60.530983,9.0,1.5219269,no
20,31,215.0,215.6,62.625874,-20.0,0.8167572,no
20,32,210.0,215.04001,32.280025,34.0,0.37228394,no
20,33,214.0,215.92,33.37664,-7.0,0.08848572,no
20,34,216.0,217.2,57.982758,0.0,0.8219757,no
20,35,222.0,216.0,20.59126,-21.0,2.050171,no
20,36,213.0,214.6,44.294468,22.0,0.67840576,no
20,37,208.0,215.32,70.837845,-5.0,-2.4879303,no
20,38,187.0,213.88,46.043457,110.0,-2.2041168,no
20,39,221.0,212.04001,43.011627,-52.0,2.2873535,no
20,40,198.0,208.04001,104.307236,56.0,5.422348,no
20,41,207.0,199.08,98.84331,-3.0,6.8367157,no
20,42,208.0,186.92,158.51814,-69.0,3.945404,no
20,43,175.0,178.56,140.46352,29.0,-2.4774628,no
20,44,176.0,177.4,120.20815,2.0,-3.8936005,yes
20,45,193.0,179.64,142.66745,-48.0,1.9947815,yes
20,46,198.0,188.92,99.60924,37.0,8.320831,no
20,47,215.0,199.2,18.601076,-68.0,8.216705,no
20,48,189.0,206.28,57.00877,100.0,4.6758423,no
20,49,217.0,207.76,20.09975,-57.0,2.74086,no
20,50,206.0,209.24,50.039986,21.0,2.292923,no
20,51,218.0,209.96,30.232433,-37.0,3.7854614,no
20,52,213.0,207.76,10.0,-1.0,6.5868835,no
20,53,220.0,202.08,50.219517,-48.0,7.9357147,no
20,54,201.0,191.6,133.50656,-5.0,3.659027,no
20,55,183.0,182.2,168.1071,-25.0,-5.788666,no
20,56,146.0,178.36,53.160137,108.0,-13.02713,yes
20,57,171.0,179.92,166.58931,3.0,-9.560974,yes
20,58,208.0,185.40001,133.75351,-96.0,-0.074417114,no
20,59,185.0,194.52,52.34501,103.0,4.890381,no
20,60,209.0,204.0,28.284271,-33.0,5.234543,no
20,61,204.0,205.92,17.262676,16.0,4.544815,no
20,62,207.0,204.88,22.847319,-6.0,4.037796,no
20,63,197.0,202.8,66.287254,26.0,3.0257263,no
20,64,198.0,199.24,107.48953,-11.0,2.1735992,no
20,65,182.0,192.2,166.09033,64.0,-0.19041443,no
20,66,178.0,188.4,161.22655,-3.0,-5.07547,yes
20,67,166.0,182.08,13.038404,18.0,-7.2767487,yes
20,68,171.0,175.64,162.11725,21.0,-4.7248077,yes
20,69,177.0,170.44,265.99625,-27.0,-2.796524,no
20,70,180.0,165.36,257.2353,-84.0,-4.58902,no
20,71,138.0,156.28,213.49005,53.0,-9.579437,yes
20,72,126.0,152.36,135.29967,81.0,-12.33165,yes
20,73,151.0,151.0,126.253716,-47.0,-8.956909,no
20,74,167.0,151.12,116.970085,-45.0,-0.7441406,no
20,75,176.0,153.72,96.04166,-22.0,7.3795013,no
20,76,200.0,158.16,67.08204,-141.0,11.314499,no
20,77,171.0,156.31999,101.21265,12.0,8.822128,yes
20,78,159.0,155.12,110.35397,3.0,0.9919586,no
20,79,154.0,157.68,11.661903,-28.0,-5.703583,no
20,80,165.0,163.0,115.316956,-19.0,-5.4179077,yes
20,81,175.0,170.76,97.67292,-31.0,-2.2175293,no
20,82,175.0,184.96,122.384636,27.0,0.49771118,no
20,83,188.0,196.92,116.275536,42.0,3.1279602,no
20,84,203.0,206.56,60.74537,15.0,4.4457397,no
20,85,215.0,211.31999,69.656296,-17.0,4.5882263,no
20,86,227.0,214.12,10.770329,-56.0,3.6749878,no
20,87,207.0,215.31999,40.5216,34.0,0.70614624,no
20,88,210.0,215.12,43.931767,0.0,-1.1305084,no
20,89,208.0,213.92,18.384777,14.0,-0.45820618,no
20,90,204.0,212.12,44.38468,48.0,2.647583,no
20,91,226.0,209.08,21.213203,-59.0,7.131485,no
20,92,204.0,199.52,80.49844,55.0,8.332825,no
20,93,218.0,188.28,163.51758,-109.0,3.2545624,no
20,94,178.0,180.4,218.33003,-24.0,-6.729706,no
20,95,154.0,177.68001,181.20154,62.0,-10.303711,yes
20,96,189.0,177.36,206.48003,-77.0,-2.994049,no
20,97,184.0,184.32,108.67382,46.0,5.7523346,no
20,98,195.0,193.96,68.26419,38.0,10.619095,no
20,99,208.0,198.04,26.907248,-11.0,12.501801,no
21,0,183.0,169.0,89.050545,-7.0,0.96092224,yes
21,1,182.0,180.32,91.92388,-43.0,0.36460876,yes
21,2,213.0,186.36,203.59273,-72.0,7.958069,no
21,3,213.0,193.76,52.478565,4.0,14.670166,no
21,4,217.0,199.4,22.847319,-36.0,14.575958,no
21,5,215.0,194.12,134.08206,-39.0,8.597443,no
21,6,173.0,189.28,166.04819,70.0,-2.581421,no
21,7,182.0,189.96,72.99315,-22.0,-7.2743835,yes
21,8,202.0,190.64,141.22322,-44.0,-1.118927,yes
21,9,203.0,196.16,87.47571,30.0,5.9767303,no
21,10,213.0,206.48,36.359318,7.0,7.4318695,no
21,11,213.0,210.76,90.199776,9.0,4.5359344,no
21,12,222.0,211.88,112.40107,-55.0,0.27183533,no
21,13,201.0,211.8,67.06713,30.0,-3.5608215,no
21,14,207.0,213.6,42.426407,14.0,-3.9682312,no
21,15,215.0,213.52,72.11102,-26.0,-2.124237,no
21,16,208.0,215.76,110.0727,60.0,0.16494751,no
21,17,229.0,217.76,78.58753,-51.0,1.9381866,no
21,18,220.0,218.76,24.33105,14.0,2.6523285,no
21,19,221.0,217.28,16.552946,19.0,2.3383636,no
21,20,226.0,218.48,40.718548,-32.0,0.6000519,no
21,21,226.0,217.56,47.539455,-41.0,-0.34095764,no
21,22,227.0,217.84,31.622776,-31.0,-0.4106598,no
21,23,210.0,217.4,28.0,11.0,-1.4769897,no
21,24,208.0,218.36,42.190044,45.0,-1.0870972,no
21,25,216.0,217.48,60.530983,-11.0,-0.23684692,no
21,26,205.0,217.56,88.76936,66.0,0.47901917,no
21,27,221.0,216.24,75.70998,-17.0,0.69618225,no
21,28,210.0,217.24,58.940647,0.0,-0.8233795,no
21,29,196.0,216.08,49.73932,96.0,-0.8187866,no
21,30,225.0,215.08,30.88689,-79.0,-0.19281006,no
21,31,189.0,213.56,20.396078,128.0,-1.6517792,no
21,32,227.0,212.64,32.280025,-103.0,-2.7068024,no
21,33,204.0,213.16,71.34424,30.0,-3.7213287,no
21,34,208.0,214.52,77.00649,-1.0,-2.1020355,no
21,35,214.0,214.52,57.00877,33.0,1.8903198,no
21,36,229.0,215.04,36.05551,-59.0,2.6849518,no
21,37,215.0,215.88,61.741398,1.0,0.5034332,no
21,38,216.0,213.28,31.780497,-33.0,0.62228394,no
21,39,218.0,210.72,21.023796,-34.0,3.5323334,no
21,40,199.0,205.56,66.1211,26.0,5.670624,no
21,41,193.0,193.76,54.589375,20.0,6.096405,no
21,42,186.0,179.4,207.23416,-3.0,0.7223816,no
21,43,159.0,170.96,268.01865,5.0,-9.993622,yes
21,44,155.0,170.84,242.85387,-25.0,-13.238251,yes
21,45,160.0,173.76,294.4962,88.0,-3.0345917,yes
21,46,222.0,185.6,154.25952,-128.0,8.843552,no
21,47,200.0,197.92,38.470768,43.0,9.935989,no
21,48,200.0,205.68001,49.396355,17.0,5.8492584,no
21,49,207.0,206.40001,40.496914,15.0,3.9058228,no
21,50,218.0,207.96,22.0,-45.0,3.7152252,no
21,51,208.0,207.04001,27.856777,15.0,4.552353,no
21,52,206.0,204.84,36.496574,24.0,6.7682343,no
21,53,214.0,197.28,73.00685,-30.0,7.638077,no
21,54,203.0,186.68001,176.20442,-34.0,1.9654388,no
21,55,175.0,179.44,205.27542,11.0,-9.618622,no
21,56,171.0,178.56,91.389275,-79.0,-16.682526,yes
21,57,160.0,180.96,229.99565,70.0,-10.036987,yes
21,58,208.0,189.56,177.29073,-37.0,2.8097382,no
21,59,212.0,199.96,76.23647,-29.0,7.6098785,no
21,60,210.0,206.88,43.56604,-2.0,5.229355,no
21,61,201.0,207.28,3.1622777,19.0,2.3496704,no
21,62,213.0,207.48,33.286633,-20.0,2.605011,no
21,63,211.0,205.92,62.1289,-10.0,4.8290253,no
21,64,213.0,202.68,112.64102,13.0,7.9815826,no
21,65,230.0,196.76,152.50574,-108.0,8.152023,no
21,66,197.0,191.88,212.24985,-1.0,2.3028107,no
21,67,168.0,182.72,146.1027,45.0,-4.9851074,yes
21,68,161.0,174.2,131.18689,-3.0,-10.666031,yes
21,69,123.0,167.44,141.87318,119.0,-15.023483,yes
21,70,132.0,162.88,83.198555,43.0,-14.905304,yes
21,71,132.0,156.8,94.59387,51.0,-13.035919,yes
21,72,128.0,155.36,146.29422,44.0,-12.991272,yes
21,73,122.0,156.16,41.617306,80.0,-11.855438,yes
21,74,140.0,158.72,117.66053,28.0,-6.2690277,yes
21,75,154.0,161.2,109.22454,6.0,0.8953552,yes
21,76,146.0,163.36,80.622574,100.0,4.7494965,yes
21,77,159.0,162.31999,37.01351,1.0,3.6325226,yes
21,78,155.0,159.92,85.51023,1.0,-1.8698425,no
21,79,132.0,160.88,6.3245554,94.0,-7.3535767,yes
21,80,161.0,164.88,137.67352,-20.0,-6.3490295,yes
21,81,176.0,173.0,128.78665,-3.0,-1.0660248,no
21,82,187.0,185.24,137.36084,27.0,2.9723053,no
21,83,210.0,196.68001,96.20811,-59.0,4.313202,no
21,84,207.0,205.48,45.80393,-5.0,3.7388153,no
21,85,198.0,211.36,49.979996,68.0,3.1505432,no
21,86,215.0,213.56,35.468296,0.0,3.1564484,no
21,87,216.0,215.48,64.63745,-14.0,1.1091309,no
21,88,200.0,216.08,43.104523,55.0,-0.91204834,no
21,89,216.0,215.56,61.400326,-13.0,0.8450165,no
21,90,219.0,213.48001,18.0,-19.0,4.116852,no
21,91,219.0,211.24,53.66563,-12.0,7.4252777,no
21,92,219.0,200.48001,58.60034,-62.0,9.546295,no
21,93,197.0,186.96,180.04443,12.0,5.30455,no
21,94,146.0,177.16,270.26654,104.0,-7.651245,no
21,95,127.0,174.48,31.780497,95.0,-15.531586,yes
21,96,152.0,174.24,211.4001,56.0,-8.014038,no
21,97,192.0,180.56,170.31735,-17.0,4.9994507,no
21,98,221.0,191.04,57.68882,-114.0,11.292252,no
21,99,203.0,197.4,101.636604,0.0,11.16481,no
22,0,187.0,177.72,83.25864,-55.0,-1.9732056,yes
22,1,149.0,186.2,75.28612,142.0,-2.2671661,yes
22,2,194.0,191.84,232.8347,1.0,5.3315735,no
22,3,227.0,198.88,43.863426,-92.0,11.973572,no
22,4,195.0,201.32,79.397736,69.0,10.436539,no
22,5,205.0,193.76,94.031906,-25.0,4.2670746,no
22,6,189.0,188.6,187.25919,-40.0,-6.187561,no
22,7,161.0,188.6,113.7717,51.0,-11.980118,yes
22,8,186.0,189.28,208.63365,3.0,-5.247589,yes
22,9,210.0,195.2,123.97581,-26.0,4.0324707,no
22,10,224.0,206.16,44.94441,-73.0,5.4272614,no
22,11,196.0,210.64,49.396355,44.0,0.7742615,no
22,12,196.0,213.36,13.038404,54.0,-2.9385834,no
22,13,195.0,213.56,55.7315,47.0,-4.4259033,no
22,14,210.0,216.48,78.24321,3.0,-2.710846,no
22,15,220.0,217.56,91.58602,2.0,1.2440643,no
22,16,240.0,220.96,48.332184,-68.0,4.2315674,no
22,17,226.0,221.36,25.179358,5.0,3.8908997,no
22,18,229.0,222.16,36.769554,-28.0,2.068222,no
22,19,219.0,219.96,37.44329,-2.0,0.28851318,no
22,20,217.0,220.4,39.012817,11.0,-0.23435974,no
22,21,214.0,217.56,33.61547,20.0,0.4005127,no
22,22,220.0,218.32,21.023796,0.0,0.7058716,no
22,23,209.0,217.24,43.174065,36.0,-0.2284851,no
22,24,224.0,218.72,40.4475,-37.0,-0.69377136,no
22,25,211.0,218.04001,31.400637,12.0,-1.450592,no
22,26,214.0,219.52,42.941822,8.0,-1.1313629,no
22,27,213.0,217.84,33.734257,7.0,-0.40216064,no
22,28,211.0,218.84,55.7853,37.0,0.38197327,no
22,29,229.0,216.0,60.166435,-71.0,1.5990295,no
22,30,218.0,213.56,49.396355,15.0,1.1524963,no
22,31,217.0,211.6,40.5216,-50.0,-1.6957245,no
22,32,202.0,210.52,37.44329,40.0,-4.343277,no
22,33,197.0,210.48,20.248457,18.0,-5.4046936,no
22,34,197.0,212.4,103.09219,66.0,-2.3281097,no
22,35,230.0,213.31999,56.302753,-69.0,2.7303314,no
22,36,215.0,213.16,48.270073,22.0,3.8921967,no
22,37,208.0,213.4,13.928389,30.0,3.087265,no
22,38,211.0,210.16,23.021729,5.0,4.2776184,no
22,39,202.0,205.2,21.400934,45.0,7.399582,no
22,40,213.0,198.0,56.727417,-32.0,10.360443,no
22,41,200.0,183.24,131.18689,-16.0,8.49382,no
22,42,181.0,167.2,284.62256,-48.0,-2.9440918,no
22,43,125.0,157.92,300.09332,50.0,-19.718903,yes
22,44,100.0,160.04001,190.39433,146.0,-24.328629,yes
22,45,158.0,165.52,379.52603,-32.0,-9.7682495,yes
22,46,202.0,180.16,199.48935,-23.0,7.3406525,no
22,47,206.0,195.04001,54.037025,-19.0,11.776001,no
22,48,221.0,205.44,18.110771,-53.0,9.0004425,no
22,49,208.0,206.84,31.622776,-9.0,5.3150787,no
22,50,206.0,209.36,41.303753,18.0,3.8549957,no
22,51,205.0,208.40001,23.021729,6.0,4.83165,no
22,52,213.0,204.52,30.528675,-36.0,6.495819,no
22,53,197.0,195.88,88.60023,20.0,4.794525,no
22,54,188.0,185.72,186.7244,-8.0,-3.2261963,no
22,55,154.0,177.88,199.62465,18.0,-15.106552,yes
22,56,124.0,179.6,52.03845,154.0,-19.23642,yes
22,57,160.0,183.76001,267.16663,61.0,-9.248215,no
22,58,215.0,192.68001,172.29045,-73.0,4.4023895,no
22,59,216.0,201.72,21.213203,-13.0,8.978317,no
22,60,216.0,208.4,52.801514,-22.0,5.797943,no
22,61,196.0,207.95999,36.796738,63.0,1.527771,no
22,62,213.0,208.88,34.058773,-34.0,0.97613525,no
22,63,211.0,208.6,56.63921,5.0,3.9816437,no
22,64,226.0,207.52,55.17246,-46.0,8.401077,no
22,65,220.0,203.28,76.57676,-11.0,9.829117,no
22,66,211.0,197.8,119.70798,-32.0,6.4888153,no
22,67,193.0,186.16,148.80861,-15.0,0.64912415,no
22,68,179.0,175.0,216.78099,-39.0,-7.3201904,yes
22,69,141.0,166.96,188.28171,37.0,-14.735367,yes
22,70,136.0,161.24,174.59096,80.0,-13.118362,yes
22,71,181.0,156.72,176.7767,-115.0,-5.448395,yes
22,72,176.0,158.0,200.50436,-67.0,-2.7615662,yes
22,73,149.0,161.56,199.85995,25.0,-5.2898407,no
22,74,145.0,163.56,141.87318,36.0,-5.007721,no
22,75,160.0,163.88,104.62313,6.0,-0.85295105,no
22,76,171.0,163.72,65.192024,-49.0,1.8027039,no
22,77,165.0,162.88,29.15476,7.0,1.320816,yes
22,78,171.0,161.44,62.482,-60.0,-1.9962311,yes
22,79,152.0,163.76001,83.48653,25.0,-6.6378326,yes
22,80,151.0,170.16,107.200745,26.0,-6.8728943,yes
22,81,178.0,178.72,199.02261,18.0,-0.54585266,no
22,82,214.0,189.28,83.0542,-106.0,4.9083405,no
22,83,199.0,198.28,50.159744,36.0,5.6139984,no
22,84,212.0,206.36,42.755116,-3.0,4.6063538,no
22,85,223.0,211.04,27.018513,-61.0,3.861847,no
22,86,219.0,213.04,53.851646,5.0,4.2694244,no
22,87,228.0,215.16,44.407207,-38.0,3.4576416,no
22,88,213.0,216.56,45.276924,6.0,2.2679749,no
22,89,224.0,215.0,62.625874,-10.0,4.3472137,no
22,90,218.0,212.88,70.21396,-13.0,5.8442383,no
22,91,200.0,210.48,58.872746,46.0,6.657486,no
22,92,194.0,198.92,44.294468,69.0,8.728699,no
22,93,217.0,182.28,147.51271,-109.0,6.044983,no
22,94,186.0,172.12,270.26654,-76.0,-6.258011,no
22,95,151.0,168.56,65.192024,-21.0,-15.373825,yes
22,96,156.0,166.44,229.25967,20.0,-7.8661957,no
22,97,194.0,170.8,165.19685,-57.0,5.934143,no
22,98,180.0,180.92,81.0432,66.0,10.264526,no
22,99,180.0,186.08,84.20214,29.0,7.885147,no
23,0,174.0,183.2,17.262676,5.0,-5.4829254,yes
23,1,175.0,189.44,114.865135,9.0,-3.1984406,yes
23,2,188.0,194.76,167.72,36.0,3.3859558,no
23,3,214.0,200.96,37.202152,-38.0,8.334,no
23,4,200.0,201.76,45.01111,7.0,7.3557434,no
23,5,196.0,193.56,70.68239,14.0,2.5656128,no
23,6,177.0,185.92,225.02,5.0,-8.21698,no
23,7,138.0,185.24,42.638012,111.0,-16.734467,yes
23,8,174.0,186.04001,223.1412,1.0,-10.711884,yes
23,9,201.0,190.12,152.84633,-24.0,0.86213684,yes
23,10,204.0,201.68,13.038404,19.0,4.6205597,no
23,11,195.0,209.12,51.78803,64.0,1.822876,no
23,12,225.0,213.16,81.3019,-79.0,0.016586304,no
23,13,220.0,215.48,83.773506,-26.0,0.05357361,no
23,14,221.0,220.16,88.23831,0.0,1.6649017,no
23,15,217.0,221.44,69.641945,40.0,4.0745087,no
23,16,238.0,224.6,11.401754,-52.0,5.1526947,no
23,17,211.0,224.24,36.0,69.0,3.2439423,no
23,18,223.0,224.04001,28.178005,-8.0,1.0582123,no
23,19,207.0,221.8,29.529646,50.0,-0.6555176,no
23,20,220.0,220.52,31.780497,-14.0,-0.53590393,no
23,21,213.0,217.92,26.0,34.0,0.28692627,no
23,22,230.0,218.59999,8.0,-53.0,0.8565521,no
23,23,218.0,216.48,20.09975,7.0,1.359314,no
23,24,231.0,216.59999,28.84441,-50.0,1.5016022,no
23,25,202.0,216.4,23.021729,84.0,0.1053772,no
23,26,235.0,217.76,23.323807,-92.0,0.24934387,no
23,27,213.0,216.16,18.973665,36.0,1.1771698,no
23,28,229.0,216.92,41.18252,-44.0,2.9490051,no
23,29,220.0,214.28,26.305893,11.0,3.5920868,no
23,30,216.0,213.52,46.818798,4.0,1.6384125,no
23,31,209.0,211.4,71.17584,11.0,-1.8851624,no
23,32,207.0,210.24,17.888544,-24.0,-4.1073303,no
23,33,203.0,210.52,67.20119,34.0,-3.2022858,no
23,34,219.0,213.16,67.08204,-40.0,-0.046798706,no
23,35,225.0,213.88,37.94733,-30.0,2.99852,no
23,36,215.0,214.28,41.01219,14.0,3.8257446,no
23,37,221.0,213.52,15.033297,-31.0,4.5696106,no
23,38,223.0,209.16,34.4093,-49.0,6.727173,no
23,39,211.0,201.16,36.359318,5.0,9.808273,no
23,40,219.0,188.88,110.751976,-68.0,11.574936,no
23,41,197.0,170.84,234.40137,-40.0,6.406845,no
23,42,165.0,153.68001,346.2831,-33.0,-8.497971,no
23,43,110.0,143.12,230.25638,57.0,-25.652664,yes
23,44,108.0,146.32,125.89678,33.0,-28.481003,yes
23,45,138.0,154.2,362.0,48.0,-12.712463,yes
23,46,199.0,171.12,216.6841,-81.0,5.971054,no
23,47,182.0,187.4,69.58448,107.0,12.760162,no
23,48,217.0,199.92,24.166092,-69.0,11.069855,no
23,49,189.0,202.0,36.359318,87.0,6.6597595,no
23,50,211.0,206.04,29.832869,-47.0,5.334656,no
23,51,199.0,203.23999,63.007935,47.0,7.800659,no
23,52,208.0,197.8,76.38062,12.0,8.673828,no
23,53,193.0,189.59999,155.00322,9.0,2.1466675,no
23,54,190.0,182.76,169.0562,-83.0,-8.36145,no
23,55,147.0,176.44,92.800865,90.0,-15.807556,yes
23,56,165.0,180.12,222.2476,2.0,-13.732834,yes
23,57,202.0,187.72,235.47824,-90.0,-3.3186493,no
23,58,203.0,196.96,98.79271,32.0,5.9407196,no
23,59,208.0,203.76,23.323807,21.0,7.6173096,no
23,60,220.0,209.56,37.336308,-43.0,4.492523,no
23,61,217.0,210.04,24.0,-51.0,1.0912933,no
23,62,198.0,210.0,32.0,56.0,0.15435791,no
23,63,199.0,210.84,35.468296,51.0,1.7452087,no
23,64,214.0,211.32,35.014282,-22.0,4.0010834,no
23,65,202.0,209.08,59.464275,38.0,5.240799,no
23,66,202.0,204.28,25.495098,10.0,6.085846,no
23,67,199.0,192.68001,102.176315,-1.0,5.68631,no
23,68,182.0,178.64,211.68373,25.0,0.0034179688,yes
23,69,163.0,170.4,158.64426,4.0,-8.250885,yes
23,70,170.0,164.4,70.45566,-69.0,-8.145966,yes
23,71,165.0,159.88,104.73777,47.0,0.2725525,no
23,72,179.0,162.28,71.568146,-5.0,6.004669,no
23,73,178.0,166.84,152.50574,-25.0,5.045456,no
23,74,167.0,166.56,141.0319,11.0,3.2885284,no
23,75,176.0,164.44,82.02438,-25.0,3.7356873,no
23,76,164.0,161.84,55.443665,19.0,2.5952911,no
23,77,166.0,160.24,72.06941,-35.0,-0.3115692,no
23,78,152.0,159.84,54.589375,59.0,-2.4763184,yes
23,79,179.0,163.24,49.25444,-112.0,-3.616333,yes
23,80,139.0,170.32,134.46188,165.0,-3.3382416,no
23,81,189.0,180.56,170.763,-70.0,0.7586365,no
23,82,186.0,190.12,61.008198,62.0,4.435074,no
23,83,196.0,198.44,55.226807,26.0,4.7323914,no
23,84,216.0,205.6,40.0,-50.0,3.6574097,no
23,85,202.0,210.16,45.607018,51.0,3.0474854,no
23,86,215.0,211.32,60.74537,14.0,4.0098114,no
23,87,226.0,214.4,34.4093,-46.0,3.906662,no
23,88,206.0,216.8,25.806976,77.0,3.7305298,no
23,89,239.0,215.68,29.832869,-102.0,6.210846,no
23,90,216.0,212.84,76.23647,29.0,7.6402283,no
23,91,215.0,207.68,57.271286,-31.0,8.157547,no
23,92,209.0,193.52,75.53807,-38.0,8.498703,no
23,93,182.0,174.16,213.00235,30.0,3.0603943,no
23,94,154.0,162.88,309.74182,8.0,-9.716309,no
23,95,114.0,159.68,105.90562,112.0,-16.533798,yes
23,96,147.0,158.44,265.27722,39.0,-5.966675,no
23,97,191.0,161.72,105.848946,-49.0,7.3279266,no
23,98,191.0,170.40001,129.00388,-55.0,7.7638855,no
23,99,186.0,175.16,155.85892,-49.0,2.6737366,no
24,0,165.0,179.16,96.38464,55.0,-5.3027496,yes
24,1,198.0,186.08,130.73637,-47.0,0.023895264,yes
24,2,205.0,191.8,62.1289,-33.0,5.027588,no
24,3,203.0,198.48,15.231546,12.0,7.102661,no
24,4,202.0,200.8,21.213203,17.0,7.2439423,no
24,5,216.0,193.8,77.89737,-66.0,4.746338,no
24,6,190.0,184.92,247.9879,-21.0,-5.5588226,no
24,7,151.0,183.32,102.10779,57.0,-16.595566,yes
24,8,172.0,183.92,190.37332,-36.0,-13.934738,yes
24,9,192.0,186.72,192.33824,17.0,-1.7849274,yes
24,10,215.0,197.6,54.589375,-39.0,5.4756317,no
24,11,219.0,207.36,40.496914,-53.0,5.6512146,no
24,12,210.0,213.36,42.190044,46.0,4.819458,no
24,13,213.0,216.59999,55.461697,41.0,4.9875336,no
24,14,237.0,222.2,60.827625,-56.0,6.1049194,no
24,15,229.0,223.56,39.115215,9.0,6.374237,no
24,16,232.0,225.4,29.832869,-10.0,5.017975,no
24,17,226.0,224.6,12.083046,-2.0,3.1417542,no
24,18,237.0,223.96,42.379242,-58.0,2.3659363,no
24,19,216.0,220.72,58.872746,41.0,1.6634979,no
24,20,229.0,219.0,30.066593,-35.0,1.231781,no
24,21,222.0,216.48,64.03124,-18.0,-0.3493805,no
24,22,216.0,217.68,78.63841,-14.0,-1.5307922,no
24,23,209.0,215.28,73.00685,51.0,0.32432556,no
24,24,230.0,216.72,9.486833,-46.0,2.183426,no
24,25,215.0,216.92,20.09975,9.0,1.1947021,no
24,26,219.0,218.84,14.56022,2.0,0.9038696,no
24,27,211.0,217.56,22.36068,35.0,1.9171753,no
24,28,228.0,218.84,15.6205,-30.0,3.498764,no
24,29,217.0,216.04,64.202805,11.0,2.7305908,no
24,30,221.0,214.68001,61.073727,-43.0,0.104522705,no
24,31,207.0,211.8,40.1995,-6.0,-2.2106018,no
24,32,190.0,209.44,78.60026,109.0,-1.7485046,no
24,33,223.0,209.96,61.77378,-65.0,0.45326233,no
24,34,211.0,211.16,26.076809,12.0,1.2773438,no
24,35,206.0,212.84,33.526108,38.0,2.0491486,no
24,36,213.0,212.76,10.198039,-6.0,3.7864075,no
24,37,207.0,211.16,26.076809,31.0,5.6963654,no
24,38,200.0,204.32,68.0147,45.0,6.8436737,no
24,39,205.0,194.28,141.17365,-34.0,6.720169,no
24,40,187.0,180.24,248.80515,1.0,3.3475037,no
24,41,164.0,162.8,326.1564,3.0,-5.2433624,no
24,42,139.0,146.48,303.13364,-30.0,-17.898727,yes
24,43,99.0,137.76,96.74709,86.0,-27.974152,yes
24,44,117.0,141.2,108.16654,-11.0,-26.848701,yes
24,45,135.0,148.12,289.62045,32.0,-13.431641,yes
24,46,193.0,164.32,269.67017,-71.0,2.9532013,no
24,47,213.0,180.04,134.61798,-105.0,10.653305,no
24,48,207.0,192.32,77.88453,-4.0,10.698975,no
24,49,207.0,196.44,48.270073,-38.0,7.9377136,no
24,50,203.0,202.76001,58.821766,15.0,7.606735,no
24,51,219.0,198.96,91.3017,-44.0,10.937485,no
24,52,239.0,192.8,100.6479,-142.0,10.070862,no
24,53,186.0,186.08,282.44998,9.0,-1.9588165,no
24,54,149.0,181.12,122.80065,85.0,-13.524612,yes
24,55,169.0,176.64,129.09686,-13.0,-13.113998,yes
24,56,189.0,182.28,153.15352,-30.0,-5.516083,yes
24,57,190.0,191.0,110.06362,47.0,1.877945,no
24,58,219.0,198.8,63.1981,-60.0,6.142868,no
24,59,214.0,205.28,26.683329,-27.0,5.0293427,no
24,60,196.0,209.68001,34.43835,65.0,1.6273651,no
24,61,203.0,210.88,31.144823,24.0,0.4703064,no
24,62,219.0,211.48,53.90733,-40.0,1.8627472,no
24,63,224.0,211.96,44.94441,-50.0,2.6320648,no
24,64,207.0,212.12,33.37664,15.0,1.6776581,no
24,65,210.0,211.56,19.697716,-12.0,2.7029114,no
24,66,206.0,207.96,65.14599,23.0,6.813446,no
24,67,218.0,199.16,87.965904,-35.0,10.385254,no
24,68,212.0,186.96,212.43823,-73.0,6.2182617,no
24,69,163.0,179.28,216.22673,45.0,-4.881134,yes
24,70,147.0,174.48,50.77401,61.0,-9.070084,yes
24,71,177.0,171.4,134.97408,-32.0,-1.1463776,no
24,72,192.0,173.08,63.63961,-47.0,8.1067505,no
24,73,192.0,176.56,50.596443,-26.0,11.236359,no
24,74,180.0,175.16,65.29931,20.0,9.747986,no
24,75,188.0,168.92,55.443665,-74.0,6.8673706,no
24,76,162.0,162.0,93.00538,29.0,2.39328,no
24,77,148.0,159.84,74.215904,44.0,-3.1716614,no
24,78,151.0,160.04001,68.24954,-4.0,-5.299469,yes
24,79,161.0,164.04001,125.67418,49.0,-2.1777344,yes
24,80,202.0,171.96,84.38009,-150.0,1.0974579,no
24,81,183.0,182.52,60.530983,45.0,2.3648987,no
24,82,207.0,190.72,90.79648,-72.0,3.3069763,no
24,83,209.0,199.16,32.89377,-19.0,3.2684174,no
24,84,204.0,205.28,42.190044,-1.0,1.4775543,no
24,85,205.0,209.76,72.8011,21.0,1.1053467,no
24,86,227.0,211.84,41.109608,-71.0,2.2526245,no
24,87,209.0,215.6,42.379242,47.0,2.0144806,no
24,88,223.0,216.96,38.470768,-58.0,2.682373,no
24,89,208.0,215.36,42.544094,65.0,5.839615,no
24,90,221.0,211.48,29.732138,-34.0,8.872131,no
24,91,204.0,203.44,71.84706,45.0,9.936111,no
24,92,207.0,186.76,170.39366,-51.0,6.999466,no
24,93,178.0,168.56,279.97858,-31.0,-3.1884155,no
24,94,142.0,156.68001,263.03613,-1.0,-16.30194,no
24,95,116.0,153.08,89.587944,62.0,-18.529434,yes
24,96,166.0,150.68001,282.3473,-65.0,-4.5773773,no
24,97,183.0,153.28,69.050705,-48.0,6.354431,no
24,98,152.0,159.08,220.90723,53.0,1.451004,no
24,99,138.0,161.48,241.56987,46.0,-7.234421,no
25,0,178.0,180.36,97.41663,-10.0,-5.7716064,yes
25,1,200.0,184.84,141.82384,-61.0,0.14239502,yes
25,2,198.0,192.6,74.20242,10.0,5.197159,yes
25,3,203.0,200.52,24.166092,8.0,7.241867,no
25,4,206.0,201.52,17.029387,-6.0,7.8451385,no
25,5,210.0,195.92,47.853943,-20.0,6.3792725,no
25,6,195.0,188.24,176.91241,-25.0,-1.3997955,no
25,7,161.0,183.12001,183.00273,30.0,-11.986786,yes
25,8,135.0,180.64,87.13208,161.0,-13.895859,yes
25,9,197.0,183.72,222.0,-89.0,-4.8924103,yes
25,10,206.0,193.96,110.39022,-13.0,3.8581238,no
25,11,203.0,204.0,77.00649,44.0,7.238373,no
25,12,229.0,213.56,66.75328,-61.0,8.440475,no
25,13,226.0,219.88,34.98571,-5.0,8.477707,no
25,14,229.0,223.95999,45.453274,5.0,8.051636,no
25,15,239.0,224.12,47.539455,-52.0,6.623596,no
25,16,225.0,224.76,46.66905,13.0,3.9553223,no
25,17,222.0,222.88,37.01351,13.0,2.2690277,no
25,18,225.0,222.28,41.59327,5.0,2.556488,no
25,19,232.0,220.6,19.646883,-42.0,3.232956,no
25,20,223.0,219.56,47.010635,2.0,2.217041,no
25,21,212.0,217.32,94.86833,-1.0,-1.4853516,no
25,22,189.0,218.28,20.09975,107.0,-3.9588623,no
25,23,223.0,216.16,85.90693,-69.0,-1.4647064,no
25,24,219.0,217.28,30.594116,17.0,1.3612366,no
25,25,218.0,217.44,26.832815,-17.0,1.2001343,no
25,26,217.0,219.2,11.661903,13.0,1.2742615,no
25,27,219.0,217.16,21.540659,-7.0,2.159729,no
25,28,225.0,217.76001,14.142136,-23.0,2.758484,no
25,29,210.0,214.28,49.010204,21.0,1.3816986,no
25,30,201.0,212.24,40.024994,55.0,-0.73291016,no
25,31,202.0,210.16,21.633308,37.0,-1.4877625,no
25,32,232.0,209.52,48.166378,-106.0,0.2511444,no
25,33,223.0,209.64,60.464867,-34.0,1.2742462,no
25,34,208.0,211.0,36.687874,15.0,0.93356323,no
25,35,213.0,213.72,34.43835,1.0,2.5907593,no
25,36,218.0,214.08,29.832869,-12.0,6.1242523,no
25,37,225.0,210.08,45.54119,-46.0,8.882568,no
25,38,210.0,200.2,106.92053,-32.0,7.506714,no
25,39,188.0,188.64,180.67651,13.0,1.2671661,no
25,40,161.0,174.68,256.2811,11.0,-8.381638,yes
25,41,136.0,158.56,209.72363,1.0,-17.227982,yes
25,42,98.0,146.12,78.434685,145.0,-22.274902,yes
25,43,116.0,140.95999,145.58159,1.0,-23.259506,yes
25,44,115.0,144.59999,139.28389,44.0,-20.44487,yes
25,45,124.0,148.2,166.04819,59.0,-12.855072,yes
25,46,154.0,159.08,196.75873,23.0,-3.7081451,yes
25,47,165.0,171.64,242.1611,30.0,1.6409149,no
25,48,187.0,182.64,186.93849,-9.0,5.1752777,no
25,49,191.0,186.4,80.411446,5.0,7.1399994,no
25,50,190.0,193.56,51.47815,28.0,8.002335,no
25,51,191.0,191.52,104.95713,40.0,9.244858,no
25,52,201.0,187.12,160.86018,-3.0,5.6939545,no
25,53,172.0,183.52,264.87732,0.0,-7.198227,yes
25,54,136.0,184.28,44.20407,118.0,-15.414734,yes
25,55,178.0,183.72,229.33382,-8.0,-9.101013,no
25,56,202.0,190.16,90.60905,-40.0,-0.21896362,no
25,57,197.0,197.84,52.801514,12.0,3.1934814,no
25,58,209.0,203.76,50.77401,-6.0,3.932724,no
25,59,206.0,206.88,48.60041,11.0,2.2040253,no
25,60,212.0,208.76,14.21267,-46.0,0.45263672,no
25,61,204.0,210.88,60.827625,36.0,1.6426239,no
25,62,211.0,210.56,62.76942,17.0,4.480774,no
25,63,221.0,210.76,47.539455,-25.0,4.9516754,no
25,64,195.0,210.64,56.462376,78.0,2.3153076,no
25,65,213.0,210.88,41.761227,-23.0,3.1529388,no
25,66,217.0,207.56,30.364452,-15.0,8.219818,no
25,67,220.0,202.08,9.486833,-19.0,12.485764,no
25,68,212.0,190.64,163.76813,-32.0,9.229782,no
25,69,175.0,181.36,274.87088,11.0,-2.885727,yes
25,70,139.0,177.16,44.407207,93.0,-10.98793,yes
25,71,172.0,175.48,162.19742,-36.0,-4.3447113,no
25,72,173.0,176.52,100.89599,68.0,7.8981934,no
25,73,192.0,179.48,59.464275,-4.0,14.314117,no
25,74,193.0,177.64,124.2578,-44.0,12.013306,no
25,75,160.0,168.95999,121.40016,68.0,5.345413,no
25,76,177.0,158.44,102.44999,-80.0,-0.5922699,no
25,77,157.0,154.76,123.49089,-32.0,-6.667206,no
25,78,139.0,157.0,76.27582,44.0,-8.65123,yes
25,79,161.0,163.44,165.7468,5.0,-3.346115,no
25,80,175.0,172.52,85.90693,14.0,1.4754486,no
25,81,179.0,184.32,39.446167,14.0,1.3052521,no
25,82,178.0,192.16,104.307236,65.0,0.39335632,no
25,83,210.0,197.6,63.63961,-74.0,0.6880646,no
25,84,185.0,203.32,17.20465,97.0,-0.0013427734,no
25,85,208.0,207.28,61.204575,-22.0,0.14115906,no
25,86,208.0,210.31999,34.058773,17.0,0.49746704,no
25,87,207.0,213.96,38.052597,8.0,0.1831665,no
25,88,211.0,216.6,46.0,7.0,2.5249329,no
25,89,214.0,213.96,41.18252,26.0,7.208191,no
25,90,222.0,209.8,38.0,-28.0,10.389008,no
25,91,218.0,197.92,117.388245,-61.0,9.693817,no
25,92,186.0,180.48,247.92337,16.0,2.6208954,no
25,93,150.0,163.0,313.17728,15.0,-10.575653,no
25,94,119.0,151.36,166.01205,28.0,-20.871399,no
25,95,104.0,146.04,104.54664,116.0,-18.740799,yes
25,96,153.0,144.84,237.47421,-50.0,-6.326874,no
25,97,175.0,147.36,144.49913,-67.0,0.89131165,no
25,98,149.0,150.88,168.60011,-20.0,-5.0914764,no
25,99,122.0,151.84,47.26521,69.0,-12.92749,yes
26,0,159.0,177.0,87.69264,27.0,-9.28775,yes
26,1,165.0,181.64,129.65338,83.0,-3.0958405,yes
26,2,194.0,191.04,116.841774,-6.0,3.8750763,yes
26,3,213.0,201.12,55.027267,-45.0,8.425369,no
26,4,203.0,203.32,33.526108,30.0,9.433762,no
26,5,203.0,201.64,54.405884,5.0,7.5989227,no
26,6,194.0,193.92,91.706055,12.0,3.0150757,no
26,7,193.0,186.64,170.69856,-50.0,-3.5057678,no
26,8,171.0,181.16,126.24579,6.0,-9.010925,yes
26,9,166.0,181.36,120.73939,47.0,-8.57399,yes
26,10,196.0,187.08,206.55266,-58.0,-2.019333,yes
26,11,202.0,196.52,136.30847,18.0,5.493286,no
26,12,216.0,207.12,83.25864,10.0,9.875671,no
26,13,228.0,215.72,44.20407,-39.0,10.340485,no
26,14,219.0,220.72,18.439089,38.0,8.672745,no
26,15,221.0,223.32,35.805027,19.0,5.845276,no
26,16,220.0,224.08,41.59327,8.0,2.7121124,no
26,17,225.0,223.31999,33.61547,-29.0,0.97042847,no
26,18,214.0,222.52,39.623226,32.0,1.0393372,no
26,19,222.0,220.56,41.59327,-3.0,2.554657,no
26,20,221.0,217.87999,26.305893,-3.0,2.83049,no
26,21,213.0,215.48,87.92042,23.0,0.44456482,no
26,22,212.0,215.16,78.0,-14.0,-2.013794,no
26,23,206.0,213.4,41.303753,36.0,-1.4923553,no
26,24,222.0,214.12,21.633308,-42.0,0.5907135,no
26,25,204.0,215.44,17.492855,73.0,1.4199066,no
26,26,225.0,216.76001,24.207438,-41.0,2.0830078,no
26,27,216.0,215.24,31.144823,18.0,1.92836,no
26,28,220.0,215.36,59.464275,-20.0,1.0278931,no
26,29,218.0,213.4,25.019993,-13.0,0.6613922,no
26,30,226.0,211.36,38.28838,-66.0,0.29719543,no
26,31,205.0,210.08,35.35534,23.0,-1.1698151,no
26,32,207.0,209.32,94.0,-6.0,-1.8542328,no
26,33,195.0,208.92,69.426216,57.0,-1.5769806,no
26,34,200.0,210.04,51.009804,38.0,0.5161743,no
26,35,221.0,211.84,24.33105,-46.0,4.7203674,no
26,36,209.0,209.4,21.260292,32.0,9.294098,no
26,37,219.0,202.64,16.124516,-25.0,12.484619,no
26,38,195.0,190.23999,160.44937,70.0,8.440826,no
26,39,189.0,178.31999,270.32574,-70.0,-4.0166016,no
26,40,144.0,165.92,205.9126,19.0,-16.232422,yes
26,41,122.0,156.2,104.0865,95.0,-18.300308,yes
26,42,146.0,150.24,289.17123,-14.0,-12.638016,yes
26,43,153.0,148.08,265.08865,-24.0,-8.827576,yes
26,44,147.0,149.84,174.92856,-15.0,-8.857391,yes
26,45,151.0,150.96,134.1119,-19.0,-8.055939,no
26,46,157.0,155.72,27.89265,-23.0,-7.0675964,yes
26,47,136.0,164.04,99.849884,93.0,-6.6991577,yes
26,48,176.0,173.04,208.80614,-54.0,-1.3731079,no
26,49,185.0,177.52,117.592514,13.0,5.2693787,no
26,50,203.0,183.2,75.32596,-70.0,6.8111877,no
26,51,194.0,183.56,117.03845,-25.0,4.296219,no
26,52,199.0,181.48,132.8533,-69.0,-0.9976196,yes
26,53,165.0,183.12,98.478424,36.0,-8.549606,yes
26,54,163.0,187.72,186.70297,53.0,-9.436996,yes
26,55,197.0,190.2,207.56204,-44.0,-1.8652344,no
26,56,204.0,197.28,80.49844,2.0,3.866806,no
26,57,199.0,203.76,39.319206,25.0,3.5205994,no
26,58,208.0,205.76,8.0,-24.0,1.7815094,no
26,59,200.0,205.84,7.071068,19.0,0.5175476,no
26,60,196.0,207.32,50.219517,68.0,0.91729736,no
26,61,226.0,209.12,29.017237,-79.0,3.2576752,no
26,62,217.0,208.24,37.576588,0.0,5.675949,no
26,63,229.0,208.72,25.059929,-42.0,6.1586914,no
26,64,217.0,209.52,60.033325,-41.0,3.5204926,no
26,65,207.0,210.84,36.221542,27.0,3.6863556,no
26,66,214.0,208.44,25.059929,-2.0,7.711212,no
26,67,214.0,204.28,66.287254,-11.0,10.850143,no
26,68,209.0,192.24,93.77633,-19.0,8.949326,no
26,69,197.0,183.16,230.58621,-55.0,-0.95843506,yes
26,70,155.0,178.24,119.2057,25.0,-10.8836975,yes
26,71,163.0,175.92,186.86894,25.0,-5.746826,no
26,72,204.0,176.88,162.80664,-74.0,9.126312,no
26,73,206.0,178.76,33.105892,-33.0,17.073685,no
26,74,196.0,174.6,186.86894,-53.0,12.293533,no
26,75,150.0,164.4,180.69312,62.0,0.9398346,no
26,76,149.0,153.24,152.05263,-12.0,-7.527313,no
26,77,132.0,148.24,136.19104,37.0,-12.452423,yes
26,78,131.0,154.72,123.878975,52.0,-11.810699,yes
26,79,174.0,163.56,186.043,-81.0,-4.125534,no
26,80,172.0,175.28,112.71202,54.0,2.3417816,no
26,81,194.0,188.12,84.758484,-51.0,2.617691,no
26,82,181.0,196.36,57.306194,48.0,0.3388672,no
26,83,194.0,199.92,71.17584,20.0,-0.14154053,no
26,84,215.0,204.92,40.04997,-67.0,0.45355225,no
26,85,212.0,207.4,30.364452,-22.0,0.9168854,no
26,86,207.0,209.48,20.09975,24.0,0.97772217,no
26,87,208.0,212.04,33.734257,-4.0,1.2626038,no
26,88,207.0,213.92,83.00603,60.0,4.93042,no
26,89,241.0,210.84,13.416408,-125.0,10.0512085,no
26,90,207.0,204.8,118.92855,57.0,10.9509735,no
26,91,199.0,191.8,167.86304,-7.0,6.762512,no
26,92,185.0,175.76,262.05725,-57.0,-2.3689728,no
26,93,132.0,159.68,233.36238,51.0,-13.581146,no
26,94,108.0,148.76,127.01181,117.0,-17.29596,no
26,95,144.0,143.95999,167.60072,-73.0,-12.943069,yes
26,96,117.0,142.88,28.635643,118.0,-8.3472595,no
26,97,148.0,144.88,136.0588,-50.0,-6.9685516,yes
26,98,127.0,147.32,74.323616,66.0,-9.27243,yes
26,99,148.0,147.16,61.05735,-49.0,-10.654526,yes
27,0,161.0,175.48,101.84302,10.0,-10.912445,yes
27,1,190.0,180.56,121.597694,-64.0,-4.47316,yes
27,2,194.0,189.12,133.544,-23.0,3.0425873,yes
27,3,207.0,198.04,110.65261,18.0,9.84343,no
27,4,220.0,201.2,39.115215,-49.0,12.468613,no
27,5,210.0,202.16,80.622574,0.0,10.850296,no
27,6,197.0,195.64,78.40918,20.0,8.022003,no
27,7,196.0,187.88,77.781746,12.0,4.5115967,no
27,8,196.0,181.64,178.4881,-92.0,-3.0849457,no
27,9,147.0,177.95999,102.21546,84.0,-10.692749,yes
27,10,152.0,180.44,213.92522,99.0,-9.01149,yes
27,11,211.0,188.68,246.10973,-121.0,-0.14163208,yes
27,12,215.0,198.04,155.08063,-37.0,7.260803,no
27,13,212.0,206.8,107.00467,40.0,9.936676,no
27,14,236.0,214.68001,57.428215,-84.0,9.292923,no
27,15,225.0,218.4,23.70654,-3.0,6.7168427,no
27,16,217.0,218.64,11.313708,12.0,3.8751068,no
27,17,215.0,219.12,18.384777,29.0,2.0769348,no
27,18,216.0,218.72,10.770329,-2.0,1.1228333,no
27,19,218.0,216.4,27.89265,7.0,1.9447174,no
27,20,223.0,213.36,32.649654,-2.0,2.5848846,no
27,21,230.0,212.12,55.081757,-70.0,1.2970581,no
27,22,226.0,211.12,53.009434,-50.0,-0.4033966,no
27,23,203.0,209.72,16.552946,43.0,-1.3429413,no
27,24,217.0,211.52,48.703182,-9.0,-0.11654663,no
27,25,224.0,213.92,21.213203,-41.0,1.2472992,no
27,26,222.0,214.76,38.078865,-21.0,1.7559204,no
27,27,218.0,214.44,50.219517,-12.0,0.8592682,no
27,28,201.0,214.4,47.010635,43.0,-1.1020966,no
27,29,203.0,212.0,55.17246,33.0,-0.7826233,no
27,30,214.0,210.31999,23.194826,-5.0,0.4048767,no
27,31,208.0,209.28,66.75328,-11.0,-1.1105194,no
27,32,190.0,208.84,36.878178,77.0,-2.8303833,no
27,33,207.0,209.16,42.80187,-29.0,-1.6074219,no
27,34,214.0,209.92,54.91812,-25.0,2.5892181,no
27,35,216.0,209.24,12.083046,-9.0,7.405777,no
27,36,210.0,205.0,18.973665,19.0,11.211105,no
27,37,222.0,196.16,75.153175,-21.0,12.222244,no
27,38,232.0,184.08,281.5706,-202.0,4.019562,yes
27,39,159.0,175.84,322.76926,39.0,-11.242126,yes
27,40,123.0,168.96,17.029387,109.0,-18.37445,yes
27,41,157.0,165.64,258.37958,-1.0,-9.643082,yes
27,42,197.0,164.76,211.70262,-117.0,2.9642334,no
27,43,179.0,163.31999,193.2149,-15.0,6.1613007,no
27,44,154.0,161.12,157.03503,57.0,0.9996948,no
27,45,157.0,156.48,20.880613,-24.0,-4.4382324,yes
27,46,164.0,154.28,59.39697,-63.0,-7.6038513,yes
27,47,139.0,156.56,29.529646,30.0,-9.331055,yes
27,48,142.0,161.56,169.7292,81.0,-5.0289764,yes
27,49,183.0,164.04,146.0,-67.0,1.582077,no
27,50,173.0,168.88,153.68799,10.0,1.2485809,no
27,51,158.0,172.24,187.53667,60.0,-4.4503174,yes
27,52,167.0,175.12,146.21901,-16.0,-8.370621,yes
27,53,162.0,181.28,140.52046,78.0,-6.357437,yes
27,54,207.0,190.64,224.3212,-80.0,0.77290344,no
27,55,199.0,197.0,147.16656,53.0,6.7063446,no
27,56,220.0,202.72,64.28063,-45.0,7.718338,no
27,57,212.0,207.0,51.86521,-26.0,4.3871613,no
27,58,200.0,206.84,26.305893,42.0,1.5561066,no
27,59,209.0,204.72,33.13608,-10.0,0.80992126,no
27,60,214.0,203.72,12.806249,-43.0,0.61024475,no
27,61,208.0,204.92,85.158676,6.0,0.65397644,no
27,62,202.0,203.24,117.881294,25.0,1.519104,no
27,63,219.0,203.52,97.04638,-48.0,2.569931,no
27,64,196.0,203.88,87.658424,67.0,1.2357788,no
27,65,211.0,206.2,69.641945,-36.0,1.697113,no
27,66,216.0,204.8,38.910152,-33.0,5.5999756,no
27,67,202.0,201.6,46.389652,33.0,8.765991,no
27,68,194.0,190.24,65.11528,36.0,7.461792,no
27,69,194.0,181.68,218.16049,-53.0,-1.4787598,no
27,70,146.0,177.2,146.69696,53.0,-11.617142,yes
27,71,146.0,175.12,195.0282,97.0,-6.7434235,no
27,72,200.0,175.2,174.63104,-72.0,8.862656,no
27,73,199.0,175.04,79.15807,-21.0,16.794922,no
27,74,182.0,169.44,215.71277,12.0,10.361832,no
27,75,157.0,158.0,257.0992,-50.0,-4.316025,no
27,76,125.0,146.92,125.64235,47.0,-14.781891,no
27,77,128.0,142.8,39.698868,4.0,-16.956818,yes
27,78,131.0,150.56,128.13274,31.0,-12.693298,yes
27,79,151.0,162.2,222.72853,67.0,-3.262619,no
27,80,199.0,174.72,138.97482,-90.0,5.1007996,no
27,81,193.0,186.76,75.43209,25.0,7.0124207,no
27,82,206.0,194.4,91.66242,-46.0,4.7655334,no
27,83,190.0,198.32,78.434685,57.0,2.2798767,no
27,84,202.0,202.2,24.698177,7.0,1.302597,no
27,85,196.0,204.6,31.304953,60.0,1.3958435,no
27,86,224.0,206.44,29.017237,-80.0,2.4738007,no
27,87,207.0,209.16,11.401754,49.0,3.4445038,no
27,88,228.0,210.04,48.08326,-86.0,6.1481476,no
27,89,211.0,206.6,74.672615,58.0,9.740509,no
27,90,223.0,198.16,129.80756,-94.0,9.42894,no
27,91,179.0,185.44,189.66286,67.0,3.3194122,no
27,92,166.0,170.72,205.43126,-11.0,-5.4207306,no
27,93,136.0,157.04001,108.40664,57.0,-10.510117,no
27,94,154.0,146.2,132.8533,-38.0,-7.8633423,no
27,95,174.0,142.8,68.0,-123.0,-4.6460114,yes
27,96,141.0,144.0,95.77056,-5.0,-6.960434,yes
27,97,123.0,146.96,62.03225,74.0,-9.508362,yes
27,98,129.0,150.2,125.4193,41.0,-7.921112,yes
27,99,146.0,152.2,146.48549,18.0,-3.9844055,no
28,0,144.0,168.44,96.17692,85.0,-9.05658,yes
28,1,176.0,175.08,77.201035,-34.0,-4.631363,yes
28,2,162.0,183.2,129.46814,126.0,1.4414978,yes
28,3,219.0,191.36,150.71164,-106.0,8.765503,no
28,4,211.0,196.96,74.953316,11.0,12.518906,no
28,5,220.0,199.92,58.60034,-49.0,12.133331,no
28,6,208.0,196.4,44.294468,-15.0,10.724808,no
28,7,210.0,188.44,63.15061,-61.0,8.691437,no
28,8,178.0,181.04,176.55594,41.0,1.804184,no
28,9,158.0,174.52,127.00394,20.0,-7.3036804,no
28,10,153.0,172.48,4.472136,34.0,-11.263336,yes
28,11,154.0,176.59999,221.96396,54.0,-8.176468,yes
28,12,184.0,186.56,261.69064,17.0,0.38876343,no
28,13,209.0,195.56,134.23859,-36.0,6.917679,no
28,14,204.0,206.08,139.17615,40.0,7.735306,no
28,15,223.0,212.4,112.64102,-43.0,6.554962,no
28,16,220.0,213.92,48.02083,-2.0,5.740265,no
28,17,231.0,214.24,9.899495,-55.0,4.577194,no
28,18,215.0,215.72,51.10773,16.0,2.0671234,no
28,19,218.0,213.36,60.728905,-20.0,0.5970001,no
28,20,221.0,212.12,105.3945,-45.0,-0.9490814,no
28,21,188.0,210.0,126.84637,96.0,-3.6803894,no
28,22,209.0,209.40001,91.18114,-16.0,-4.0108643,no
28,23,206.0,208.84,32.31099,10.0,-3.530014,no
28,24,210.0,210.84,59.933296,-10.0,-2.547699,no
28,25,212.0,211.88,70.028564,-9.0,-1.1135559,no
28,26,200.0,213.44,45.453274,67.0,0.064315796,no
28,27,221.0,213.64,16.124516,-38.0,0.6829834,no
28,28,206.0,213.96,65.192024,29.0,-0.40501404,no
28,29,212.0,211.64,33.61547,-13.0,-0.42797852,no
28,30,214.0,209.40001,30.0,-11.0,0.10699463,no
28,31,212.0,208.8,31.400637,-22.0,-0.518692,no
28,32,215.0,207.52,34.525352,-48.0,0.11576843,no
28,33,200.0,206.44,48.08326,50.0,2.6369781,no
28,34,208.0,205.36,20.248457,6.0,6.217102,no
28,35,210.0,201.92,43.266617,6.0,8.947418,no
28,36,212.0,195.2,120.54045,-36.0,8.576767,no
28,37,206.0,186.0,256.94357,-75.0,3.2747345,yes
28,38,150.0,176.52,312.5444,121.0,-7.836975,yes
28,39,131.0,173.24,80.622574,82.0,-16.509293,yes
28,40,141.0,174.48,284.3976,74.0,-11.559204,yes
28,41,185.0,177.2,330.1515,-24.0,3.893341,no
28,42,189.0,179.4,182.16476,58.0,15.219986,no
28,43,197.0,176.64,164.3472,-19.0,15.1596985,no
28,44,190.0,171.68001,227.48187,-79.0,6.2904663,no
28,45,135.0,162.72,136.30847,112.0,-3.6277313,yes
28,46,140.0,156.08,24.0,42.0,-7.276352,yes
28,47,144.0,153.2,51.92302,19.0,-7.2518463,yes
28,48,151.0,153.64,57.567352,-8.0,-5.8669586,yes
28,49,165.0,153.8,138.97482,-34.0,-4.8834686,yes
28,50,158.0,158.56,156.67801,-3.0,-8.091064,no
28,51,158.0,165.2,85.146935,-48.0,-12.567276,yes
28,52,133.0,173.84,127.57743,150.0,-11.366074,yes
28,53,187.0,184.8,261.5416,-30.0,-2.2813416,no
28,54,224.0,196.56,131.04198,-77.0,7.2386627,no
28,55,225.0,203.36,37.01351,-45.0,10.715652,no
28,56,220.0,206.6,36.796738,-8.0,9.00531,no
28,57,203.0,207.92,61.611687,51.0,4.3183594,no
28,58,213.0,206.4,7.615773,-39.0,1.1531525,no
28,59,212.0,203.88,38.28838,-16.0,-0.12080383,no
28,60,200.0,201.96,101.607086,7.0,-2.755539,no
28,61,196.0,202.64,101.84302,-4.0,-5.3986206,no
28,62,189.0,201.8,93.680305,28.0,-5.56868,no
28,63,201.0,201.76,94.59387,-4.0,-3.9225464,no
28,64,204.0,201.31999,78.434685,-47.0,-3.6971283,no
28,65,189.0,203.72,88.814415,57.0,-2.8490448,no
28,66,204.0,203.16,110.94143,-19.0,1.9699249,no
28,67,217.0,199.12,22.36068,-46.0,7.8317566,no
28,68,207.0,188.23999,116.43024,-30.0,6.8344727,no
28,69,186.0,180.92,237.0021,-38.0,-3.4875793,no
28,70,142.0,177.56,81.21576,84.0,-12.293884,yes
28,71,172.0,175.16,175.38528,-62.0,-5.808014,no
28,72,179.0,173.6,111.54372,37.0,8.452759,no
28,73,187.0,171.4,64.899925,5.0,14.337448,no
28,74,188.0,162.84,236.5798,-104.0,6.28862,no
28,75,121.0,150.08,268.868,112.0,-9.795883,no
28,76,113.0,140.52,70.71068,30.0,-19.668549,no
28,77,128.0,138.84,111.463,-7.0,-18.015396,yes
28,78,145.0,149.0,147.22092,-6.0,-10.602417,no
28,79,167.0,163.24,195.24344,-21.0,-1.6685181,no
28,80,190.0,178.64,142.68848,-12.0,5.8517303,no
28,81,198.0,189.28,69.87131,4.0,8.824158,no
28,82,214.0,197.76001,22.803509,-39.0,7.6896057,no
28,83,215.0,200.96,31.780497,-56.0,4.0591736,no
28,84,214.0,205.36,30.066593,-44.0,1.2539368,no
28,85,206.0,205.28,38.832977,-12.0,0.91345215,no
28,86,206.0,207.52,44.20407,38.0,2.5070496,no
28,87,217.0,208.28,66.70832,-56.0,2.905548,no
28,88,201.0,208.72,91.66242,45.0,3.5026703,no
28,89,210.0,203.08,98.731964,-30.0,5.807602,no
28,90,201.0,193.8,111.8034,11.0,6.187027,no
28,91,195.0,181.44,212.08488,-64.0,0.79493713,no
28,92,153.0,167.8,165.9518,34.0,-6.6043396,no
28,93,149.0,155.56,36.05551,9.0,-7.185852,no
28,94,160.0,146.4,10.0,-39.0,-3.5456085,no
28,95,134.0,144.64,76.837494,85.0,-3.694931,no
28,96,145.0,146.8,18.439089,-10.0,-6.017685,yes
28,97,148.0,151.8,127.059044,-16.0,-5.300888,no
28,98,161.0,157.12,215.7962,-1.0,0.14128113,no
28,99,179.0,160.28,179.12007,-46.0,5.666321,no
29,0,180.0,167.2,22.803509,-58.0,-5.4813232,yes
29,1,174.0,171.96,58.137768,-17.0,-4.6822815,yes
29,2,185.0,179.96,128.44453,-40.0,-0.68647766,yes
29,3,190.0,188.04,123.69317,20.0,4.88533,no
29,4,196.0,193.12,143.69412,0.0,7.9095917,no
29,5,202.0,197.44,130.01538,-25.0,8.620911,no
29,6,190.0,196.2,94.53042,41.0,9.235367,no
29,7,197.0,187.52,64.202805,-12.0,9.638794,no
29,8,189.0,177.72,118.06778,-20.0,6.033127,no
29,9,174.0,167.88,83.95237,0.0,-1.3501282,no
29,10,182.0,161.4,147.51271,-135.0,-9.796967,yes
29,11,122.0,161.96,98.15294,154.0,-14.244003,yes
29,12,175.0,171.64,291.38635,-52.0,-6.9793854,yes
29,13,200.0,182.08,154.67384,-53.0,3.2990417,no
29,14,188.0,195.36,58.30952,66.0,6.447586,no
29,15,200.0,204.76,92.31468,1.0,5.7855377,no
29,16,207.0,209.0,96.42614,30.0,5.9288177,no
29,17,219.0,209.8,72.691124,-27.0,4.8493805,no
29,18,211.0,212.72,68.41052,-6.0,1.6690674,no
29,19,198.0,212.2,28.635643,60.0,-0.64308167,no
29,20,210.0,212.8,58.034473,-19.0,-2.8880615,no
29,21,188.0,211.88,45.343136,51.0,-6.147766,no
29,22,200.0,212.08,43.011627,21.0,-6.5900574,no
29,23,212.0,210.88,46.32494,-65.0,-5.8543396,no
29,24,195.0,212.36,40.4475,57.0,-4.2133026,no
29,25,205.0,211.96,58.66856,29.0,-1.5226746,no
29,26,212.0,212.48,40.81666,-6.0,0.31071472,no
29,27,222.0,212.28,16.552946,-28.0,1.1304016,no
29,28,219.0,211.88,29.832869,-34.0,1.0060425,no
29,29,212.0,209.68001,8.944272,4.0,1.2403412,no
29,30,207.0,208.2,58.549126,9.0,0.6856537,no
29,31,189.0,208.4,21.540659,75.0,0.1003418,no
29,32,210.0,207.31999,60.876926,-9.0,3.199112,no
29,33,220.0,205.56,15.297058,-45.0,7.1316376,no
29,34,214.0,201.04,40.496914,-27.0,8.95343,no
29,35,210.0,193.76,106.21676,-31.0,7.5660095,no
29,36,186.0,184.84,231.94827,15.0,0.32969666,no
29,37,165.0,175.92,263.0057,15.0,-10.264008,yes
29,38,152.0,171.04,95.015785,-1.0,-17.19719,yes
29,39,156.0,174.6,200.2049,20.0,-13.121109,yes
29,40,199.0,181.6,322.9675,-58.0,1.7880707,no
29,41,229.0,188.52,186.63869,-83.0,16.177841,no
29,42,235.0,192.16,75.802376,-104.0,20.91124,no
29,43,211.0,186.44,120.8139,-24.0,16.32051,no
29,44,195.0,177.88,209.88092,-48.0,5.8363953,no
29,45,165.0,169.0,125.67418,-29.0,-3.500702,yes
29,46,159.0,159.4,81.939,-3.0,-4.090393,yes
29,47,165.0,152.0,74.094536,-46.0,-2.1442566,no
29,48,145.0,150.0,97.52948,23.0,-6.0553436,yes
29,49,134.0,148.92,182.57054,20.0,-13.903503,yes
29,50,133.0,152.36,197.46393,-11.0,-18.870377,no
29,51,135.0,161.04,157.68958,63.0,-15.871658,yes
29,52,170.0,175.64,279.33133,-13.0,-6.062439,no
29,53,199.0,189.56,189.0238,-19.0,3.6099854,no
29,54,200.0,203.48,57.201397,37.0,7.4825134,no
29,55,212.0,210.52,93.00538,3.0,7.700897,no
29,56,224.0,212.56,33.37664,-33.0,6.5345917,no
29,57,218.0,211.64,78.854294,-40.0,2.6070251,no
29,58,198.0,210.92,48.703182,44.0,-0.94947815,no
29,59,210.0,206.64,54.405884,-47.0,-2.4655151,no
29,60,185.0,203.88,63.007935,55.0,-5.1723785,no
29,61,183.0,203.88,32.649654,39.0,-7.762192,no
29,62,185.0,201.2,20.396078,18.0,-8.144592,no
29,63,188.0,199.72,21.023796,11.0,-6.9183197,no
29,64,183.0,199.44,7.071068,62.0,-6.107605,no
29,65,194.0,201.68001,27.856777,-34.0,-5.2568817,no
29,66,175.0,200.52,73.34848,105.0,-0.4412079,no
29,67,209.0,194.88,67.06713,-34.0,7.0367126,no
29,68,201.0,184.2,167.5291,-19.0,5.6869965,no
29,69,163.0,177.92,248.6765,50.0,-6.045227,no
29,70,148.0,174.08,25.495098,5.0,-12.150909,yes
29,71,159.0,171.08,187.80841,62.0,-2.4435577,yes
29,72,194.0,169.4,69.641945,-61.0,10.5395355,no
29,73,187.0,164.64,120.34118,-31.0,12.015503,no
29,74,158.0,154.6,265.2282,25.0,0.40989685,no
29,75,138.0,143.64,218.40329,-62.0,-15.107178,no
29,76,108.0,137.44,7.071068,53.0,-21.429253,no
29,77,119.0,138.48,166.48123,49.0,-15.9487,yes
29,78,148.0,151.64,164.46884,-4.0,-7.0016327,no
29,79,161.0,166.68,133.22162,28.0,-0.44979858,no
29,80,184.0,181.28,120.880104,-8.0,4.043045,no
29,81,199.0,189.72,110.63454,-34.0,7.138214,no
29,82,198.0,197.56,11.313708,41.0,7.1816254,no
29,83,186.0,199.36,34.928497,57.0,3.0885162,no
29,84,189.0,204.0,21.587032,58.0,-0.048553467,no
29,85,196.0,204.0,50.159744,19.0,0.3528595,no
29,86,215.0,206.2,24.04163,-36.0,2.735611,no
29,87,198.0,205.8,61.204575,35.0,2.453827,no
29,88,194.0,206.72,15.6205,30.0,1.8334045,no
29,89,197.0,199.8,34.4093,1.0,3.3945007,no
29,90,187.0,189.28,72.718636,29.0,3.8726654,no
29,91,183.0,177.76,189.55211,-35.0,-0.5992737,no
29,92,136.0,167.24,121.103264,107.0,-6.6415405,no
29,93,156.0,155.56,34.525352,-17.0,-6.82016,no
29,94,164.0,150.08,112.29426,-68.0,-6.3405914,no
29,95,142.0,150.59999,63.324562,-9.0,-8.157761,yes
29,96,147.0,154.52,107.935165,2.0,-5.8629303,no
29,97,147.0,159.92,165.55966,83.0,0.37800598,no
29,98,187.0,166.84,131.89389,-75.0,7.129364,no
29,99,184.0,169.76,38.078865,-2.0,11.0729065,no
30,0,164.0,163.48001,88.40814,-14.0,-6.2230835,yes
30,1,138.0,167.44,68.0294,124.0,-7.2572937,yes
30,2,174.0,173.04001,128.22636,-30.0,-4.289215,yes
30,3,180.0,177.96,91.967384,-10.0,0.7104187,no
30,4,181.0,183.04,45.54119,30.0,4.404602,no
30,5,177.0,187.44,5.0990195,71.0,6.0769653,no
30,6,194.0,185.96,22.847319,-42.0,7.844574,no
30,7,187.0,179.12,25.806976,26.0,9.483459,no
30,8,187.0,171.68001,122.384636,-25.0,6.6928864,no
30,9,167.0,159.12,177.73013,-17.0,-1.5911407,no
30,10,144.0,151.16,215.74522,39.0,-12.770599,yes
30,11,131.0,149.16,152.80052,-11.0,-20.792175,yes
30,12,142.0,154.72,291.3589,21.0,-16.095291,yes
30,13,175.0,163.36,293.20642,4.0,-3.18602,yes
30,14,214.0,180.0,80.0,-118.0,5.4159546,no
30,15,183.0,191.23999,34.669872,97.0,6.7625885,no
30,16,219.0,199.68,77.987175,-94.0,6.238205,no
30,17,200.0,205.2,74.96666,38.0,4.0947723,no
30,18,206.0,210.2,38.470768,2.0,2.055954,no
30,19,213.0,210.0,54.644306,-27.0,2.1645813,no
30,20,214.0,212.2,96.02083,4.0,2.2507935,no
30,21,205.0,212.28,136.33047,25.0,0.3126526,no
30,22,212.0,212.44,112.79185,-34.0,-1.8117065,no
30,23,182.0,211.12,83.48653,130.0,-3.1219788,no
30,24,210.0,212.28,94.847244,-6.0,-1.3984375,no
30,25,230.0,212.0,48.414875,-91.0,1.4018707,no
30,26,215.0,212.36,31.144823,20.0,1.9164581,no
30,27,208.0,212.68,56.727417,2.0,0.49739075,no
30,28,202.0,212.0,44.72136,45.0,0.62358093,no
30,29,214.0,209.36,21.023796,-7.0,2.5049896,no
30,30,222.0,207.59999,49.979996,-62.0,2.782425,no
30,31,202.0,206.59999,46.32494,23.0,2.5684357,no
30,32,207.0,202.76,43.011627,0.0,5.635803,no
30,33,211.0,199.48,55.803226,-19.0,8.819077,no
30,34,191.0,192.56,92.19544,60.0,8.181778,no
30,35,199.0,182.23999,185.34833,-42.0,2.1445465,no
30,36,172.0,172.08,302.60535,-41.0,-10.706375,no
30,37,131.0,166.68,166.35504,70.0,-21.572998,yes
30,38,136.0,166.6,128.06248,53.0,-20.07196,yes
30,39,162.0,175.44,284.176,52.0,-6.5187073,yes
30,40,212.0,185.76001,206.81392,-54.0,9.643784,no
30,41,214.0,196.04001,51.009804,7.0,17.458817,no
30,42,207.0,199.48,113.20777,6.0,16.457016,no
30,43,193.0,191.08,130.29198,27.0,10.7907715,no
30,44,166.0,179.84,211.85373,56.0,1.0617371,no
30,45,142.0,170.84,78.0,78.0,-5.7980194,no
30,46,163.0,160.52,80.399,-25.0,-2.3025818,yes
30,47,166.0,149.92,65.29931,1.0,2.001831,no
30,48,153.0,146.52,209.47554,-24.0,-5.2838287,yes
30,49,113.0,145.92,151.26797,44.0,-19.18251,yes
30,50,94.0,150.68,114.56003,155.0,-23.688171,yes
30,51,142.0,160.88,340.37625,27.0,-12.905075,yes
30,52,200.0,177.6,286.25165,-54.0,2.941101,no
30,53,220.0,193.68,114.28036,-75.0,10.200607,no
30,54,202.0,208.12,89.44272,56.0,8.238007,no
30,55,202.0,213.88,57.201397,30.0,5.137207,no
30,56,213.0,213.84,28.178005,11.0,4.380615,no
30,57,207.0,212.36,80.411446,18.0,1.8346558,no
30,58,195.0,210.08,57.77543,40.0,-1.0758514,no
30,59,198.0,205.52,91.08238,38.0,-1.1138,no
30,60,202.0,202.84,131.02672,10.0,-1.3203278,no
30,61,205.0,202.68001,128.72452,-29.0,-2.5549316,no
30,62,198.0,201.48,122.06556,9.0,-3.024765,no
30,63,194.0,200.36,109.11462,39.0,-2.8609314,no
30,64,208.0,199.88,66.48308,-66.0,-2.9947815,no
30,65,195.0,202.31999,62.03225,25.0,-2.4418335,no
30,66,198.0,200.64,78.40918,-13.0,1.955658,no
30,67,209.0,192.28,30.463093,-13.0,7.767273,no
30,68,206.0,182.64,214.00934,-61.0,3.7585602,no
30,69,167.0,177.88,235.58014,-32.0,-8.395172,no
30,70,133.0,172.08,71.34424,125.0,-10.589706,yes
30,71,184.0,167.56,193.38045,-79.0,1.8948517,no
30,72,190.0,165.64,17.492855,-16.0,12.360046,no
30,73,178.0,160.12,199.44925,-23.0,8.380249,no
30,74,144.0,150.72,304.40106,-7.0,-6.9772186,no
30,75,103.0,141.64,158.41718,74.0,-20.250511,yes
30,76,115.0,139.44,131.40015,16.0,-19.92675,yes
30,77,141.0,143.48,228.82744,-6.0,-9.936386,yes
30,78,163.0,156.16,166.93112,-13.0,-1.095871,no
30,79,173.0,168.6,96.67471,-14.0,2.0237885,no
30,80,178.0,183.04,69.58448,13.0,2.7224274,no
30,81,182.0,189.76,132.57451,72.0,4.897583,no
30,82,234.0,196.72,31.906113,-167.0,6.254196,no
30,83,199.0,198.92,30.066593,27.0,3.0914154,no
30,84,218.0,203.32,18.439089,-90.0,0.50886536,no
30,85,193.0,203.16,45.276924,57.0,1.1134644,no
30,86,224.0,203.76,46.043457,-79.0,4.6042633,no
30,87,201.0,202.04001,71.021126,47.0,5.43042,no
30,88,210.0,201.08,39.59798,-50.0,4.5467987,no
30,89,198.0,194.52,37.576588,9.0,5.0906525,no
30,90,196.0,184.40001,82.38932,-22.0,4.7203217,no
30,91,179.0,175.76001,158.31615,-10.0,0.58917236,no
30,92,159.0,165.36,98.67117,2.0,-4.5467377,no
30,93,158.0,155.84,55.027267,-44.0,-7.68013,no
30,94,130.0,151.84,107.33126,59.0,-11.094315,yes
30,95,114.0,155.04001,74.0,121.0,-11.101868,yes
30,96,156.0,160.44,218.92921,4.0,-3.144638,no
30,97,189.0,168.2,138.70833,-87.0,5.778717,no
30,98,181.0,176.64,50.931328,18.0,9.884628,no
30,99,184.0,181.4,26.076809,6.0,10.837463,no
31,0,160.0,166.96,37.01351,14.0,-7.3764496,no
31,1,164.0,167.88,23.021729,-34.0,-8.827667,yes
31,2,163.0,168.88,63.89053,0.0,-8.060394,yes
31,3,165.0,169.36,130.48372,42.0,-3.9087372,yes
31,4,201.0,171.96,106.89247,-91.0,0.76519775,no
31,5,202.0,174.04,126.69649,-114.0,2.7637634,no
31,6,180.0,174.24,127.88276,40.0,4.5286407,no
31,7,196.0,169.56,144.06943,-84.0,5.398819,no
31,8,180.0,166.12,205.54805,-50.0,1.1810455,no
31,9,146.0,156.95999,176.32356,36.0,-7.534027,no
31,10,135.0,151.08,154.15576,-8.0,-17.565048,yes
31,11,105.0,148.24,75.28612,68.0,-25.579712,yes
31,12,108.0,151.96,157.00319,98.0,-24.840668,yes
31,13,148.0,156.08,347.2204,-24.0,-15.330017,yes
31,14,192.0,168.08,330.72043,-86.0,-3.8425293,yes
31,15,196.0,176.84,164.63899,-52.0,2.9486237,no
31,16,192.0,186.04,73.00685,45.0,4.7630005,no
31,17,194.0,193.24,57.21888,-1.0,3.4607086,no
31,18,202.0,202.16,83.546394,1.0,4.110306,no
31,19,207.0,206.12,83.198555,43.0,7.4511414,no
31,20,232.0,211.92,52.63079,-61.0,10.096603,no
31,21,231.0,213.56,61.204575,-35.0,9.936417,no
31,22,227.0,215.36,103.768974,-9.0,7.5252533,no
31,23,224.0,213.16,96.74709,-46.0,4.6500244,no
31,24,227.0,214.4,39.115215,-53.0,3.7196045,no
31,25,199.0,212.8,28.071337,104.0,3.5467377,no
31,26,230.0,213.0,18.867962,-102.0,3.3237762,no
31,27,195.0,212.52,62.801273,97.0,1.9301453,no
31,28,212.0,212.68,52.34501,-30.0,2.3363953,no
31,29,213.0,208.52,11.661903,-2.0,4.2267914,no
31,30,203.0,206.52,79.81228,32.0,4.183502,no
31,31,213.0,203.56,78.44743,-58.0,4.1618958,no
31,32,205.0,197.44,75.059975,-1.0,6.0438538,no
31,33,207.0,191.32,111.50785,-28.0,6.6284637,no
31,34,200.0,183.36,150.42606,-58.0,3.0325623,no
31,35,181.0,172.8,246.45486,-34.0,-6.1675262,no
31,36,131.0,166.16,230.2086,76.0,-19.373611,yes
31,37,121.0,165.72,65.29931,78.0,-24.609726,yes
31,38,152.0,171.04,265.83078,23.0,-15.860886,yes
31,39,196.0,182.84,234.917,-55.0,-1.0475006,no
31,40,219.0,195.31999,102.10779,-66.0,9.693787,no
31,41,215.0,204.04,59.464275,-30.0,12.149887,no
31,42,192.0,205.72,17.720045,75.0,10.5633545,no
31,43,215.0,196.2,82.61961,-76.0,8.101318,no
31,44,190.0,184.28,241.76021,-41.0,0.49528503,no
31,45,152.0,175.16,107.200745,38.0,-6.6852417,yes
31,46,160.0,165.64,90.91754,4.0,-3.64122,yes
31,47,184.0,153.72,59.413803,-101.0,2.0201874,no
31,48,164.0,148.16,201.02238,-50.0,-3.6818542,no
31,49,115.0,148.31999,147.63469,95.0,-16.71257,yes
31,50,143.0,155.56,185.41306,-62.0,-19.235962,yes
31,51,166.0,165.68,325.5549,-14.0,-6.685974,no
31,52,214.0,182.28,215.39267,-80.0,8.405823,no
31,53,204.0,199.44,64.0,72.0,13.130035,no
31,54,242.0,212.4,25.019993,-139.0,10.187729,no
31,55,211.0,215.04,49.010204,45.0,6.7882233,no
31,56,230.0,213.44,57.706154,-50.0,5.8912354,no
31,57,220.0,212.4,82.36504,-7.0,3.5608063,no
31,58,217.0,209.23999,29.732138,-32.0,0.76994324,no
31,59,223.0,205.72,26.305893,-47.0,1.0902557,no
31,60,230.0,203.56,24.083189,-96.0,2.0800781,no
31,61,208.0,204.16,11.661903,27.0,2.2840424,no
31,62,217.0,204.0,51.47815,-30.0,2.905426,no
31,63,221.0,204.0,70.837845,-66.0,3.027176,no
31,64,194.0,202.64,70.837845,82.0,1.788559,no
31,65,205.0,203.52,34.176014,-34.0,1.8707428,no
31,66,200.0,200.64,54.20332,23.0,6.0596313,no
31,67,210.0,190.16,55.226807,-29.0,8.991943,no
31,68,186.0,180.40001,264.87732,-19.0,1.4019318,no
31,69,134.0,175.52,149.46571,129.0,-9.5247345,no
31,70,158.0,169.32,126.84637,-32.0,-7.4517365,yes
31,71,175.0,163.56,124.57929,8.0,4.5975037,no
31,72,188.0,160.8,107.70329,-54.0,10.05809,no
31,73,168.0,155.8,217.95871,-34.0,2.4948425,no
31,74,130.0,148.4,225.05554,17.0,-11.2397,no
31,75,89.0,141.6,144.05554,151.0,-18.440628,yes
31,76,124.0,143.68,236.2795,42.0,-13.034042,yes
31,77,161.0,150.84,168.86089,-62.0,-2.7993317,no
31,78,177.0,161.68001,105.773346,-34.0,4.272583,no
31,79,176.0,171.96,47.434166,12.0,4.973282,no
31,80,186.0,184.68,31.400637,-21.0,2.878189,no
31,81,189.0,188.6,102.48902,-22.0,3.1778412,no
31,82,190.0,194.44,59.615433,62.0,4.397934,no
31,83,185.0,197.24,47.010635,40.0,2.6479645,no
31,84,201.0,202.2,33.13608,-1.0,1.2978516,no
31,85,191.0,202.12,45.607018,25.0,1.9063873,no
31,86,208.0,203.0,97.50897,3.0,6.246689,no
31,87,219.0,200.16,55.00909,-59.0,8.675125,no
31,88,197.0,197.16,85.146935,27.0,6.9226074,no
31,89,198.0,189.32,83.773506,-14.0,5.523926,no
31,90,198.0,179.72,130.48372,-63.0,4.2280273,no
31,91,168.0,171.36,96.93297,35.0,1.6629028,no
31,92,165.0,162.68001,77.89737,-10.0,-1.4612122,no
31,93,143.0,157.08,129.02713,62.0,-6.3868103,no
31,94,143.0,154.4,75.39231,-19.0,-10.482605,yes
31,95,149.0,158.28,179.6274,11.0,-7.540268,no
31,96,178.0,165.2,199.90498,-58.0,1.6614685,no
31,97,185.0,171.76,86.683334,13.0,9.434982,no
31,98,182.0,177.28,48.270073,29.0,10.627533,no
31,99,193.0,183.04,14.21267,-31.0,8.888824,no
32,0,166.0,170.6,77.05842,1.0,-4.8339386,no
32,1,161.0,170.72,78.10249,22.0,-7.1523285,no
32,2,149.0,170.4,38.209946,45.0,-10.0672,yes
32,3,158.0,169.08,105.30907,1.0,-10.035095,yes
32,4,165.0,169.31999,212.76277,-35.0,-8.511185,yes
32,5,136.0,168.76,212.33936,134.0,-7.043335,yes
32,6,168.0,167.52,155.75623,-46.0,-4.2708893,yes
32,7,153.0,163.24,152.64337,42.0,-3.7122955,yes
32,8,141.0,160.92,148.82204,62.0,-7.1072693,yes
32,9,138.0,156.04001,34.928497,3.0,-11.04097,yes
32,10,137.0,153.28,153.37535,15.0,-13.594437,yes
32,11,114.0,152.0,275.86227,109.0,-17.141983,yes
32,12,135.0,155.4,235.0319,-50.0,-20.345764,no
32,13,93.0,157.04001,43.863426,200.0,-21.289612,yes
32,14,124.0,162.88,232.0,85.0,-16.917892,yes
32,15,165.0,168.16,293.20642,-3.0,-9.259415,yes
32,16,204.0,175.48,212.77689,-140.0,-3.6753998,no
32,17,181.0,182.0,146.0137,36.0,-0.6461334,no
32,18,202.0,192.16,148.18907,-11.0,4.2159424,no
32,19,224.0,199.44,109.77249,-85.0,9.931793,no
32,20,215.0,207.96,67.89698,50.0,13.460068,no
32,21,225.0,210.92,52.153618,-12.0,14.059433,no
32,22,232.0,213.64,29.832869,-34.0,12.720734,no
32,23,214.0,212.2,31.304953,42.0,9.750259,no
32,24,222.0,213.36,52.554733,-14.0,6.771744,no
32,25,213.0,211.44,24.207438,-24.0,4.8728943,no
32,26,209.0,211.36,33.01515,58.0,5.752136,no
32,27,227.0,210.36,35.608986,-89.0,6.4972076,no
32,28,208.0,210.04,9.055386,44.0,6.9115906,no
32,29,221.0,206.56,28.0,-65.0,7.531082,no
32,30,196.0,203.36,78.63841,45.0,6.401657,no
32,31,184.0,197.08,38.832977,63.0,4.855118,no
32,32,192.0,188.36,91.706055,0.0,3.3009033,no
32,33,184.0,180.84,199.02261,-13.0,-1.1484528,no
32,34,163.0,172.76,217.9954,33.0,-7.21521,no
32,35,160.0,165.64,142.43594,-24.0,-13.380936,yes
32,36,126.0,165.32,117.20068,107.0,-18.55368,yes
32,37,148.0,170.0,256.0078,13.0,-16.142944,no
32,38,178.0,177.96,230.36058,-17.0,-6.695175,no
32,39,196.0,189.04001,100.89599,-35.0,1.9441528,no
32,40,187.0,198.68001,70.34202,84.0,6.7682037,no
32,41,205.0,204.64,30.528675,7.0,8.702316,no
32,42,206.0,204.6,46.173584,-1.0,9.486084,no
32,43,209.0,193.64,60.166435,-22.0,9.315048,no
32,44,186.0,181.2,206.73654,12.0,3.4561005,no
32,45,154.0,173.28,169.7292,45.0,-5.0017242,yes
32,46,145.0,164.84,7.071068,36.0,-5.630188,yes
32,47,145.0,152.0,48.703182,72.0,-0.46118164,no
32,48,154.0,147.28,123.16656,9.0,-2.5514526,no
32,49,135.0,150.68,123.32883,9.0,-12.250275,yes
32,50,135.0,159.0,147.58049,36.0,-13.698837,yes
32,51,151.0,168.31999,293.5166,97.0,-2.190689,no
32,52,206.0,185.95999,188.04787,-27.0,9.785568,no
32,53,212.0,202.95999,24.698177,-11.0,11.436523,no
32,54,212.0,213.64,56.586216,22.0,8.575439,no
32,55,215.0,214.0,34.928497,30.0,7.5381317,no
32,56,226.0,212.92,12.0,-21.0,6.694107,no
32,57,219.0,210.96,95.707886,-20.0,2.8813171,no
32,58,198.0,209.0,77.00649,46.0,-1.4485626,no
32,59,200.0,206.72,97.41663,12.0,-2.6732483,no
32,60,191.0,206.96,84.40379,67.0,-1.2561798,no
32,61,207.0,208.8,46.818798,3.0,1.7031097,no
32,62,211.0,210.8,17.029387,4.0,4.2135773,no
32,63,213.0,210.48,11.661903,13.0,5.571045,no
32,64,224.0,208.96,62.289646,-74.0,5.558182,no
32,65,197.0,207.2,54.20332,62.0,5.710556,no
32,66,210.0,201.0,33.526108,-20.0,9.018814,no
32,67,216.0,186.88,106.92053,-69.0,9.626938,no
32,68,175.0,177.4,253.00198,41.0,0.6342621,no
32,69,154.0,171.16,90.44335,-2.0,-8.001831,yes
32,70,158.0,163.92,115.11733,19.0,-4.0084686,yes
32,71,178.0,158.24,52.40229,-42.0,4.1982574,no
32,72,165.0,157.64,159.90622,0.0,3.636444,no
32,73,142.0,152.16,175.60182,35.0,-4.4048004,yes
32,74,136.0,146.76,51.10773,6.0,-10.638321,yes
32,75,150.0,143.72,194.50964,-49.0,-9.13623,yes
32,76,173.0,147.64,150.23315,-115.0,-3.0952454,yes
32,77,140.0,155.0,106.32967,106.0,2.311798,yes
32,78,174.0,164.6,131.8484,0.0,7.032089,no
32,79,180.0,172.28,30.066593,-5.0,6.7614136,no
32,80,180.0,182.76,15.231546,-2.0,3.3891144,no
32,81,176.0,186.48,97.62172,73.0,3.3218079,no
32,82,214.0,192.52,50.219517,-99.0,5.1094666,no
32,83,190.0,195.4,42.190044,47.0,4.6375885,no
32,84,209.0,199.6,36.878178,-54.0,4.293869,no
32,85,187.0,199.96,43.104523,60.0,4.992508,no
32,86,201.0,200.24,77.36925,18.0,8.81842,no
32,87,211.0,194.48,65.192024,-30.0,10.695206,no
32,88,188.0,190.59999,117.68602,33.0,6.712845,no
32,89,185.0,185.16,132.43866,-15.0,2.0486145,no
32,90,167.0,175.92,134.1119,31.0,0.28375244,no
32,91,165.0,167.28,47.095646,28.0,1.1314545,no
32,92,180.0,161.16,46.32494,-67.0,0.40637207,no
32,93,168.0,157.84,111.8034,-71.0,-3.8458405,yes
32,94,131.0,155.76001,94.66784,124.0,-5.853485,yes
32,95,172.0,161.0,113.22544,-62.0,-2.2336884,no
32,96,164.0,168.56,89.81091,54.0,3.2847595,no
32,97,204.0,174.24,120.90492,-102.0,8.689636,no
32,98,198.0,178.32,55.946404,-27.0,8.594696,no
32,99,182.0,182.36,120.41595,-1.0,3.8250732,no
33,0,178.0,180.32,147.0034,24.0,1.2874603,no
33,1,187.0,178.52,157.44205,-59.0,-1.2414398,no
33,2,159.0,177.0,162.33916,46.0,-5.7725525,no
33,3,154.0,173.8,132.25732,18.0,-9.226273,yes
33,4,130.0,170.88,130.54501,130.0,-11.013397,yes
33,5,143.0,167.16,96.50906,33.0,-10.667618,yes
33,6,157.0,163.24,17.492855,-20.0,-9.336273,yes
33,7,149.0,159.0,50.219517,7.0,-9.688751,yes
33,8,155.0,159.96,43.011627,-49.0,-9.792801,yes
33,9,131.0,158.36,158.51814,121.0,-6.34552,yes
33,10,176.0,158.28,239.3533,-58.0,-0.26231384,no
33,11,188.0,160.31999,258.0,-100.0,1.4924927,no
33,12,175.0,163.2,302.8531,-18.0,-2.236618,no
33,13,165.0,163.0,349.11603,-61.0,-9.146194,no
33,14,131.0,164.4,209.12198,80.0,-15.553665,no
33,15,133.0,167.0,72.498276,48.0,-17.99945,no
33,16,138.0,169.95999,233.37952,63.0,-16.081207,yes
33,17,160.0,173.56,236.13556,20.0,-9.93222,no
33,18,190.0,180.12,196.63672,-47.0,-1.9157867,no
33,19,187.0,187.92,199.72981,70.0,4.8195953,no
33,20,229.0,197.31999,157.54364,-117.0,9.170624,no
33,21,210.0,204.08,148.66069,24.0,10.566544,no
33,22,228.0,208.84,125.51494,-50.0,11.007065,no
33,23,220.0,208.56,96.13532,-20.0,9.401825,no
33,24,220.0,209.96,92.13034,-45.0,6.612091,no
33,25,198.0,207.72,56.142673,66.0,5.6967316,no
33,26,224.0,206.36,57.00877,-78.0,8.176315,no
33,27,207.0,203.88,47.010635,53.0,9.924881,no
33,28,216.0,201.76,63.134777,-49.0,9.602325,no
33,29,202.0,196.12,59.682495,49.0,9.138519,no
33,30,221.0,191.4,49.396355,-97.0,8.369568,no
33,31,198.0,182.68,75.059975,6.0,5.444687,no
33,32,195.0,175.31999,182.13182,-57.0,-1.6890869,no
33,33,161.0,171.44,251.8293,-8.0,-12.1082,yes
33,34,141.0,166.95999,123.49089,42.0,-17.26912,yes
33,35,146.0,164.84,89.050545,48.0,-14.532257,yes
33,36,172.0,169.24,224.75764,-44.0,-8.618393,no
33,37,180.0,176.64,254.11809,12.0,-2.1951904,no
33,38,199.0,183.92,142.86357,-44.0,2.2966614,no
33,39,188.0,194.08,86.4523,61.0,4.1734467,no
33,40,212.0,201.28,111.8034,-40.0,6.451462,no
33,41,219.0,206.28,63.07139,-25.0,9.092804,no
33,42,217.0,204.88,42.44997,-24.0,10.491501,no
33,43,207.0,193.64,58.137768,-3.0,10.227844,no
33,44,203.0,181.0,165.24527,-39.0,4.965973,no
33,45,178.0,173.92,201.55893,-54.0,-4.31221,yes
33,46,157.0,165.76,5.0990195,-2.0,-6.2104034,yes
33,47,169.0,153.92,92.28217,-21.0,-0.22433472,no
33,48,181.0,151.68001,113.137085,-99.0,-1.40625,no
33,49,145.0,157.28,115.80155,1.0,-11.141418,yes
33,50,147.0,164.08,187.96277,19.0,-11.522018,yes
33,51,194.0,171.48,297.85904,-67.0,0.7251282,no
33,52,220.0,189.36,104.0865,-61.0,9.523605,no
33,53,215.0,205.2,52.83938,-36.0,7.8697205,no
33,54,201.0,214.56,78.79086,74.0,5.29364,no
33,55,241.0,215.96,65.802734,-121.0,6.2674713,no
33,56,219.0,216.68,76.537575,26.0,4.949829,no
33,57,212.0,214.12,94.02127,-13.0,-0.079711914,no
33,58,202.0,211.16,44.38468,5.0,-4.3560333,no
33,59,200.0,208.23999,24.207438,-7.0,-5.639328,no
33,60,194.0,208.16,77.93587,47.0,-3.4281769,no
33,61,221.0,210.16,77.93587,-59.0,1.2716522,no
33,62,211.0,211.04,39.623226,19.0,4.640503,no
33,63,209.0,211.72,43.931767,30.0,6.826294,no
33,64,218.0,210.32,35.383614,-4.0,8.314758,no
33,65,211.0,207.08,62.625874,-10.0,8.735352,no
33,66,207.0,196.2,52.40229,-6.0,9.516983,no
33,67,200.0,182.24,162.11107,-12.0,6.86969,no
33,68,185.0,173.2,263.41223,-64.0,-2.3078766,yes
33,69,147.0,164.56,99.29753,25.0,-8.171555,yes
33,70,161.0,157.2,118.270874,6.0,-3.2730713,yes
33,71,172.0,154.64,79.05694,-46.0,0.7375183,no
33,72,152.0,155.31999,144.50606,2.0,-3.1484833,yes
33,73,134.0,151.44,54.0,28.0,-8.414337,yes
33,74,128.0,150.44,76.38062,73.0,-8.281189,yes
33,75,153.0,149.2,95.131485,-20.0,-3.2818909,yes
33,76,163.0,153.16,27.89265,-18.0,0.8575134,yes
33,77,158.0,158.44,72.99315,28.0,3.1903687,yes
33,78,199.0,165.12,114.01754,-130.0,6.333069,yes
33,79,185.0,171.04001,63.324562,-15.0,5.775833,no
33,80,176.0,178.84,42.941822,21.0,2.9191742,no
33,81,194.0,182.28,109.59015,-47.0,3.535843,no
33,82,201.0,187.88,79.84986,-16.0,5.75589,no
33,83,199.0,189.96,59.615433,-19.0,6.7913055,no
33,84,204.0,191.76001,29.15476,2.0,7.742752,no
33,85,207.0,193.04001,50.0,-41.0,8.177582,no
33,86,216.0,189.8,88.76936,-77.0,10.154526,no
33,87,206.0,183.40001,98.600204,-13.0,10.086166,no
33,88,192.0,179.92,174.26416,-27.0,3.7525635,no
33,89,172.0,175.44,179.6274,-22.0,-2.8876038,no
33,90,151.0,166.36,65.06919,57.0,-2.617752,no
33,91,173.0,161.36,17.029387,-20.0,0.7921448,yes
33,92,155.0,159.72,146.47867,19.0,-1.6222687,no
33,93,147.0,159.12,79.00633,30.0,-4.7189636,yes
33,94,165.0,159.76,108.41586,-31.0,-2.2987213,no
33,95,182.0,165.84,41.231056,-74.0,0.953537,no
33,96,156.0,174.59999,25.019993,69.0,2.2714386,no
33,97,167.0,177.08,121.630585,73.0,4.843155,no
33,98,197.0,178.16,100.76706,-92.0,3.6989288,no
33,99,154.0,181.6,130.0,84.0,-2.8470764,no
34,0,205.0,188.59999,82.036575,-47.0,6.5635986,no
34,1,191.0,185.59999,115.24756,25.0,5.8500977,no
34,2,192.0,182.28,177.34148,-18.0,3.7571106,no
34,3,187.0,178.32,209.99048,-15.0,0.79411316,no
34,4,188.0,173.32,187.25919,-67.0,-1.5994415,no
34,5,182.0,166.36,137.38268,-84.0,-3.2355194,no
34,6,148.0,159.36,122.06556,67.0,-6.4652405,no
34,7,138.0,156.76,41.303753,42.0,-10.424484,yes
34,8,150.0,160.28,84.38009,8.0,-8.586914,yes
34,9,176.0,161.92,205.4556,-60.0,1.2191467,no
34,10,190.0,167.84,169.14491,-7.0,11.342941,no
34,11,187.0,173.92,69.339745,25.0,13.229828,no
34,12,194.0,176.76,47.539455,-45.0,10.728058,no
34,13,200.0,174.36,162.78821,-49.0,7.5617065,no
34,14,182.0,173.16,306.41476,-44.0,0.36090088,no
34,15,146.0,172.4,303.63794,56.0,-9.420486,no
34,16,118.0,171.59999,154.32434,141.0,-15.197403,yes
34,17,151.0,170.52,99.63935,-2.0,-13.889847,yes
34,18,164.0,172.88,176.64655,-8.0,-10.923523,no
34,19,175.0,178.0,266.85202,-29.0,-7.6485443,no
34,20,187.0,183.8,261.84348,-14.0,-2.7711487,no
34,21,182.0,189.68001,194.42737,46.0,1.6179047,no
34,22,200.0,195.24,136.19104,2.0,4.9122467,no
34,23,198.0,195.84,111.40018,26.0,4.8730164,no
34,24,195.0,195.6,103.32473,20.0,2.9196014,no
34,25,201.0,193.2,86.925255,-14.0,3.4776306,no
34,26,204.0,191.64,95.07891,16.0,6.386368,no
34,27,214.0,189.6,108.25895,-65.0,7.588135,no
34,28,198.0,187.16,146.29422,28.0,5.550598,no
34,29,199.0,183.36,222.2521,-57.0,1.9361572,no
34,30,191.0,180.88,289.3579,-6.0,-0.49401855,no
34,31,198.0,174.92,283.6371,-105.0,-3.1377563,yes
34,32,172.0,169.88,273.0348,-36.0,-10.532013,yes
34,33,116.0,169.2,134.84807,144.0,-19.764816,yes
34,34,136.0,168.88,159.29846,31.0,-18.9702,yes
34,35,159.0,170.36,230.72928,46.0,-8.91333,yes
34,36,192.0,177.68,162.11107,-38.0,0.63183594,no
34,37,213.0,186.31999,55.154327,-82.0,5.3318176,no
34,38,206.0,192.4,12.0,-24.0,5.2491302,no
34,39,206.0,200.52,51.24451,-18.0,4.3451233,no
34,40,214.0,205.32,63.245552,-17.0,5.796585,no
34,41,217.0,207.44,46.173584,-18.0,8.272751,no
34,42,212.0,204.52,51.10773,-11.0,9.777481,no
34,43,196.0,193.44,78.54935,52.0,8.622559,no
34,44,202.0,180.31999,248.21362,-97.0,0.86416626,no
34,45,144.0,172.36,247.8427,65.0,-9.737976,yes
34,46,134.0,164.84,117.68602,86.0,-8.530838,yes
34,47,172.0,154.24,107.00467,-41.0,0.91915894,no
34,48,157.0,153.72,179.6274,25.0,-1.4249268,no
34,49,118.0,161.32,123.911255,103.0,-13.471451,yes
34,50,133.0,167.32,239.6414,65.0,-13.371262,yes
34,51,191.0,174.56,265.09244,-50.0,-1.0920563,no
34,52,204.0,190.6,106.404884,-31.0,5.094391,no
34,53,191.0,206.2,54.644306,66.0,3.747467,no
34,54,210.0,213.28,85.61542,-5.0,3.7821808,no
34,55,208.0,214.12,30.594116,62.0,4.9618073,no
34,56,223.0,214.52,60.41523,-49.0,3.0220032,no
34,57,195.0,213.04,63.953106,74.0,-1.1822052,no
34,58,203.0,208.72,58.549126,3.0,-3.1489716,no
34,59,197.0,205.76,55.027267,42.0,-3.532608,no
34,60,211.0,207.16,34.525352,-45.0,-2.6343079,no
34,61,213.0,208.04,73.00685,-1.0,0.5211334,no
34,62,222.0,208.76,49.57822,-41.0,4.3549805,no
34,63,224.0,210.16,10.198039,-17.0,7.41098,no
34,64,224.0,208.8,40.22437,-44.0,9.117371,no
34,65,212.0,202.08,68.8767,1.0,9.60759,no
34,66,201.0,190.16,126.625435,-12.0,7.2009125,no
34,67,180.0,178.08,232.49947,8.0,-0.21990967,no
34,68,154.0,168.52,246.22348,-19.0,-9.292648,yes
34,69,113.0,158.6,67.95587,183.0,-10.504959,yes
34,70,173.0,153.6,69.641945,-105.0,-5.2257843,yes
34,71,151.0,154.24,137.76791,-1.0,-4.9405823,yes
34,72,139.0,155.36,20.880613,40.0,-6.914749,yes
34,73,142.0,155.64,118.33005,36.0,-5.6520233,yes
34,74,162.0,158.36,143.6802,-57.0,-2.2232666,yes
34,75,151.0,157.4,77.00649,33.0,0.25354004,no
34,76,150.0,159.04,6.3245554,32.0,0.11886597,no
34,77,158.0,160.84,74.84651,-28.0,-0.7243347,yes
34,78,149.0,162.6,146.18481,86.0,-0.15367126,yes
34,79,170.0,166.04,125.63439,-33.0,0.1038208,no
34,80,166.0,174.68,77.83315,32.0,0.4794922,no
34,81,176.0,180.16,74.96666,20.0,2.326416,no
34,82,181.0,185.24,83.95237,8.0,4.251297,no
34,83,182.0,186.44,97.90812,39.0,6.114929,no
34,84,203.0,185.40001,99.60924,-65.0,6.7082825,no
34,85,180.0,183.04001,163.0828,32.0,4.623337,no
34,86,173.0,177.64,183.78792,61.0,3.6015167,no
34,87,192.0,172.56,235.30406,-51.0,1.6781769,no
34,88,175.0,169.8,288.4441,-71.0,-4.616867,no
34,89,138.0,166.40001,109.48972,89.0,-7.4205627,no
34,90,149.0,158.76,126.14278,76.0,-2.6865845,no
34,91,201.0,155.6,92.61749,-199.0,-0.628479,yes
34,92,139.0,155.6,188.82796,55.0,-6.569687,yes
34,93,130.0,156.92,134.23859,81.0,-7.110565,yes
34,94,169.0,160.16,123.49089,-31.0,-0.22158813,no
34,95,161.0,168.4,31.780497,55.0,3.2748566,no
34,96,180.0,176.8,72.40166,-30.0,3.9706116,no
34,97,184.0,177.56,69.52697,-36.0,4.864212,no
34,98,177.0,177.48,63.90618,39.0,2.4359436,no
34,99,167.0,180.64,103.16007,-7.0,-3.9843445,no
35,0,199.0,196.92,33.970577,2.0,6.023773,no
35,1,205.0,194.08,60.464867,-1.0,8.629242,no
35,2,213.0,190.04,72.62231,-48.0,9.399933,no
35,3,199.0,186.64,82.036575,-23.0,7.008667,no
35,4,186.0,180.48,53.66563,-7.0,5.409897,no
35,5,165.0,169.44,103.58572,102.0,4.700638,no
35,6,182.0,160.36,175.72707,-88.0,-0.4346466,yes
35,7,147.0,157.92,148.06079,31.0,-9.145081,yes
35,8,139.0,161.84,106.25441,39.0,-9.446701,yes
35,9,173.0,166.12,274.46677,8.0,3.6611023,no
35,10,214.0,175.95999,88.02273,-83.0,15.779846,no
35,11,201.0,186.72,85.75546,-48.0,16.132385,no
35,12,169.0,191.12,62.625874,151.0,14.143265,no
35,13,210.0,186.44,76.57676,-70.0,15.961075,no
35,14,207.0,181.32,136.68211,-13.0,15.681244,no
35,15,207.0,177.84,292.47906,-82.0,9.992386,no
35,16,178.0,171.6,331.7891,-19.0,2.698761,no
35,17,160.0,164.96,247.13559,45.0,-4.3559113,yes
35,18,132.0,165.32,140.22838,83.0,-14.097641,yes
35,19,133.0,169.72,179.27075,37.0,-19.294312,yes
35,20,148.0,174.44,216.67026,51.0,-14.248154,yes
35,21,177.0,179.44,148.18907,-4.0,-5.8116302,no
35,22,194.0,185.72,119.61605,-29.0,-1.4517822,no
35,23,203.0,185.44,167.869,-85.0,-2.6687927,no
35,24,181.0,184.52,195.34584,21.0,-5.729843,no
35,25,193.0,181.24,239.60384,-62.0,-6.2759094,no
35,26,193.0,179.8,281.30054,-55.0,-5.039276,no
35,27,182.0,177.8,293.20642,1.0,-4.7349243,no
35,28,191.0,177.2,260.72592,-99.0,-6.9764557,no
35,29,148.0,176.08,245.58908,89.0,-12.194824,yes
35,30,140.0,175.59999,201.10196,36.0,-15.679123,yes
35,31,126.0,171.31999,110.535065,144.0,-14.452026,yes
35,32,143.0,169.84,106.30146,62.0,-13.549011,yes
35,33,139.0,171.68,255.04901,63.0,-14.42627,yes
35,34,159.0,174.48,289.4581,43.0,-9.461929,yes
35,35,208.0,178.56,155.87816,-139.0,-0.85983276,no
35,36,186.0,186.92,38.626415,37.0,3.5210114,no
35,37,192.0,195.08,37.363083,16.0,4.208359,no
35,38,182.0,200.2,41.400482,87.0,3.3299103,no
35,39,198.0,204.96,42.426407,23.0,2.7197876,no
35,40,204.0,208.52,26.832815,-2.0,3.353012,no
35,41,205.0,210.24,21.587032,30.0,6.2266693,no
35,42,207.0,205.44,26.41969,18.0,9.410034,no
35,43,215.0,192.52,123.19903,-79.0,7.3796844,no
35,44,168.0,179.84,306.8876,51.0,-4.4309387,no
35,45,127.0,172.6,131.8484,87.0,-15.368988,yes
35,46,149.0,165.56,202.82997,7.0,-9.259766,yes
35,47,187.0,156.04,125.89678,-61.0,3.4499207,no
35,48,182.0,158.0,207.44638,-69.0,0.38710022,no
35,49,140.0,167.08,142.61136,16.0,-12.585373,yes
35,50,141.0,171.48,258.2131,60.0,-12.536362,yes
35,51,183.0,177.88,192.31744,-6.0,-2.4290314,no
35,52,183.0,194.56,41.18252,50.0,1.5163116,no
35,53,201.0,208.68001,136.82104,16.0,2.5622864,no
35,54,235.0,213.68001,91.60786,-93.0,5.5664825,no
35,55,220.0,214.2,46.840153,14.0,6.0451355,no
35,56,221.0,214.88,65.06919,-7.0,2.7740784,no
35,57,216.0,212.64,24.166092,-41.0,-0.46925354,no
35,58,221.0,208.92,59.464275,-33.0,0.30986023,no
35,59,216.0,206.8,84.0595,-27.0,0.6798706,no
35,60,195.0,208.64,53.75872,59.0,-1.3937225,no
35,61,197.0,209.0,41.617306,14.0,-1.4428864,no
35,62,199.0,208.92,82.219215,67.0,1.7294006,no
35,63,224.0,209.72,103.16007,-83.0,4.3501587,no
35,64,198.0,206.87999,103.57606,60.0,6.15361,no
35,65,213.0,196.64,64.899925,-41.0,7.869568,no
35,66,193.0,183.92,211.40483,3.0,3.1610565,no
35,67,173.0,172.59999,290.24127,-74.0,-7.9585266,no
35,68,119.0,162.88,52.40229,143.0,-13.670761,no
35,69,161.0,152.92,146.9966,-72.0,-8.7908325,yes
35,70,162.0,151.6,93.13431,-47.0,-6.002777,yes
35,71,119.0,155.68001,57.982758,119.0,-8.840225,yes
35,72,151.0,158.6,172.19176,-14.0,-5.4319916,yes
35,73,169.0,159.92,170.5579,-20.0,2.5072174,no
35,74,170.0,161.96,129.09686,8.0,6.756714,yes
35,75,172.0,160.2,118.473625,-24.0,5.8528595,no
35,76,160.0,157.88,104.20173,2.0,0.9542389,no
35,77,147.0,156.84,41.761227,28.0,-4.4024506,yes
35,78,155.0,157.64,52.63079,-33.0,-6.5349426,yes
35,79,147.0,162.2,94.76286,55.0,-5.188141,yes
35,80,174.0,169.64,118.473625,-43.0,-0.96624756,no
35,81,183.0,175.76,49.09175,-33.0,3.3911743,no
35,82,173.0,178.84,57.00877,49.0,6.08284,no
35,83,184.0,177.24,7.071068,3.0,6.427902,no
35,84,181.0,174.2,147.62791,-12.0,2.0471497,no
35,85,169.0,170.8,199.52945,-10.0,-4.657593,no
35,86,165.0,165.2,199.20341,-31.0,-8.4028015,no
35,87,163.0,163.04,200.38463,-57.0,-10.3437805,no
35,88,107.0,163.2,53.90733,216.0,-11.274673,yes
35,89,145.0,160.72,161.20795,33.0,-6.1810455,yes
35,90,182.0,153.59999,17.20465,-125.0,-1.835968,yes
35,91,144.0,151.36,258.99036,43.0,-7.1621704,yes
35,92,125.0,153.64,121.597694,42.0,-13.188339,yes
35,93,146.0,154.04,218.21548,13.0,-7.3876038,no
35,94,189.0,157.96,91.76056,-101.0,2.281601,no
35,95,168.0,167.24,29.15476,31.0,5.0708313,no
35,96,189.0,174.8,64.56005,-46.0,6.3039856,no
35,97,176.0,172.8,22.803509,55.0,7.468033,no
35,98,199.0,172.96,57.706154,-97.0,5.2270813,no
35,99,163.0,175.8,95.707886,56.0,-0.10498047,no
36,0,189.0,202.31999,48.76474,55.0,2.9648895,no
36,1,216.0,200.44,56.920998,-68.0,6.6422424,no
36,2,208.0,198.2,67.06713,-7.0,8.000198,no
36,3,187.0,196.52,94.53042,39.0,6.090088,no
36,4,185.0,190.12,28.635643,33.0,7.0260925,no
36,5,212.0,177.31999,53.25411,-127.0,8.976486,no
36,6,180.0,165.44,204.21558,6.0,2.0628204,yes
36,7,160.0,162.2,220.51303,-77.0,-10.983551,yes
36,8,125.0,164.04,123.709335,96.0,-12.987259,yes
36,9,171.0,168.31999,321.624,-12.0,1.9012756,no
36,10,209.0,178.4,91.26884,-63.0,15.417923,no
36,11,186.0,190.76,38.418747,72.0,16.262024,no
36,12,222.0,193.92,37.94733,-148.0,14.874863,no
36,13,194.0,189.6,35.35534,67.0,16.614944,no
36,14,216.0,185.12001,84.723076,-58.0,18.670166,no
36,15,215.0,181.12001,105.11898,-56.0,18.101898,no
36,16,208.0,172.32,43.931767,-39.0,15.017746,no
36,17,224.0,162.72,170.14111,-205.0,6.7137604,no
36,18,154.0,160.52,282.88867,22.0,-9.260696,yes
36,19,114.0,163.84,97.128784,128.0,-19.688797,yes
36,20,146.0,168.64,215.67569,31.0,-14.927444,yes
36,21,180.0,176.28,111.5706,-51.0,-5.969986,yes
36,22,167.0,183.64,65.06919,53.0,-4.5180664,yes
36,23,154.0,185.16,123.49089,66.0,-9.47229,yes
36,24,154.0,182.88,130.14607,21.0,-14.850418,yes
36,25,135.0,179.48,154.53802,94.0,-18.042908,yes
36,26,138.0,176.64,154.01299,53.0,-18.542511,yes
36,27,131.0,176.24,115.10864,99.0,-17.506851,yes
36,28,137.0,174.52,69.354164,80.0,-16.684067,yes
36,29,151.0,173.68001,56.568542,-21.0,-17.402863,yes
36,30,131.0,173.68001,160.03125,112.0,-17.084732,yes
36,31,167.0,172.6,242.98972,-26.0,-11.634781,yes
36,32,197.0,173.08,184.22812,-96.0,-5.1486664,yes
36,33,201.0,177.64,148.27676,-99.0,-1.7708282,no
36,34,196.0,182.68,133.45412,-37.0,1.4262085,no
36,35,189.0,188.2,59.615433,42.0,3.9238586,no
36,36,189.0,194.31999,51.78803,30.0,3.6231384,no
36,37,203.0,200.72,67.00746,-10.0,2.9170227,no
36,38,219.0,204.12,82.32861,-75.0,3.281723,no
36,39,223.0,207.08,57.428215,-59.0,3.4917908,no
36,40,197.0,208.76,29.15476,69.0,3.116928,no
36,41,222.0,210.52,62.03225,-69.0,6.464386,no
36,42,214.0,203.6,41.109608,12.0,11.365128,no
36,43,210.0,188.72,176.55594,-18.0,8.481155,no
36,44,179.0,177.28,325.1861,-42.0,-5.9060974,no
36,45,134.0,171.4,75.059975,54.0,-16.250473,yes
36,46,155.0,162.8,217.27863,1.0,-7.7268066,yes
36,47,184.0,154.2,90.35486,-33.0,4.7016144,no
36,48,175.0,158.68,194.61244,-28.0,0.3386383,no
36,49,135.0,167.52,56.32051,81.0,-11.230133,yes
36,50,168.0,170.88,264.56,-13.0,-8.880035,yes
36,51,211.0,178.08,153.39491,-102.0,0.45213318,no
36,52,194.0,195.76,74.84651,36.0,2.6940308,no
36,53,211.0,208.48,124.723694,-25.0,3.5531769,no
36,54,216.0,212.88,64.28063,43.0,6.6328278,no
36,55,230.0,213.16,25.806976,-51.0,6.5901337,no
36,56,218.0,214.32,95.63472,-15.0,2.2028503,no
36,57,186.0,211.92,37.01351,118.0,-1.5941772,no
36,58,216.0,209.08,87.72685,-32.0,0.13841248,no
36,59,224.0,206.6,47.010635,-49.0,2.1864014,no
36,60,215.0,208.92,63.134777,-40.0,0.94418335,no
36,61,195.0,209.04,80.36168,74.0,0.5949249,no
36,62,220.0,208.52,36.05551,-79.0,2.0192108,no
36,63,192.0,209.56,72.8011,70.0,2.2746735,no
36,64,191.0,205.76,29.15476,38.0,4.266617,no
36,65,208.0,193.48,41.109608,-43.0,6.757065,no
36,66,188.0,180.04,277.21832,-37.0,-0.080093384,no
36,67,126.0,168.52,238.9184,120.0,-12.381119,no
36,68,131.0,156.96,113.03982,44.0,-13.377731,yes
36,69,178.0,148.68001,86.023254,-119.0,-5.518753,yes
36,70,148.0,150.8,134.53624,33.0,-4.9665375,yes
36,71,131.0,157.96,94.02127,61.0,-7.0497284,yes
36,72,163.0,163.68,242.83739,-4.0,0.42643738,yes
36,73,193.0,166.72,114.01754,-57.0,10.434036,yes
36,74,185.0,167.92,65.192024,-14.0,12.854202,yes
36,75,183.0,163.68,82.764725,-30.0,8.431885,no
36,76,173.0,157.08,165.92166,-73.0,-0.26417542,no
36,77,143.0,152.4,110.20889,20.0,-8.149673,yes
36,78,144.0,152.56,66.70832,-3.0,-10.048798,yes
36,79,144.0,156.92,92.34717,25.0,-6.3685913,yes
36,80,157.0,163.88,111.11256,44.0,0.09669495,no
36,81,176.0,170.28,73.82411,-7.0,5.634506,no
36,82,193.0,170.88,68.41052,-48.0,8.572968,no
36,83,203.0,168.24,140.35669,-116.0,5.2364807,no
36,84,156.0,164.76,256.22256,32.0,-5.631607,no
36,85,140.0,162.64,197.02284,4.0,-15.053299,no
36,86,124.0,159.04,126.06348,79.0,-17.560745,yes
36,87,131.0,161.68,37.12142,67.0,-14.740021,yes
36,88,161.0,163.68,172.9046,-64.0,-7.024338,yes
36,89,186.0,161.04,143.08739,-92.0,2.0560913,no
36,90,165.0,154.0,206.24257,-13.0,-0.2657776,yes
36,91,111.0,152.8,210.03809,104.0,-12.969162,yes
36,92,113.0,154.92,119.104996,62.0,-16.454468,yes
36,93,153.0,154.88,241.91321,-22.0,-5.3361664,no
36,94,172.0,160.6,38.078865,2.0,4.038086,no
36,95,164.0,171.16,89.106674,20.0,3.8261566,no
36,96,186.0,175.96,137.87675,-62.0,4.184067,no
36,97,187.0,172.40001,85.44004,-28.0,6.6736755,no
36,98,183.0,172.0,71.021126,1.0,5.740814,no
36,99,179.0,172.8,50.990196,-25.0,2.2061157,no
37,0,207.0,203.36,46.043457,-31.0,2.1812592,no
37,1,194.0,201.28,15.6205,64.0,3.7455902,no
37,2,209.0,199.44,43.266617,-45.0,4.5975037,no
37,3,195.0,198.0,62.177166,3.0,4.8473663,no
37,4,188.0,191.08,62.433964,23.0,8.2565,no
37,5,191.0,178.0,71.063354,23.0,10.135986,no
37,6,172.0,165.68,288.891,-34.0,0.14808655,yes
37,7,111.0,161.28,193.82982,154.0,-14.527679,yes
37,8,126.0,160.88,164.04877,27.0,-14.658157,yes
37,9,165.0,164.08,302.66153,24.0,1.4508972,no
37,10,202.0,171.44,71.17584,-54.0,14.351471,no
37,11,184.0,180.96,43.931767,46.0,14.636581,no
37,12,191.0,183.16,97.25225,9.0,11.309814,no
37,13,195.0,181.0,142.39381,-25.0,9.668762,no
37,14,190.0,179.56,195.35097,-22.0,8.906372,no
37,15,173.0,178.0,208.06248,51.0,8.975479,no
37,16,176.0,171.28,211.68373,15.0,8.692856,no
37,17,169.0,163.08,233.55513,36.0,3.2623901,yes
37,18,168.0,160.88,175.4195,-57.0,-7.671829,yes
37,19,151.0,162.48,96.26006,-13.0,-13.068939,yes
37,20,173.0,167.68,251.2051,-22.0,-6.056244,no
37,21,179.0,176.0,182.01648,44.0,2.2604675,no
37,22,193.0,184.0,215.74522,-54.0,2.6155243,yes
37,23,158.0,185.44,268.16785,119.0,-3.1490784,yes
37,24,167.0,181.76,248.90962,-11.0,-9.457764,yes
37,25,149.0,177.48,251.26878,60.0,-13.78949,yes
37,26,146.0,175.0,244.2949,63.0,-14.92366,no
37,27,166.0,174.04,235.93643,-42.0,-12.8502655,no
37,28,155.0,172.48,252.99011,48.0,-9.544159,no
37,29,167.0,172.64,270.7656,34.0,-6.602005,no
37,30,178.0,174.8,219.51309,-23.0,-5.247513,no
37,31,188.0,177.52,100.20978,-51.0,-2.8732147,no
37,32,181.0,181.56,54.405884,24.0,1.2014008,no
37,33,173.0,187.2,67.89698,111.0,4.469284,no
37,34,198.0,192.44,55.00909,-12.0,5.634262,no
37,35,205.0,195.16,41.761227,-29.0,4.8409424,no
37,36,208.0,197.8,52.3259,-31.0,3.419754,no
37,37,202.0,201.28,18.0,7.0,2.2147827,no
37,38,193.0,204.08,62.1289,73.0,2.5031128,no
37,39,219.0,206.6,29.732138,-43.0,3.8360596,no
37,40,208.0,209.64,38.078865,6.0,4.130249,no
37,41,203.0,211.76,46.06517,54.0,7.100113,no
37,42,229.0,202.6,40.718548,-84.0,12.549347,no
37,43,214.0,186.88,199.42416,-41.0,9.637482,no
37,44,162.0,177.76,324.1543,45.0,-5.521332,no
37,45,129.0,171.36,38.910152,70.0,-14.700317,yes
37,46,154.0,162.28,220.07726,30.0,-5.6410675,yes
37,47,186.0,157.0,27.018513,-48.0,3.455307,no
37,48,171.0,164.4,201.79198,-36.0,-3.7637177,no
37,49,138.0,172.76,27.784887,62.0,-13.552185,yes
37,50,172.0,177.72,265.01697,-17.0,-8.237061,yes
37,51,197.0,185.04,140.35669,9.0,2.0989685,no
37,52,207.0,202.16,30.0,-17.0,4.1488953,no
37,53,208.0,212.88,75.059975,20.0,3.5229797,no
37,54,231.0,216.0,57.706154,-68.0,5.6022034,no
37,55,215.0,216.12,20.880613,48.0,5.8250732,no
37,56,220.0,217.0,79.30952,-18.0,2.0467072,no
37,57,212.0,214.92,55.7315,-43.0,-2.2001953,no
37,58,201.0,211.0,39.59798,26.0,-1.9313507,no
37,59,200.0,207.6,51.78803,43.0,0.63523865,no
37,60,206.0,208.36,26.41969,15.0,2.2819977,no
37,61,222.0,207.28,30.594116,-62.0,4.301132,no
37,62,215.0,204.04,48.166378,-6.0,5.408066,no
37,63,203.0,204.84,56.586216,2.0,5.390747,no
37,64,204.0,199.28,87.93179,-6.0,8.299347,no
37,65,197.0,186.8,94.02127,37.0,9.49794,no
37,66,188.0,173.88,290.06207,-63.0,0.4961853,no
37,67,132.0,164.32,163.8658,78.0,-10.712997,yes
37,68,145.0,151.2,101.07423,-3.0,-10.798401,yes
37,69,153.0,146.40001,59.07622,8.0,-6.352051,no
37,70,154.0,151.48,25.96151,-31.0,-5.5467987,no
37,71,155.0,160.12,147.2481,17.0,-2.2571106,yes
37,72,173.0,166.88,178.13478,9.0,6.4153748,yes
37,73,198.0,172.68001,48.8467,-59.0,13.77504,no
37,74,180.0,173.04001,85.28775,29.0,13.385773,no
37,75,172.0,165.88,160.03125,-28.0,5.6295166,no
37,76,133.0,158.28,182.01648,90.0,-5.2689514,no
37,77,128.0,151.56,63.007935,24.0,-12.241425,yes
37,78,131.0,150.96,82.0975,46.0,-10.817825,yes
37,79,153.0,153.8,141.06027,1.0,-3.7559052,yes
37,80,178.0,160.72,81.3019,-67.0,3.0667267,no
37,81,164.0,164.68001,24.698177,45.0,5.949951,no
37,82,172.0,163.04001,118.016945,-8.0,5.076996,no
37,83,163.0,159.6,236.38104,7.0,-2.3287964,no
37,84,132.0,158.40001,163.9329,23.0,-13.356689,yes
37,85,115.0,156.52,107.82393,127.0,-16.788208,yes
37,86,139.0,156.24,236.00847,12.0,-12.570297,yes
37,87,143.0,163.28,241.6278,51.0,-5.53862,no
37,88,156.0,167.0,206.71236,56.0,4.317093,no
37,89,181.0,159.88,73.00685,-9.0,10.91333,no
37,90,168.0,154.12,255.73814,-34.0,3.427597,yes
37,91,126.0,153.76,181.1077,39.0,-10.329071,yes
37,92,125.0,154.31999,188.85445,46.0,-10.719971,no
37,93,159.0,154.12,245.63794,2.0,1.6072388,no
37,94,184.0,163.12,89.050545,-61.0,8.608948,no
37,95,150.0,172.12,107.78683,76.0,4.515106,no
37,96,142.0,173.76,79.762146,110.0,2.0019379,no
37,97,175.0,169.72,52.40229,-11.0,3.9831543,no
37,98,168.0,168.24,110.45361,9.0,2.2201233,no
37,99,166.0,167.92,132.67253,-7.0,-1.3446198,no
38,0,207.0,204.24,13.038404,-6.0,2.2561646,no
38,1,208.0,202.16,22.803509,-33.0,2.6108398,no
38,2,194.0,200.12,26.305893,42.0,3.1746979,no
38,3,199.0,199.4,10.198039,-8.0,5.232498,no
38,4,204.0,190.72,16.124516,-21.0,9.594635,no
38,5,215.0,177.0,129.80756,-110.0,9.717361,no
38,6,172.0,164.64,273.2398,-13.0,-1.2984772,yes
38,7,140.0,158.12,142.86357,-6.0,-13.3954315,yes
38,8,130.0,152.76,165.84933,78.0,-12.050766,yes
38,9,185.0,154.44,208.80614,-97.0,0.054275513,no
38,10,196.0,160.92,182.23611,-59.0,8.177948,no
38,11,203.0,168.0,188.55768,-100.0,6.5914,no
38,12,172.0,170.4,227.70595,15.0,0.28475952,no
38,13,180.0,170.16,257.99225,-73.0,-3.8988037,no
38,14,154.0,170.16,212.60762,50.0,-5.0872345,yes
38,15,162.0,169.2,130.54501,-7.0,-3.109314,yes
38,16,169.0,165.28,77.89737,-27.0,-1.8327179,yes
38,17,144.0,161.44,119.0042,50.0,-6.1869965,yes
38,18,141.0,164.08,65.802734,26.0,-11.336716,yes
38,19,136.0,168.6,155.26108,104.0,-8.728973,yes
38,20,194.0,174.52,214.97906,-67.0,1.9498749,no
38,21,214.0,182.68001,91.3017,-81.0,10.228989,no
38,22,214.0,188.76,76.15773,-6.0,12.076996,no
38,23,237.0,187.76,133.77592,-187.0,9.135925,no
38,24,196.0,182.44,158.61903,26.0,4.165924,no
38,25,208.0,179.08,165.13025,-95.0,0.2538147,no
38,26,194.0,175.68,140.29256,-57.0,-1.599289,no
38,27,190.0,175.68,146.7515,-4.0,0.17401123,no
38,28,198.0,176.4,154.33081,-27.0,3.4466095,no
38,29,218.0,179.24,105.53672,-116.0,5.335846,no
38,30,203.0,183.4,80.65978,-49.0,3.5682373,no
38,31,175.0,189.31999,55.226807,75.0,1.4726868,no
38,32,190.0,193.4,147.10541,29.0,4.186661,no
38,33,223.0,195.59999,139.46326,-108.0,7.840744,no
38,34,206.0,199.12,75.073296,7.0,6.4178925,no
38,35,196.0,199.76,37.336308,19.0,2.2636719,no
38,36,205.0,201.76,72.12489,-12.0,0.26885986,no
38,37,211.0,204.31999,33.526108,-51.0,0.18241882,no
38,38,205.0,208.08,47.853943,11.0,1.7727356,no
38,39,209.0,210.8,59.05929,18.0,4.3220825,no
38,40,219.0,212.32,41.617306,-25.0,5.9956665,no
38,41,207.0,210.28,30.463093,2.0,7.9624023,no
38,42,201.0,198.28,41.880783,60.0,11.876831,no
38,43,214.0,183.08,191.04973,-53.0,8.744095,no
38,44,171.0,174.96,322.2235,-21.0,-5.655655,yes
38,45,136.0,169.32,45.276924,68.0,-12.097122,yes
38,46,176.0,161.68001,187.88295,-45.0,-2.7810974,yes
38,47,187.0,160.6,59.48109,-76.0,1.5410156,no
38,48,149.0,170.92,162.63457,64.0,-8.037918,no
38,49,136.0,179.0,84.0595,61.0,-14.873291,yes
38,50,168.0,185.48,293.4621,41.0,-6.5743713,yes
38,51,207.0,194.44,193.66982,-24.0,4.558609,no
38,52,212.0,209.04,79.81228,2.0,5.825699,no
38,53,203.0,216.48,31.780497,28.0,3.02063,no
38,54,217.0,217.8,75.059975,21.0,4.44783,no
38,55,227.0,215.84,23.323807,-36.0,5.878769,no
38,56,217.0,213.95999,70.68239,4.0,3.3879852,no
38,57,198.0,211.68,74.323616,59.0,-0.69189453,no
38,58,202.0,207.72,48.8467,11.0,-1.278122,no
38,59,212.0,204.92,46.173584,-21.0,1.0496674,no
38,60,202.0,205.31999,21.954498,19.0,2.5924988,no
38,61,210.0,203.48,76.96753,-13.0,4.687134,no
38,62,209.0,200.0,53.851646,0.0,6.3523865,no
38,63,203.0,198.44,40.718548,18.0,7.6085663,no
38,64,219.0,191.8,60.74537,-62.0,11.146194,no
38,65,225.0,179.76,172.62677,-118.0,10.694855,no
38,66,172.0,170.12,264.56,10.0,1.0974426,yes
38,67,147.0,158.96,61.204575,38.0,-7.4399414,yes
38,68,161.0,148.36,29.732138,-67.0,-10.104233,no
38,69,143.0,147.36,134.20134,-9.0,-12.25412,no
38,70,129.0,154.32,156.72269,76.0,-9.960419,yes
38,71,179.0,163.12,210.26175,-72.0,0.26776123,yes
38,72,185.0,172.72,59.682495,-7.0,9.284882,yes
38,73,187.0,177.36,36.769554,-4.0,12.982056,no
38,74,194.0,173.2,76.655075,-50.0,11.54541,no
38,75,164.0,163.96,179.80545,22.0,3.2034607,no
38,76,149.0,155.68,143.58969,-17.0,-7.229965,no
38,77,129.0,148.12,63.560993,46.0,-12.114029,yes
38,78,145.0,147.64,109.59015,-11.0,-8.870926,yes
38,79,160.0,150.72,109.041275,-19.0,-1.994873,yes
38,80,171.0,157.16,68.8767,-12.0,2.7559204,yes
38,81,175.0,158.72,79.05694,-64.0,2.5841827,no
38,82,160.0,156.88,108.23123,21.0,-2.0632324,no
38,83,152.0,155.52,186.25252,-47.0,-11.07399,yes
38,84,117.0,157.56,33.526108,121.0,-15.902206,yes
38,85,176.0,157.12,247.30952,-133.0,-8.328506,yes
38,86,186.0,162.04001,209.31316,-37.0,2.5181274,no
38,87,197.0,169.56,173.00288,-85.0,9.320877,no
38,88,195.0,169.12001,121.33425,-25.0,14.890305,no
38,89,205.0,158.36,81.608826,-104.0,15.501663,no
38,90,166.0,152.8,251.56311,13.0,5.3186646,yes
38,91,139.0,148.84,86.0,-5.0,-5.400543,yes
38,92,148.0,147.56,181.06905,6.0,-1.8695526,no
38,93,176.0,149.12,164.71187,-30.0,9.570801,no
38,94,194.0,158.0,11.045361,-64.0,14.262695,no
38,95,186.0,165.95999,107.07007,-60.0,9.76413,no
38,96,167.0,166.23999,77.25283,24.0,5.5460663,no
38,97,192.0,163.31999,31.400637,-105.0,3.8553772,no
38,98,157.0,161.8,141.17365,17.0,-1.5771179,no
38,99,144.0,161.24,71.063354,43.0,-6.567734,no
39,0,200.0,203.52,13.928389,16.0,1.8472595,no
39,1,204.0,202.64,21.023796,3.0,3.1934814,no
39,2,202.0,199.72,57.428215,0.0,4.564438,no
39,3,195.0,196.16,37.94733,17.0,6.141632,no
39,4,193.0,187.16,60.166435,-3.0,8.151749,no
39,5,183.0,172.64,194.13913,13.0,5.5750275,no
39,6,148.0,160.08,234.252,46.0,-4.606552,yes
39,7,141.0,152.96,54.405884,4.0,-12.560211,yes
39,8,147.0,148.28,72.34639,-23.0,-12.103073,yes
39,9,152.0,151.04,198.49434,-20.0,-8.78595,no
39,10,135.0,157.28,310.09677,82.0,-7.76503,no
39,11,160.0,163.64,281.51376,-50.0,-9.4339905,yes
39,12,129.0,164.95999,196.06122,75.0,-13.606949,yes
39,13,126.0,164.08,91.00549,91.0,-15.187393,yes
39,14,134.0,161.84,32.526913,49.0,-13.107407,yes
39,15,145.0,158.95999,70.21396,38.0,-9.19577,yes
39,16,167.0,154.72,83.57033,-71.0,-7.749176,yes
39,17,147.0,155.28,80.622574,4.0,-11.13887,yes
39,18,142.0,162.76,98.40732,26.0,-11.639633,yes
39,19,162.0,170.72,257.938,11.0,-3.2959442,no
39,20,186.0,181.6,173.92528,17.0,7.2553406,no
39,21,188.0,191.52,36.05551,62.0,11.3992,no
39,22,206.0,196.96,85.90693,-38.0,11.266113,no
39,23,193.0,195.76,81.706795,80.0,9.882446,no
39,24,198.0,192.08,45.453274,-10.0,7.5815277,no
39,25,198.0,190.12,65.39113,-10.0,5.061203,no
39,26,175.0,187.96,24.04163,73.0,3.1546478,no
39,27,198.0,188.08,51.78803,-23.0,4.2229156,no
39,28,202.0,189.28,64.49806,-48.0,5.1664124,no
39,29,188.0,190.92,85.158676,46.0,4.8884125,no
39,30,192.0,192.0,39.446167,22.0,3.247467,no
39,31,194.0,195.48,51.40039,-16.0,2.1522522,no
39,32,210.0,198.0,116.38728,-28.0,5.5333405,no
39,33,215.0,198.2,24.698177,-9.0,8.119843,no
39,34,214.0,200.64,109.252,-50.0,4.318695,no
39,35,187.0,201.44,51.40039,42.0,-1.7861481,no
39,36,193.0,202.8,32.80244,1.0,-3.6722412,no
39,37,181.0,203.92,83.198555,108.0,-1.206665,no
39,38,218.0,207.36,83.546394,-44.0,3.130844,no
39,39,211.0,208.8,25.298222,24.0,6.006119,no
39,40,227.0,210.28,2.0,-64.0,8.115601,no
39,41,207.0,206.68001,64.49806,44.0,9.635651,no
39,42,214.0,192.96,74.793045,-44.0,9.683746,no
39,43,217.0,178.44,292.06165,-129.0,2.3562927,no
39,44,151.0,171.92,304.33206,33.0,-10.97966,yes
39,45,136.0,164.8,149.45903,68.0,-11.486328,yes
39,46,182.0,158.52,149.45233,-62.0,-0.52897644,yes
39,47,161.0,163.36,93.60555,77.0,0.48812866,no
39,48,166.0,174.08,106.404884,-41.0,-7.7964783,yes
39,49,150.0,182.08,237.39418,90.0,-8.946793,yes
39,50,198.0,191.32,318.60007,-17.0,1.3620453,no
39,51,227.0,201.76,141.53445,-50.0,10.045944,no
39,52,233.0,213.32,69.29646,-70.0,8.821838,no
39,53,203.0,217.64,53.08484,75.0,4.3321075,no
39,54,228.0,217.84,74.323616,-47.0,4.6714325,no
39,55,223.0,215.64,11.045361,17.0,6.100189,no
39,56,227.0,213.0,61.204575,-35.0,4.335312,no
39,57,220.0,209.28,95.60335,-46.0,0.34483337,no
39,58,208.0,204.72,69.12308,-13.0,-1.0164948,no
39,59,223.0,201.68,57.706154,-75.0,1.1576385,no
39,60,199.0,199.56,58.30952,24.0,2.0592957,no
39,61,194.0,198.04,47.010635,45.0,2.6769867,no
39,62,208.0,194.36,126.53063,-55.0,3.0233612,no
39,63,199.0,193.8,174.38463,-45.0,3.0494995,no
39,64,182.0,187.04001,200.4894,58.0,5.12825,no
39,65,194.0,177.56,220.84384,-71.0,4.9375153,no
39,66,138.0,168.16,152.4336,148.0,-0.9444885,yes
39,67,161.0,158.2,41.01219,-57.0,-6.7095795,yes
39,68,142.0,150.68,171.54008,9.0,-13.271942,no
39,69,120.0,153.0,88.50989,18.0,-18.532272,no
39,70,116.0,160.52,249.14655,132.0,-11.994476,yes
39,71,175.0,169.52,236.54597,-17.0,2.491333,yes
39,72,194.0,178.64,21.400934,-64.0,10.347656,no
39,73,167.0,179.64,13.341664,97.0,11.00444,no
39,74,195.0,170.04,79.61156,-79.0,8.36676,no
39,75,163.0,158.88,195.4789,13.0,-0.30400085,no
39,76,153.0,150.48,123.49089,-38.0,-9.7343445,no
39,77,140.0,145.04,27.784887,0.0,-12.212936,yes
39,78,149.0,147.8,59.008472,-1.0,-8.599899,yes
39,79,152.0,153.6,70.93659,-7.0,-4.4471893,yes
39,80,159.0,158.8,77.781746,-14.0,-2.189392,yes
39,81,141.0,157.4,80.523285,83.0,-3.796875,yes
39,82,162.0,154.92,120.241425,-83.0,-9.3909,yes
39,83,121.0,153.84,92.64988,86.0,-16.148941,yes
39,84,129.0,158.8,190.76688,37.0,-13.208008,yes
39,85,153.0,162.95999,284.9035,93.0,0.94992065,no
39,86,195.0,171.92,67.95587,-48.0,12.153137,no
39,87,179.0,177.88,47.853943,42.0,14.83493,no
39,88,197.0,172.96,129.28264,-60.0,14.810486,no
39,89,174.0,159.96,256.285,9.0,9.571472,no
39,90,165.0,151.16,308.62274,-95.0,-1.4983826,no
39,91,111.0,144.16,138.36185,120.0,-7.5969086,yes
39,92,158.0,143.0,216.81328,-64.0,-0.645813,yes
39,93,173.0,145.72,175.32826,-63.0,8.527603,no
39,94,166.0,152.84,206.51877,12.0,11.09169,no
39,95,173.0,159.92,165.14842,-24.0,8.84668,no
39,96,172.0,161.72,119.104996,-40.0,6.2701263,no
39,97,164.0,158.48,116.01724,10.0,3.1558838,no
39,98,141.0,157.24,109.77249,57.0,-3.1873932,no
39,99,152.0,157.68,27.018513,-33.0,-7.898178,no
40,0,205.0,204.16,8.485281,-2.0,2.0551453,no
40,1,209.0,202.84,19.79899,-14.0,4.189438,no
40,2,215.0,199.88,24.41311,-50.0,6.509674,no
40,3,203.0,195.0,84.0119,-16.0,7.0146484,no
40,4,187.0,183.48,98.478424,15.0,5.3347015,no
40,5,189.0,170.16,171.0263,-88.0,0.08843994,no
40,6,142.0,159.0,184.14125,56.0,-9.095367,yes
40,7,133.0,153.28,41.880783,21.0,-14.851578,yes
40,8,142.0,149.2,46.69047,-35.0,-14.960785,yes
40,9,121.0,154.04,33.105892,73.0,-15.174667,yes
40,10,114.0,159.64,106.47065,93.0,-15.6545105,yes
40,11,123.0,165.0,151.16878,102.0,-14.486755,yes
40,12,133.0,165.0,195.0282,56.0,-13.393799,yes
40,13,152.0,164.64,206.32014,-6.0,-11.371643,yes
40,14,160.0,161.12,138.0145,-32.0,-9.3862915,yes
40,15,155.0,156.88,56.938564,-19.0,-8.937973,yes
40,16,136.0,150.08,56.462376,70.0,-11.010223,yes
40,17,139.0,151.84,47.434166,9.0,-14.237457,yes
40,18,144.0,161.08,164.3046,35.0,-10.822693,yes
40,19,195.0,170.04,270.7656,-82.0,2.1782074,yes
40,20,217.0,182.28,124.45079,-67.0,12.414978,no
40,21,208.0,195.88,81.00617,-25.0,11.807236,no
40,22,191.0,201.08,22.135944,66.0,7.2809296,no
40,23,211.0,199.48,28.635643,-86.0,4.847412,no
40,24,195.0,197.36,14.142136,29.0,4.2048645,no
40,25,201.0,195.96,48.166378,-32.0,3.717743,no
40,26,183.0,193.32,74.672615,56.0,3.2282867,no
40,27,202.0,194.08,38.209946,-47.0,2.988327,no
40,28,176.0,195.16,47.010635,79.0,1.0746765,no
40,29,186.0,196.36,64.07808,24.0,0.6026459,no
40,30,205.0,197.88,50.990196,-55.0,1.485199,no
40,31,183.0,201.08,33.970577,89.0,1.8831635,no
40,32,213.0,202.40001,62.801273,-62.0,3.5767212,no
40,33,204.0,201.52,65.51336,6.0,3.9038544,no
40,34,198.0,202.28,47.539455,18.0,0.91104126,no
40,35,187.0,202.48001,55.027267,49.0,-2.753891,no
40,36,200.0,202.96,75.643906,-6.0,-3.0554047,no
40,37,210.0,204.08,88.23831,-25.0,0.1804657,no
40,38,231.0,207.92,45.276924,-84.0,3.9551086,no
40,39,214.0,210.04,69.641945,-11.0,5.766464,no
40,40,207.0,209.64,53.235325,49.0,8.382553,no
40,41,224.0,202.92,55.713554,-90.0,10.46286,no
40,42,187.0,187.96,187.00267,63.0,5.7565155,no
40,43,160.0,175.48,361.32257,27.0,-8.234451,no
40,44,113.0,168.6,156.33937,111.0,-19.240036,yes
40,45,143.0,161.68001,260.37665,36.0,-11.991653,yes
40,46,193.0,159.04,91.26884,-83.0,-0.08854675,no
40,47,186.0,167.48,116.73046,-81.0,-1.3633881,no
40,48,163.0,177.32,65.51336,39.0,-5.8536224,yes
40,49,190.0,186.32,257.2353,-4.0,-0.56832886,yes
40,50,230.0,196.96,181.1077,-102.0,9.201462,no
40,51,220.0,207.28,33.105892,29.0,13.133209,no
40,52,220.0,216.24,29.12044,21.0,10.094162,no
40,53,223.0,219.16,21.540659,-25.0,5.912445,no
40,54,222.0,218.24,30.0,8.0,4.37146,no
40,55,227.0,215.08,87.93179,-56.0,3.6159515,no
40,56,213.0,212.64,79.64923,14.0,2.115219,no
40,57,201.0,208.52,105.62197,14.0,-0.96650696,no
40,58,174.0,204.64,48.373547,119.0,-3.031952,no
40,59,198.0,200.76,101.00495,-4.0,-1.9080353,no
40,60,201.0,198.52,117.68602,-39.0,-0.40771484,no
40,61,204.0,194.56,88.60023,-64.0,0.58862305,no
40,62,175.0,189.8,104.73777,52.0,-0.37828064,no
40,63,158.0,187.08,90.90655,108.0,-2.2371063,no
40,64,174.0,180.44,79.762146,-44.0,-1.5502625,no
40,65,160.0,172.24,32.80244,83.0,0.62464905,yes
40,66,173.0,165.04,78.60026,-62.0,-0.34786987,yes
40,67,160.0,157.6,107.563934,-19.0,-5.660553,no
40,68,135.0,152.2,152.97058,-4.0,-13.764374,no
40,69,97.0,156.92,207.54759,208.0,-15.378433,yes
40,70,172.0,164.76,365.96176,-82.0,-3.9680634,yes
40,71,194.0,172.16,175.23698,-46.0,9.058533,yes
40,72,185.0,180.31999,78.91768,40.0,13.339478,no
40,73,189.0,180.04,74.96666,-23.0,11.017639,no
40,74,177.0,168.96,144.20125,-7.0,4.131195,no
40,75,153.0,158.92,243.60625,-7.0,-7.923218,no
40,76,122.0,154.6,146.18481,51.0,-17.512726,yes
40,77,129.0,151.92,128.80994,39.0,-16.10913,yes
40,78,158.0,156.8,65.9242,-69.0,-9.185898,yes
40,79,133.0,164.48,106.0,112.0,-4.1747284,yes
40,80,158.0,166.95999,138.10141,9.0,-1.6755676,yes
40,81,151.0,162.4,121.82774,13.0,-4.696579,yes
40,82,143.0,159.6,111.31936,22.0,-11.934967,yes
40,83,127.0,159.68001,70.837845,55.0,-15.309082,no
40,84,162.0,164.32,275.48138,-15.0,-6.2693787,no
40,85,205.0,171.0,225.01555,-103.0,8.554047,no
40,86,214.0,180.44,70.38466,-91.0,16.041138,no
40,87,169.0,182.52,86.55634,104.0,14.979797,no
40,88,180.0,172.68,112.00893,-20.0,10.627029,no
40,89,138.0,155.96,273.22153,79.0,0.36720276,no
40,90,114.0,144.08,210.64188,50.0,-11.322784,no
40,91,102.0,134.76,93.05912,80.0,-13.672218,yes
40,92,136.0,132.96,176.7088,-47.0,-6.500763,yes
40,93,129.0,137.36,193.13208,41.0,0.31710815,no
40,94,136.0,146.84,141.06027,47.0,3.0621338,no
40,95,144.0,154.08,119.331474,6.0,3.197235,no
40,96,144.0,157.28,94.40339,59.0,3.9624481,no
40,97,161.0,155.52,17.029387,-28.0,4.1559296,no
40,98,148.0,154.44,99.08582,28.0,0.48866272,no
40,99,138.0,154.24,52.34501,37.0,-4.03656,no
41,0,204.0,205.12,14.764823,-10.0,2.659668,no
41,1,198.0,202.36,10.770329,31.0,4.8144684,no
41,2,196.0,197.56,26.076809,29.0,6.9429626,no
41,3,199.0,190.08,88.29496,-15.0,6.4435577,no
41,4,178.0,177.24,163.19313,9.0,1.5623932,no
41,5,156.0,164.24,173.92528,47.0,-6.111725,no
41,6,154.0,156.0,144.45068,-61.0,-13.689392,yes
41,7,128.0,151.31999,15.297058,40.0,-16.332993,yes
41,8,132.0,149.36,153.68799,61.0,-12.83493,yes
41,9,149.0,155.24,236.2541,18.0,-8.886078,no
41,10,170.0,161.36,275.85504,-54.0,-5.8488007,no
41,11,187.0,166.24,274.5542,-78.0,-1.9983368,no
41,12,184.0,169.2,263.37045,-36.0,1.1926422,yes
41,13,183.0,170.28,212.04245,-15.0,2.2208862,yes
41,14,167.0,167.72,148.9228,18.0,-0.7750397,no
41,15,160.0,162.08,96.04166,-5.0,-5.8844604,no
41,16,153.0,154.16,89.005615,-25.0,-11.632202,yes
41,17,138.0,154.52,58.0,16.0,-17.066132,yes
41,18,135.0,163.0,174.04022,40.0,-14.27005,yes
41,19,175.0,170.84,317.23807,16.0,0.19042969,yes
41,20,212.0,183.4,118.06778,-41.0,11.629013,no
41,21,211.0,195.2,74.20242,-38.0,10.686264,no
41,22,205.0,198.48,40.718548,-40.0,5.1800537,no
41,23,179.0,195.4,27.45906,104.0,1.1945801,no
41,24,199.0,192.56,60.016663,-42.0,-0.46974182,no
41,25,196.0,190.52,70.21396,-4.0,-0.103378296,no
41,26,210.0,189.72,51.088158,-70.0,1.4165192,no
41,27,204.0,190.72,40.496914,-25.0,1.3144379,no
41,28,193.0,193.08,28.635643,-3.0,-0.454422,no
41,29,199.0,196.64,65.863495,-13.0,0.13943481,no
41,30,204.0,198.48,46.75468,-7.0,2.4099426,no
41,31,209.0,200.52,60.033325,-38.0,3.17305,no
41,32,193.0,202.92,37.202152,58.0,1.9729462,no
41,33,196.0,202.2,4.472136,19.0,0.4872589,no
41,34,205.0,201.36,15.6205,-13.0,-0.3887787,no
41,35,212.0,201.88,17.720045,-56.0,-1.2700043,no
41,36,204.0,203.84,28.460499,-5.0,-0.84243774,no
41,37,203.0,204.84,29.732138,18.0,1.1651764,no
41,38,198.0,207.68,48.373547,37.0,2.7919464,no
41,39,196.0,209.36,19.79899,62.0,4.833359,no
41,40,212.0,208.0,14.56022,-31.0,8.647018,no
41,41,205.0,197.88,34.669872,37.0,11.176514,no
41,42,213.0,182.12,240.29982,-112.0,4.2735443,no
41,43,150.0,171.92,346.02313,24.0,-12.651321,yes
41,44,109.0,164.76,82.219215,127.0,-20.285889,yes
41,45,166.0,158.48,240.14995,-53.0,-10.237137,yes
41,46,178.0,160.6,76.15773,-57.0,-2.9169617,no
41,47,146.0,172.84,83.23461,89.0,-5.971237,no
41,48,149.0,183.12,182.01099,116.0,-5.5992584,yes
41,49,213.0,193.16,201.89601,-103.0,2.8459625,yes
41,50,210.0,203.36,98.48858,37.0,9.849579,no
41,51,232.0,212.4,49.517673,-55.0,11.218216,no
41,52,225.0,217.8,14.21267,-10.0,8.878784,no
41,53,222.0,218.2,4.0,2.0,6.284668,no
41,54,218.0,217.08,66.1211,-6.0,3.5633392,no
41,55,194.0,215.31999,47.201694,90.0,0.89811707,no
41,56,211.0,213.28,21.587032,-13.0,0.6302948,no
41,57,211.0,208.76,53.814495,-27.0,0.96391296,no
41,58,208.0,205.44,97.90812,-35.0,0.3578186,no
41,59,190.0,199.96,77.93587,-3.0,-0.60920715,no
41,60,164.0,194.36,13.341664,135.0,0.24746704,no
41,61,182.0,186.4,21.954498,16.0,1.996933,no
41,62,182.0,180.24,69.065186,18.0,1.3600159,no
41,63,192.0,174.76,96.540146,-113.0,-1.437149,no
41,64,152.0,168.12,32.80244,104.0,-2.1595154,no
41,65,182.0,161.84,48.414875,-89.0,0.49757385,yes
41,66,172.0,156.2,79.25907,-18.0,0.39260864,yes
41,67,152.0,152.31999,111.75867,7.0,-5.044922,no
41,68,137.0,152.56,115.00435,68.0,-9.270569,yes
41,69,169.0,159.12,241.93387,-67.0,-4.9417114,yes
41,70,199.0,167.24,179.67192,-92.0,5.730057,yes
41,71,198.0,175.16,51.24451,-6.0,13.536163,no
41,72,203.0,180.88,10.0,-30.0,14.774216,no
41,73,204.0,176.84,103.94229,-87.0,10.428665,no
41,74,164.0,166.12,180.54362,47.0,0.43740845,no
41,75,143.0,158.44,223.10983,0.0,-13.587662,yes
41,76,104.0,157.44,66.287254,115.0,-21.514603,yes
41,77,135.0,158.16,261.4001,23.0,-14.715805,yes
41,78,152.0,165.0,269.83328,69.0,-2.3195953,yes
41,79,176.0,172.40001,293.4621,0.0,6.2442017,yes
41,80,198.0,172.44,250.032,-73.0,8.902939,yes
41,81,175.0,165.52,239.42014,12.0,2.592331,yes
41,82,154.0,163.28,186.81541,-7.0,-8.212097,yes
41,83,137.0,163.56,143.28294,66.0,-10.499832,yes
41,84,172.0,168.8,205.54805,-9.0,-0.5478058,no
41,85,188.0,176.08,106.826965,-3.0,10.160049,no
41,86,196.0,184.84,87.13208,1.0,15.028366,no
41,87,207.0,182.04,46.173584,-79.0,15.3810425,no
41,88,196.0,169.4,163.0276,-68.0,10.686081,no
41,89,163.0,150.36,316.1582,-73.0,-1.5812836,no
41,90,101.0,136.08,186.7833,106.0,-14.47625,no
41,91,127.0,123.880005,117.27745,-127.0,-17.301476,yes
41,92,108.0,121.12,141.20906,36.0,-12.086937,yes
41,93,112.0,124.36,151.43315,52.0,-5.016815,yes
41,94,152.0,133.84,79.924965,-100.0,0.46644592,no
41,95,129.0,140.8,46.69047,68.0,2.2857819,no
41,96,158.0,147.36,99.458534,-54.0,4.8762817,no
41,97,160.0,148.36,61.351448,6.0,7.823456,no
41,98,180.0,149.72,39.849716,-106.0,6.9477386,no
41,99,151.0,150.76001,84.723076,15.0,2.7946472,no
42,0,199.0,203.84,39.623226,30.0,5.033554,no
42,1,214.0,200.28,43.56604,-46.0,7.107254,no
42,2,201.0,194.04001,64.03124,16.0,7.1949463,no
42,3,204.0,184.68001,129.79985,-70.0,3.716034,no
42,4,179.0,172.72,180.94199,-24.0,-3.5139923,no
42,5,150.0,162.96,145.7738,16.0,-12.012146,yes
42,6,129.0,157.72,54.33231,64.0,-16.790924,yes
42,7,133.0,155.2,127.310646,55.0,-14.234299,yes
42,8,170.0,157.36,192.66551,-53.0,-6.7016296,no
42,9,191.0,164.8,111.83023,-102.0,-0.77742004,no
42,10,176.0,172.12,97.94897,36.0,3.2195587,no
42,11,193.0,178.56,97.94897,-12.0,7.8671265,no
42,12,197.0,183.56,93.64828,8.0,11.67363,no
42,13,214.0,184.40001,122.702896,-84.0,12.011505,no
42,14,183.0,180.40001,206.64946,19.0,6.4691467,no
42,15,160.0,172.44,165.32393,44.0,-1.2450104,no
42,16,153.0,161.24,149.90663,32.0,-8.92746,no
42,17,141.0,158.92,136.30847,-8.0,-17.524796,yes
42,18,123.0,166.28,118.0,100.0,-18.253891,yes
42,19,174.0,174.32,300.67258,-37.0,-5.504532,yes
42,20,204.0,186.16,109.252,-48.0,6.8350983,no
42,21,181.0,197.72,4.472136,97.0,8.451233,no
42,22,199.0,200.56,40.04997,15.0,5.2078094,no
42,23,205.0,195.2,87.965904,-65.0,-0.23423767,no
42,24,184.0,192.72,93.38094,7.0,-5.930847,no
42,25,170.0,190.08,108.34205,65.0,-7.666733,no
42,26,187.0,189.92,130.91983,-13.0,-5.431473,no
42,27,186.0,191.92,84.40379,17.0,-3.1186523,no
42,28,190.0,196.16,41.761227,19.0,-1.3926697,no
42,29,200.0,198.2,28.284271,-18.0,0.6278534,no
42,30,196.0,199.48,58.0,43.0,2.9784393,no
42,31,218.0,200.44,5.656854,-46.0,3.7776794,no
42,32,212.0,201.88,60.827625,-48.0,1.2672577,no
42,33,201.0,201.36,14.142136,1.0,-0.5999603,no
42,34,201.0,201.16,12.649111,10.0,-0.5454712,no
42,35,196.0,203.28,30.0,27.0,-0.9835663,no
42,36,196.0,204.68001,50.358715,33.0,-0.029312134,no
42,37,218.0,205.56,43.081318,-57.0,2.7662354,no
42,38,199.0,206.44,64.12488,57.0,4.753479,no
42,39,222.0,206.36,41.59327,-72.0,7.4371033,no
42,40,209.0,200.92,47.010635,6.0,10.126129,no
42,41,208.0,189.0,81.41253,-30.0,10.437012,no
42,42,198.0,173.92,253.06126,-46.0,2.7792664,no
42,43,142.0,166.36,261.09384,53.0,-11.282349,yes
42,44,134.0,159.56,155.59563,50.0,-14.371002,yes
42,45,181.0,157.48,105.00476,-100.0,-6.664612,no
42,46,150.0,163.8,51.24451,71.0,-5.076721,no
42,47,160.0,178.23999,132.96616,31.0,-6.3403473,yes
42,48,190.0,187.23999,217.62354,-58.0,-2.0789795,yes
42,49,200.0,197.44,121.20231,19.0,4.3807983,no
42,50,202.0,204.95999,50.635956,37.0,6.8996887,no
42,51,218.0,212.72,69.641945,-13.0,6.181427,no
42,52,216.0,215.48,82.38932,2.0,4.8560944,no
42,53,224.0,215.16,57.271286,-15.0,5.0134277,no
42,54,228.0,213.32,59.22837,-54.0,4.2081146,no
42,55,210.0,212.76,41.01219,8.0,2.3708038,no
42,56,213.0,209.96,34.058773,-20.0,3.308609,no
42,57,197.0,203.6,44.65423,78.0,6.4613953,no
42,58,222.0,199.68,81.63332,-72.0,7.9967194,no
42,59,187.0,193.31999,92.800865,73.0,6.588852,no
42,60,218.0,186.0,64.56005,-125.0,6.490631,no
42,61,194.0,176.72,83.48653,-12.0,5.2715454,no
42,62,197.0,172.64,178.71765,-102.0,1.6478271,no
42,63,163.0,166.76,177.09885,26.0,-1.8802338,yes
42,64,164.0,162.48,71.17584,-23.0,-1.9396362,yes
42,65,155.0,157.36,85.51023,45.0,-1.3430939,yes
42,66,163.0,155.12001,149.00336,-50.0,-4.4340057,no
42,67,146.0,154.16,107.33126,24.0,-9.032944,no
42,68,160.0,159.2,127.13772,-59.0,-7.83696,yes
42,69,176.0,166.04001,151.00331,-34.0,0.33732605,no
42,70,165.0,175.16,63.1981,106.0,7.7549286,no
42,71,190.0,181.12,68.60029,-20.0,10.741211,no
42,72,195.0,182.84,119.507324,-36.0,9.610519,no
42,73,173.0,174.68,137.00365,47.0,4.7123413,no
42,74,179.0,164.72,130.29198,-62.0,-3.4561157,no
42,75,151.0,159.76,170.79227,-9.0,-13.938019,no
42,76,131.0,161.36,180.2942,70.0,-16.545105,yes
42,77,178.0,165.36,314.08597,-57.0,-5.3699646,yes
42,78,208.0,175.23999,248.06854,-79.0,9.062225,no
42,79,221.0,183.31999,139.78555,-73.0,17.318985,no
42,80,210.0,180.4,77.201035,-14.0,16.779495,no
42,81,209.0,172.68,203.12065,-117.0,6.9445343,no
42,82,154.0,168.76,164.43843,59.0,-5.7294464,yes
42,83,161.0,168.32,136.68211,-11.0,-7.1536865,yes
42,84,192.0,171.24,153.44705,-71.0,2.3514252,yes
42,85,176.0,179.28,66.75328,60.0,9.814117,no
42,86,176.0,185.31999,52.34501,62.0,13.24324,no
42,87,188.0,179.76,53.14132,0.0,14.677109,no
42,88,166.0,164.08,188.60011,40.0,10.596252,no
42,89,144.0,144.36,263.22995,13.0,0.12307739,no
42,90,106.0,126.24,237.76038,19.0,-12.0002365,no
42,91,70.0,112.520004,65.802734,147.0,-17.749557,yes
42,92,93.0,108.880005,95.71834,11.0,-14.85125,yes
42,93,111.0,110.08,176.7088,-23.0,-7.077034,yes
42,94,131.0,117.840004,136.12494,-12.0,-0.0096206665,no
42,95,130.0,125.72,93.05912,4.0,2.4604034,no
42,96,145.0,135.0,123.84668,-16.0,4.4992523,no
42,97,147.0,138.40001,132.8834,3.0,7.2465363,no
42,98,155.0,142.8,102.0784,7.0,8.041504,no
42,99,150.0,146.64,85.8021,-6.0,5.6203156,no
43,0,209.0,201.92,18.973665,-14.0,8.0215,no
43,1,212.0,196.44,60.033325,-20.0,8.344467,no
43,2,206.0,190.44,162.60997,-68.0,4.5869904,no
43,3,167.0,181.72,173.00288,72.0,-2.3051758,no
43,4,160.0,172.2,144.40222,17.0,-9.204849,yes
43,5,152.0,165.64,78.40918,-17.0,-14.424942,yes
43,6,143.0,165.08,135.56548,34.0,-14.150391,yes
43,7,160.0,166.2,228.82744,3.0,-7.947876,no
43,8,171.0,172.04001,109.12378,10.0,-2.0503845,no
43,9,167.0,180.2,32.55764,52.0,0.4003601,no
43,10,186.0,188.48,118.270874,-8.0,3.9747162,no
43,11,200.0,194.08,113.137085,0.0,9.3558655,no
43,12,205.0,197.08,69.339745,0.0,13.219177,no
43,13,209.0,195.8,43.011627,8.0,14.125381,no
43,14,210.0,191.76,140.42792,-55.0,10.646393,no
43,15,188.0,183.4,156.98407,5.0,4.886566,no
43,16,190.0,171.56,192.35384,-90.0,-2.4583282,no
43,17,142.0,165.92,206.81392,79.0,-12.959595,no
43,18,142.0,170.64,94.62558,3.0,-17.447098,yes
43,19,157.0,175.88,260.49185,55.0,-8.02034,yes
43,20,201.0,185.08,158.15182,-26.0,5.328415,no
43,21,207.0,195.2,94.02127,-13.0,10.12352,no
43,22,220.0,200.76,57.77543,-66.0,7.566437,no
43,23,193.0,195.95999,141.00354,16.0,-0.033477783,no
43,24,169.0,194.68,94.02127,70.0,-8.387985,no
43,25,178.0,192.56,28.319605,-39.0,-11.3853,no
43,26,169.0,193.88,65.06919,78.0,-8.636246,no
43,27,180.0,195.84,97.94897,27.0,-4.2188416,no
43,28,200.0,199.44,93.50936,-14.0,0.123031616,no
43,29,197.0,200.8,51.088158,23.0,2.0525208,no
43,30,205.0,200.31999,26.076809,-12.0,2.1387787,no
43,31,209.0,200.76,76.02631,-35.0,0.54273987,no
43,32,188.0,201.8,73.53911,55.0,-2.0755005,no
43,33,196.0,203.04,55.443665,22.0,-1.4094238,no
43,34,212.0,202.12,29.12044,-41.0,0.46194458,no
43,35,202.0,205.68,49.517673,5.0,0.08934021,no
43,36,199.0,205.0,48.270073,24.0,0.9384918,no
43,37,217.0,204.12,38.418747,-35.0,4.256607,no
43,38,215.0,202.44,47.26521,-38.0,6.9980927,no
43,39,212.0,199.64,59.48109,-9.0,9.20163,no
43,40,200.0,192.48,114.69089,8.0,9.107147,no
43,41,190.0,182.0,181.20706,6.0,5.3434143,no
43,42,183.0,170.4,251.60684,-73.0,-2.603485,yes
43,43,139.0,164.88,99.32774,71.0,-9.893692,yes
43,44,154.0,159.76,141.06027,-10.0,-8.041397,yes
43,45,174.0,159.68,20.0,-37.0,-3.4675446,no
43,46,152.0,167.48,35.468296,60.0,-4.1349487,yes
43,47,185.0,181.12,178.8463,-51.0,-2.1832886,yes
43,48,193.0,189.2,140.89003,19.0,3.5661469,yes
43,49,214.0,200.04,71.021126,-33.0,7.222061,no
43,50,217.0,206.88,4.2426405,-41.0,5.9150696,no
43,51,209.0,212.24,58.60034,6.0,2.084549,no
43,52,199.0,212.8,82.764725,33.0,0.05532837,no
43,53,215.0,211.2,89.106674,-24.0,2.5454865,no
43,54,206.0,208.96,28.84441,57.0,4.874222,no
43,55,213.0,207.8,44.04543,-13.0,4.7283173,no
43,56,214.0,206.52,38.052597,-20.0,6.0825806,no
43,57,220.0,198.95999,46.69047,-39.0,10.1454315,no
43,58,224.0,194.4,117.66053,-70.0,11.826874,no
43,59,191.0,185.0,125.09996,23.0,9.35112,no
43,60,202.0,178.08,186.07526,-62.0,6.4830627,no
43,61,167.0,168.56,259.69983,10.0,1.1604614,no
43,62,147.0,165.84,190.7092,52.0,-3.4621582,no
43,63,125.0,160.88,59.07622,124.0,-3.515091,yes
43,64,163.0,159.04001,65.29931,-22.0,-0.4436798,yes
43,65,156.0,155.16,116.06895,-22.0,-3.182602,yes
43,66,129.0,154.84,99.48869,74.0,-10.613403,no
43,67,133.0,158.16,40.0,-2.0,-13.863266,yes
43,68,122.0,165.8,184.56976,160.0,-8.039429,no
43,69,176.0,173.95999,202.58826,-9.0,2.906021,no
43,70,201.0,182.36,76.941536,-84.0,8.753159,no
43,71,182.0,184.36,25.059929,23.0,7.676346,no
43,72,178.0,181.31999,92.47703,17.0,3.2232208,no
43,73,161.0,173.2,76.837494,28.0,-2.784729,no
43,74,166.0,167.36,86.09297,-11.0,-8.379868,no
43,75,142.0,166.12,53.851646,51.0,-13.033356,yes
43,76,161.0,171.64,203.2978,-11.0,-9.471802,yes
43,77,181.0,179.6,205.76686,22.0,1.9419861,no
43,78,202.0,190.32,120.06665,0.0,12.594818,no
43,79,217.0,195.4,25.495098,-37.0,17.574936,no
43,80,198.0,189.92,115.948265,28.0,14.296448,no
43,81,180.0,181.52,215.41588,22.0,3.0922852,no
43,82,151.0,175.12,142.12671,33.0,-8.619797,no
43,83,150.0,171.6,121.07848,54.0,-9.064606,no
43,84,188.0,173.0,187.88295,-57.0,0.89445496,yes
43,85,208.0,180.48,57.567352,-73.0,10.236069,no
43,86,206.0,183.88,22.090721,-57.0,14.643036,no
43,87,203.0,177.28,88.02273,-53.0,15.100281,no
43,88,176.0,161.6,212.13203,-19.0,10.088425,no
43,89,154.0,141.36,195.47379,-47.0,1.7519226,no
43,90,128.0,119.76,223.29353,-26.0,-7.433655,no
43,91,101.0,105.52,134.95184,-33.0,-14.814453,yes
43,92,94.0,100.479996,53.25411,-25.0,-14.988167,no
43,93,85.0,100.92,135.41788,84.0,-8.96402,yes
43,94,119.0,107.44,155.18376,-50.0,-3.581192,yes
43,95,119.0,116.84,188.29764,-16.0,-2.4289093,no
43,96,129.0,127.2,199.24858,-24.0,-1.5288696,no
43,97,131.0,132.4,183.19934,3.0,1.5949097,no
43,98,150.0,138.44,110.535065,-40.0,4.912979,no
43,99,138.0,144.04,64.40497,23.0,4.9279175,no
44,0,202.0,198.4,27.018513,4.0,9.457901,no
44,1,199.0,191.72,90.55385,0.0,6.886963,no
44,2,176.0,186.2,173.99425,50.0,-0.3915558,no
44,3,170.0,180.0,74.094536,-26.0,-7.0668488,no
44,4,159.0,172.84,99.32774,22.0,-9.156906,yes
44,5,138.0,171.8,187.06683,126.0,-8.883041,yes
44,6,165.0,175.4,206.3056,17.0,-5.509674,no
44,7,196.0,179.16,162.43152,-85.0,0.021362305,no
44,8,197.0,184.32,139.03236,-41.0,2.8176727,no
44,9,172.0,191.0,166.97305,84.0,2.6777496,no
44,10,193.0,195.92,154.25304,21.0,4.7947845,no
44,11,216.0,199.56,50.77401,-58.0,8.054932,no
44,12,214.0,200.8,21.587032,-19.0,9.709778,no
44,13,215.0,199.95999,35.44009,-35.0,10.240311,no
44,14,205.0,197.8,47.26521,6.0,9.743423,no
44,15,197.0,191.31999,72.18033,-1.0,8.492081,no
44,16,187.0,179.64,154.46683,24.0,4.561371,no
44,17,174.0,172.64,229.1026,-21.0,-4.862152,no
44,18,149.0,174.6,123.36936,59.0,-12.433609,yes
44,19,166.0,177.64,213.26509,8.0,-7.273819,yes
44,20,210.0,184.84,201.20139,-57.0,5.7290497,no
44,21,213.0,195.16,24.698177,-7.0,11.30545,no
44,22,215.0,200.8,83.48653,-50.0,7.7728424,no
44,23,194.0,197.23999,70.45566,27.0,1.507721,no
44,24,191.0,195.88,162.82506,-12.0,-3.9706879,no
44,25,165.0,193.59999,152.97058,119.0,-5.710602,no
44,26,209.0,195.2,160.46184,-92.0,-2.3927612,no
44,27,192.0,197.16,115.767006,47.0,1.4454346,no
44,28,219.0,200.4,76.41989,-72.0,4.566208,no
44,29,206.0,201.68,44.94441,12.0,4.1825867,no
44,30,206.0,202.16,40.22437,-34.0,0.7267914,no
44,31,190.0,202.16,78.81624,46.0,-3.4159546,no
44,32,190.0,203.68001,38.600517,-3.0,-4.7975616,no
44,33,205.0,204.4,109.56277,-5.0,-0.5295563,no
44,34,208.0,204.12,46.043457,7.0,3.1099548,no
44,35,206.0,206.84,46.75468,6.0,2.8754425,no
44,36,205.0,204.8,5.8309517,-14.0,2.7278595,no
44,37,201.0,202.31999,39.293766,19.0,4.2721863,no
44,38,194.0,197.64,75.28612,38.0,5.6888275,no
44,39,202.0,192.0,101.84302,-17.0,6.3584137,no
44,40,197.0,182.64,158.4929,-40.0,4.0059357,no
44,41,175.0,173.59999,225.05554,-25.0,-2.105667,yes
44,42,132.0,164.8,138.62178,119.0,-7.980713,yes
44,43,148.0,161.04,62.03225,-1.0,-7.75325,yes
44,44,159.0,158.31999,92.28217,12.0,-3.311798,no
44,45,172.0,163.0,9.486833,-38.0,-1.7508545,no
44,46,159.0,172.52,69.641945,39.0,-2.0992432,yes
44,47,184.0,184.16,164.3472,0.0,2.0135498,yes
44,48,202.0,193.6,133.52153,-17.0,7.9382477,no
44,49,213.0,203.6,65.06919,-3.0,10.467377,no
44,50,202.0,206.72,45.607018,52.0,7.5761414,no
44,51,208.0,209.12,60.876926,-22.0,2.2817383,no
44,52,189.0,209.64,5.8309517,65.0,-0.49414062,no
44,53,207.0,208.64,82.0,2.0,2.5262299,no
44,54,225.0,205.72,37.94733,-70.0,5.8640747,no
44,55,209.0,203.64,104.73777,-21.0,4.948944,no
44,56,190.0,201.04,115.73245,62.0,4.3941803,no
44,57,206.0,191.96,149.56604,-48.0,7.156769,no
44,58,193.0,185.32,188.80678,22.0,7.9322968,no
44,59,174.0,173.72,199.985,12.0,3.6684265,no
44,60,170.0,166.2,256.91245,-24.0,-2.3659515,no
44,61,135.0,156.88,183.80968,56.0,-7.3096924,no
44,62,151.0,156.76,50.159744,-14.0,-5.014862,yes
44,63,151.0,150.59999,133.00375,25.0,1.6624298,yes
44,64,185.0,152.08,16.124516,-107.0,4.227356,yes
44,65,155.0,152.04,161.30716,-14.0,-3.2403412,no
44,66,138.0,155.56,35.805027,3.0,-11.131317,yes
44,67,133.0,159.48,206.15529,91.0,-9.811844,yes
44,68,179.0,169.12,275.86227,-72.0,-0.6874542,no
44,69,196.0,176.8,167.26027,-38.0,8.618912,no
44,70,197.0,183.12,41.617306,-5.0,11.202332,no
44,71,182.0,180.6,64.07808,34.0,7.3702393,no
44,72,191.0,176.48,119.0042,-69.0,0.24113464,no
44,73,155.0,171.56,84.58132,51.0,-7.7571716,no
44,74,171.0,171.08,12.727922,-67.0,-11.221207,no
44,75,141.0,173.84,159.88121,114.0,-9.200317,yes
44,76,179.0,184.24,284.28857,14.0,-1.0123596,yes
44,77,205.0,194.28,166.8832,-41.0,7.1656647,no
44,78,202.0,203.72,67.424034,24.0,11.488449,no
44,79,210.0,204.48,19.849434,2.0,13.454834,no
44,80,213.0,195.92,123.32072,-48.0,10.029404,no
44,81,184.0,185.76,213.35417,-13.0,-0.6149597,no
44,82,153.0,176.95999,110.0727,44.0,-10.4596405,no
44,83,154.0,172.48,49.819675,-1.0,-10.957428,no
44,84,145.0,173.48,146.32156,128.0,-2.693634,yes
44,85,189.0,180.04,131.3697,-41.0,7.9686127,no
44,86,180.0,180.48,58.549126,66.0,14.046692,no
44,87,189.0,172.6,135.91174,-32.0,13.536316,no
44,88,162.0,156.52,255.33116,-8.0,6.9762115,no
44,89,121.0,134.24,216.78099,84.0,-1.1830597,no
44,90,125.0,112.88,224.9311,-81.0,-8.652573,yes
44,91,79.0,100.16,209.72363,59.0,-15.600761,yes
44,92,72.0,94.24,97.16995,44.0,-16.089943,no
44,93,100.0,93.560005,108.40664,-62.0,-10.42733,no
44,94,91.0,99.4,70.71068,27.0,-7.5095673,yes
44,95,82.0,108.200005,105.90562,81.0,-8.779442,yes
44,96,97.0,115.6,128.7012,12.0,-8.481796,yes
44,97,101.0,121.48,164.128,82.0,-3.541153,yes
44,98,136.0,127.28,101.390335,-20.0,2.3403625,no
44,99,137.0,132.2,19.235384,0.0,4.3130646,no
45,0,202.0,191.44,28.635643,-1.0,10.278564,no
45,1,206.0,185.44,137.2953,-58.0,4.4460907,no
45,2,179.0,180.0,186.95454,-36.0,-5.3759613,no
45,3,152.0,175.23999,52.801514,88.0,-8.794998,yes
45,4,190.0,173.04,164.3472,-64.0,-3.0215912,yes
45,5,202.0,177.76,212.60292,-68.0,2.6860504,no
45,6,200.0,185.0,166.43317,-55.0,4.5568695,no
45,7,177.0,189.31999,83.725746,112.0,5.4943085,no
45,8,208.0,194.8,83.546394,-49.0,6.8946533,no
45,9,215.0,198.6,113.88591,-41.0,7.703705,no
45,10,219.0,200.44,61.983868,-60.0,6.9261475,no
45,11,199.0,201.8,60.0,37.0,4.291107,no
45,12,201.0,202.88,90.199776,-6.0,2.4963684,no
45,13,197.0,201.76,75.059975,28.0,3.0805511,no
45,14,204.0,202.76,32.24903,-13.0,5.6224976,no
45,15,207.0,197.28,39.849716,-6.0,9.308304,no
45,16,211.0,187.12,97.8366,-43.0,9.346664,no
45,17,197.0,179.08,180.8867,-41.0,0.90353394,no
45,18,173.0,179.84,113.35784,-38.0,-9.110916,yes
45,19,156.0,180.68,162.30835,86.0,-7.27919,yes
45,20,203.0,186.48,208.47063,-40.0,4.328583,no
45,21,213.0,195.28,34.058773,-40.0,9.2387085,no
45,22,183.0,201.2,50.219517,106.0,5.369293,no
45,23,204.0,198.52,46.69047,-14.0,2.4690857,no
45,24,224.0,196.92,62.609905,-106.0,1.7947235,no
45,25,201.0,195.44,92.64988,11.0,2.2745972,no
45,26,218.0,196.64,62.76942,-45.0,4.694565,no
45,27,207.0,197.56,22.090721,-11.0,5.9311676,no
45,28,206.0,199.44,21.213203,38.0,6.1080475,no
45,29,214.0,199.72,65.14599,-61.0,3.6761627,no
45,30,189.0,200.36,29.832869,72.0,-0.17337036,no
45,31,201.0,200.76,70.724815,-44.0,-2.9836273,no
45,32,174.0,203.72,96.540146,130.0,-2.478241,no
45,33,221.0,205.56,110.0727,-75.0,2.6719513,no
45,34,216.0,206.04,26.41969,-8.0,6.1237793,no
45,35,215.0,207.68,30.364452,-36.0,6.2086334,no
45,36,200.0,205.56,31.241,45.0,6.157135,no
45,37,207.0,200.04,55.226807,-28.0,5.963852,no
45,38,196.0,192.08,98.23441,-13.0,3.8218994,no
45,39,188.0,183.96,189.74721,-20.0,0.03793335,no
45,40,171.0,174.04,231.67218,-16.0,-4.303192,yes
45,41,156.0,164.88,135.79396,11.0,-7.2513275,yes
45,42,141.0,158.44,47.26521,43.0,-6.9753876,yes
45,43,161.0,154.48,99.04544,-11.0,-3.3047638,no
45,44,174.0,155.04,57.706154,-72.0,-2.0473328,no
45,45,158.0,162.4,87.555695,6.0,-3.29599,yes
45,46,167.0,172.2,162.63457,20.0,0.063308716,yes
45,47,190.0,184.68,164.98485,2.0,6.9101105,yes
45,48,201.0,196.16,106.25441,31.0,11.697433,no
45,49,231.0,204.56,36.249138,-88.0,13.044403,no
45,50,222.0,204.92,33.37664,-42.0,10.554062,no
45,51,210.0,205.76,53.851646,11.0,6.4018555,no
45,52,207.0,203.72,32.55764,-32.0,3.7787628,no
45,53,201.0,202.12,46.389652,29.0,5.3368835,no
45,54,208.0,197.28,57.00877,-15.0,6.9249573,no
45,55,187.0,194.72,105.11898,64.0,4.2055206,no
45,56,193.0,191.48,110.45361,-46.0,0.67103577,no
45,57,173.0,182.72,137.81873,56.0,0.5362549,no
45,58,190.0,173.56,167.81537,-76.0,0.5834656,no
45,59,154.0,160.72,217.83022,31.0,-4.762665,no
45,60,145.0,151.04,251.734,-28.0,-12.701736,no
45,61,108.0,141.24,172.0,97.0,-15.537476,yes
45,62,157.0,140.2,227.10791,-86.0,-6.2595367,yes
45,63,168.0,136.64,110.94143,-47.0,4.713043,yes
45,64,164.0,141.64,149.51254,-11.0,4.042282,yes
45,65,127.0,147.4,131.7953,57.0,-5.536911,yes
45,66,138.0,155.2,153.21227,51.0,-7.644989,yes
45,67,173.0,162.44,226.8127,-47.0,-0.15840149,no
45,68,193.0,174.28,144.50606,-32.0,8.26889,no
45,69,194.0,181.68,21.587032,14.0,11.963791,no
45,70,204.0,185.0,58.412327,-58.0,10.583252,no
45,71,192.0,180.6,62.625874,-23.0,5.974884,no
45,72,180.0,175.6,149.46571,-9.0,-2.0432434,no
45,73,148.0,171.64,90.47652,46.0,-10.806122,no
45,74,155.0,175.56,119.54079,50.0,-10.734985,yes
45,75,186.0,180.56,248.4029,-26.0,-1.6185455,yes
45,76,223.0,191.44,200.86314,-91.0,8.296677,no
45,77,217.0,201.16,70.256676,-13.0,11.59288,no
45,78,215.0,208.44,58.549126,-13.0,11.389145,no
45,79,210.0,204.2,63.63961,26.0,11.923447,no
45,80,212.0,194.16,143.33876,-26.0,8.585754,no
45,81,177.0,183.88,218.08255,37.0,-1.6959076,no
45,82,167.0,173.36,73.171036,-17.0,-10.004318,no
45,83,167.0,169.31999,38.600517,-11.0,-9.705429,no
45,84,177.0,172.12,103.788246,-49.0,-2.5397644,yes
45,85,182.0,178.44,117.17508,28.0,7.8040466,yes
45,86,202.0,178.59999,22.36068,-74.0,14.148468,no
45,87,179.0,172.88,163.68874,13.0,11.987976,no
45,88,154.0,155.8,235.09148,-4.0,3.7180176,no
45,89,127.0,131.84,220.84384,-18.0,-5.5298157,no
45,90,91.0,109.72,205.64532,56.0,-13.875053,yes
45,91,77.0,97.96,120.074974,-6.0,-19.208534,yes
45,92,59.0,90.24,78.0,94.0,-16.524582,no
45,93,90.0,89.64,82.37718,-13.0,-9.31459,no
45,94,90.0,93.56,7.071068,14.0,-7.24012,no
45,95,102.0,102.159996,8.246211,-57.0,-9.5396805,yes
45,96,88.0,107.32,97.3242,56.0,-9.633293,yes
45,97,122.0,114.72,140.0,-35.0,-4.653839,yes
45,98,136.0,120.44,101.51847,-57.0,-0.47019196,no
45,99,137.0,126.56,135.20355,-31.0,0.7266083,no
46,0,197.0,182.12,79.51101,-2.0,9.367172,no
46,1,186.0,179.04,237.40683,-37.0,-0.7424164,no
46,2,146.0,176.56,161.72198,73.0,-11.500061,yes
46,3,157.0,175.32,135.32922,18.0,-10.300766,yes
46,4,183.0,177.36,183.61372,10.0,0.17845154,no
46,5,212.0,185.8,71.021126,-74.0,7.6833344,no
46,6,201.0,193.72,15.231546,21.0,8.523148,no
46,7,216.0,198.0,81.25269,-81.0,7.7433777,no
46,8,194.0,202.36,71.21797,90.0,8.362183,no
46,9,220.0,204.40001,41.303753,-53.0,9.373505,no
46,10,209.0,204.32,82.607506,22.0,6.638275,no
46,11,197.0,204.08,86.34813,-3.0,0.2967987,no
46,12,188.0,203.8,16.492422,40.0,-2.855545,no
46,13,196.0,201.96,19.79899,4.0,-1.2934723,no
46,14,194.0,203.6,29.732138,31.0,2.58786,no
46,15,210.0,201.24,70.256676,-30.0,8.509201,no
46,16,210.0,191.88,84.095184,-2.0,10.010941,no
46,17,189.0,183.12,233.829,-30.0,0.2318573,no
46,18,152.0,183.44,105.3945,78.0,-10.886459,yes
46,19,168.0,182.64,169.07394,-9.0,-8.707779,yes
46,20,193.0,185.48,186.52614,25.0,2.8328857,no
46,21,213.0,194.28,18.384777,-39.0,7.2132874,no
46,22,206.0,202.16,34.058773,-37.0,3.35849,no
46,23,201.0,200.8,46.389652,0.0,0.47831726,no
46,24,194.0,201.08,94.76286,36.0,0.4993744,no
46,25,208.0,200.16,78.40918,-26.0,2.708496,no
46,26,210.0,199.88,45.607018,-12.0,4.3112946,no
46,27,201.0,198.92,69.426216,32.0,3.115921,no
46,28,222.0,199.36,122.12289,-112.0,0.76930237,no
46,29,194.0,197.51999,120.54045,36.0,-1.6383514,no
46,30,207.0,199.08,59.682495,-45.0,-1.3583069,no
46,31,207.0,201.31999,76.48529,1.0,0.9485016,no
46,32,214.0,204.2,89.98889,-34.0,3.3997803,no
46,33,214.0,205.6,18.384777,-13.0,5.8092346,no
46,34,212.0,205.92,39.319206,-10.0,7.5523834,no
46,35,202.0,205.48,8.485281,58.0,8.953415,no
46,36,218.0,199.76,24.698177,-63.0,10.236221,no
46,37,203.0,191.52,88.02273,1.0,9.042358,no
46,38,182.0,182.28,160.72336,26.0,2.7994537,no
46,39,163.0,174.28,200.08498,-4.0,-5.8059845,yes
46,40,127.0,164.68001,97.00516,126.0,-10.064392,yes
46,41,148.0,157.92,52.611786,3.0,-6.8983307,yes
46,42,158.0,152.88,41.109608,-1.0,-1.9816589,no
46,43,170.0,148.92,89.005615,-83.0,-2.0175934,no
46,44,146.0,151.88,202.0396,7.0,-7.509674,no
46,45,125.0,159.76,168.29141,104.0,-8.532944,yes
46,46,181.0,168.72,284.0634,-44.0,1.6430969,yes
46,47,210.0,182.56,106.7052,-56.0,11.224915,no
46,48,212.0,194.40001,48.60041,-50.0,13.262787,no
46,49,200.0,198.72,89.27486,55.0,12.310013,no
46,50,203.0,198.52,88.09086,15.0,10.444046,no
46,51,214.0,198.36,66.24198,-41.0,8.425476,no
46,52,196.0,194.96,72.40166,36.0,6.516388,no
46,53,211.0,192.31999,92.021736,-61.0,6.366501,no
46,54,204.0,188.36,96.76776,-22.0,6.0527954,no
46,55,202.0,184.4,121.82774,-57.0,2.523819,no
46,56,176.0,180.44,161.02795,3.0,-3.0233307,no
46,57,159.0,171.84,99.29753,34.0,-5.201645,no
46,58,164.0,162.6,113.17243,-5.0,-5.376465,no
46,59,138.0,149.48,182.0,26.0,-10.485321,yes
46,60,120.0,140.68,182.28,24.0,-18.70137,yes
46,61,92.0,132.72,83.52245,78.0,-22.120407,yes
46,62,115.0,130.96,254.80974,45.0,-14.388321,yes
46,63,153.0,129.44,290.9983,-71.0,-5.08757,yes
46,64,165.0,138.6,230.58621,-141.0,-5.517761,yes
46,65,108.0,147.44,56.568542,156.0,-9.41597,yes
46,66,165.0,158.72,267.8582,-73.0,-3.401352,no
46,67,181.0,168.76,167.26027,5.0,6.8900146,no
46,68,194.0,181.08,52.478565,-8.0,11.826721,no
46,69,197.0,185.95999,31.304953,-36.0,10.898758,no
46,70,175.0,186.56,57.428215,76.0,7.313629,no
46,71,179.0,179.44,56.586216,11.0,2.6968536,no
46,72,180.0,174.8,123.911255,-42.0,-4.4842987,no
46,73,148.0,173.23999,66.573265,64.0,-11.373657,no
46,74,165.0,179.76,194.20093,12.0,-8.106155,yes
46,75,199.0,186.84,245.2305,-20.0,3.9450073,yes
46,76,219.0,198.92,67.54258,-11.0,12.156189,no
46,77,212.0,208.16,32.89377,16.0,11.389648,no
46,78,218.0,214.32,31.144823,-6.0,9.810577,no
46,79,229.0,209.64,18.973665,-62.0,10.875427,no
46,80,222.0,199.92,147.0034,-54.0,8.194962,no
46,81,182.0,187.28,243.05144,9.0,-2.1019745,no
46,82,154.0,174.04,87.72685,41.0,-11.284012,no
46,83,159.0,167.2,78.44743,10.0,-11.97023,no
46,84,165.0,166.92,135.94852,-4.0,-4.771881,yes
46,85,188.0,170.6,150.15326,-24.0,7.390854,yes
46,86,193.0,170.76,23.409399,-2.0,14.785248,no
46,87,184.0,166.4,184.0978,-43.0,11.8980255,no
46,88,144.0,149.28,211.68373,44.0,3.1940155,no
46,89,124.0,125.92,235.66927,4.0,-6.803879,no
46,90,91.0,106.4,242.40462,17.0,-17.292229,yes
46,91,73.0,96.8,80.919716,15.0,-21.738098,yes
46,92,91.0,89.68,142.89856,-71.0,-14.590332,no
46,93,98.0,89.88,83.23461,7.0,-5.2388077,no
46,94,91.0,93.16,35.44009,-5.0,-4.100296,no
46,95,91.0,99.12,18.601076,35.0,-7.4216614,no
46,96,87.0,103.6,89.050545,34.0,-9.078827,no
46,97,128.0,111.840004,111.89281,-99.0,-6.1581345,yes
46,98,92.0,118.880005,52.03845,118.0,-4.5302277,yes
46,99,107.0,126.520004,57.00877,45.0,-4.042671,no
47,0,201.0,176.08,143.22011,-70.0,6.8736877,no
47,1,158.0,175.95999,233.41808,49.0,-5.984909,no
47,2,135.0,174.59999,14.764823,70.0,-14.827438,yes
47,3,165.0,176.28,208.92583,2.0,-8.815796,yes
47,4,183.0,181.68,140.06427,7.0,1.6875,no
47,5,188.0,192.2,40.024994,49.0,6.2794037,no
47,6,197.0,199.08,50.219517,8.0,5.769821,no
47,7,211.0,204.0,72.34639,-21.0,5.6463623,no
47,8,222.0,205.76,23.70654,-66.0,7.058029,no
47,9,209.0,205.84,22.090721,37.0,8.03186,no
47,10,222.0,204.44,64.327286,-66.0,5.5489655,no
47,11,189.0,203.95999,102.61579,70.0,-0.65808105,no
47,12,198.0,201.76,39.39543,-21.0,-3.3356628,no
47,13,209.0,199.92,55.226807,-39.0,-0.53608704,no
47,14,197.0,202.8,48.76474,32.0,3.0794067,no
47,15,199.0,202.96,75.32596,38.0,8.062698,no
47,16,228.0,193.6,84.59315,-121.0,9.679794,no
47,17,167.0,184.48,260.23065,105.0,-0.86790466,no
47,18,156.0,184.64,84.095184,16.0,-12.960144,yes
47,19,162.0,183.2,198.84164,36.0,-10.314697,yes
47,20,213.0,184.04001,169.16855,-95.0,1.7853851,yes
47,21,201.0,193.56,48.414875,3.0,5.5884094,no
47,22,190.0,203.24,17.720045,51.0,2.059967,no
47,23,200.0,203.64,42.426407,-20.0,-0.8917389,no
47,24,179.0,203.72,41.231056,87.0,-1.6903229,no
47,25,201.0,203.92,52.95281,-5.0,0.07637024,no
47,26,201.0,202.6,62.482,4.0,-0.13027954,no
47,27,197.0,201.28,114.90866,-33.0,-3.9978485,no
47,28,175.0,199.48,123.482796,68.0,-7.81279,no
47,29,169.0,198.36,71.40028,75.0,-8.159393,no
47,30,193.0,200.12,93.77633,13.0,-3.928299,no
47,31,207.0,202.52,96.04166,-14.0,2.027481,no
47,32,227.0,204.84,29.732138,-82.0,6.6342316,no
47,33,196.0,205.84,51.009804,85.0,7.79393,no
47,34,206.0,203.04001,26.305893,7.0,8.246597,no
47,35,221.0,200.2,87.28116,-84.0,9.215286,no
47,36,204.0,192.56,124.90797,2.0,9.904495,no
47,37,206.0,182.4,137.20058,-39.0,8.430679,no
47,38,192.0,172.64,229.05894,-78.0,0.90496826,yes
47,39,151.0,166.64,145.83553,37.0,-7.530136,yes
47,40,152.0,159.44,50.119858,-22.0,-7.8058777,yes
47,41,154.0,153.32,102.0686,23.0,-1.250946,yes
47,42,172.0,147.64,55.31727,-84.0,1.4497986,no
47,43,132.0,144.04,191.12823,71.0,-6.0043945,no
47,44,122.0,147.32,128.40561,20.0,-15.256744,yes
47,45,119.0,154.56,225.97787,77.0,-12.40509,yes
47,46,178.0,165.08,296.43213,-22.0,2.2374268,yes
47,47,201.0,179.76,109.63576,-54.0,11.206497,no
47,48,187.0,190.96,123.36936,42.0,11.352402,no
47,49,209.0,193.2,58.0517,-53.0,10.050415,no
47,50,191.0,190.48,123.00407,34.0,7.018982,no
47,51,206.0,187.4,184.87834,-87.0,4.1242676,no
47,52,188.0,183.28,160.82289,7.0,2.4627686,no
47,53,182.0,180.52,157.70859,9.0,1.2919312,no
47,54,173.0,178.76,181.1077,41.0,0.011306763,no
47,55,184.0,175.95999,161.55495,-58.0,-2.4998016,no
47,56,153.0,175.08,104.86182,76.0,-6.1551056,no
47,57,157.0,169.36,10.29563,9.0,-7.227707,no
47,58,164.0,162.24,64.0,-39.0,-6.609497,yes
47,59,140.0,150.48001,138.05072,23.0,-9.801239,yes
47,60,129.0,141.96,171.3301,-16.0,-16.40474,yes
47,61,103.0,131.76001,104.40307,29.0,-21.839806,no
47,62,103.0,127.4,44.20407,9.0,-21.932755,yes
47,63,93.0,126.08,166.37308,81.0,-19.807549,yes
47,64,94.0,135.72,151.182,119.0,-17.611984,yes
47,65,131.0,148.04001,210.7368,-20.0,-11.1983185,yes
47,66,160.0,162.0,244.0082,36.0,0.42982483,no
47,67,197.0,173.92,107.11676,-77.0,9.132858,no
47,68,197.0,184.68,34.0,-21.0,11.007507,no
47,69,189.0,187.52,9.055386,23.0,9.206497,no
47,70,196.0,183.76,62.1289,-41.0,5.92717,no
47,71,180.0,175.88,95.707886,-1.0,0.12765503,no
47,72,171.0,172.36,97.65244,-11.0,-7.2068634,no
47,73,163.0,175.0,24.698177,-5.0,-10.730728,no
47,74,170.0,184.04,187.85632,42.0,-4.8680267,yes
47,75,206.0,192.92,206.28621,-24.0,6.2070923,no
47,76,231.0,205.72,27.856777,-72.0,11.380356,no
47,77,210.0,213.52,31.400637,18.0,8.5142975,no
47,78,210.0,216.76,29.966648,21.0,7.0371246,no
47,79,204.0,211.0,13.928389,61.0,9.064209,no
47,80,211.0,202.84,103.58572,-6.0,8.908447,no
47,81,184.0,189.52,266.10147,31.0,0.8039398,no
47,82,149.0,176.59999,187.84036,85.0,-11.302368,no
47,83,160.0,169.2,116.275536,-82.0,-17.854813,no
47,84,132.0,167.68,188.11166,115.0,-12.46727,yes
47,85,188.0,169.95999,220.9887,-68.0,2.4593353,yes
47,86,196.0,170.84,77.16217,-52.0,12.095947,no
47,87,177.0,167.56,162.56076,-1.0,10.565308,no
47,88,158.0,150.36,177.22867,-29.0,3.3184967,no
47,89,138.0,127.44,240.1333,-47.0,-6.6848297,no
47,90,93.0,109.24,277.14618,-8.0,-18.731987,no
47,91,48.0,99.08,56.462376,121.0,-22.461327,yes
47,92,63.0,91.28,224.00893,139.0,-11.945641,no
47,93,127.0,91.200005,73.4983,-160.0,-1.4528732,no
47,94,80.0,94.200005,62.76942,127.0,-1.6426849,no
47,95,119.0,98.72,50.47772,-132.0,-6.605095,no
47,96,75.0,104.68,22.135944,114.0,-10.543747,no
47,97,112.0,114.44,144.22205,-34.0,-7.9660263,yes
47,98,115.0,124.0,160.18115,36.0,-2.6650238,yes
47,99,137.0,132.96,199.44925,-39.0,0.73109436,yes
48,0,178.0,166.56,128.41339,23.0,4.968689,no
48,1,159.0,169.28,207.17143,-8.0,-7.963043,no
48,2,141.0,169.40001,109.17875,48.0,-13.781799,yes
48,3,187.0,172.88,230.16951,-43.0,-4.618866,yes
48,4,203.0,181.04,90.21086,-51.0,4.589081,no
48,5,209.0,193.72,43.382023,-43.0,6.1127167,no
48,6,196.0,200.16,28.42534,11.0,2.9567566,no
48,7,188.0,203.95999,58.258045,66.0,1.2470245,no
48,8,208.0,203.92,73.756355,-16.0,2.7501984,no
48,9,209.0,204.28,48.76474,7.0,4.277893,no
48,10,215.0,201.72,45.607018,-24.0,3.3220825,no
48,11,209.0,201.8,92.34717,-44.0,-0.5789032,no
48,12,185.0,200.68,20.880613,61.0,-2.4323883,no
48,13,206.0,200.72,73.82411,-3.0,1.0440369,no
48,14,218.0,202.31999,33.01515,-74.0,4.6228027,no
48,15,199.0,201.84,40.496914,36.0,8.251953,no
48,16,215.0,190.8,19.026299,-28.0,10.375977,no
48,17,200.0,181.52,251.43588,-48.0,1.3079529,no
48,18,159.0,181.04001,174.04597,10.0,-12.769043,yes
48,19,147.0,180.24,211.83484,82.0,-12.005692,yes
48,20,201.0,183.04001,194.16487,-44.0,0.98464966,yes
48,21,191.0,194.72,43.266617,57.0,6.0472565,no
48,22,204.0,204.64,52.153618,-23.0,3.9299164,no
48,23,210.0,205.56,64.327286,-22.0,2.5472412,no
48,24,208.0,205.88,91.13726,-14.0,2.113144,no
48,25,211.0,204.96,58.30952,-27.0,1.7136536,no
48,26,200.0,202.96,75.96052,-4.0,-0.9797516,no
48,27,178.0,201.16,86.683334,72.0,-5.5668488,no
48,28,180.0,199.88,125.48307,27.0,-7.8075256,no
48,29,189.0,198.92,148.66069,19.0,-6.2764893,no
48,30,202.0,201.76,55.081757,-46.0,-3.244522,no
48,31,187.0,203.12,68.30813,75.0,1.2129364,no
48,32,209.0,204.31999,61.400326,10.0,6.763138,no
48,33,222.0,201.6,35.468296,-86.0,9.402786,no
48,34,202.0,196.0,61.269894,20.0,8.7300415,no
48,35,188.0,189.0,185.26738,27.0,5.3154907,no
48,36,173.0,181.08,211.02133,28.0,2.4697266,no
48,37,186.0,172.0,217.04378,-53.0,1.278244,no
48,38,151.0,165.64,220.78044,44.0,-3.364441,yes
48,39,134.0,161.12,34.20526,78.0,-6.2079773,yes
48,40,154.0,156.04,80.11242,-2.0,-1.9274597,no
48,41,167.0,149.8,23.537205,-38.0,3.3912659,no
48,42,160.0,143.08,153.3884,-14.0,0.60513306,no
48,43,135.0,137.76,222.3196,-31.0,-11.3684845,yes
48,44,111.0,141.4,47.539455,40.0,-19.421417,yes
48,45,128.0,149.04,267.0468,52.0,-12.404297,yes
48,46,189.0,159.36,221.77917,-121.0,2.5993958,no
48,47,175.0,172.36,39.849716,46.0,10.026855,no
48,48,168.0,182.28,59.093147,94.0,9.878967,no
48,49,205.0,183.24,90.79648,-89.0,7.748993,no
48,50,180.0,178.04,213.5884,-21.0,1.650589,no
48,51,144.0,174.28,204.36243,136.0,-4.6221313,no
48,52,175.0,170.48,222.009,-73.0,-7.060837,no
48,53,165.0,169.68,165.00304,-9.0,-7.4226837,no
48,54,163.0,169.88,82.0975,4.0,-6.935913,no
48,55,150.0,170.76,20.0,81.0,-6.036026,no
48,56,171.0,172.0,68.46897,-32.0,-4.7508087,yes
48,57,161.0,170.76,103.81715,16.0,-3.3720398,yes
48,58,156.0,165.32,129.87686,47.0,-1.6157532,yes
48,59,152.0,156.24,197.6765,14.0,-2.0939026,no
48,60,137.0,145.84,245.60538,27.0,-6.2206573,no
48,61,117.0,134.6,238.83467,49.0,-12.850906,no
48,62,110.0,128.2,159.90622,11.0,-19.9534,yes
48,63,103.0,126.4,72.691124,-7.0,-23.75196,yes
48,64,106.0,135.32,222.73302,50.0,-19.26825,yes
48,65,142.0,149.24,299.1889,19.0,-7.3148804,no
48,66,183.0,164.84,177.09885,-75.0,4.268585,no
48,67,173.0,176.32,56.32051,72.0,8.9891205,no
48,68,187.0,185.72,21.540659,2.0,8.661331,no
48,69,189.0,185.84,24.083189,12.0,7.0562744,no
48,70,199.0,179.92,79.30952,-68.0,4.091461,no
48,71,173.0,170.96,159.154,12.0,-3.2368774,no
48,72,150.0,169.96,101.862656,48.0,-11.730469,no
48,73,158.0,173.96,128.31992,17.0,-11.991821,yes
48,74,188.0,183.88,204.21558,-28.0,-2.4317322,yes
48,75,200.0,194.12,167.63054,30.0,7.730194,no
48,76,217.0,207.16,16.0,3.0,10.214935,no
48,77,205.0,213.0,19.235384,41.0,6.2687225,no
48,78,229.0,215.24,32.24903,-61.0,5.0330505,no
48,79,227.0,211.08,4.0,-48.0,7.656296,no
48,80,228.0,204.76,39.293766,-31.0,10.75061,no
48,81,225.0,191.68001,208.20183,-92.0,7.0150146,no
48,82,183.0,178.08,320.02814,-48.0,-6.8258057,no
48,83,118.0,170.56,175.4138,149.0,-20.204361,no
48,84,130.0,166.52,160.0,40.0,-18.041534,yes
48,85,168.0,168.0,189.52573,0.0,-2.8190308,yes
48,86,174.0,170.2,28.284271,15.0,8.268265,no
48,87,169.0,168.84,106.320274,12.0,9.535492,no
48,88,144.0,153.6,173.92528,55.0,3.9991913,no
48,89,130.0,134.12,244.38084,-6.0,-6.0604553,no
48,90,87.0,118.12,255.03333,73.0,-17.144905,no
48,91,84.0,108.04,152.61061,12.0,-18.320847,yes
48,92,125.0,99.92,169.80577,-137.0,-7.95092,no
48,93,107.0,98.96,24.738634,32.0,-1.0915527,no
48,94,110.0,99.92,76.837494,-57.0,-3.9775696,no
48,95,98.0,101.6,75.153175,-3.0,-10.38488,no
48,96,96.0,106.52,31.906113,-16.0,-13.925064,no
48,97,96.0,118.24,237.69728,81.0,-8.371681,yes
48,98,155.0,129.76,258.8011,-88.0,3.8030243,yes
48,99,150.0,138.52,192.37984,24.0,11.531067,no
49,0,197.0,162.12,150.26643,-100.0,2.8716278,no
49,1,151.0,167.4,180.94199,22.0,-8.883377,no
49,2,131.0,169.44,136.94525,119.0,-12.818649,yes
49,3,196.0,173.48,206.18439,-128.0,-4.075012,no
49,4,182.0,183.88,113.46365,64.0,3.8907013,no
49,5,206.0,194.8,48.08326,-25.0,5.6982117,no
49,6,201.0,201.8,39.623226,3.0,2.8600616,no
49,7,203.0,204.52,37.12142,-19.0,-0.0015869141,no
49,8,197.0,205.24,24.41311,35.0,-0.7783203,no
49,9,211.0,205.0,94.54099,-58.0,-1.1727905,no
49,10,196.0,202.72,98.32599,24.0,-1.5131226,no
49,11,203.0,201.88,31.144823,-11.0,-1.7800598,no
49,12,188.0,201.48001,31.400637,47.0,-1.4993591,no
49,13,209.0,200.64,47.26521,-42.0,1.6808319,no
49,14,196.0,201.56,27.45906,43.0,4.844528,no
49,15,200.0,200.8,15.297058,14.0,7.916092,no
49,16,205.0,188.84,57.706154,-6.0,9.517075,no
49,17,211.0,179.44,244.85915,-114.0,1.31604,no
49,18,143.0,179.88,221.02036,84.0,-13.183075,yes
49,19,148.0,179.04001,231.4649,55.0,-12.515228,yes
49,20,209.0,181.92,236.00847,-78.0,2.0181427,yes
49,21,215.0,193.84,37.94733,-52.0,9.237717,no
49,22,202.0,203.96,56.920998,34.0,8.382935,no
49,23,206.0,204.64,67.00746,29.0,7.6562653,no
49,24,218.0,205.92,37.336308,-28.0,7.146591,no
49,25,208.0,204.72,41.59327,8.0,5.2858734,no
49,26,206.0,202.4,68.54196,8.0,2.865265,no
49,27,207.0,201.31999,119.104996,-26.0,0.47235107,no
49,28,205.0,200.56,106.901825,-1.0,0.15444946,no
49,29,224.0,199.31999,54.147945,-109.0,1.2278442,no
49,30,193.0,202.52,50.91169,65.0,1.2804871,no
49,31,205.0,202.12,55.31727,-26.0,3.2773132,no
49,32,210.0,199.88,14.422205,-24.0,7.273407,no
49,33,195.0,194.16,87.72685,61.0,8.925247,no
49,34,212.0,184.8,174.22974,-94.0,6.376358,no
49,35,183.0,174.64,267.68637,-51.0,-1.0471344,no
49,36,142.0,168.0,185.58556,82.0,-6.54541,no
49,37,161.0,161.28,126.01587,-44.0,-5.561676,yes
49,38,136.0,158.44,27.018513,91.0,-3.2145233,yes
49,39,158.0,157.12,136.19104,-28.0,0.33381653,yes
49,40,161.0,154.36,50.358715,10.0,3.5028992,no
49,41,162.0,148.4,115.80155,-42.0,2.0056915,no
49,42,152.0,142.12,188.6213,-57.0,-4.8900146,yes
49,43,106.0,136.44,148.27676,89.0,-14.943726,yes
49,44,99.0,139.95999,75.153175,99.0,-18.872482,yes
49,45,145.0,146.64,203.08127,-75.0,-11.176987,yes
49,46,154.0,155.64,208.25465,52.0,1.8648224,no
49,47,188.0,165.88,91.92388,-42.0,10.081207,no
49,48,199.0,172.88,69.77106,-104.0,9.677872,no
49,49,174.0,172.04,161.9012,15.0,4.477783,no
49,50,159.0,165.4,134.41727,25.0,-2.4840393,no
49,51,151.0,162.24,89.55445,-14.0,-9.590637,no
49,52,130.0,159.04,88.60023,74.0,-14.281845,no
49,53,131.0,159.64,123.54756,84.0,-14.306076,no
49,54,168.0,162.56,95.26804,-82.0,-10.732971,no
49,55,163.0,168.96,107.70329,24.0,-5.309738,yes
49,56,188.0,172.48,109.28861,-53.0,0.42546082,yes
49,57,176.0,176.4,117.10679,34.0,3.8459473,yes
49,58,194.0,174.32,135.62448,-68.0,6.602936,no
49,59,189.0,168.6,158.31615,-42.0,8.086151,no
49,60,177.0,157.16,187.3019,-45.0,5.750763,no
49,61,167.0,144.12,230.51682,-75.0,-1.201416,no
49,62,128.0,134.64,230.86794,-7.0,-12.018845,yes
49,63,96.0,133.16,140.81194,121.0,-17.79689,yes
49,64,135.0,138.84,219.10728,-21.0,-12.628006,no
49,65,167.0,152.16,207.88458,-69.0,-2.239685,no
49,66,182.0,169.32,139.60658,2.0,6.3974457,no
49,67,197.0,180.12,65.11528,-54.0,9.485825,no
49,68,191.0,187.64,32.89377,18.0,7.9682617,no
49,69,193.0,187.44,64.40497,-53.0,4.5118713,no
49,70,170.0,180.16,76.41989,70.0,0.62190247,no
49,71,175.0,171.12,142.86357,-42.0,-6.896469,no
49,72,146.0,171.6,115.03912,30.0,-16.174255,no
49,73,148.0,175.48,197.52469,41.0,-15.00177,yes
49,74,196.0,186.0,250.51147,-36.0,-2.0585327,no
49,75,219.0,196.28,136.23509,-46.0,8.878769,no
49,76,235.0,208.84,18.867962,-77.0,10.111191,no
49,77,205.0,212.72,48.166378,45.0,4.478195,no
49,78,213.0,213.76,67.06713,-13.0,1.1426697,no
49,79,199.0,211.56,107.042046,61.0,2.4621277,no
49,80,218.0,208.31999,102.45975,-32.0,7.665344,no
49,81,213.0,196.04,91.44397,-1.0,9.392105,no
49,82,192.0,182.64,301.8112,-16.0,-0.85217285,no
49,83,148.0,174.96,251.87299,24.0,-15.495834,no
49,84,142.0,168.08,143.45033,39.0,-16.53305,yes
49,85,180.0,167.24,146.5128,-65.0,-3.8616943,yes
49,86,178.0,169.44,71.021126,13.0,7.9068756,no
49,87,193.0,170.0,110.724884,-51.0,12.439056,no
49,88,174.0,157.8,227.4379,-30.0,8.002869,no
49,89,145.0,141.44,261.22787,-15.0,-2.6001587,no
49,90,114.0,127.36,223.89284,-11.0,-11.874039,no
49,91,88.0,118.28,162.50539,94.0,-11.667229,yes
49,92,109.0,109.08,93.680305,10.0,-4.958618,yes
49,93,98.0,106.32,76.96753,44.0,-3.66111,no
49,94,98.0,105.24,86.313385,-18.0,-9.4729,no
49,95,64.0,106.56,30.88689,153.0,-16.076897,no
49,96,99.0,113.6,101.87247,-35.0,-17.086914,no
49,97,102.0,128.52,251.43588,85.0,-8.418472,yes
49,98,171.0,142.92,289.88617,-103.0,7.555664,yes
49,99,182.0,154.92,149.96666,-27.0,18.90094,no
50,0,162.0,159.28,154.46683,16.0,-2.057251,no
50,1,139.0,165.92,61.204575,54.0,-9.518967,yes
50,2,155.0,171.08,139.26952,-9.0,-10.3758545,yes
50,3,156.0,177.8,134.37262,91.0,-3.7565155,no
50,4,187.0,188.84,130.13838,-3.0,2.7627869,no
50,5,207.0,199.16,62.514,-38.0,5.443054,no
50,6,202.0,204.4,24.698177,20.0,4.510544,no
50,7,207.0,205.64,59.682495,-11.0,2.6557465,no
50,8,201.0,204.72,79.25907,12.0,0.34368896,no
50,9,184.0,204.12001,76.02631,65.0,-2.947754,no
50,10,179.0,201.96,31.241,83.0,-4.1014404,no
50,11,208.0,201.16,17.029387,-54.0,-2.4942322,no
50,12,202.0,200.76001,13.038404,-18.0,-0.4157257,no
50,13,204.0,200.72,16.492422,2.0,2.6848755,no
50,14,200.0,199.04,6.0,16.0,5.4417267,no
50,15,214.0,196.92,39.623226,-78.0,7.5349274,no
50,16,188.0,184.31999,89.27486,39.0,6.6740723,no
50,17,182.0,175.08,223.89284,-7.0,-1.9636688,no
50,18,138.0,174.56,142.22517,61.0,-13.573441,yes
50,19,148.0,175.72,236.45718,61.0,-10.474197,yes
50,20,194.0,179.88,203.42075,-17.0,3.4411926,no
50,21,206.0,192.8,74.02702,-6.0,10.531235,no
50,22,217.0,203.64,42.520584,-34.0,10.581146,no
50,23,223.0,204.48,44.20407,-52.0,9.759537,no
50,24,222.0,205.92,48.373547,-38.0,8.539734,no
50,25,205.0,204.76,18.384777,32.0,6.7830963,no
50,26,217.0,203.4,5.0990195,-31.0,5.9522095,no
50,27,213.0,203.24,32.55764,-29.0,5.082062,no
50,28,208.0,204.76,25.059929,-6.0,5.603775,no
50,29,200.0,203.6,24.04163,60.0,6.9909973,no
50,30,206.0,205.44,53.25411,-10.0,7.169159,no
50,31,204.0,203.52,27.45906,5.0,8.048599,no
50,32,207.0,199.08,79.15807,-4.0,8.8650055,no
50,33,197.0,189.0,181.1574,-56.0,6.3583527,no
50,34,174.0,175.16,249.01807,6.0,1.0229187,no
50,35,139.0,161.8,253.33772,71.0,-7.4069214,no
50,36,133.0,152.4,134.71451,5.0,-12.654129,no
50,37,136.0,145.44,122.14745,38.0,-8.563019,yes
50,38,165.0,145.08,112.28535,-59.0,0.43766785,yes
50,39,173.0,148.36,53.310413,-25.0,6.630142,no
50,40,180.0,150.28,132.96616,-110.0,4.717407,no
50,41,126.0,148.04,164.46884,91.0,-3.1799774,yes
50,42,123.0,144.28,38.078865,49.0,-9.049179,yes
50,43,127.0,140.32,133.45412,5.0,-11.619629,yes
50,44,133.0,142.0,158.39824,-24.0,-11.572037,yes
50,45,124.0,146.52,98.478424,67.0,-7.6530457,no
50,46,146.0,153.12,184.87834,36.0,1.0489197,no
50,47,182.0,158.32,111.75867,-68.0,8.197739,no
50,48,162.0,161.44,168.2201,41.0,6.2175903,no
50,49,148.0,159.0,134.46188,43.0,-0.3009796,no
50,50,156.0,152.36,64.0,-16.0,-4.815155,no
50,51,157.0,150.56,103.81715,-36.0,-9.810989,no
50,52,137.0,151.84,19.697716,-2.0,-14.656189,no
50,53,145.0,155.44,100.89599,-5.0,-13.95932,no
50,54,133.0,163.68,97.52948,113.0,-9.96875,yes
50,55,170.0,174.0,148.66069,-17.0,-3.5351562,yes
50,56,189.0,179.04,105.62197,-25.0,3.7434998,no
50,57,195.0,184.68,58.549126,-13.0,8.225494,no
50,58,187.0,184.72,57.00877,16.0,11.031631,no
50,59,191.0,179.24,85.146935,7.0,13.341003,no
50,60,170.0,167.32,121.20231,39.0,11.316101,no
50,61,171.0,154.88,165.42067,-37.0,4.274719,no
50,62,132.0,144.88,200.38463,55.0,-6.356842,yes
50,63,139.0,142.36,141.31525,-50.0,-10.715912,yes
50,64,150.0,146.84,171.11984,-11.0,-6.013397,no
50,65,140.0,159.28,117.388245,116.0,-0.18190002,no
50,66,183.0,175.36,146.8741,-52.0,5.3768616,no
50,67,188.0,183.52,91.04944,29.0,9.567215,no
50,68,205.0,188.31999,56.603886,-64.0,8.8602295,no
50,69,169.0,186.24,85.42833,95.0,4.054062,no
50,70,183.0,177.28,59.36329,-28.0,-0.24684143,no
50,71,169.0,167.68,149.32515,-1.0,-7.568924,no
50,72,141.0,170.12,122.77622,45.0,-17.07866,no
50,73,133.0,175.56,191.80199,110.0,-15.910721,yes
50,74,193.0,186.6,260.12305,-49.0,-2.4404755,no
50,75,199.0,198.08,133.30417,55.0,8.434509,no
50,76,222.0,211.12,23.70654,-11.0,9.175659,no
50,77,212.0,214.6,70.21396,-21.0,2.8653564,no
50,78,206.0,215.36,18.867962,18.0,-1.434433,no
50,79,199.0,214.92,24.207438,19.0,-1.2149811,no
50,80,200.0,214.8,84.77028,43.0,4.4948425,no
50,81,216.0,203.24,73.33485,0.0,10.469986,no
50,82,208.0,189.0,254.75085,-47.0,5.065033,no
50,83,164.0,180.04001,247.71758,28.0,-8.614685,no
50,84,149.0,171.88,51.40039,28.0,-13.264465,yes
50,85,167.0,168.36,126.01587,11.0,-4.013382,yes
50,86,178.0,170.28,92.19544,16.0,7.880417,no
50,87,200.0,171.92,23.70654,-60.0,13.605331,no
50,88,184.0,164.0,181.62048,-51.0,9.595673,no
50,89,147.0,152.4,198.21706,24.0,0.46113586,no
50,90,125.0,141.56,166.43317,51.0,-5.298935,no
50,91,139.0,131.88,174.04597,-67.0,-3.9501038,yes
50,92,135.0,123.44,161.50542,-30.0,-0.78100586,yes
50,93,122.0,116.28,169.71152,-10.0,-3.677185,no
50,94,102.0,113.32,123.03658,24.0,-11.821091,no
50,95,114.0,113.52,89.005615,-85.0,-17.801567,no
50,96,99.0,123.36,172.62677,48.0,-16.20813,no
50,97,127.0,139.2,289.60663,3.0,-5.6648407,yes
50,98,142.0,158.08,273.78824,118.0,9.307724,yes
50,99,198.0,170.08,138.39798,-76.0,20.552475,no
51,0,166.0,158.68,64.03124,-39.0,-4.8638153,no
51,1,142.0,163.95999,40.0,84.0,-7.805069,yes
51,2,185.0,169.24,139.71399,-118.0,-5.2866364,yes
51,3,177.0,176.36,172.81783,36.0,1.5115509,yes
51,4,200.0,188.52,140.26404,-26.0,6.9213867,no
51,5,195.0,199.40001,63.702435,49.0,8.380157,no
51,6,213.0,205.88,46.69047,-27.0,7.8792267,no
51,7,211.0,208.52,44.04543,13.0,6.9950867,no
51,8,228.0,207.32,60.033325,-74.0,5.3130493,no
51,9,210.0,205.36,104.80458,-13.0,1.5867767,no
51,10,211.0,202.6,59.22837,-59.0,-1.16362,no
51,11,194.0,201.36,22.36068,33.0,-1.4862213,no
51,12,190.0,199.68001,29.529646,42.0,0.22958374,no
51,13,207.0,199.88,18.601076,-28.0,3.7544708,no
51,14,202.0,196.6,42.44997,-19.0,6.3805695,no
51,15,190.0,192.0,74.96666,45.0,6.9212036,no
51,16,190.0,178.64,141.99295,-24.0,3.1703033,no
51,17,184.0,169.64,220.20445,-90.0,-6.201538,no
51,18,140.0,167.52,50.219517,70.0,-13.5336,yes
51,19,173.0,168.6,222.72853,-47.0,-7.542038,yes
51,20,196.0,173.4,132.13629,-36.0,3.7059937,no
51,21,192.0,186.4,63.007935,34.0,7.9103546,no
51,22,203.0,195.84,89.19641,-19.0,7.405121,no
51,23,195.0,198.04,93.05912,54.0,6.4265594,no
51,24,204.0,200.6,97.29337,2.0,5.1827087,no
51,25,205.0,200.96,91.78235,-17.0,4.654358,no
51,26,213.0,201.08,72.11102,-38.0,5.236679,no
51,27,191.0,202.2,55.65968,67.0,5.346573,no
51,28,208.0,204.2,63.324562,-8.0,7.856369,no
51,29,222.0,204.0,56.727417,-54.0,12.2491,no
51,30,217.0,204.44,70.71068,-7.0,14.627899,no
51,31,203.0,199.59999,48.332184,31.0,14.2258,no
51,32,213.0,192.84,128.57683,-93.0,11.758011,no
51,33,156.0,180.08,154.17523,126.0,6.912033,no
51,34,154.0,161.84,137.03284,42.0,1.1734314,no
51,35,137.0,145.96,206.0097,14.0,-8.214203,no
51,36,120.0,138.52,142.43594,7.0,-16.417267,yes
51,37,123.0,135.0,217.18655,12.0,-13.74884,yes
51,38,156.0,137.8,247.24481,-59.0,-3.2856293,yes
51,39,164.0,145.72,178.88544,-47.0,3.1452484,no
51,40,150.0,152.28,121.62237,16.0,0.98347473,yes
51,41,130.0,151.0,95.41489,51.0,-4.10112,yes
51,42,136.0,147.96,158.85843,35.0,-5.157593,yes
51,43,151.0,143.31999,128.41339,-37.0,-3.2839966,yes
51,44,158.0,142.04,111.0045,-45.0,-2.2149353,no
51,45,139.0,144.6,78.63841,38.0,-2.623291,no
51,46,160.0,149.96,108.25895,-54.0,0.45240784,no
51,47,164.0,150.88,96.10411,-4.0,4.0520477,no
51,48,160.0,152.32,140.0357,-30.0,0.888504,no
51,49,143.0,151.48,109.17875,5.0,-5.394821,no
51,50,144.0,145.08,114.58621,-2.0,-8.856918,no
51,51,148.0,145.04,115.80155,-52.0,-12.02095,no
51,52,114.0,149.6,85.28775,140.0,-12.982376,no
51,53,174.0,157.24,195.60164,-105.0,-7.5733337,yes
51,54,162.0,167.72,194.83327,38.0,-2.751831,yes
51,55,178.0,181.31999,162.5423,-7.0,0.9610596,yes
51,56,178.0,187.48,126.57014,75.0,5.843796,no
51,57,215.0,193.6,37.336308,-99.0,9.547653,no
51,58,184.0,193.68,41.880783,81.0,11.9392395,no
51,59,225.0,188.72,69.57011,-134.0,15.041168,no
51,60,180.0,174.56,173.29744,46.0,12.584045,no
51,61,178.0,161.68,163.24828,-55.0,4.0204315,no
51,62,145.0,153.08,159.0283,-4.0,-6.275238,yes
51,63,128.0,150.24,92.021736,81.0,-8.668686,yes
51,64,175.0,153.24,134.93703,-94.0,-2.7628326,no
51,65,176.0,165.88,87.78383,-50.0,1.7926483,no
51,66,170.0,181.04,142.69548,63.0,5.5440674,no
51,67,196.0,187.48,132.91351,-8.0,10.395233,no
51,68,208.0,190.92,75.60423,-30.0,10.859711,no
51,69,190.0,188.36,91.92388,-6.0,5.788864,no
51,70,196.0,179.56,56.603886,-69.0,0.5692291,no
51,71,176.0,170.12,139.71399,-17.0,-7.007141,no
51,72,161.0,172.64,70.2282,-25.0,-14.906769,yes
51,73,160.0,178.12,204.84628,12.0,-12.198547,yes
51,74,195.0,189.48,246.06503,1.0,0.57321167,no
51,75,217.0,200.52,126.625435,-28.0,9.69133,no
51,76,231.0,211.32,42.544094,-66.0,9.033005,no
51,77,194.0,213.36,48.104053,96.0,2.8004303,no
51,78,218.0,213.6,79.61156,-40.0,0.3678131,no
51,79,210.0,212.36,105.65037,22.0,1.6895752,no
51,80,210.0,213.28,97.59098,26.0,6.568527,no
51,81,243.0,206.76,53.535034,-111.0,13.115845,no
51,82,213.0,194.56,223.89284,6.0,9.976898,no
51,83,179.0,185.52,276.74176,2.0,-3.5344543,no
51,84,151.0,177.88,43.104523,38.0,-11.806839,no
51,85,172.0,173.8,153.00327,-29.0,-5.03421,yes
51,86,183.0,172.76001,94.254974,5.0,6.74736,yes
51,87,185.0,173.88,53.009434,-4.0,11.154037,no
51,88,164.0,169.16,121.49897,52.0,7.2410736,no
51,89,158.0,160.64,137.186,5.0,1.9832001,no
51,90,151.0,151.12,158.24033,-10.0,0.42622375,no
51,91,141.0,143.28,136.49908,39.0,2.1503906,yes
51,92,140.0,136.59999,102.5768,15.0,2.7534485,yes
51,93,143.0,128.2,159.154,-77.0,-2.278656,yes
51,94,98.0,124.32,141.31525,95.0,-12.132202,yes
51,95,106.0,125.32,41.231056,-22.0,-18.003693,yes
51,96,104.0,133.28,262.4576,110.0,-12.484558,yes
51,97,168.0,149.28,327.18497,-74.0,0.916626,yes
51,98,190.0,169.08,234.82759,-63.0,13.443909,no
51,99,194.0,179.52,136.35982,22.0,21.457993,no
52,0,155.0,160.52,12.806249,25.0,-3.9047852,no
52,1,162.0,164.24,5.8309517,-41.0,-5.8406982,no
52,2,148.0,169.8,129.65338,110.0,-3.893097,yes
52,3,203.0,176.12,205.41179,-116.0,3.8083038,yes
52,4,215.0,186.96,83.773506,-58.0,10.487122,no
52,5,209.0,196.8,57.58472,-6.0,12.253876,no
52,6,217.0,205.76,46.043457,-10.0,11.863571,no
52,7,209.0,208.28,6.3245554,21.0,10.515228,no
52,8,216.0,208.64,18.384777,-15.0,9.334335,no
52,9,204.0,207.52,52.63079,43.0,6.74086,no
52,10,202.0,204.92,51.24451,9.0,3.2208252,no
52,11,200.0,200.96,39.446167,1.0,1.2094727,no
52,12,199.0,199.12,14.142136,-7.0,1.8283081,no
52,13,204.0,197.56,17.029387,-23.0,5.1225586,no
52,14,192.0,192.04,30.066593,45.0,8.01683,no
52,15,199.0,183.4,84.38009,-48.0,7.044586,no
52,16,174.0,170.12,193.13208,-1.0,-0.5380249,no
52,17,134.0,161.96,198.6001,105.0,-12.047623,yes
52,18,135.0,159.16,95.85406,24.0,-16.983276,yes
52,19,161.0,160.52,220.20445,-4.0,-10.140076,no
52,20,189.0,168.44,185.5694,-48.0,-1.8836975,no
52,21,197.0,181.12,170.29973,-72.0,0.15263367,no
52,22,189.0,189.0,139.46326,16.0,0.1737976,no
52,23,204.0,191.44,97.3242,-54.0,0.61828613,no
52,24,196.0,195.56,92.19544,-26.0,0.43652344,no
52,25,181.0,195.44,85.61542,76.0,1.4794617,no
52,26,201.0,195.6,78.0,-30.0,3.496872,no
52,27,197.0,195.0,71.17584,-13.0,4.703293,no
52,28,203.0,197.84,105.68822,-9.0,8.033859,no
52,29,209.0,195.16,137.2953,1.0,13.852844,no
52,30,230.0,193.4,81.3019,-84.0,18.166107,no
52,31,209.0,186.12,125.09996,-16.0,16.96283,no
52,32,193.0,177.16,152.32202,12.0,12.724731,no
52,33,186.0,160.52,113.59577,-46.0,8.719376,no
52,34,191.0,142.16,139.86423,-138.0,3.7281647,yes
52,35,149.0,127.520004,311.81085,-54.0,-8.440872,yes
52,36,94.0,124.4,217.86234,55.0,-21.676064,yes
52,37,92.0,126.48,195.18196,52.0,-21.547615,yes
52,38,113.0,135.12,199.61964,62.0,-10.732986,yes
52,39,130.0,146.4,84.20214,54.0,-2.4222717,yes
52,40,142.0,156.28,86.26703,36.0,0.34028625,yes
52,41,159.0,156.68,172.53986,-9.0,1.975174,yes
52,42,175.0,154.88,137.26616,-79.0,2.7583313,yes
52,43,146.0,148.84,37.202152,50.0,1.4314575,no
52,44,164.0,145.96,45.65085,-50.0,-0.33158875,no
52,45,152.0,145.44,104.6518,-46.0,-3.6630554,no
52,46,137.0,146.24,108.74741,42.0,-4.0990753,no
52,47,150.0,144.24,86.023254,-12.0,-1.7688904,no
52,48,141.0,144.24,95.41489,17.0,-3.751068,no
52,49,125.0,143.92,69.339745,48.0,-9.466705,no
52,50,127.0,140.8,55.7315,18.0,-13.989914,no
52,51,125.0,145.56,26.0,35.0,-15.740768,no
52,52,137.0,152.24,191.03926,13.0,-11.360764,yes
52,53,170.0,163.24,215.96759,19.0,-1.6239319,yes
52,54,201.0,173.76,97.59098,-100.0,4.36084,no
52,55,195.0,186.72,107.042046,7.0,6.2772217,no
52,56,205.0,190.76,112.1606,-37.0,8.385117,no
52,57,204.0,196.04,64.62198,14.0,10.279297,no
52,58,190.0,194.88,18.110771,45.0,11.365311,no
52,59,211.0,189.88,62.369865,-58.0,13.692352,no
52,60,193.0,174.6,164.4506,-29.0,11.175735,no
52,61,161.0,163.2,227.8991,30.0,0.6424866,no
52,62,138.0,155.32,141.76741,1.0,-10.477737,yes
52,63,134.0,152.76,112.64102,24.0,-10.915085,no
52,64,152.0,156.16,164.3046,37.0,-2.7878418,no
52,65,169.0,169.12,102.156746,28.0,3.626297,no
52,66,188.0,182.36,105.11898,-9.0,7.2756195,no
52,67,210.0,187.76,93.64828,-64.0,11.056107,no
52,68,211.0,191.2,38.832977,-42.0,12.0364685,no
52,69,181.0,189.16,103.788246,50.0,8.081879,no
52,70,166.0,181.08,98.84331,85.0,2.0125122,no
52,71,161.0,172.12,132.2422,12.0,-6.574173,no
52,72,142.0,175.52,17.088007,79.0,-12.926819,yes
52,73,163.0,179.56,223.66046,39.0,-7.892273,yes
52,74,211.0,189.64,200.04,-63.0,4.4046326,no
52,75,215.0,200.56,80.024994,6.0,11.067413,no
52,76,225.0,210.24,38.470768,-19.0,9.02594,no
52,77,211.0,211.76001,50.635956,3.0,2.9105072,no
52,78,222.0,212.44,78.29432,-31.0,1.3893738,no
52,79,235.0,211.92,10.29563,-84.0,4.260849,no
52,80,213.0,213.4,10.0,43.0,8.099487,no
52,81,222.0,209.44,49.335587,8.0,12.594864,no
52,82,228.0,197.68,132.2422,-77.0,11.336777,no
52,83,190.0,187.08,287.40564,-3.0,-0.03364563,no
52,84,142.0,179.4,123.97581,96.0,-10.633194,no
52,85,158.0,174.12,161.1521,50.0,-6.6464233,yes
52,86,202.0,171.56,94.92102,-104.0,4.5793915,yes
52,87,189.0,173.72,77.36925,-6.0,8.13681,no
52,88,181.0,173.68001,86.683334,-36.0,4.4131165,no
52,89,175.0,168.72,30.066593,-39.0,1.9169617,no
52,90,170.0,162.4,43.68066,-16.0,3.149414,no
52,91,173.0,156.72,91.18114,-64.0,5.2446594,no
52,92,156.0,150.8,126.57014,-5.0,5.138565,no
52,93,135.0,142.28,178.46568,64.0,0.9180603,yes
52,94,136.0,137.32,272.25357,-49.0,-7.9425964,yes
52,95,86.0,139.32,202.48457,196.0,-14.523743,yes
52,96,153.0,145.84,289.389,-95.0,-8.413803,yes
52,97,177.0,159.72,186.52614,-32.0,4.0236206,yes
52,98,193.0,177.31999,163.2299,-19.0,14.178696,no
52,99,216.0,186.51999,115.60277,-41.0,21.372345,no
53,0,162.0,162.12001,115.11733,22.0,1.1083679,no
53,1,162.0,164.40001,83.630135,-4.0,-3.219162,no
53,2,152.0,168.16,36.138622,13.0,-5.5198975,yes
53,3,156.0,172.28,190.07893,95.0,-0.32951355,yes
53,4,190.0,179.92,161.61684,-3.0,6.8754425,no
53,5,203.0,189.08,144.80331,-6.0,10.289688,no
53,6,227.0,198.0,109.004585,-90.0,11.390366,no
53,7,213.0,202.64,29.966648,-7.0,11.957367,no
53,8,208.0,205.04001,55.154327,65.0,13.059555,no
53,9,231.0,206.24,66.0303,-101.0,11.855286,no
53,10,202.0,204.4,61.269894,40.0,8.100662,no
53,11,206.0,201.72,38.626415,-19.0,5.3161926,no
53,12,195.0,198.59999,55.803226,10.0,4.4166107,no
53,13,195.0,194.52,60.083275,8.0,6.76886,no
53,14,208.0,186.76,61.46544,-63.0,9.431351,no
53,15,192.0,176.72,150.33296,-20.0,6.178772,no
53,16,172.0,164.16,229.2684,-20.0,-4.7194977,no
53,17,148.0,158.04,181.57092,-45.0,-17.495712,yes
53,18,129.0,157.4,88.09086,27.0,-21.28479,yes
53,19,143.0,161.6,153.84407,35.0,-15.202866,yes
53,20,154.0,171.28,94.33981,23.0,-9.925949,yes
53,21,146.0,182.56,100.239716,106.0,-8.445129,yes
53,22,168.0,187.72,108.97706,26.0,-6.318054,yes
53,23,182.0,189.28,77.201035,-15.0,-3.6421814,yes
53,24,169.0,190.08,51.088158,94.0,-1.792572,no
53,25,198.0,186.64,51.224995,-93.0,0.8099823,no
53,26,183.0,183.0,39.849716,48.0,2.9567108,no
53,27,180.0,181.0,78.44743,23.0,2.917282,no
53,28,189.0,181.48,137.00365,-19.0,3.8125763,no
53,29,182.0,177.84,199.62465,28.0,7.3358,no
53,30,201.0,176.76,239.05229,-26.0,10.598831,no
53,31,194.0,171.16,303.66098,-52.0,8.128342,no
53,32,176.0,163.2,325.92636,-37.0,2.7917328,no
53,33,158.0,148.64,359.8722,-32.0,-1.4606323,yes
53,34,137.0,132.95999,399.80246,11.0,-7.014328,yes
53,35,120.0,119.799995,382.99088,-59.0,-18.427086,yes
53,36,70.0,118.32,139.78555,96.0,-28.45095,yes
53,37,90.0,122.24,232.29723,42.0,-23.841026,yes
53,38,136.0,132.08,273.9051,-36.0,-9.054504,yes
53,39,155.0,146.88,216.45323,-13.0,2.0301056,yes
53,40,165.0,161.24,175.75551,6.0,6.737854,yes
53,41,180.0,163.88,98.79271,-40.0,8.835739,no
53,42,180.0,162.84,106.404884,-43.0,7.048523,no
53,43,144.0,158.08,102.77159,62.0,0.85435486,no
53,44,150.0,153.64,68.8767,-22.0,-4.7956085,no
53,45,122.0,149.76,105.30907,80.0,-9.5729065,no
53,46,128.0,148.6,63.63961,21.0,-9.948395,no
53,47,146.0,145.64,63.51378,-23.0,-6.108444,no
53,48,146.0,143.08,32.31099,-19.0,-5.5279846,no
53,49,137.0,142.52,77.52419,5.0,-10.3823395,no
53,50,132.0,142.12001,43.081318,-25.0,-16.350159,no
53,51,123.0,149.84,102.69372,55.0,-16.610138,yes
53,52,152.0,160.36,242.98148,0.0,-8.494965,yes
53,53,187.0,174.8,163.878,-56.0,1.7109222,no
53,54,177.0,185.8,72.11102,80.0,6.389267,no
53,55,203.0,197.0,43.65776,-30.0,7.0438538,no
53,56,206.0,199.08,68.8767,-20.0,7.5302734,no
53,57,220.0,200.6,43.68066,-73.0,9.489883,no
53,58,206.0,196.56,71.00704,-33.0,10.810074,no
53,59,178.0,188.52,47.853943,93.0,11.470596,no
53,60,191.0,171.16,123.49089,-41.0,8.18071,no
53,61,165.0,159.8,286.24814,-41.0,-3.9378662,no
53,62,113.0,153.6,96.17692,108.0,-15.3125,yes
53,63,142.0,153.68,168.0119,-12.0,-12.474884,no
53,64,167.0,159.12,173.90227,-25.0,-1.7867584,no
53,65,188.0,174.16,112.08925,-38.0,5.3213654,no
53,66,194.0,185.92,40.81666,-40.0,7.4390106,no
53,67,181.0,189.68001,84.20214,75.0,8.984558,no
53,68,203.0,190.28,55.461697,-24.0,10.966522,no
53,69,207.0,188.36,38.600517,-40.0,10.748962,no
53,70,211.0,179.52,125.25175,-112.0,6.4759216,no
53,71,172.0,172.64,172.9046,31.0,-2.7894897,no
53,72,162.0,175.56,54.571056,3.0,-10.18483,yes
53,73,178.0,181.08,220.445,-21.0,-5.8825684,no
53,74,208.0,190.28,164.10973,-12.0,4.9368286,no
53,75,213.0,201.28,53.90733,-5.0,9.393021,no
53,76,224.0,209.96,35.128338,-39.0,6.836487,no
53,77,206.0,212.12,88.60023,19.0,0.8117523,no
53,78,193.0,213.08,81.596565,62.0,-2.0755157,no
53,79,211.0,213.52,113.27842,20.0,1.2666168,no
53,80,228.0,215.44,47.07441,-66.0,5.7770233,no
53,81,212.0,212.51999,43.65776,21.0,9.181335,no
53,82,210.0,200.95999,64.14047,24.0,9.726883,no
53,83,208.0,188.52,230.55585,-73.0,1.856247,no
53,84,165.0,181.12,178.01685,18.0,-9.526581,no
53,85,166.0,174.31999,106.78015,-34.0,-9.702454,yes
53,86,174.0,170.72,144.61673,27.0,-0.14802551,yes
53,87,182.0,173.23999,51.224995,-18.0,4.4543,no
53,88,160.0,176.36,71.80529,57.0,2.0647583,no
53,89,152.0,172.2,47.010635,83.0,0.76968384,no
53,90,165.0,168.16,43.104523,7.0,2.6608887,no
53,91,161.0,163.92,39.115215,37.0,5.0638123,no
53,92,171.0,160.64,85.08819,-15.0,6.3395844,no
53,93,169.0,151.52,108.24047,-34.0,4.819565,no
53,94,176.0,148.2,176.78235,-91.0,-1.3372803,no
53,95,145.0,151.36,127.13772,-37.0,-8.591446,yes
53,96,150.0,158.92,208.92583,16.0,-5.610031,yes
53,97,162.0,169.64,132.91351,50.0,3.2671967,yes
53,98,170.0,186.08,148.33745,92.0,10.763641,no
53,99,220.0,195.08,135.07036,-80.0,17.084671,no
54,0,191.0,162.64,71.17584,-69.0,6.223419,no
54,1,168.0,163.4,117.95762,-9.0,-1.3796692,no
54,2,155.0,165.04,54.571056,13.0,-7.4686584,yes
54,3,174.0,167.72,140.71957,-66.0,-5.570343,yes
54,4,183.0,173.68,157.25775,-34.0,-0.252182,no
54,5,180.0,182.72,204.53362,15.0,1.9832458,no
54,6,185.0,189.48,263.40085,6.0,3.1253815,no
54,7,201.0,193.92,232.71011,5.0,7.460434,no
54,8,237.0,194.95999,137.76791,-150.0,12.598618,no
54,9,209.0,196.88,111.50785,45.0,13.24295,no
54,10,209.0,195.84,67.54258,-30.0,10.730881,no
54,11,208.0,196.0,53.25411,-25.0,9.013611,no
54,12,190.0,192.24,52.03845,12.0,8.3611145,no
54,13,181.0,187.72,18.384777,66.0,9.945663,no
54,14,190.0,178.4,98.478424,-14.0,9.230957,no
54,15,169.0,168.88,215.2301,19.0,1.4220428,no
54,16,154.0,159.48,231.20554,-37.0,-10.7808075,yes
54,17,112.0,156.92,84.97058,104.0,-19.95514,yes
54,18,117.0,158.88,183.91846,103.0,-18.781494,yes
54,19,163.0,166.32,215.74522,-44.0,-11.288696,no
54,20,161.0,176.8,196.69774,37.0,-6.691818,no
54,21,171.0,185.72,232.74449,19.0,-4.180023,no
54,22,181.0,188.12,196.1224,-1.0,-1.3358612,yes
54,23,172.0,187.36,138.23169,86.0,0.6184387,yes
54,24,194.0,183.44,73.82411,-76.0,1.0218811,yes
54,25,166.0,175.88,52.801514,111.0,0.57115173,yes
54,26,201.0,168.92,162.11725,-138.0,-1.2142944,yes
54,27,174.0,164.48,248.129,-18.0,-5.2108307,no
54,28,172.0,164.84,265.83078,-61.0,-7.373764,no
54,29,157.0,163.48,252.66974,34.0,-5.9386444,no
54,30,172.0,163.56,293.39392,-68.0,-5.0830994,no
54,31,138.0,160.8,314.03503,42.0,-8.439362,no
54,32,122.0,156.88,203.5387,63.0,-11.769455,yes
54,33,101.0,143.56,132.43866,104.0,-13.9557495,yes
54,34,90.0,128.64,143.33876,78.0,-18.491386,yes
54,35,65.0,117.560005,136.23509,131.0,-26.512497,yes
54,36,72.0,116.64,76.8505,53.0,-29.950676,yes
54,37,104.0,121.200005,275.27805,-2.0,-20.289711,yes
54,38,150.0,134.84,293.0017,-37.0,-2.7096405,yes
54,39,176.0,152.56,159.29846,-30.0,9.626862,no
54,40,189.0,168.72,64.40497,-59.0,12.873886,no
54,41,176.0,172.0,44.27189,26.0,11.769897,no
54,42,178.0,170.36,105.26158,7.0,7.958252,no
54,43,162.0,163.92,150.35957,-13.0,0.3888092,no
54,44,148.0,157.52,107.563934,17.0,-6.4040833,no
54,45,138.0,153.08,126.56224,2.0,-9.951752,no
54,46,128.0,151.16,142.33763,55.0,-8.534775,no
54,47,137.0,147.84,105.65037,43.0,-4.47052,no
54,48,141.0,145.36,53.75872,20.0,-4.3878326,no
54,49,150.0,145.96,93.8616,-56.0,-9.911789,no
54,50,116.0,147.8,47.010635,80.0,-15.787247,yes
54,51,138.0,157.0,226.6848,17.0,-12.883835,yes
54,52,161.0,169.8,267.00186,38.0,-2.605194,no
54,53,193.0,184.88,192.58765,-19.0,6.621887,no
54,54,197.0,195.40001,159.42397,17.0,9.934158,no
54,55,204.0,202.12,107.563934,-16.0,8.375992,no
54,56,176.0,202.72,34.4093,110.0,6.0908966,no
54,57,191.0,199.84,43.68066,48.0,8.058548,no
54,58,203.0,192.96,48.0,-17.0,11.168243,no
54,59,197.0,180.76,96.519424,-25.0,10.69133,no
54,60,187.0,163.12,205.11948,-54.0,3.5256195,no
54,61,154.0,153.08,312.2371,-30.0,-10.900925,no
54,62,115.0,149.48,65.11528,47.0,-19.731232,yes
54,63,142.0,150.4,246.94128,4.0,-11.624802,no
54,64,161.0,160.08,178.31433,45.0,1.2406464,no
54,65,184.0,175.48,51.86521,-20.0,6.7285156,no
54,66,179.0,184.72,27.018513,36.0,6.9875183,no
54,67,192.0,187.28,34.98571,-13.0,7.4643707,no
54,68,189.0,186.31999,48.166378,15.0,8.37085,no
54,69,193.0,181.64,138.31125,-15.0,8.149673,no
54,70,187.0,173.76,146.3284,1.0,4.984024,no
54,71,185.0,168.68001,145.7738,-51.0,-2.9068298,yes
54,72,159.0,173.28,82.073135,9.0,-10.801239,yes
54,73,158.0,181.12001,222.6567,86.0,-8.0138855,no
54,74,218.0,191.28,179.00279,-120.0,1.9025726,no
54,75,200.0,203.56,49.193497,57.0,5.823715,no
54,76,213.0,211.12,43.56604,-11.0,3.7828827,no
54,77,215.0,212.76,58.855755,-33.0,-0.567276,no
54,78,195.0,213.44,42.379242,47.0,-3.7324219,no
54,79,208.0,213.4,75.16648,-8.0,-1.361618,no
54,80,210.0,214.16,17.492855,26.0,3.5333862,no
54,81,209.0,212.88,20.248457,22.0,7.503784,no
54,82,216.0,200.96,60.876926,-31.0,8.76326,no
54,83,194.0,187.48,210.77002,5.0,1.6979675,no
54,84,162.0,181.32,220.83931,7.0,-10.736618,no
54,85,133.0,174.96,66.88796,111.0,-13.3693695,yes
54,86,173.0,170.92,156.01282,-9.0,-3.6313782,yes
54,87,187.0,174.56,28.284271,-37.0,3.3241272,no
54,88,182.0,179.36,72.8011,-1.0,3.2578583,no
54,89,191.0,176.2,79.00633,-76.0,2.2647552,no
54,90,184.0,173.32,62.177166,-29.0,2.4154968,no
54,91,172.0,169.68001,28.460499,10.0,2.9910889,no
54,92,183.0,168.52,24.04163,-63.0,3.9777832,no
54,93,160.0,161.08,10.198039,38.0,3.788559,no
54,94,163.0,159.04,97.406364,6.0,-0.02406311,no
54,95,131.0,161.04,79.397736,93.0,-6.18219,no
54,96,156.0,166.95999,205.19746,29.0,-3.5690308,no
54,97,201.0,175.0,178.04494,-102.0,5.1706696,yes
54,98,197.0,189.4,111.83023,-14.0,10.883667,no
54,99,194.0,195.95999,43.104523,43.0,13.712509,no
55,0,174.0,164.76,103.315056,6.0,5.570938,no
55,1,155.0,164.16,146.77875,11.0,-3.53685,no
55,2,139.0,161.6,65.192024,40.0,-10.740341,yes
55,3,136.0,159.64,106.21676,70.0,-10.362473,yes
55,4,154.0,163.8,115.25623,30.0,-6.0030975,yes
55,5,164.0,170.0,38.626415,-9.0,-4.1694336,no
55,6,138.0,177.36,59.548298,150.0,-3.8320007,no
55,7,174.0,182.56,185.0027,-4.0,-0.18463135,no
55,8,180.0,184.36,262.66708,39.0,4.4224854,no
55,9,204.0,185.92,227.0022,-72.0,6.4026337,no
55,10,187.0,184.72,175.07141,24.0,6.4834747,no
55,11,202.0,183.8,130.01538,-47.0,8.085266,no
55,12,188.0,178.92,55.081757,27.0,10.968246,no
55,13,215.0,172.68,47.201694,-109.0,12.611938,no
55,14,188.0,164.44,228.86241,-44.0,6.1338196,no
55,15,159.0,158.68,227.9693,-28.0,-5.813675,no
55,16,126.0,154.48,57.00877,77.0,-13.84816,yes
55,17,133.0,157.04,234.67424,52.0,-12.794708,yes
55,18,167.0,164.8,340.07648,-25.0,-4.9585114,no
55,19,187.0,174.6,223.23082,-21.0,1.8896332,no
55,20,193.0,184.6,176.20442,-13.0,5.2505035,no
55,21,215.0,190.32,184.27155,-66.0,8.6935425,no
55,22,212.0,190.44,151.40013,-17.0,10.754242,no
55,23,217.0,186.8,103.392456,-89.0,8.884872,no
55,24,193.0,179.68001,138.51353,-13.0,3.2354584,no
55,25,182.0,169.52,200.89798,-79.0,-4.568573,yes
55,26,143.0,161.24,291.5476,57.0,-13.096161,yes
55,27,125.0,155.32,277.02707,27.0,-19.809113,no
55,28,107.0,154.24,186.68155,137.0,-20.932022,no
55,29,136.0,153.08,136.89412,-33.0,-17.551834,yes
55,30,124.0,153.24,49.517673,74.0,-15.060455,yes
55,31,106.0,152.52,80.99383,142.0,-14.854736,yes
55,32,136.0,148.84,144.3468,-24.0,-12.545715,yes
55,33,138.0,137.52,200.56918,-29.0,-9.822891,no
55,34,135.0,126.64,263.09695,-47.0,-12.565277,no
55,35,109.0,118.880005,227.20035,-27.0,-20.557709,no
55,36,102.0,119.48,122.80065,-21.0,-23.778137,yes
55,37,102.0,127.84,239.75404,61.0,-15.377434,yes
55,38,147.0,143.88,297.8926,9.0,0.84739685,no
55,39,180.0,161.24,163.81087,-35.0,12.885834,no
55,40,180.0,175.6,69.87131,47.0,15.147858,no
55,41,183.0,178.88,45.122055,12.0,11.855209,no
55,42,201.0,175.08,63.324562,-104.0,7.2436523,no
55,43,165.0,168.24,132.28,38.0,0.6650696,no
55,44,159.0,163.0,85.04117,-6.0,-4.4738464,no
55,45,156.0,159.4,101.04455,-1.0,-4.4916687,no
55,46,164.0,155.84,168.07736,-28.0,-0.023376465,no
55,47,176.0,153.16,167.6723,-64.0,2.90242,no
55,48,151.0,151.44,125.872955,29.0,-1.4417572,no
55,49,150.0,152.8,92.086914,-38.0,-8.980728,yes
55,50,124.0,156.72,158.35403,108.0,-11.551895,yes
55,51,169.0,167.31999,284.25342,-30.0,-4.752304,yes
55,52,199.0,179.76,214.46211,-64.0,5.307663,no
55,53,208.0,193.24,153.52524,8.0,12.515701,no
55,54,231.0,199.32,84.0595,-82.0,15.121613,no
55,55,224.0,202.8,99.08582,-29.0,12.73822,no
55,56,213.0,201.32,93.60555,-36.0,8.715424,no
55,57,213.0,195.6,10.198039,-64.0,8.828644,no
55,58,201.0,185.44,80.21222,-3.0,10.632507,no
55,59,195.0,172.96,190.4206,-64.0,7.099518,no
55,60,152.0,155.32,306.99185,43.0,-5.126007,yes
55,61,119.0,148.0,272.96887,27.0,-20.579453,yes
55,62,98.0,147.72,134.83324,102.0,-23.447891,yes
55,63,154.0,152.44,322.81573,-13.0,-8.79039,no
55,64,196.0,162.96,120.01666,-100.0,4.845108,no
55,65,188.0,176.96,7.2111025,-23.0,7.664673,no
55,66,182.0,182.48,43.56604,42.0,6.8539124,no
55,67,206.0,183.12,39.012817,-101.0,6.715393,no
55,68,183.0,179.4,89.09545,21.0,5.239029,no
55,69,174.0,174.2,129.07362,6.0,1.1208649,no
55,70,160.0,169.36,162.6407,40.0,-4.4792023,no
55,71,171.0,168.08,157.30861,-65.0,-10.395355,yes
55,72,140.0,173.92,36.221542,88.0,-14.085236,yes
55,73,163.0,183.92,212.24985,13.0,-9.111649,no
55,74,186.0,194.88,192.20822,63.0,0.813797,no
55,75,213.0,205.8,55.946404,-37.0,4.9876404,no
55,76,202.0,210.0,32.984844,44.0,3.0779266,no
55,77,213.0,210.32,26.076809,-4.0,0.16069031,no
55,78,211.0,210.8,49.193497,-17.0,-1.9767914,no
55,79,208.0,210.48,49.57822,23.0,-0.5246887,no
55,80,221.0,210.16,28.600698,-33.0,3.7835388,no
55,81,220.0,210.44,5.0990195,-17.0,7.9762573,no
55,82,220.0,200.64,65.9242,-39.0,9.26326,no
55,83,195.0,185.52,231.6247,10.0,1.7844238,no
55,84,163.0,178.88,231.05411,-6.0,-11.732376,no
55,85,142.0,173.16,103.84604,66.0,-14.467926,no
55,86,189.0,169.36,167.869,-83.0,-3.5471191,yes
55,87,174.0,172.56,30.463093,62.0,4.272705,no
55,88,189.0,179.48,16.552946,-43.0,4.491226,no
55,89,170.0,177.72,44.20407,61.0,1.901001,no
55,90,179.0,176.08,54.037025,-22.0,-0.34300232,no
55,91,170.0,173.76,36.05551,4.0,-1.3137665,no
55,92,166.0,173.48,12.649111,29.0,-0.4779358,no
55,93,163.0,170.16,55.569775,46.0,1.0414734,no
55,94,191.0,168.52,102.61579,-110.0,0.04396057,no
55,95,153.0,168.40001,108.16654,48.0,-4.0944824,no
55,96,171.0,172.04001,148.78844,-26.0,-2.4091492,no
55,97,187.0,178.72,151.92104,9.0,5.353958,yes
55,98,209.0,188.4,72.06941,-57.0,11.9436035,no
55,99,208.0,194.0,23.323807,-17.0,14.951447,no
56,0,182.0,167.28,129.28264,-34.0,3.6155853,no
56,1,150.0,166.4,122.376465,33.0,-5.0027924,no
56,2,150.0,162.36,66.48308,3.0,-10.581436,yes
56,3,147.0,156.72,53.75872,14.0,-10.781769,yes
56,4,163.0,156.6,71.40028,-33.0,-8.364059,yes
56,5,175.0,159.16,74.84651,-68.0,-6.3138733,no
56,6,179.0,163.84,41.59327,-74.0,-4.5325317,no
56,7,173.0,166.16,15.297058,-38.0,-2.8845215,no
56,8,144.0,169.04001,69.426216,126.0,-2.4866638,no
56,9,168.0,172.08,154.32434,-16.0,-3.0613098,no
56,10,157.0,171.2,223.02017,43.0,-3.3365784,no
56,11,178.0,170.64,240.70729,-51.0,-0.23789978,no
56,12,172.0,166.08,241.81398,15.0,4.9233704,no
56,13,194.0,159.04,282.078,-103.0,5.494507,no
56,14,144.0,151.16,382.06284,42.0,-4.8983,no
56,15,125.0,149.8,214.56001,30.0,-15.495956,yes
56,16,135.0,150.48,162.99693,21.0,-13.511917,yes
56,17,179.0,159.56,281.4001,-70.0,-1.0426941,no
56,18,206.0,171.92,192.41621,-71.0,10.060257,no
56,19,204.0,187.04,115.948265,-19.0,13.361252,no
56,20,196.0,197.12,106.25441,58.0,13.711685,no
56,21,218.0,200.72,60.74537,-30.0,15.831436,no
56,22,218.0,198.16,55.154327,-25.0,15.954498,no
56,23,202.0,191.56,161.30716,-15.0,10.369858,no
56,24,166.0,180.16,203.90193,64.0,0.14926147,no
56,25,147.0,168.16,206.4219,28.0,-11.529907,no
56,26,121.0,159.12,134.72935,46.0,-20.797592,yes
56,27,103.0,153.24,111.220505,124.0,-23.771545,yes
56,28,132.0,152.92,170.13524,-37.0,-20.902298,yes
56,29,123.0,152.48,154.30489,94.0,-15.821426,yes
56,30,156.0,153.56,149.8933,-49.0,-11.127213,yes
56,31,168.0,153.6,144.05554,-106.0,-7.6311493,no
56,32,154.0,151.36,143.6802,-5.0,-2.6670227,no
56,33,151.0,141.56,143.03146,36.0,1.7371979,no
56,34,156.0,133.32,207.88458,-81.0,-1.8011322,no
56,35,107.0,125.88,175.27692,70.0,-11.660622,no
56,36,104.0,126.799995,125.60255,45.0,-16.288826,yes
56,37,116.0,134.88,220.90723,45.0,-10.37117,yes
56,38,165.0,150.88,262.93726,-58.0,2.8701477,no
56,39,182.0,166.92,159.26079,16.0,13.385422,no
56,40,215.0,180.72,27.018513,-129.0,15.13382,no
56,41,187.0,185.04,67.18631,16.0,10.358185,no
56,42,174.0,181.32,44.94441,44.0,4.869095,no
56,43,176.0,175.04,85.44004,-14.0,0.23146057,no
56,44,161.0,170.68,75.802376,17.0,-2.5881805,no
56,45,162.0,166.88,106.677086,19.0,0.27589417,no
56,46,168.0,161.31999,110.94143,41.0,6.3909607,no
56,47,188.0,158.04,74.726166,-70.0,6.624359,no
56,48,166.0,157.04,161.27615,-44.0,-1.9133606,no
56,49,137.0,159.36,29.15476,78.0,-8.705902,yes
56,50,169.0,164.68,223.2129,-54.0,-5.464432,yes
56,51,185.0,176.56,211.29128,-2.0,3.2164917,no
56,52,194.0,189.32,121.433105,36.0,9.900452,no
56,53,217.0,200.08,67.89698,-45.0,13.3298645,no
56,54,213.0,202.72,67.911705,23.0,13.919662,no
56,55,219.0,202.12,123.458496,-32.0,11.313202,no
56,56,203.0,197.16,143.6802,-22.0,7.5539856,no
56,57,183.0,188.44,101.950966,71.0,6.7826996,no
56,58,190.0,176.8,152.97058,-34.0,5.953903,no
56,59,166.0,163.72,240.07082,18.0,-0.77104187,no
56,60,150.0,150.8,256.39423,-63.0,-13.652893,yes
56,61,99.0,147.36,131.46101,103.0,-24.978409,yes
56,62,106.0,150.28,257.39075,71.0,-21.206894,yes
56,63,167.0,157.2,297.85904,-39.0,-4.3082275,no
56,64,181.0,168.28,39.217342,-23.0,6.2729187,no
56,65,167.0,179.36,34.669872,89.0,6.6263885,no
56,66,197.0,182.4,55.443665,-101.0,4.8182983,no
56,67,166.0,179.16,100.16985,91.0,3.6003265,no
56,68,184.0,172.16,95.015785,-49.0,1.4030304,no
56,69,166.0,166.72,176.40862,-6.0,-5.7881927,no
56,70,148.0,163.76,167.38579,-13.0,-14.745041,no
56,71,134.0,164.44,97.41663,70.0,-17.584335,yes
56,72,155.0,172.28,194.55077,11.0,-12.328827,no
56,73,181.0,185.68,265.0019,26.0,-2.5835114,no
56,74,213.0,198.23999,187.57932,-45.0,5.682373,no
56,75,227.0,208.08,61.983868,-47.0,8.0868225,no
56,76,213.0,212.72,43.011627,13.0,5.040451,no
56,77,220.0,213.95999,18.384777,-32.0,1.0824585,no
56,78,211.0,213.36,45.65085,-4.0,-1.4471436,no
56,79,215.0,212.92,46.75468,-24.0,-0.36854553,no
56,80,213.0,211.08,31.622776,12.0,3.2698517,no
56,81,213.0,209.68,57.00877,-3.0,6.712097,no
56,82,210.0,200.12,54.91812,7.0,8.148178,no
56,83,213.0,185.92,220.0818,-99.0,1.915268,no
56,84,147.0,178.04,263.4274,101.0,-11.847961,no
56,85,149.0,173.8,125.299644,-4.0,-15.49942,no
56,86,184.0,171.72,185.58556,-31.0,-4.4166107,yes
56,87,193.0,175.92,30.066593,-49.0,4.457733,no
56,88,187.0,183.96,42.047592,14.0,5.0154724,no
56,89,182.0,183.76001,74.02702,-15.0,1.0380402,no
56,90,170.0,183.32,50.91169,32.0,-2.862503,no
56,91,167.0,180.52,35.69314,29.0,-4.0313416,no
56,92,177.0,180.28,58.137768,-18.0,-2.0779114,no
56,93,181.0,177.88,34.928497,-24.0,0.75675964,no
56,94,175.0,176.48,34.4093,8.0,1.7846222,no
56,95,167.0,173.24,89.1852,25.0,-0.23684692,no
56,96,162.0,174.64,8.602325,36.0,-2.3702087,no
56,97,176.0,177.76,151.38031,-24.0,0.517334,yes
56,98,187.0,183.44,169.1981,27.0,9.150253,no
56,99,204.0,186.68,62.03225,-2.0,16.800781,no
57,0,188.0,170.16,116.275536,-64.0,2.0791779,no
57,1,146.0,168.68,92.31468,93.0,-3.7181854,no
57,2,167.0,165.12,84.0238,-44.0,-6.5986023,no
57,3,153.0,158.2,67.89698,4.0,-8.164597,no
57,4,143.0,155.48,76.55064,33.0,-10.861588,yes
57,5,126.0,153.56,157.25775,91.0,-12.738083,yes
57,6,156.0,152.8,198.63535,-32.0,-9.916687,no
57,7,157.0,151.28,108.93117,27.0,-6.3268433,no
57,8,181.0,153.32,70.68239,-128.0,-6.496521,yes
57,9,151.0,156.0,107.81466,15.0,-9.468048,no
57,10,138.0,156.64,89.822044,33.0,-10.954788,yes
57,11,130.0,159.24,111.75867,85.0,-8.734833,no
57,12,143.0,154.56,163.57262,7.0,-4.9570312,no
57,13,142.0,146.8,204.1666,20.0,-6.49942,no
57,14,111.0,140.36,224.3212,51.0,-16.923492,no
57,15,92.0,143.0,66.88796,116.0,-23.112022,yes
57,16,131.0,148.64,295.4894,-4.0,-13.313309,yes
57,17,172.0,163.4,290.33774,23.0,5.0200195,no
57,18,203.0,180.88,114.43776,-30.0,16.203995,no
57,19,208.0,197.76,37.363083,17.0,17.548447,no
57,20,227.0,205.32,40.718548,-97.0,16.403778,no
57,21,213.0,205.96,31.241,36.0,16.89154,no
57,22,215.0,199.88,90.35486,-17.0,15.169907,no
57,23,192.0,190.12001,156.01282,31.0,8.142334,no
57,24,186.0,176.48,179.04749,-65.0,-2.0830383,no
57,25,147.0,165.04001,177.54436,46.0,-11.7582855,no
57,26,137.0,156.24,174.0,36.0,-15.226288,yes
57,27,158.0,153.32,266.95694,-48.0,-11.621689,no
57,28,158.0,155.4,253.77943,4.0,-7.013504,no
57,29,162.0,157.52,214.11212,-19.0,-4.013031,no
57,30,160.0,161.08,145.38225,14.0,-1.8343506,no
57,31,150.0,164.8,119.33985,71.0,0.72021484,no
57,32,156.0,164.95999,151.2217,77.0,5.86734,no
57,33,192.0,156.92,121.45781,-139.0,9.465073,no
57,34,150.0,149.48,224.07588,56.0,4.2727203,no
57,35,129.0,139.48,176.91806,20.0,-6.1624756,no
57,36,136.0,135.84,97.62172,-44.0,-11.350662,yes
57,37,138.0,139.56,137.92752,-16.0,-7.8663025,yes
57,38,157.0,152.2,221.05655,17.0,2.1871033,no
57,39,184.0,166.4,130.39172,-25.0,10.839706,no
57,40,182.0,180.68001,47.010635,50.0,12.484161,no
57,41,192.0,186.92,53.75872,-17.0,9.267899,no
57,42,176.0,185.04,97.41663,55.0,5.1838226,no
57,43,190.0,181.0,101.87247,-52.0,1.7509003,no
57,44,164.0,179.36,90.50967,64.0,-0.7029724,no
57,45,182.0,175.36,70.93659,-45.0,2.114334,no
57,46,199.0,167.76,16.970562,-98.0,6.657242,no
57,47,172.0,163.6,156.7801,7.0,2.4738464,no
57,48,144.0,163.8,126.649124,47.0,-7.6397247,yes
57,49,141.0,165.64,115.767006,52.0,-10.034958,yes
57,50,176.0,172.44,223.94643,-2.0,-1.7138367,no
57,51,206.0,186.32,123.69317,-57.0,7.1706696,no
57,52,211.0,198.6,66.24198,-31.0,10.93158,no
57,53,208.0,206.0,15.811388,21.0,11.101944,no
57,54,208.0,206.16,54.037025,0.0,9.000381,no
57,55,204.0,203.04001,119.2057,-25.0,5.685135,no
57,56,175.0,194.6,93.38094,96.0,3.2397919,no
57,57,197.0,183.04001,93.230896,-83.0,2.6145782,no
57,58,176.0,168.72,200.38463,-21.0,-1.0560608,no
57,59,147.0,155.8,199.02261,7.0,-9.285294,no
57,60,120.0,145.92,111.15755,81.0,-17.593582,yes
57,61,124.0,146.16,141.42136,-10.0,-19.834106,yes
57,62,131.0,152.56,316.51224,76.0,-10.857025,no
57,63,188.0,162.76,216.22673,-101.0,2.6480865,no
57,64,171.0,174.08,83.546394,78.0,8.318832,no
57,65,191.0,181.12,53.235325,-62.0,6.9089355,no
57,66,172.0,180.96,62.0,47.0,3.6386566,no
57,67,168.0,175.36,11.045361,15.0,1.4680328,no
57,68,172.0,165.4,65.96969,-3.0,-1.3786011,no
57,69,152.0,159.04,199.24858,-6.0,-10.729019,no
57,70,119.0,158.68,74.24284,89.0,-20.246475,no
57,71,132.0,163.92,204.96341,52.0,-17.613205,yes
57,72,176.0,172.76,309.04044,7.0,-4.614044,no
57,73,219.0,188.68,147.27525,-101.0,5.8870697,no
57,74,213.0,201.44,69.12308,-2.0,9.074783,no
57,75,222.0,210.52,53.009434,-12.0,9.357712,no
57,76,216.0,213.44,61.269894,25.0,7.197113,no
57,77,211.0,216.08,79.24645,8.0,2.8185425,no
57,78,194.0,215.64,52.554733,81.0,-0.4931183,no
57,79,204.0,214.72,35.805027,30.0,-0.10630798,no
57,80,215.0,211.56,14.422205,-29.0,2.4828186,no
57,81,206.0,208.68,51.088158,33.0,4.5811615,no
57,82,201.0,199.12,50.990196,1.0,5.2998657,no
57,83,201.0,185.76,143.08739,-22.0,1.4985809,no
57,84,164.0,177.88,275.19086,-7.0,-9.902283,no
57,85,119.0,173.68001,60.464867,180.0,-15.613083,yes
57,86,174.0,173.16,191.77069,-56.0,-7.179291,yes
57,87,178.0,177.76001,91.13726,50.0,3.1576538,no
57,88,198.0,185.36,40.04997,-42.0,6.322586,no
57,89,186.0,186.68001,78.40918,14.0,3.2431793,no
57,90,184.0,187.88,89.55445,-4.0,-0.72132874,no
57,91,180.0,185.52,101.597244,-8.0,-1.3399353,no
57,92,176.0,185.68,116.38728,54.0,1.7060089,no
57,93,185.0,185.36,113.74533,-18.0,5.019348,no
57,94,169.0,183.36,137.2953,106.0,7.5897217,no
57,95,203.0,176.48,135.5581,-107.0,6.673889,no
57,96,170.0,174.12,180.22763,9.0,-1.0058136,no
57,97,144.0,174.56,123.32072,85.0,-5.6553497,yes
57,98,186.0,176.4,273.47028,-57.0,2.7896118,no
57,99,215.0,177.2,173.66635,-81.0,14.491196,no
58,0,172.0,174.32,50.931328,29.0,0.32395935,no
58,1,172.0,174.56,113.110565,-5.0,-1.0549164,no
58,2,175.0,172.8,131.02672,-7.0,-1.2658844,no
58,3,159.0,166.44,140.76932,36.0,-3.0370483,no
58,4,163.0,164.88,196.62146,-40.0,-8.718979,no
58,5,121.0,161.72,118.72658,77.0,-16.10382,yes
58,6,130.0,158.44,77.175125,44.0,-16.934113,yes
58,7,145.0,153.72,144.25671,-20.0,-14.41774,yes
58,8,144.0,156.04,210.23796,-10.0,-14.4440155,yes
58,9,132.0,156.12,125.09996,33.0,-14.212753,yes
58,10,147.0,154.36,47.539455,-22.0,-10.601685,yes
58,11,146.0,153.31999,78.08969,-16.0,-7.3450165,yes
58,12,135.0,146.92,48.02083,45.0,-7.0153046,yes
58,13,140.0,135.28,129.06587,-35.0,-12.004547,yes
58,14,117.0,129.59999,140.52046,-3.0,-21.97892,yes
58,15,117.0,134.95999,69.354164,-46.0,-25.25718,yes
58,16,121.0,144.59999,328.6092,100.0,-12.838333,yes
58,17,198.0,161.12,275.08908,-125.0,6.0203094,no
58,18,196.0,181.28,104.93808,23.0,15.738647,no
58,19,215.0,196.92,45.188496,-50.0,16.386948,no
58,20,194.0,203.08,43.863426,106.0,14.793304,no
58,21,228.0,202.40001,74.96666,-86.0,14.315414,no
58,22,220.0,195.8,147.51271,-57.0,11.460541,no
58,23,196.0,184.44,181.39459,-26.0,3.8927917,no
58,24,174.0,173.84,169.49927,5.0,-5.2252655,no
58,25,164.0,165.68001,64.327286,-39.0,-10.373001,yes
58,26,158.0,161.24,144.49913,28.0,-6.801178,yes
58,27,186.0,162.44,144.80331,-53.0,0.68673706,no
58,28,184.0,168.76,103.392456,-26.0,4.4436035,no
58,29,188.0,172.88,128.06248,-28.0,5.641098,no
58,30,186.0,175.6,145.56099,-5.0,5.6576385,no
58,31,187.0,178.0,140.46352,-33.0,6.67482,no
58,32,205.0,177.36,126.53063,-104.0,11.107727,no
58,33,172.0,168.52,119.632774,87.0,13.102524,no
58,34,179.0,158.8,199.90498,-66.0,7.1667175,no
58,35,143.0,147.88,178.44327,6.0,-4.190048,no
58,36,129.0,142.6,50.537113,18.0,-12.010529,yes
58,37,127.0,143.6,109.48059,36.0,-11.603577,yes
58,38,158.0,155.36,231.93533,-24.0,-3.3444977,no
58,39,190.0,169.08,146.7106,-69.0,5.595627,no
58,40,187.0,182.31999,70.68239,11.0,9.396271,no
58,41,206.0,189.44,52.49762,-56.0,9.886658,no
58,42,203.0,189.31999,60.166435,-33.0,8.285355,no
58,43,192.0,185.36,87.005745,6.0,4.5794525,no
58,44,187.0,184.0,93.03763,-54.0,0.9094696,no
58,45,158.0,179.28,49.819675,99.0,2.0661469,no
58,46,176.0,170.36,25.495098,23.0,3.833725,no
58,47,164.0,166.36,207.09901,-5.0,-4.191498,no
58,48,144.0,168.96,55.17246,13.0,-13.833008,yes
58,49,159.0,170.88,191.04973,-5.0,-11.007431,yes
58,50,186.0,178.76,188.60011,-20.0,-0.063934326,no
58,51,195.0,192.68001,101.636604,21.0,7.78421,no
58,52,205.0,202.48,73.34848,23.0,10.796127,no
58,53,217.0,205.16,36.878178,-24.0,10.128143,no
58,54,207.0,202.28,87.47571,-19.0,6.4076233,no
58,55,189.0,196.56,80.523285,45.0,3.0940247,no
58,56,192.0,185.16,54.33231,-53.0,1.8066101,no
58,57,171.0,172.6,125.93649,41.0,-0.40109253,no
58,58,149.0,159.56,209.76654,31.0,-7.5720215,no
58,59,133.0,150.8,134.20134,28.0,-15.578705,yes
58,60,140.0,146.96,21.213203,-57.0,-17.398605,yes
58,61,136.0,150.76,210.0,64.0,-10.623032,no
58,62,182.0,159.0,221.77466,-92.0,0.3887329,no
58,63,182.0,169.16,78.892334,22.0,7.729553,no
58,64,202.0,178.4,38.0,-88.0,9.830078,no
58,65,192.0,180.56,39.623226,-3.0,8.937317,no
58,66,179.0,178.84,91.706055,18.0,5.6283264,no
58,67,177.0,171.84,46.818798,-17.0,1.848587,no
58,68,181.0,160.95999,113.99123,-85.0,-3.3370209,no
58,69,145.0,155.44,174.95142,34.0,-13.254044,no
58,70,133.0,158.52,50.159744,5.0,-19.450378,no
58,71,151.0,167.2,295.25583,42.0,-11.323059,yes
58,72,205.0,179.0,263.22995,-93.0,3.3710785,no
58,73,205.0,194.95999,31.112698,28.0,9.564438,no
58,74,196.0,206.0,45.099888,52.0,6.683716,no
58,75,220.0,213.04,128.7012,-21.0,5.6140137,no
58,76,243.0,213.76,31.906113,-105.0,6.9781494,no
58,77,222.0,216.0,71.11962,29.0,6.1736298,no
58,78,231.0,215.92,97.3242,-64.0,4.2372284,no
58,79,222.0,214.76001,72.06941,-22.0,3.0996857,no
58,80,208.0,210.04001,16.0,45.0,2.7851868,no
58,81,228.0,206.72,72.498276,-117.0,2.6478882,no
58,82,188.0,197.96,69.77106,81.0,2.2120514,no
58,83,204.0,185.84,75.28612,-61.0,0.8032074,no
58,84,182.0,176.04,185.78482,-14.0,-5.976349,no
58,85,169.0,174.48,89.64374,-60.0,-12.587067,yes
58,86,159.0,174.64,131.03435,61.0,-8.893173,yes
58,87,197.0,178.95999,158.80806,-80.0,1.7869415,no
58,88,199.0,186.92,67.941154,4.0,8.4783325,no
58,89,194.0,191.84,91.92388,21.0,7.5097046,no
58,90,196.0,192.84,82.0975,-25.0,4.0410156,no
58,91,185.0,190.31999,85.75546,46.0,4.22908,no
58,92,216.0,188.16,100.56838,-98.0,8.346649,no
58,93,196.0,188.4,92.779305,36.0,11.778183,no
58,94,219.0,184.28,67.72001,-114.0,14.7330475,no
58,95,199.0,173.6,112.1606,1.0,12.704285,no
58,96,180.0,166.44,259.73834,-59.0,0.5418854,no
58,97,129.0,165.6,105.26158,85.0,-10.348511,yes
58,98,141.0,163.28,237.8613,68.0,-5.6201477,no
58,99,174.0,160.68,231.94827,-4.0,5.9194794,no
59,0,185.0,185.0,43.104523,-7.0,-0.22834778,no
59,1,190.0,184.92,31.241,-35.0,0.8629608,no
59,2,195.0,183.52,55.443665,-51.0,3.087265,no
59,3,181.0,177.2,132.0606,16.0,4.12648,no
59,4,189.0,173.68,237.35628,-59.0,0.6734772,no
59,5,142.0,168.16,285.46454,74.0,-7.645691,no
59,6,142.0,164.48,221.05655,18.0,-12.296982,no
59,7,129.0,159.2,183.43936,66.0,-13.76709,yes
59,8,108.0,161.56,163.71317,138.0,-14.599487,yes
59,9,119.0,159.32,242.21065,95.0,-9.541855,yes
59,10,150.0,154.68001,250.13995,42.0,-0.7540741,yes
59,11,156.0,149.76,173.97127,12.0,1.0094452,yes
59,12,156.0,143.8,122.26202,-61.0,-4.6336517,yes
59,13,131.0,132.12,157.00319,-9.0,-13.622177,yes
59,14,97.0,127.2,131.46863,74.0,-23.680183,yes
59,15,92.0,134.12,96.79876,79.0,-26.544312,yes
59,16,138.0,145.0,316.63858,-34.0,-15.072708,yes
59,17,178.0,159.08,250.59929,-31.0,1.6522827,no
59,18,191.0,178.28,168.1071,-4.0,10.180405,no
59,19,212.0,193.96,135.07036,-65.0,11.516541,no
59,20,212.0,200.96,89.27486,-47.0,10.909607,no
59,21,199.0,199.0,109.63576,13.0,9.688812,no
59,22,184.0,192.88,121.91801,53.0,6.173935,no
59,23,172.0,182.32,151.78932,38.0,-1.8455963,no
59,24,155.0,175.44,156.37135,22.0,-11.026062,no
59,25,138.0,170.68,55.946404,85.0,-12.604355,yes
59,26,173.0,169.95999,182.96448,-16.0,-3.9628143,no
59,27,191.0,174.95999,63.007935,-34.0,4.0146637,no
59,28,178.0,182.44,38.078865,45.0,6.112503,no
59,29,192.0,184.96,72.62231,6.0,7.45047,no
59,30,204.0,185.8,59.548298,-71.0,7.609207,no
59,31,174.0,187.88,15.297058,98.0,7.508316,no
59,32,201.0,185.32,24.698177,-43.0,10.606506,no
59,33,199.0,175.76001,59.665737,-50.0,12.403976,no
59,34,185.0,165.96,179.29306,-38.0,7.0749664,no
59,35,141.0,155.0,211.07344,50.0,-4.935257,no
59,36,128.0,146.6,99.53894,18.0,-14.890274,yes
59,37,119.0,145.28,56.568542,39.0,-16.892334,yes
59,38,134.0,153.88,186.31694,59.0,-10.3965,yes
59,39,162.0,166.52,178.99721,17.0,-0.46897888,no
59,40,181.0,179.4,114.85643,18.0,7.1320496,no
59,41,186.0,189.2,60.926186,58.0,10.479721,no
59,42,205.0,191.44,12.0,-38.0,9.823853,no
59,43,194.0,190.84,82.0,-3.0,5.7846375,no
59,44,180.0,190.04001,65.192024,30.0,2.3890839,no
59,45,186.0,182.2,91.214035,-15.0,4.066986,no
59,46,206.0,172.16,99.48869,-105.0,3.7057648,no
59,47,159.0,169.16,249.24286,12.0,-7.7082214,no
59,48,122.0,171.4,28.319605,124.0,-16.429443,yes
59,49,160.0,173.24,259.6151,13.0,-9.555008,no
59,50,194.0,183.96,172.30786,-13.0,2.399002,no
59,51,204.0,197.36,80.0,-2.0,8.42276,no
59,52,220.0,204.8,64.03124,-41.0,10.491486,no
59,53,224.0,205.44,63.953106,-57.0,9.589691,no
59,54,195.0,201.16,95.07891,46.0,6.107437,no
59,55,198.0,192.64,71.063354,-33.0,3.738388,no
59,56,180.0,179.8,93.29523,30.0,1.9436798,no
59,57,187.0,166.88,172.66151,-95.0,-2.9382324,no
59,58,147.0,156.04,192.27585,-2.0,-11.92247,no
59,59,124.0,151.12,46.043457,34.0,-17.703293,yes
59,60,114.0,152.24,149.25146,125.0,-14.059479,yes
59,61,162.0,158.68,253.17978,-28.0,-2.9266968,no
59,62,187.0,167.76,81.055534,-35.0,5.6158295,no
59,63,178.0,177.28,39.849716,0.0,6.6337433,no
59,64,175.0,182.96,82.219215,56.0,7.2061462,no
59,65,193.0,182.24,25.298222,-22.0,9.440735,no
59,66,193.0,178.2,92.34717,-43.0,8.344818,no
59,67,163.0,170.2,130.24593,40.0,2.2887878,no
59,68,145.0,158.92,130.36104,70.0,-6.4385223,no
59,69,148.0,156.4,125.67418,-54.0,-15.368042,no
59,70,122.0,160.56,147.3635,108.0,-16.085205,yes
59,71,176.0,172.36,294.94406,-32.0,-4.174469,no
59,72,195.0,183.8,186.60118,26.0,8.189774,no
59,73,228.0,198.6,47.539455,-90.0,10.4622345,no
59,74,198.0,206.84,79.69943,42.0,3.3371887,no
59,75,198.0,212.76,101.597244,28.0,-1.3355865,no
59,76,209.0,212.72,163.21765,29.0,1.1894073,no
59,77,232.0,215.8,81.00617,-56.0,5.332321,no
59,78,222.0,216.56,31.780497,15.0,6.445053,no
59,79,223.0,215.56,50.635956,-12.0,4.931595,no
59,80,212.0,210.28,76.15773,-14.0,2.0832825,no
59,81,193.0,206.31999,81.84131,72.0,-0.30621338,no
59,82,200.0,200.24,68.8186,-48.0,-0.895401,no
59,83,184.0,188.08,41.761227,35.0,-0.22857666,no
59,84,177.0,176.72,119.70798,13.0,-3.853775,no
59,85,156.0,175.16,140.46352,41.0,-11.902863,no
59,86,157.0,176.59999,123.49089,-16.0,-11.896912,yes
59,87,172.0,178.72,224.3212,84.0,0.16545105,no
59,88,211.0,187.31999,79.30952,-56.0,10.205521,no
59,89,216.0,194.92,35.383614,-64.0,10.862152,no
59,90,196.0,196.68,68.8186,30.0,7.711273,no
59,91,194.0,192.16,34.176014,10.0,7.512848,no
59,92,209.0,189.31999,58.034473,-32.0,10.047928,no
59,93,200.0,188.72,138.71553,-26.0,11.3068695,no
59,94,198.0,183.12,143.13629,-16.0,13.529327,no
59,95,195.0,169.72,161.02795,-24.0,11.844681,no
59,96,163.0,160.95999,277.0415,3.0,-0.79055786,no
59,97,136.0,156.92,159.62456,11.0,-13.695663,yes
59,98,143.0,151.28,175.36249,-36.0,-12.489716,no
59,99,162.0,146.8,173.97127,-22.0,-2.9831543,no
60,0,186.0,192.28,102.9563,10.0,2.0724487,no
60,1,173.0,191.68,112.969025,84.0,3.3849487,no
60,2,183.0,191.24,119.331474,60.0,6.539093,no
60,3,197.0,186.32,95.80188,-7.0,9.451248,no
60,4,211.0,181.76,122.09013,-68.0,9.310669,no
60,5,190.0,177.24,215.64786,-18.0,5.0000153,no
60,6,185.0,172.48,236.1779,-24.0,1.7608948,no
60,7,187.0,166.92,269.07248,-65.0,0.5350342,no
60,8,178.0,167.68,304.795,-43.0,0.75476074,no
60,9,181.0,164.68,291.815,-16.0,5.927017,no
60,10,220.0,157.88,128.39003,-178.0,10.414505,no
60,11,184.0,154.76,224.07588,-81.0,3.8834076,no
60,12,141.0,151.12,161.62302,16.0,-6.7904663,no
60,13,122.0,142.72,81.84131,52.0,-12.648209,no
60,14,122.0,138.12,253.66513,4.0,-17.551346,yes
60,15,95.0,144.36,181.46625,115.0,-22.2882,yes
60,16,127.0,151.8,214.0,-7.0,-17.577042,yes
60,17,154.0,160.48,228.47319,27.0,-4.8871765,yes
60,18,174.0,173.32,87.005745,3.0,3.414505,no
60,19,165.0,186.36,113.216606,99.0,5.735794,no
60,20,196.0,192.28,75.28612,-21.0,7.621109,no
60,21,185.0,189.08,27.018513,51.0,8.452591,no
60,22,198.0,184.0,84.85281,-8.0,5.419937,no
60,23,191.0,178.28,182.01099,-83.0,-4.391327,no
60,24,158.0,176.76001,107.22873,10.0,-13.676758,yes
60,25,145.0,175.36,149.51254,77.0,-12.239685,yes
60,26,189.0,179.56,188.36667,-51.0,-2.3985443,no
60,27,193.0,187.16,27.313,-8.0,2.9837494,no
60,28,190.0,193.84,33.526108,-9.0,3.382843,no
60,29,204.0,195.12,70.93659,-38.0,5.339813,no
60,30,193.0,196.56,55.461697,48.0,6.3832245,no
60,31,202.0,195.92,66.88796,-57.0,5.9582214,no
60,32,183.0,191.95999,19.235384,57.0,7.0281677,no
60,33,188.0,181.95999,35.383614,0.0,8.113876,no
60,34,183.0,171.76,162.04938,-13.0,3.784195,no
60,35,158.0,160.95999,194.5045,-24.0,-6.673767,no
60,36,141.0,153.31999,89.64374,-17.0,-14.817886,yes
60,37,126.0,149.88,79.69943,71.0,-16.81372,yes
60,38,156.0,156.84,108.66462,-81.0,-13.469894,yes
60,39,160.0,166.68,200.56918,41.0,-4.9659576,yes
60,40,207.0,178.04,160.1312,-105.0,5.0077972,no
60,41,210.0,187.72,44.181442,-57.0,10.359772,no
60,42,199.0,193.08,20.59126,23.0,10.394669,no
60,43,196.0,192.96,77.47257,-7.0,7.1144867,no
60,44,183.0,191.44,59.05929,23.0,4.872452,no
60,45,185.0,181.40001,55.569775,30.0,6.2565765,no
60,46,198.0,172.04001,148.92952,-59.0,2.9546204,no
60,47,156.0,170.84,205.19746,26.0,-8.864502,yes
60,48,149.0,175.16,140.07141,23.0,-13.13501,yes
60,49,178.0,178.68,265.6464,5.0,-3.477768,no
60,50,213.0,190.72,113.71895,-74.0,6.4211273,no
60,51,205.0,202.4,32.06244,4.0,9.124069,no
60,52,206.0,206.88,33.941124,29.0,9.368164,no
60,53,207.0,204.8,59.05929,0.0,8.788361,no
60,54,197.0,200.24,52.63079,21.0,7.8634644,no
60,55,195.0,189.16,94.371605,-12.0,6.379898,no
60,56,173.0,174.0,155.46704,22.0,1.4429169,no
60,57,155.0,161.2,199.32385,6.0,-7.213806,no
60,58,126.0,153.64,91.18114,72.0,-14.531494,no
60,59,136.0,151.48,146.48549,17.0,-13.709595,yes
60,60,155.0,157.76,243.31873,-1.0,-5.6700745,yes
60,61,183.0,167.2,176.96327,-48.0,3.399231,no
60,62,191.0,176.28,19.235384,-39.0,6.624237,no
60,63,168.0,182.8,32.526913,61.0,4.3927307,no
60,64,183.0,186.44,72.013885,-7.0,5.2339325,no
60,65,190.0,182.2,33.13608,-3.0,9.3802185,no
60,66,194.0,175.44,68.73136,-31.0,9.9478,no
60,67,177.0,166.12,165.36626,-18.0,2.7965393,no
60,68,158.0,157.88,140.12851,-44.0,-8.268265,no
60,69,126.0,156.95999,58.0517,93.0,-15.292847,yes
60,70,139.0,162.92,248.69661,54.0,-11.1848755,yes
60,71,204.0,177.16,234.00854,-107.0,1.0767365,no
60,72,197.0,190.04,110.0,26.0,9.045883,no
60,73,224.0,202.2,49.67897,-44.0,9.083115,no
60,74,212.0,208.59999,100.80675,-43.0,1.4862671,no
60,75,193.0,213.84,15.811388,38.0,-5.0384674,no
60,76,192.0,214.84,106.0,59.0,-3.4549866,no
60,77,219.0,217.8,83.294655,-7.0,2.6308594,no
60,78,217.0,218.36,15.231546,23.0,5.5430145,no
60,79,224.0,217.44,37.336308,-33.0,4.5335693,no
60,80,210.0,212.28,74.1485,15.0,1.6836395,no
60,81,204.0,207.48,80.26207,-16.0,-0.8139801,no
60,82,187.0,201.52,63.51378,50.0,-0.5496216,no
60,83,190.0,191.2,95.42536,22.0,2.0575714,no
60,84,199.0,178.28,172.56883,-55.0,-1.1243744,no
60,85,162.0,177.59999,238.13441,-18.0,-12.683731,yes
60,86,125.0,179.28,144.53374,168.0,-14.725998,yes
60,87,207.0,181.0,282.85684,-143.0,-0.1404419,no
60,88,201.0,187.88,33.37664,31.0,10.930618,no
60,89,199.0,196.64,59.36329,21.0,10.593475,no
60,90,208.0,196.8,52.153618,-54.0,7.6855927,no
60,91,196.0,190.88,34.176014,4.0,6.994583,no
60,92,194.0,186.16,107.51744,-10.0,6.29126,no
60,93,171.0,183.04,158.22136,34.0,4.083069,no
60,94,162.0,175.84,137.89851,85.0,5.475357,no
60,95,196.0,162.0,139.17615,-120.0,5.848358,no
60,96,144.0,152.84,263.3211,53.0,-4.366516,no
60,97,120.0,148.88,147.85127,18.0,-16.325623,yes
60,98,97.0,144.36,117.79643,150.0,-16.84346,yes
60,99,147.0,140.2,184.83507,-65.0,-9.558624,no
61,0,210.0,199.36,95.131485,-19.0,8.2717285,no
61,1,217.0,199.0,96.10411,-56.0,9.106934,no
61,2,227.0,198.36,56.142673,-105.0,10.332977,no
61,3,206.0,194.68001,37.94733,-4.0,10.2534485,no
61,4,200.0,190.68001,63.560993,8.0,9.198181,no
61,5,204.0,187.08,52.63079,-48.0,8.060699,no
61,6,197.0,182.28,18.110771,-22.0,8.873383,no
61,7,191.0,176.84,70.11419,25.0,11.145248,no
61,8,193.0,174.0,76.15773,-15.0,12.100327,no
61,9,191.0,169.56,36.769554,-15.0,11.572174,no
61,10,187.0,163.2,226.71568,-46.0,6.3037415,no
61,11,138.0,160.72,271.24896,78.0,-4.843277,no
61,12,118.0,158.04,46.818798,97.0,-10.2803955,yes
61,13,146.0,153.31999,297.60712,37.0,-4.722412,yes
61,14,178.0,151.36,343.90988,-84.0,-1.5657959,no
61,15,154.0,154.04,345.05942,-40.0,-8.580383,no
61,16,114.0,158.12,149.26486,139.0,-13.20517,yes
61,17,164.0,162.84,227.12552,-43.0,-6.2538605,yes
61,18,189.0,171.16,50.695168,-63.0,1.5401917,no
61,19,177.0,177.48,39.115215,15.0,3.5210419,no
61,20,201.0,182.0,98.40732,-68.0,5.098984,no
61,21,198.0,179.52,109.77249,-16.0,6.6546173,no
61,22,224.0,177.4,169.91763,-175.0,3.0521545,no
61,23,153.0,174.28,222.44101,90.0,-7.708954,yes
61,24,151.0,178.64,70.71068,51.0,-12.6879425,yes
61,25,172.0,180.48,240.42047,8.0,-6.2929077,yes
61,26,194.0,186.28,161.22655,3.0,2.1712952,no
61,27,194.0,194.0,88.76936,-14.0,3.6290894,no
61,28,176.0,200.64,95.257545,108.0,2.813919,no
61,29,203.0,199.16,74.20242,-9.0,4.4437714,no
61,30,210.0,199.8,28.178005,-44.0,5.2894745,no
61,31,201.0,199.12,47.853943,12.0,5.41951,no
61,32,198.0,193.44,86.4523,-9.0,5.8763885,no
61,33,187.0,183.16,68.41052,17.0,4.59935,no
61,34,188.0,176.2,155.33191,-73.0,-0.9695587,no
61,35,143.0,168.64,133.82077,66.0,-8.306015,yes
61,36,135.0,160.92,158.39824,85.0,-10.001465,yes
61,37,159.0,156.96,204.6265,-54.0,-9.445343,yes
61,38,123.0,162.48,99.68952,154.0,-11.44371,yes
61,39,156.0,168.23999,149.91331,-22.0,-9.2825775,yes
61,40,172.0,175.56,192.46298,35.0,-1.6170502,yes
61,41,191.0,184.16,154.20117,-6.0,5.393753,no
61,42,208.0,190.8,55.443665,-43.0,9.335251,no
61,43,201.0,192.64,53.75872,-1.0,9.607132,no
61,44,194.0,191.36,57.982758,16.0,8.281036,no
61,45,203.0,181.0,55.946404,-66.0,5.996002,no
61,46,186.0,173.68001,215.24405,-42.0,-1.7793732,no
61,47,144.0,173.8,89.88882,68.0,-10.554352,yes
61,48,163.0,177.64,228.77937,12.0,-6.5543976,yes
61,49,195.0,182.2,236.22447,-11.0,5.8195343,no
61,50,201.0,195.36,80.04999,32.0,11.649399,no
61,51,201.0,204.2,27.018513,29.0,10.535217,no
61,52,221.0,206.08,7.071068,-65.0,9.635834,no
61,53,201.0,202.28,19.697716,33.0,10.147934,no
61,54,212.0,194.76,36.878178,-30.0,11.627563,no
61,55,200.0,182.08,132.01515,-22.0,9.274887,no
61,56,184.0,167.48,217.70622,-55.0,0.220932,no
61,57,140.0,156.68001,211.24394,50.0,-11.663132,yes
61,58,138.0,152.4,54.037025,-23.0,-15.9999695,yes
61,59,156.0,155.8,212.55116,-2.0,-8.054016,yes
61,60,186.0,164.2,142.27438,-72.0,2.520218,no
61,61,176.0,173.68,63.89053,38.0,7.423706,no
61,62,187.0,180.76,39.115215,-4.0,7.1913147,no
61,63,181.0,184.52,60.530983,17.0,5.1276245,no
61,64,192.0,184.84,31.144823,-31.0,6.063858,no
61,65,187.0,177.56,26.683329,0.0,8.984146,no
61,66,185.0,168.44,96.42614,-1.0,8.067017,no
61,67,175.0,159.48,233.94444,-53.0,-1.1578064,no
61,68,140.0,154.48,161.44348,35.0,-12.317123,no
61,69,152.0,156.28,93.05912,-50.0,-14.194717,yes
61,70,158.0,164.48,230.93289,41.0,-6.0594635,yes
61,71,197.0,181.96,137.09122,-52.0,3.0591583,no
61,72,191.0,195.96,94.371605,43.0,6.843384,no
61,73,215.0,204.92,46.69047,-37.0,6.817749,no
61,74,190.0,208.28,73.4983,106.0,2.2487335,no
61,75,208.0,213.12,106.01887,-21.0,-2.0344543,no
61,76,206.0,212.4,103.227905,25.0,-1.1659851,no
61,77,228.0,213.92,67.77905,-45.0,3.0084076,no
61,78,226.0,215.31999,22.36068,-27.0,4.895233,no
61,79,213.0,214.52,38.832977,32.0,3.7816467,no
61,80,215.0,211.36,32.24903,-17.0,2.2142181,no
61,81,210.0,208.28,60.959003,-4.0,1.7153625,no
61,82,204.0,203.96,70.34202,2.0,3.535843,no
61,83,212.0,192.2,35.014282,-37.0,6.159958,no
61,84,212.0,178.56,198.11613,-105.0,0.64971924,no
61,85,150.0,176.68,254.0315,76.0,-13.441986,yes
61,86,142.0,177.52,170.22926,36.0,-15.189621,yes
61,87,187.0,177.95999,295.14743,27.0,1.1535492,no
61,88,218.0,186.0,15.6205,-84.0,11.507889,no
61,89,192.0,196.28,86.034874,30.0,8.598099,no
61,90,187.0,193.56,78.58753,26.0,4.6826477,no
61,91,192.0,185.28,95.07891,-18.0,3.6513824,no
61,92,190.0,177.96,133.41664,-46.0,1.3176422,no
61,93,162.0,172.68001,138.80922,41.0,-2.6912231,no
61,94,168.0,163.6,133.09395,-55.0,-2.9448853,no
61,95,163.0,153.6,174.56804,0.0,-2.1536407,no
61,96,150.0,147.88,196.33136,-45.0,-7.859268,yes
61,97,121.0,145.88,79.61156,37.0,-14.054291,yes
61,98,128.0,142.52,160.12495,-26.0,-12.158707,yes
61,99,117.0,141.28,156.95222,102.0,-6.499344,yes
62,0,208.0,198.2,16.124516,-5.0,11.807251,no
62,1,202.0,198.96,38.470768,24.0,11.612778,no
62,2,197.0,198.88,60.033325,43.0,10.62587,no
62,3,196.0,196.92,68.96376,9.0,7.863632,no
62,4,187.0,195.08,58.821766,22.0,4.4326324,no
62,5,181.0,195.36,58.24088,40.0,3.2613068,no
62,6,186.0,192.52,72.40166,28.0,6.978775,no
62,7,212.0,188.28,23.537205,-75.0,12.36586,no
62,8,197.0,184.08,87.31552,-8.0,11.571686,no
62,9,188.0,179.23999,199.61964,-46.0,3.7119446,no
62,10,153.0,170.95999,198.49434,27.0,-6.5428314,yes
62,11,141.0,169.36,66.75328,33.0,-11.260574,yes
62,12,144.0,169.31999,294.35013,86.0,-5.3189697,yes
62,13,203.0,169.04,242.52835,-117.0,6.244339,no
62,14,206.0,168.0,83.25864,-80.0,10.387726,no
62,15,189.0,168.88,207.88939,-61.0,4.0286713,no
62,16,150.0,167.48,229.01965,62.0,-3.3289642,yes
62,17,156.0,164.76,134.46933,42.0,-2.8761444,yes
62,18,178.0,164.51999,46.8615,-28.0,0.541214,yes
62,19,168.0,166.51999,85.90693,21.0,-0.3630829,no
62,20,165.0,170.64,164.59648,24.0,-2.9019318,no
62,21,166.0,171.04,232.22833,13.0,-3.416809,no
62,22,172.0,174.68,157.0987,-1.0,-5.0263214,yes
62,23,136.0,178.0,69.856995,142.0,-9.208176,yes
62,24,172.0,185.8,220.63545,11.0,-7.0729523,yes
62,25,206.0,188.92,190.82977,-72.0,1.248352,no
62,26,224.0,194.92,82.46211,-78.0,7.3561707,no
62,27,199.0,201.08,95.707886,55.0,7.1052094,no
62,28,225.0,205.68,127.12199,-95.0,6.4425507,no
62,29,213.0,204.48,81.706795,-2.0,6.1124725,no
62,30,199.0,204.4,61.188232,38.0,4.014084,no
62,31,206.0,203.2,43.081318,-33.0,4.038559,no
62,32,212.0,195.72,23.021729,-46.0,6.147278,no
62,33,191.0,185.92,140.42792,5.0,3.3911896,no
62,34,166.0,180.24,161.07762,43.0,-4.471054,no
62,35,157.0,175.92,74.672615,18.0,-7.41362,yes
62,36,182.0,170.28,249.43536,-36.0,-0.43650818,yes
62,37,198.0,169.31999,237.39418,-66.0,3.7205505,no
62,38,175.0,173.59999,242.80032,-44.0,-2.6452942,no
62,39,147.0,175.08,82.8734,81.0,-8.735153,no
62,40,169.0,177.87999,87.09765,-26.0,-7.5151367,yes
62,41,168.0,184.76,130.59862,63.0,-1.5800476,yes
62,42,198.0,189.76,121.49074,-26.0,6.0003204,no
62,43,205.0,191.92,33.61547,-21.0,10.6653595,no
62,44,205.0,189.44,60.728905,-42.0,9.878296,no
62,45,181.0,179.48,164.2011,24.0,3.0667725,no
62,46,157.0,172.4,209.3036,31.0,-7.8789673,no
62,47,139.0,172.84,60.827625,59.0,-11.793396,no
62,48,176.0,177.48,300.74573,23.0,-0.16249084,yes
62,49,227.0,185.04,149.27156,-107.0,13.882629,no
62,50,227.0,197.95999,41.01219,-75.0,16.738953,no
62,51,206.0,204.08,22.36068,13.0,13.2031555,no
62,52,211.0,204.4,35.77709,-13.0,11.492096,no
62,53,197.0,197.52,43.68066,44.0,11.972229,no
62,54,220.0,187.64,112.60551,-98.0,12.126816,no
62,55,187.0,173.84,260.86395,-1.0,5.999069,no
62,56,168.0,160.56,260.5993,-47.0,-5.465378,no
62,57,133.0,152.52,158.77657,16.0,-15.930359,yes
62,58,107.0,154.31999,104.0865,151.0,-16.660873,yes
62,59,162.0,161.2,251.34836,-38.0,-5.114517,yes
62,60,185.0,172.0,119.230865,-14.0,6.671173,no
62,61,186.0,181.8,77.25283,17.0,10.219879,no
62,62,196.0,187.76,47.095646,-20.0,8.724731,no
62,63,194.0,186.8,31.144823,-33.0,6.4457703,no
62,64,186.0,183.8,43.011627,4.0,6.3126373,no
62,65,181.0,174.52,63.529522,7.0,6.7709656,no
62,66,183.0,164.40001,182.25806,-57.0,2.0178986,no
62,67,145.0,154.8,283.73578,4.0,-10.704803,no
62,68,110.0,152.88,121.27654,99.0,-20.302658,yes
62,69,134.0,156.96,245.73563,44.0,-15.438477,yes
62,70,185.0,167.56,223.94643,-68.0,-2.8793488,no
62,71,183.0,185.36,87.681244,52.0,3.9528046,no
62,72,198.0,199.92,114.48144,0.0,5.750534,no
62,73,218.0,207.68,92.358,-3.0,7.0642548,no
62,74,231.0,210.76,53.851646,-82.0,5.286667,no
62,75,222.0,213.72,28.284271,-24.0,2.5187988,no
62,76,221.0,212.0,11.401754,-20.0,1.9366455,no
62,77,216.0,212.24,46.173584,11.0,2.2973633,no
62,78,219.0,212.16,69.426216,-7.0,2.1197662,no
62,79,219.0,211.6,48.373547,-32.0,1.5521545,no
62,80,210.0,210.0,19.235384,20.0,1.7394562,no
62,81,213.0,210.08,13.341664,-15.0,3.7097626,no
62,82,209.0,206.92,48.04165,9.0,7.408203,no
62,83,205.0,196.6,74.24284,7.0,8.604538,no
62,84,182.0,182.2,238.6797,52.0,-0.3634491,no
62,85,160.0,180.0,238.2016,-28.0,-15.511322,yes
62,86,142.0,178.44,200.8233,63.0,-15.862259,yes
62,87,208.0,177.16,285.2122,-93.0,1.4560089,no
62,88,208.0,183.68001,54.037025,-14.0,10.936478,no
62,89,194.0,192.4,92.358,-11.0,7.0527496,no
62,90,182.0,187.6,32.06244,24.0,2.5122223,no
62,91,177.0,178.28,88.20431,17.0,-0.16529846,no
62,92,166.0,170.72,161.22655,12.0,-4.1531067,no
62,93,160.0,164.68001,154.67384,-46.0,-8.264481,no
62,94,130.0,155.92,102.528046,89.0,-9.253647,yes
62,95,138.0,147.72,88.76936,11.0,-8.568069,yes
62,96,127.0,144.52,59.48109,36.0,-9.415604,yes
62,97,123.0,143.12,113.20777,65.0,-7.3668365,yes
62,98,151.0,140.48,173.34937,-8.0,-0.6062927,yes
62,99,178.0,141.44,131.03435,-119.0,4.624695,no
63,0,207.0,191.28,110.0727,-25.0,8.960999,no
63,1,210.0,192.56,71.17584,-43.0,9.575302,no
63,2,206.0,192.88,17.029387,-18.0,9.897217,no
63,3,203.0,193.32,40.24922,-16.0,7.8915863,no
63,4,193.0,192.88,72.8011,1.0,3.666809,no
63,5,187.0,193.68001,31.400637,-14.0,1.4542389,no
63,6,182.0,191.2,105.22357,32.0,5.7589264,no
63,7,199.0,186.96,15.6205,12.0,11.19931,no
63,8,187.0,179.48,172.6789,-10.0,6.3314514,no
63,9,165.0,176.24,214.55536,-6.0,-6.0415497,yes
63,10,123.0,170.0,24.04163,140.0,-13.349213,yes
63,11,162.0,172.56,257.2353,8.0,-7.196045,yes
63,12,200.0,177.24,255.32724,-89.0,5.0663605,no
63,13,199.0,184.40001,94.08507,3.0,12.352982,no
63,14,174.0,184.6,63.324562,94.0,11.537979,no
63,15,185.0,184.40001,73.00685,31.0,8.439346,no
63,16,203.0,178.72,157.15598,-106.0,4.847687,no
63,17,174.0,172.32,111.21151,17.0,0.4684143,yes
63,18,171.0,164.68,89.55445,-14.0,-3.7493286,yes
63,19,173.0,162.76,188.43036,-75.0,-9.40416,yes
63,20,149.0,166.36,168.57639,-5.0,-14.635712,yes
63,21,142.0,167.92,126.65702,58.0,-13.336945,yes
63,22,161.0,174.28,127.059044,38.0,-7.5457916,yes
63,23,189.0,183.48,216.22673,-55.0,-2.5120697,yes
63,24,206.0,192.88,154.15576,-63.0,1.5957031,no
63,25,184.0,195.56,73.34848,93.0,4.743561,no
63,26,219.0,201.6,63.324562,-50.0,7.4357758,no
63,27,208.0,205.56,8.944272,21.0,7.578491,no
63,28,217.0,207.88,41.761227,-3.0,7.529068,no
63,29,223.0,206.4,46.0,-43.0,6.692795,no
63,30,205.0,206.64,99.80982,-6.0,3.6428528,no
63,31,179.0,204.48,38.626415,120.0,3.4172974,no
63,32,207.0,197.04,48.08326,-23.0,6.673111,no
63,33,204.0,186.68,172.25563,-30.0,3.7959595,no
63,34,171.0,183.04,188.40913,3.0,-5.6838837,no
63,35,155.0,181.31999,123.22337,72.0,-6.134918,yes
63,36,202.0,177.72,206.89128,-57.0,6.0415497,no
63,37,210.0,178.31999,80.95678,-43.0,13.020309,no
63,38,188.0,181.68,186.76189,6.0,7.4834137,no
63,39,169.0,178.36,187.47267,36.0,-1.4665375,no
63,40,163.0,176.2,62.03225,34.0,-6.977997,yes
63,41,177.0,181.4,93.03763,-37.0,-5.694626,yes
63,42,185.0,185.04,141.99295,12.0,2.6499023,yes
63,43,195.0,187.72,42.047592,29.0,10.516403,no
63,44,198.0,185.68,85.47514,-18.0,10.163498,no
63,45,183.0,176.48,185.08377,-16.0,1.1187134,no
63,46,153.0,169.4,170.5755,11.0,-10.708481,no
63,47,138.0,167.76,120.50726,84.0,-12.101318,no
63,48,198.0,169.88,264.36716,-120.0,0.7103729,yes
63,49,203.0,178.48,171.8255,-9.0,13.328461,no
63,50,199.0,190.8,66.48308,44.0,17.064514,no
63,51,198.0,196.08,11.045361,38.0,15.702118,no
63,52,207.0,196.76,37.576588,-18.0,14.061066,no
63,53,200.0,189.59999,92.31468,-21.0,12.375137,no
63,54,186.0,179.36,203.6664,10.0,7.5854187,no
63,55,159.0,166.84,282.0638,-3.0,-2.7952118,no
63,56,121.0,155.44,149.91331,111.0,-12.890076,no
63,57,133.0,150.92,19.026299,8.0,-17.075623,yes
63,58,146.0,157.36,152.4336,-37.0,-13.36116,yes
63,59,162.0,165.68,246.06503,25.0,-1.556961,no
63,60,192.0,176.88,157.00319,-10.0,9.755585,no
63,61,204.0,186.32,63.560993,-37.0,12.852234,no
63,62,197.0,189.4,62.0967,-8.0,9.985275,no
63,63,180.0,185.68001,46.389652,36.0,6.5676117,no
63,64,181.0,180.12,39.115215,13.0,5.530533,no
63,65,175.0,168.6,93.64828,-6.0,3.3828278,no
63,66,164.0,158.04,217.37524,-30.0,-5.076477,no
63,67,116.0,151.88,194.36563,91.0,-18.370636,no
63,68,120.0,153.76,59.36329,5.0,-23.985718,no
63,69,133.0,160.24,280.3177,72.0,-15.281097,yes
63,70,197.0,174.08,230.07825,-92.0,-1.6065063,no
63,71,204.0,190.4,68.54196,-44.0,4.7173004,no
63,72,200.0,202.31999,112.72977,45.0,6.1237183,no
63,73,225.0,207.84,56.142673,-53.0,6.7785797,no
63,74,212.0,212.23999,46.75468,29.0,4.919403,no
63,75,204.0,214.59999,22.135944,58.0,2.6482391,no
63,76,220.0,213.72,20.0,-30.0,1.5572357,no
63,77,207.0,213.24,77.89737,24.0,-0.8657074,no
63,78,208.0,213.08,83.15047,-18.0,-3.0215607,no
63,79,202.0,211.36,65.11528,42.0,-2.4807434,no
63,80,213.0,210.04001,40.1995,-35.0,-0.28915405,no
63,81,208.0,211.28,40.718548,25.0,3.8035736,no
63,82,223.0,209.0,51.86521,-36.0,9.808548,no
63,83,224.0,199.2,107.8981,-38.0,11.353012,no
63,84,203.0,185.44,273.87955,-75.0,0.94784546,no
63,85,138.0,180.72,250.34377,109.0,-15.158493,yes
63,86,121.0,178.36,178.28067,151.0,-16.861725,yes
63,87,202.0,177.92,268.03357,-102.0,-1.28685,no
63,88,198.0,183.04,74.88658,-5.0,8.2043915,no
63,89,183.0,190.31999,55.946404,43.0,6.132904,no
63,90,194.0,185.44,63.007935,-47.0,1.94664,no
63,91,185.0,176.24,133.75351,-69.0,-2.7047577,no
63,92,149.0,168.12,113.88591,55.0,-7.2993927,no
63,93,136.0,160.56,54.20332,65.0,-8.912979,yes
63,94,143.0,153.0,88.20431,2.0,-7.6715546,yes
63,95,143.0,146.88,98.40732,1.0,-7.233536,yes
63,96,133.0,145.76001,36.878178,24.0,-7.163208,no
63,97,158.0,144.08,132.8533,-73.0,-1.8671112,no
63,98,167.0,143.56,41.109608,-49.0,5.273056,no
63,99,147.0,146.2,95.51963,48.0,7.4907074,no
64,0,178.0,175.68001,282.25522,-8.0,-2.8609161,no
64,1,182.0,178.68001,253.6533,-6.0,0.25715637,no
64,2,196.0,179.92,170.17638,-17.0,5.0588226,no
64,3,201.0,182.16,106.7052,-34.0,6.510086,no
64,4,196.0,184.24,66.573265,-40.0,4.3521576,no
64,5,178.0,187.92,17.20465,60.0,3.6334229,no
64,6,188.0,185.44,105.22357,20.0,7.780243,no
64,7,227.0,181.56,45.80393,-149.0,10.510498,no
64,8,177.0,174.6,239.75404,27.0,1.3996277,no
64,9,156.0,174.04,136.61626,12.0,-11.0625305,yes
64,10,152.0,171.44,176.30087,12.0,-11.444489,yes
64,11,192.0,177.92,279.63547,-24.0,1.1675873,no
64,12,206.0,185.88,114.76933,-10.0,11.966019,no
64,13,222.0,196.08,66.287254,-70.0,13.990601,no
64,14,200.0,199.2,106.06602,2.0,10.87384,no
64,15,205.0,197.8,74.726166,-28.0,9.602753,no
64,16,197.0,190.28,83.48653,1.0,7.882782,no
64,17,183.0,180.28,176.10225,-30.0,0.99823,no
64,18,145.0,166.28,147.22092,61.0,-9.154175,yes
64,19,129.0,158.56,144.80331,65.0,-19.124786,yes
64,20,111.0,160.0,53.75872,110.0,-23.37613,yes
64,21,150.0,163.04,247.68124,-10.0,-15.005081,yes
64,22,179.0,173.28,237.0021,10.0,-1.5981445,no
64,23,198.0,187.16,147.89862,-4.0,6.1390076,no
64,24,216.0,198.64,68.24954,-49.0,7.5820007,no
64,25,198.0,202.28,66.75328,40.0,5.54187,no
64,26,210.0,207.4,43.104523,-3.0,4.439972,no
64,27,218.0,209.59999,44.04543,-44.0,3.8521118,no
64,28,209.0,211.44,52.95281,17.0,3.769104,no
64,29,214.0,209.16,43.289722,-7.0,4.6266937,no
64,30,213.0,208.96,41.231056,-2.0,4.9882355,no
64,31,218.0,205.36,60.728905,-62.0,5.794815,no
64,32,210.0,196.04001,14.764823,1.0,7.0190277,no
64,33,217.0,186.0,154.33081,-114.0,2.6749573,no
64,34,162.0,185.28,173.23395,86.0,-6.6715546,yes
64,35,162.0,184.92,131.7953,37.0,-6.2712555,yes
64,36,204.0,184.96,192.01042,-45.0,6.436157,no
64,37,209.0,188.8,15.033297,-11.0,14.58197,no
64,38,204.0,191.36,59.665737,-8.0,13.127472,no
64,39,214.0,183.24,138.59293,-112.0,6.693985,no
64,40,171.0,178.0,172.02907,38.0,-3.335495,no
64,41,155.0,179.64,62.801273,57.0,-8.500015,yes
64,42,182.0,181.68001,216.67487,-11.0,-1.0388947,yes
64,43,221.0,183.28,74.431175,-121.0,9.6948395,no
64,44,191.0,180.84,101.98039,28.0,10.355148,no
64,45,184.0,173.08,181.1077,-36.0,0.9294281,no
64,46,145.0,166.4,171.41762,49.0,-11.192657,no
64,47,146.0,162.84,96.17692,-14.0,-13.830475,yes
64,48,155.0,164.59999,220.20445,51.0,-5.5578766,yes
64,49,179.0,172.72,269.80362,-14.0,3.9158936,no
64,50,212.0,182.56,229.81732,-106.0,11.046661,no
64,51,218.0,184.95999,131.18689,-82.0,14.487717,no
64,52,201.0,183.95999,124.48293,-23.0,13.936218,no
64,53,189.0,173.92,124.964,5.0,10.610245,no
64,54,175.0,163.31999,230.32585,-26.0,2.008194,no
64,55,139.0,154.68,187.3873,34.0,-9.718414,no
64,56,135.0,147.68,11.401754,-2.0,-15.3038025,yes
64,57,140.0,147.84,77.89737,1.0,-13.697998,yes
64,58,145.0,158.52,143.02448,30.0,-7.7880096,no
64,59,173.0,170.2,224.1785,9.0,2.5584717,no
64,60,207.0,180.48,102.10779,-62.0,11.201508,no
64,61,204.0,188.68,39.849716,-21.0,12.550766,no
64,62,200.0,189.28,67.6757,-21.0,9.530304,no
64,63,184.0,184.72,57.72348,24.0,6.203186,no
64,64,196.0,176.31999,74.02702,-89.0,4.177597,no
64,65,168.0,162.8,155.79474,14.0,-0.46652222,no
64,66,152.0,152.28,194.99744,-19.0,-10.466583,no
64,67,126.0,149.24,69.079666,14.0,-19.849503,yes
64,68,126.0,153.76,205.29977,58.0,-19.175446,yes
64,69,153.0,163.88,275.04544,12.0,-9.470871,no
64,70,174.0,180.72,175.80103,53.0,0.26965332,no
64,71,192.0,196.92,112.79185,29.0,4.743042,no
64,72,218.0,207.24,63.560993,-38.0,5.566437,no
64,73,217.0,211.2,42.190044,-16.0,3.7100983,no
64,74,217.0,214.88,34.058773,-8.0,1.3223114,no
64,75,220.0,216.24,21.213203,-36.0,0.9321747,no
64,76,218.0,214.28,30.594116,-2.0,1.5751343,no
64,77,208.0,213.08,104.70912,11.0,-1.0799408,no
64,78,186.0,212.68001,36.878178,88.0,-4.9655914,no
64,79,210.0,209.88,42.44997,-50.0,-4.3827057,no
64,80,197.0,207.76,14.142136,63.0,-1.4502716,no
64,81,208.0,209.64,36.249138,-7.0,2.4445496,no
64,82,215.0,207.2,76.48529,5.0,8.5894165,no
64,83,227.0,198.16,84.6286,-68.0,11.59079,no
64,84,193.0,184.64,211.00237,37.0,4.0388794,no
64,85,177.0,180.52,249.55962,-39.0,-10.066895,no
64,86,153.0,177.6,69.354164,7.0,-15.17363,yes
64,87,179.0,177.68001,222.6477,-3.0,-4.3774414,no
64,88,194.0,182.36,60.133186,-11.0,6.512024,no
64,89,189.0,188.8,90.873535,23.0,7.952362,no
64,90,179.0,181.8,125.283676,14.0,3.0051575,no
64,91,151.0,173.84,122.80065,101.0,-3.6965637,no
64,92,164.0,166.04,50.47772,-50.0,-6.2702484,yes
64,93,157.0,157.28,102.77159,9.0,-2.996811,yes
64,94,165.0,150.64,98.15294,-29.0,0.30734253,no
64,95,159.0,147.16,115.97414,-54.0,-1.5424042,no
64,96,128.0,146.28,52.49762,71.0,-4.7087097,no
64,97,136.0,145.56,114.236595,32.0,-2.228241,no
64,98,163.0,147.16,68.0294,-55.0,2.8662262,no
64,99,144.0,150.72,58.549126,28.0,3.523117,no
65,0,137.0,165.24,153.0294,48.0,-16.015488,yes
65,1,138.0,169.16,211.98112,79.0,-12.850204,yes
65,2,178.0,171.6,236.69812,-66.0,-5.7386017,no
65,3,175.0,175.04,169.14491,17.0,-0.48545837,yes
65,4,172.0,179.59999,119.77479,40.0,1.8623962,no
65,5,201.0,184.04,58.0517,-87.0,5.014847,no
65,6,185.0,180.68,77.25283,21.0,7.9903107,no
65,7,195.0,174.44,161.47446,-30.0,6.1964264,no
65,8,165.0,169.36,219.1803,7.0,-4.4540253,no
65,9,142.0,171.24,32.06244,58.0,-12.967682,yes
65,10,149.0,173.52,233.37952,100.0,-7.5401306,no
65,11,224.0,182.08,169.02663,-170.0,5.288788,no
65,12,200.0,192.08,61.269894,34.0,11.424164,no
65,13,213.0,201.52,39.698868,-25.0,11.541733,no
65,14,201.0,203.95999,48.373547,44.0,10.7030945,no
65,15,210.0,201.56,94.0,-15.0,11.412643,no
65,16,198.0,195.59999,141.60509,35.0,10.644287,no
65,17,186.0,185.95999,217.03917,2.0,4.480362,no
65,18,158.0,170.2,240.63666,52.0,-7.2641144,no
65,19,152.0,161.72,200.4894,-61.0,-20.978073,yes
65,20,126.0,162.28,75.89466,26.0,-24.982681,yes
65,21,158.0,167.88,362.4914,34.0,-10.985748,no
65,22,217.0,179.84,193.8711,-114.0,5.730118,no
65,23,204.0,195.0,37.44329,14.0,10.535858,no
65,24,213.0,205.52,36.359318,-5.0,8.351334,no
65,25,222.0,208.24,12.165525,-78.0,5.0132294,no
65,26,202.0,207.84,15.6205,46.0,2.2316742,no
65,27,201.0,208.56,24.083189,27.0,-0.18016052,no
65,28,204.0,210.72,27.202942,0.0,-0.63327026,no
65,29,204.0,207.8,43.011627,28.0,2.4755554,no
65,30,213.0,206.31999,11.401754,-4.0,6.003418,no
65,31,208.0,203.8,57.58472,6.0,6.6515656,no
65,32,199.0,194.48,115.60277,0.0,4.1249084,no
65,33,178.0,185.24,162.26521,65.0,-2.3710327,no
65,34,184.0,186.56,113.20777,-81.0,-9.247818,yes
65,35,164.0,187.84,134.0597,52.0,-6.3319855,no
65,36,198.0,189.52,164.3046,-2.0,5.856659,no
65,37,207.0,195.0,21.400934,-29.0,13.18338,no
65,38,197.0,195.44,28.284271,27.0,13.590088,no
65,39,200.0,185.68,82.219215,1.0,9.342819,no
65,40,190.0,179.56,214.45746,-69.0,-1.7133636,no
65,41,147.0,179.4,66.40783,64.0,-10.347458,yes
65,42,156.0,178.95999,213.2135,67.0,-4.6677856,yes
65,43,195.0,180.84,123.82246,-21.0,7.0847626,no
65,44,189.0,179.04,83.677956,9.0,9.435715,no
65,45,181.0,171.59999,194.65868,-28.0,0.6995392,no
65,46,146.0,164.08,176.91806,10.0,-11.279785,no
65,47,132.0,157.8,44.922153,51.0,-14.879761,no
65,48,148.0,156.24,47.434166,-8.0,-10.414337,yes
65,49,132.0,160.84,106.677086,96.0,-5.30925,yes
65,50,146.0,166.96,232.89912,105.0,0.5584564,no
65,51,179.0,168.04,251.7181,-46.0,4.937973,no
65,52,167.0,166.76,232.34888,51.0,5.6276245,no
65,53,185.0,157.87999,222.63872,-93.0,2.7490387,no
65,54,160.0,149.16,295.73636,-33.0,-6.3275757,yes
65,55,121.0,145.31999,189.67868,46.0,-16.288437,yes
65,56,138.0,144.4,144.99655,-35.0,-15.818451,yes
65,57,148.0,149.56,123.458496,7.0,-8.471588,no
65,58,151.0,163.36,168.77203,54.0,-1.5972443,no
65,59,187.0,176.24,165.65627,-40.0,5.352371,no
65,60,197.0,185.4,52.478565,-25.0,9.251617,no
65,61,184.0,189.48,58.137768,48.0,8.904816,no
65,62,194.0,188.64,28.319605,-14.0,7.654358,no
65,63,184.0,182.92,105.080925,-6.0,5.09581,no
65,64,162.0,172.8,106.66771,56.0,1.5825043,no
65,65,163.0,159.36,154.77725,-26.0,-4.418976,no
65,66,131.0,152.44,160.05624,42.0,-14.084244,no
65,67,124.0,152.44,61.983868,56.0,-18.432236,yes
65,68,163.0,158.84,248.96587,-61.0,-11.397598,yes
65,69,191.0,172.32,236.81216,-42.0,-0.35191345,no
65,70,207.0,190.16,166.43317,-60.0,5.7492676,no
65,71,201.0,204.8,148.60013,50.0,7.257202,no
65,72,225.0,212.32,53.009434,-66.0,5.744034,no
65,73,192.0,214.48,55.226807,107.0,0.81741333,no
65,74,211.0,216.44,46.518814,-33.0,-2.5183563,no
65,75,205.0,216.92,56.302753,46.0,-1.0319519,no
65,76,222.0,213.84,69.079666,-12.0,3.017929,no
65,77,232.0,212.08,110.317726,-57.0,2.8977966,no
65,78,206.0,212.6,103.4698,5.0,-1.8733368,no
65,79,205.0,209.04,51.47815,18.0,-2.7977142,no
65,80,220.0,207.0,17.088007,-59.0,-0.6627197,no
65,81,205.0,209.16,41.109608,13.0,0.69906616,no
65,82,207.0,208.24,84.58132,-9.0,4.5223694,no
65,83,208.0,198.96,63.560993,12.0,8.512527,no
65,84,202.0,186.08,137.46272,-25.0,4.646454,no
65,85,185.0,180.16,223.16362,-51.0,-7.400223,no
65,86,142.0,177.40001,38.078865,70.0,-14.583694,yes
65,87,164.0,176.88,219.18486,53.0,-5.6879425,no
65,88,199.0,181.96,131.03435,-15.0,7.3926086,no
65,89,223.0,188.0,35.468296,-118.0,11.463638,no
65,90,196.0,181.6,161.40013,-11.0,5.8084717,no
65,91,177.0,173.24,164.98485,-47.0,-3.1432648,no
65,92,149.0,164.84,18.973665,56.0,-5.200577,yes
65,93,172.0,155.0,84.40379,-35.0,1.3283997,no
65,94,172.0,149.92,86.683334,-31.0,4.624466,no
65,95,146.0,148.72,99.60924,42.0,0.52796936,no
65,96,155.0,147.64,67.18631,-73.0,-4.016449,no
65,97,127.0,144.96,26.076809,69.0,-4.631195,no
65,98,150.0,144.8,71.17584,-13.0,-1.8071289,no
65,99,150.0,147.12,20.248457,-9.0,-0.7609253,no
66,0,143.0,159.64,114.061386,13.0,-16.771118,no
66,1,134.0,162.08,8.485281,21.0,-18.069046,yes
66,2,137.0,163.52,155.97435,66.0,-14.440887,yes
66,3,166.0,166.16,104.69002,-40.0,-7.5872803,yes
66,4,156.0,171.36,81.706795,76.0,-1.4108276,yes
66,5,182.0,175.84,75.60423,-20.0,4.1420746,no
66,6,177.0,172.8,59.05929,17.0,5.8886566,no
66,7,173.0,168.92,142.56227,3.0,0.21609497,no
66,8,153.0,168.68001,171.0263,17.0,-10.392548,yes
66,9,156.0,172.28,95.60335,-29.0,-13.348785,yes
66,10,178.0,176.12,223.57549,-29.0,-4.0138855,no
66,11,185.0,187.12,110.217964,54.0,5.9031982,no
66,12,191.0,198.0,19.646883,49.0,8.2296295,no
66,13,204.0,205.44,44.407207,6.0,7.3979187,no
66,14,225.0,206.28,62.482,-83.0,8.669098,no
66,15,221.0,205.68001,22.671568,-5.0,11.681915,no
66,16,234.0,201.28,53.160137,-117.0,13.264191,no
66,17,207.0,189.76,131.52946,4.0,10.980408,no
66,18,201.0,173.6,264.8207,-98.0,0.64938354,no
66,19,134.0,167.12,293.57452,88.0,-16.42949,yes
66,20,109.0,168.48,134.23859,139.0,-21.809448,yes
66,21,173.0,172.96,368.33136,-22.0,-6.4593353,no
66,22,213.0,185.64,146.7583,-55.0,9.57901,no
66,23,202.0,201.32,37.576588,43.0,11.567932,no
66,24,205.0,209.88,11.661903,1.0,6.8442993,no
66,25,197.0,211.12,36.221542,75.0,3.987976,no
66,26,221.0,210.36,45.54119,-54.0,2.5661316,no
66,27,207.0,210.2,81.21576,5.0,-0.9467621,no
66,28,202.0,211.04,36.359318,-4.0,-2.5618286,no
66,29,213.0,209.32,87.05171,-10.0,1.855957,no
66,30,223.0,206.52,29.15476,-42.0,6.224228,no
66,31,208.0,202.2,95.707886,-11.0,5.39299,no
66,32,200.0,193.56,116.456,-26.0,0.7089691,no
66,33,177.0,185.52,141.90842,-6.0,-6.628372,no
66,34,151.0,185.68001,21.954498,87.0,-10.525131,yes
66,35,164.0,187.40001,202.41048,68.0,-3.3283997,no
66,36,215.0,190.44,149.8933,-86.0,9.43512,no
66,37,195.0,195.12,58.0,63.0,14.72731,no
66,38,204.0,193.32,26.0,-26.0,13.100128,no
66,39,200.0,183.64,128.82547,-35.0,7.102539,no
66,40,173.0,177.28,190.7092,2.0,-3.2622375,no
66,41,151.0,177.04,32.24903,45.0,-8.870071,yes
66,42,167.0,176.96,173.11845,27.0,-2.8701477,yes
66,43,193.0,180.04001,84.59315,-29.0,6.469986,no
66,44,198.0,179.04001,64.884514,-49.0,8.297882,no
66,45,177.0,172.76,184.01086,-21.0,0.8397064,no
66,46,136.0,163.48,159.48041,85.0,-9.273972,no
66,47,139.0,154.12,39.698868,21.0,-12.505875,yes
66,48,165.0,149.95999,21.633308,-89.0,-9.882355,yes
66,49,151.0,150.92,14.142136,-3.0,-7.861435,yes
66,50,166.0,153.6,68.24954,-93.0,-6.3831024,yes
66,51,139.0,155.08,157.71494,71.0,-6.0204926,yes
66,52,154.0,155.84,203.71059,-56.0,-6.4267273,yes
66,53,131.0,148.24,217.04378,62.0,-8.7845,yes
66,54,126.0,142.48,190.93977,4.0,-15.532593,yes
66,55,93.0,143.64,46.75468,112.0,-21.47342,yes
66,56,113.0,146.16,222.72853,86.0,-15.774796,yes
66,57,170.0,154.2,199.86496,-76.0,-3.0088043,no
66,58,178.0,168.36,130.48372,-21.0,4.9129333,no
66,59,187.0,180.36,88.19297,-7.0,7.5947266,no
66,60,185.0,186.88,12.083046,33.0,7.1572723,no
66,61,189.0,188.44,18.601076,-8.0,6.4377594,no
66,62,194.0,185.84,16.492422,-3.0,6.8342285,no
66,63,190.0,179.12,119.507324,-54.0,4.8655243,no
66,64,161.0,168.36,74.04053,52.0,1.1590271,no
66,65,165.0,156.72,142.86357,-42.0,-5.150116,no
66,66,127.0,152.48,129.80756,59.0,-14.1176605,yes
66,67,132.0,156.2,133.14653,24.0,-15.759476,yes
66,68,150.0,166.04,259.78836,67.0,-6.494507,no
66,69,199.0,181.95999,198.17668,-50.0,5.0856323,no
66,70,202.0,198.92,107.70329,46.0,10.407761,no
66,71,230.0,210.95999,92.31468,-71.0,10.819412,no
66,72,223.0,215.68,80.224686,14.0,8.399536,no
66,73,222.0,217.08,139.11865,-34.0,3.1471558,no
66,74,197.0,217.95999,100.08996,88.0,-1.5580902,no
66,75,213.0,217.84,53.235325,-19.0,-1.2153931,no
66,76,221.0,215.59999,86.579445,4.0,3.5175781,no
66,77,235.0,213.8,49.819675,-56.0,5.21846,no
66,78,206.0,213.52,114.43776,34.0,1.0011902,no
66,79,202.0,210.52,36.878178,21.0,-0.9451294,no
66,80,214.0,208.16,24.698177,-15.0,0.16036987,no
66,81,198.0,208.76,61.611687,9.0,0.030029297,no
66,82,191.0,207.44,41.761227,69.0,2.870636,no
66,83,208.0,198.48,17.888544,-28.0,6.997513,no
66,84,197.0,186.31999,146.6697,-5.0,3.5435638,no
66,85,168.0,180.2,254.65663,11.0,-9.094437,no
66,86,136.0,179.36,37.202152,91.0,-15.726807,yes
66,87,189.0,179.8,265.69907,-82.0,-4.788254,yes
66,88,200.0,184.6,91.44397,-7.0,8.909271,no
66,89,190.0,189.16,41.400482,59.0,11.972733,no
66,90,194.0,184.28,141.40015,-28.0,5.710449,no
66,91,165.0,175.95999,209.61394,11.0,-4.2027283,no
66,92,139.0,166.48,36.687874,80.0,-7.1580505,yes
66,93,175.0,156.2,106.404884,-58.0,-1.5900269,yes
66,94,174.0,151.64,183.89671,-86.0,-0.39808655,no
66,95,140.0,149.28,104.6518,32.0,-4.1530304,no
66,96,146.0,146.44,8.944272,-3.0,-5.414322,no
66,97,136.0,144.96,56.88585,37.0,-5.513748,no
66,98,147.0,146.36,10.0,-12.0,-5.8272552,no
66,99,147.0,147.44,93.39165,-22.0,-6.714096,no
67,0,171.0,161.68,188.85445,-47.0,-6.295471,no
67,1,139.0,162.16,195.5096,71.0,-11.503571,no
67,2,136.0,161.4,77.201035,48.0,-13.916901,yes
67,3,156.0,162.96,98.79271,0.0,-10.389694,yes
67,4,180.0,167.44,99.8599,-89.0,-4.293686,yes
67,5,174.0,169.52,108.16654,-5.0,1.7546387,no
67,6,185.0,166.72,63.387695,-45.0,4.0251465,no
67,7,170.0,164.6,174.63104,-33.0,-3.0127106,no
67,8,135.0,166.0,98.23441,39.0,-13.103546,yes
67,9,122.0,170.44,212.60292,172.0,-11.257889,yes
67,10,193.0,175.76,222.1441,-70.0,0.91249084,no
67,11,201.0,187.48,84.40379,-5.0,8.353027,no
67,12,224.0,198.44,24.698177,-117.0,7.851883,no
67,13,193.0,204.52,21.023796,54.0,4.9100494,no
67,14,191.0,204.32,70.21396,71.0,4.9444275,no
67,15,210.0,204.52,70.11419,-22.0,7.4441223,no
67,16,193.0,202.44,74.96666,81.0,10.080124,no
67,17,211.0,192.6,16.552946,-24.0,12.54689,no
67,18,207.0,177.72,234.20078,-36.0,6.478256,no
67,19,162.0,172.88,300.25656,-6.0,-9.547791,yes
67,20,142.0,174.08,197.8737,60.0,-15.030411,yes
67,21,190.0,177.04,297.88925,-53.0,-2.0626678,no
67,22,205.0,187.48,132.43866,32.0,10.860397,no
67,23,229.0,202.2,26.0,-92.0,11.92804,no
67,24,209.0,210.52,42.80187,23.0,7.001709,no
67,25,215.0,211.84,61.854668,-15.0,4.9114532,no
67,26,224.0,210.56,31.780497,-36.0,5.098709,no
67,27,209.0,210.36,115.10864,5.0,1.987915,no
67,28,180.0,211.24,65.9242,131.0,-1.0443573,no
67,29,213.0,207.68001,69.87131,-38.0,1.7796631,no
67,30,216.0,203.84,72.12489,-35.0,5.0446167,no
67,31,190.0,197.04001,87.31552,59.0,3.7572937,no
67,32,190.0,188.72,102.77159,-1.0,-0.7796631,no
67,33,173.0,181.56,123.00407,10.0,-6.959839,no
67,34,166.0,182.48,65.192024,24.0,-7.3862457,yes
67,35,194.0,184.56,199.26364,-46.0,2.803482,no
67,36,217.0,188.84,104.019226,-43.0,15.063889,no
67,37,217.0,189.44,61.073727,-48.0,17.92746,no
67,38,198.0,184.23999,135.15176,4.0,11.249161,no
67,39,188.0,175.48,234.96808,-53.0,0.23269653,no
67,40,153.0,169.4,126.24579,46.0,-7.8916626,no
67,41,162.0,168.52,124.33825,27.0,-5.8270416,yes
67,42,195.0,172.40001,110.92339,-89.0,2.203827,no
67,43,183.0,178.40001,16.124516,32.0,7.55838,no
67,44,184.0,178.32,48.104053,3.0,7.663681,no
67,45,172.0,174.04,117.047,25.0,3.0672913,no
67,46,167.0,166.8,155.97435,-44.0,-3.4023285,no
67,47,144.0,156.36,89.19641,24.0,-7.5403595,no
67,48,133.0,148.84,63.702435,66.0,-9.278397,no
67,49,138.0,145.36,118.42297,-19.0,-10.359451,yes
67,50,135.0,144.8,111.8034,28.0,-10.79303,yes
67,51,128.0,146.48,71.693794,11.0,-11.560165,yes
67,52,123.0,148.88,15.033297,55.0,-10.749664,yes
67,53,121.0,143.72,79.12016,57.0,-10.275085,yes
67,54,124.0,140.2,129.65338,23.0,-14.14888,no
67,55,124.0,144.68,102.70345,-14.0,-18.420624,yes
67,56,137.0,148.92,239.74153,-23.0,-12.088028,yes
67,57,165.0,156.76,241.59885,25.0,2.2411804,yes
67,58,183.0,170.52,97.59098,-3.0,9.83931,no
67,59,191.0,183.16,25.612497,2.0,8.936371,no
67,60,200.0,187.88,34.058773,-69.0,5.865631,no
67,61,185.0,187.08,41.231056,33.0,5.6165466,no
67,62,200.0,181.44,61.400326,-61.0,6.5335236,no
67,63,167.0,173.56,104.54664,67.0,4.2039185,no
67,64,179.0,161.76,75.16648,-50.0,0.40704346,no
67,65,167.0,151.2,169.16855,-57.0,-6.2950134,no
67,66,139.0,150.36,37.363083,17.0,-13.154144,yes
67,67,151.0,159.52,154.82893,-3.0,-11.790405,yes
67,68,173.0,174.04,246.26003,-15.0,-2.1756744,no
67,69,203.0,191.64,224.29,-6.0,8.79332,no
67,70,218.0,207.68,118.79394,-8.0,13.4823,no
67,71,223.0,216.59999,38.209946,14.0,12.15918,no
67,72,229.0,218.95999,22.803509,-9.0,9.251114,no
67,73,242.0,217.4,18.973665,-74.0,6.1813507,no
67,74,230.0,218.36,84.89994,-46.0,2.6193085,no
67,75,210.0,218.08,47.518417,45.0,1.045105,no
67,76,218.0,216.88,43.382023,2.0,2.95813,no
67,77,225.0,214.08,45.65085,-21.0,4.0034485,no
67,78,215.0,214.31999,72.691124,-8.0,1.6652832,no
67,79,204.0,210.04,37.576588,36.0,0.6022339,no
67,80,221.0,207.04,40.0,-62.0,1.816803,no
67,81,191.0,205.56,73.4983,95.0,2.7097015,no
67,82,220.0,204.48,66.48308,-71.0,5.7552643,no
67,83,208.0,193.84,38.832977,-5.0,8.033844,no
67,84,205.0,181.88,175.14566,-45.0,2.5410156,no
67,85,165.0,176.56,253.87004,-5.0,-11.196442,no
67,86,136.0,177.44,86.833176,82.0,-15.932114,yes
67,87,174.0,179.4,289.6377,37.0,-2.5790253,yes
67,88,215.0,185.76,91.400215,-68.0,11.243134,no
67,89,202.0,192.68,83.630135,3.0,12.562881,no
67,90,197.0,188.72,142.12671,-36.0,5.4552307,no
67,91,161.0,179.76,184.22812,43.0,-3.5537567,no
67,92,147.0,168.48,74.04053,47.0,-7.430298,no
67,93,157.0,158.36,59.07622,-28.0,-7.198059,yes
67,94,123.0,152.88,149.80655,107.0,-9.739624,no
67,95,126.0,151.72,57.77543,42.0,-11.256012,no
67,96,150.0,150.84,91.00549,-28.0,-7.7150726,no
67,97,161.0,152.28,33.526108,-57.0,-5.147583,no
67,98,143.0,155.44,63.89053,0.0,-6.9757233,no
67,99,122.0,157.04,82.38932,100.0,-9.25412,no
68,0,184.0,172.8,118.60017,-3.0,4.433014,no
68,1,186.0,171.36,203.90193,-70.0,0.5567322,no
68,2,160.0,168.12,212.53235,25.0,-4.9158783,no
68,3,142.0,164.6,59.36329,54.0,-8.425308,yes
68,4,145.0,164.16,59.933296,41.0,-7.12941,yes
68,5,144.0,163.68,99.849884,82.0,-1.7118225,yes
68,6,174.0,159.12,29.832869,-34.0,2.4928284,no
68,7,154.0,157.36,166.1084,34.0,-2.7192383,no
68,8,134.0,163.16,57.567352,72.0,-10.277191,yes
68,9,176.0,168.52,239.1694,-88.0,-5.7149963,no
68,10,201.0,174.6,166.58931,-58.0,5.501419,no
68,11,197.0,185.88,49.73932,12.0,9.452057,no
68,12,194.0,196.52,57.72348,40.0,6.7411804,no
68,13,207.0,200.12,10.770329,-28.0,4.176193,no
68,14,207.0,201.76,37.202152,-12.0,3.760971,no
68,15,213.0,203.36,42.047592,-38.0,3.8463745,no
68,16,198.0,204.32,58.463665,10.0,4.8422394,no
68,17,213.0,195.76,100.43903,-40.0,8.638657,no
68,18,218.0,183.0,173.95401,-106.0,6.1917725,no
68,19,159.0,178.0,217.02074,87.0,-6.137512,yes
68,20,167.0,177.96,85.47514,-43.0,-11.414108,yes
68,21,187.0,179.28,217.16814,6.0,-2.2805023,no
68,22,220.0,188.12,143.01048,-103.0,7.4770813,no
68,23,208.0,200.24,85.158676,29.0,8.910767,no
68,24,210.0,207.48,46.043457,-1.0,5.775696,no
68,25,215.0,209.88,55.00909,-20.0,4.8693237,no
68,26,215.0,209.2,42.755116,40.0,6.783478,no
68,27,230.0,209.44,68.0147,-51.0,6.1354523,no
68,28,227.0,211.56,72.11102,-93.0,3.0299377,no
68,29,205.0,208.68,4.472136,27.0,2.9043121,no
68,30,203.0,204.12,34.525352,30.0,4.7020416,no
68,31,205.0,194.6,72.0,-38.0,3.7490845,no
68,32,196.0,183.64,140.68404,-36.0,-1.4521027,no
68,33,169.0,175.64,119.81653,9.0,-7.945877,no
68,34,170.0,174.92,101.07423,-2.0,-6.1589966,yes
68,35,183.0,175.4,152.0855,18.0,5.017441,no
68,36,199.0,179.31999,107.81466,12.0,15.491638,no
68,37,210.0,179.64,128.60016,-45.0,15.650101,no
68,38,187.0,173.95999,290.63034,-28.0,3.554428,no
68,39,148.0,168.0,307.61664,28.0,-11.689423,no
68,40,135.0,163.95999,177.67386,48.0,-15.301422,yes
68,41,176.0,165.16,196.22946,-56.0,-5.5778656,yes
68,42,179.0,171.84,70.93659,19.0,3.5034637,no
68,43,192.0,179.6,59.48109,-55.0,7.029587,no
68,44,186.0,180.24,13.038404,3.0,8.460785,no
68,45,185.0,178.84,83.761566,-13.0,8.154633,no
68,46,172.0,172.8,134.82582,10.0,5.502426,no
68,47,161.0,163.44,162.73291,9.0,0.9829254,no
68,48,151.0,155.68,162.92943,-46.0,-5.347168,no
68,49,114.0,148.96,55.226807,116.0,-10.048187,yes
68,50,136.0,146.2,42.379242,-28.0,-10.551407,yes
68,51,126.0,147.12,84.20214,51.0,-8.319611,yes
68,52,144.0,149.0,194.42737,-4.0,-2.3059845,no
68,53,163.0,143.84,235.3253,-50.0,2.6037598,no
68,54,148.0,142.08,231.03679,7.0,-2.0719452,no
68,55,128.0,146.6,114.061386,12.0,-11.498169,yes
68,56,123.0,151.64,228.31557,88.0,-9.0021515,yes
68,57,195.0,159.32,258.93628,-115.0,4.9749603,yes
68,58,195.0,172.32,26.41969,-18.0,11.485977,no
68,59,196.0,185.72,49.517673,-51.0,7.974655,no
68,60,170.0,189.52,20.09975,87.0,4.461502,no
68,61,184.0,187.28,60.926186,17.0,6.122284,no
68,62,193.0,180.88,92.22798,-25.0,6.872055,no
68,63,166.0,171.72,148.92952,35.0,1.7247772,no
68,64,171.0,159.72,200.68384,-87.0,-5.7123566,no
68,65,128.0,150.48,204.20088,73.0,-13.401077,no
68,66,128.0,151.68001,103.23759,39.0,-15.926224,yes
68,67,157.0,162.2,192.1666,-26.0,-9.6046295,no
68,68,173.0,178.68001,243.75807,49.0,1.9937439,no
68,69,216.0,195.56,230.21729,-35.0,12.801178,no
68,70,236.0,211.04,61.220913,-39.0,15.764557,no
68,71,229.0,219.36,48.08326,-29.0,10.949631,no
68,72,219.0,221.12,69.426216,14.0,5.89151,no
68,73,213.0,219.8,87.47571,42.0,3.7265015,no
68,74,225.0,220.59999,46.173584,-11.0,3.2815704,no
68,75,224.0,218.92,21.954498,-29.0,3.1559448,no
68,76,218.0,217.04,29.732138,18.0,3.1945648,no
68,77,211.0,213.44,51.088158,21.0,1.8102875,no
68,78,217.0,213.32,65.29931,-25.0,-0.054336548,no
68,79,214.0,209.16,57.00877,-32.0,-0.028549194,no
68,80,213.0,206.8,44.181442,7.0,2.3167725,no
68,81,220.0,204.44,33.13608,-62.0,4.73732,no
68,82,219.0,203.76001,71.021126,-46.0,6.880844,no
68,83,194.0,192.04001,101.607086,48.0,6.6596375,no
68,84,205.0,180.56,209.76654,-96.0,-0.25881958,no
68,85,146.0,176.16,220.20445,79.0,-13.2730255,no
68,86,151.0,177.64,141.00354,16.0,-15.145416,yes
68,87,193.0,178.36,266.12027,-51.0,-0.81674194,yes
68,88,216.0,186.8,93.43447,-45.0,12.212357,no
68,89,209.0,193.48,79.15807,-10.0,13.083801,no
68,90,195.0,190.6,116.498924,-13.0,7.0208435,no
68,91,178.0,181.6,134.61798,24.0,1.4016266,no
68,92,178.0,171.48,154.38264,-44.0,-2.6530457,no
68,93,155.0,161.52,147.3635,6.0,-7.7347717,yes
68,94,142.0,156.32,94.20191,-13.0,-12.056946,no
68,95,133.0,155.64,113.88591,42.0,-11.642303,no
68,96,139.0,156.92,135.60236,41.0,-6.6380463,no
68,97,158.0,160.04,133.544,0.0,-1.5414276,no
68,98,142.0,163.6,225.02,113.0,-0.35949707,no
68,99,176.0,166.48,285.67465,-68.0,-0.29179382,no
69,0,192.0,183.40001,61.400326,-3.0,8.856003,no
69,1,191.0,180.84,92.086914,20.0,8.709473,no
69,2,201.0,175.64,189.80516,-92.0,5.6420746,no
69,3,161.0,167.76,217.70622,48.0,-0.822464,no
69,4,155.0,164.36,106.89247,22.0,-5.0954742,yes
69,5,165.0,159.68001,50.931328,-47.0,-3.933014,yes
69,6,179.0,153.64,108.461975,-76.0,-0.35598755,no
69,7,172.0,151.08,109.004585,-59.0,-2.5453491,no
69,8,143.0,158.40001,16.552946,33.0,-7.451767,yes
69,9,159.0,164.76,201.37527,13.0,-3.189087,no
69,10,180.0,172.56,159.39886,37.0,5.824341,no
69,11,204.0,184.92,37.65634,-60.0,7.532364,no
69,12,188.0,195.2,70.0,29.0,3.5439148,no
69,13,206.0,198.36,109.22454,-47.0,2.2479858,no
69,14,205.0,198.12,63.387695,-7.0,2.8978271,no
69,15,199.0,199.48,55.443665,-3.0,1.9362946,no
69,16,183.0,199.72,24.166092,61.0,1.557785,no
69,17,185.0,193.12,39.92493,41.0,3.9311676,no
69,18,187.0,183.04,91.08238,29.0,2.7102203,no
69,19,176.0,180.68,189.52573,-37.0,-6.460861,yes
69,20,137.0,180.2,14.764823,133.0,-12.611282,yes
69,21,177.0,182.4,183.0956,-40.0,-7.006073,no
69,22,177.0,189.72,127.3185,89.0,1.3807831,no
69,23,202.0,200.28,67.95587,-13.0,4.3920746,no
69,24,207.0,207.04,38.832977,-11.0,2.8046265,no
69,25,200.0,209.52,88.02273,45.0,1.771347,no
69,26,231.0,208.92,125.93649,-107.0,4.218994,no
69,27,218.0,209.16,83.546394,-2.0,5.8117523,no
69,28,200.0,210.52,66.287254,67.0,4.6638184,no
69,29,204.0,207.40001,7.2111025,12.0,4.894882,no
69,30,216.0,203.16,34.058773,-50.0,6.917694,no
69,31,193.0,192.6,96.332756,40.0,5.3311157,no
69,32,184.0,181.36,220.4949,-12.0,-3.1537323,no
69,33,146.0,173.28,203.6664,53.0,-13.584671,no
69,34,160.0,169.24,215.824,-16.0,-12.786621,yes
69,35,187.0,166.48,220.22716,-63.0,-1.8518372,no
69,36,198.0,168.8,184.88916,-58.0,6.5874786,no
69,37,192.0,167.88,226.29184,-39.0,4.612915,no
69,38,164.0,163.36,308.76852,-33.0,-8.174301,no
69,39,110.0,162.76,149.37202,113.0,-20.640747,yes
69,40,111.0,161.8,198.84164,131.0,-18.099182,yes
69,41,172.0,163.76,165.00304,-54.0,-5.533676,no
69,42,172.0,170.31999,54.129475,-15.0,1.6064911,no
69,43,165.0,178.28,75.591,74.0,4.951782,no
69,44,186.0,179.04,66.27216,-7.0,9.84758,no
69,45,197.0,179.31999,41.109608,-39.0,14.0585785,no
69,46,185.0,173.08,98.0816,7.0,14.998215,no
69,47,186.0,164.28,169.79988,-43.0,11.421173,no
69,48,150.0,153.31999,209.48032,51.0,2.7494354,no
69,49,147.0,144.95999,131.10301,-24.0,-4.1173553,yes
69,50,141.0,140.16,95.047356,18.0,-5.264633,yes
69,51,147.0,143.23999,122.02459,-17.0,-0.9053955,yes
69,52,160.0,147.16,202.8004,25.0,8.784653,no
69,53,189.0,146.0,118.33005,-64.0,15.369934,no
69,54,184.0,144.68,225.16217,-96.0,8.090057,no
69,55,129.0,149.72,186.2901,43.0,-6.8357544,yes
69,56,120.0,155.12,213.84573,101.0,-8.510361,yes
69,57,182.0,162.12,238.66295,-58.0,3.2282104,no
69,58,188.0,173.68,77.88453,-27.0,8.9591675,no
69,59,177.0,186.8,16.124516,60.0,6.4451294,no
69,60,187.0,190.04,82.036575,-12.0,5.7682495,no
69,61,205.0,186.12,83.00603,-40.0,9.576279,no
69,62,197.0,179.52,138.10141,-32.0,8.812424,no
69,63,168.0,168.32,205.70367,-17.0,-0.077819824,no
69,64,124.0,155.84,191.13347,115.0,-11.657211,no
69,65,119.0,148.72,37.94733,21.0,-19.420975,no
69,66,127.0,152.16,131.60547,43.0,-17.785599,yes
69,67,150.0,163.0,229.07204,32.0,-8.043121,no
69,68,195.0,182.12,260.09998,-42.0,4.824875,no
69,69,217.0,198.08,170.0,1.0,14.052902,no
69,70,242.0,211.64,74.1485,-95.0,14.107986,no
69,71,209.0,218.12,60.464867,60.0,7.8459473,no
69,72,219.0,219.88,21.633308,0.0,3.25943,no
69,73,208.0,217.84,16.552946,34.0,1.1829376,no
69,74,222.0,220.04,31.622776,-20.0,1.8718872,no
69,75,214.0,217.64,30.232433,42.0,3.8442078,no
69,76,237.0,216.8,34.058773,-88.0,4.3072815,no
69,77,205.0,213.0,83.00603,43.0,0.9729309,no
69,78,203.0,212.16,55.605755,9.0,-2.3982544,no
69,79,190.0,207.68,39.293766,56.0,-2.4672852,no
69,80,204.0,206.95999,33.105892,3.0,0.8996887,no
69,81,195.0,202.88,41.036568,49.0,3.6797638,no
69,82,196.0,202.12,70.76723,25.0,4.7651215,no
69,83,192.0,189.44,56.938564,-10.0,4.055649,no
69,84,179.0,179.16,178.01123,25.0,-2.178543,no
69,85,142.0,174.36,168.68906,61.0,-13.391434,no
69,86,145.0,176.72,147.97972,51.0,-13.827988,yes
69,87,180.0,177.72,218.65955,3.0,-1.3153076,yes
69,88,202.0,187.76,114.20158,-4.0,9.221085,no
69,89,213.0,193.96,42.520584,-66.0,10.885849,no
69,90,183.0,192.84,74.02702,100.0,8.116791,no
69,91,202.0,183.84,70.71068,-72.0,5.8599854,no
69,92,188.0,171.76001,158.82695,-28.0,2.1392517,no
69,93,149.0,163.2,164.2011,58.0,-4.7124634,yes
69,94,144.0,158.44,113.35784,52.0,-7.647354,yes
69,95,167.0,157.72,148.78844,-59.0,-5.021164,no
69,96,156.0,161.76,157.78467,44.0,-0.5110626,no
69,97,190.0,169.08,191.34262,-57.0,5.561844,no
69,98,204.0,173.68,158.90248,-89.0,9.411713,no
69,99,196.0,177.8,99.40825,-18.0,10.119537,no
70,0,198.0,195.08,25.495098,7.0,7.83815,no
70,1,205.0,190.36,26.41969,-59.0,9.341141,no
70,2,200.0,183.2,48.04165,4.0,9.975906,no
70,3,194.0,173.2,147.3635,-68.0,5.257675,no
70,4,171.0,164.64,156.32019,-32.0,-2.524002,yes
70,5,135.0,156.68,123.03658,59.0,-7.809723,yes
70,6,129.0,148.68,150.57224,92.0,-7.3885345,yes
70,7,153.0,148.12,132.21951,-36.0,-7.265381,yes
70,8,140.0,155.72,82.219215,12.0,-9.442261,yes
70,9,150.0,163.36,191.90102,40.0,-4.9509125,no
70,10,193.0,170.48,166.23477,-83.0,3.3998718,no
70,11,191.0,184.0,64.12488,-16.0,5.054779,no
70,12,177.0,193.2,16.492422,44.0,1.8265839,no
70,13,177.0,196.56,77.31753,80.0,1.2805176,no
70,14,201.0,196.64,19.646883,-22.0,2.4615936,no
70,15,192.0,198.4,34.058773,43.0,1.6798401,no
70,16,211.0,198.04,8.944272,-95.0,1.6460266,no
70,17,198.0,193.0,34.43835,8.0,3.5061493,no
70,18,198.0,185.2,77.05842,-40.0,2.0516815,no
70,19,184.0,182.48,152.11838,-35.0,-5.4610443,yes
70,20,161.0,182.56,34.98571,-1.0,-11.392151,yes
70,21,167.0,183.92,167.63054,49.0,-7.1577454,no
70,22,198.0,189.12,134.23859,-44.0,1.1105042,no
70,23,203.0,197.59999,48.373547,-1.0,4.3184814,no
70,24,205.0,204.76,27.202942,-19.0,2.1224518,no
70,25,192.0,206.92,14.0,25.0,-0.14959717,no
70,26,184.0,208.31999,63.63961,113.0,1.1459503,no
70,27,209.0,208.16,55.569775,-19.0,3.7506714,no
70,28,218.0,209.28,8.246211,-48.0,5.6056976,no
70,29,207.0,206.92,14.21267,15.0,7.7562866,no
70,30,214.0,202.44,20.09975,-15.0,10.338364,no
70,31,207.0,190.32,96.88137,-34.0,8.40329,no
70,32,189.0,181.0,257.78287,-43.0,-2.4114227,no
70,33,124.0,172.8,220.445,117.0,-17.03749,no
70,34,121.0,166.24,101.862656,82.0,-20.535645,yes
70,35,144.0,163.2,195.05896,38.0,-13.950928,no
70,36,156.0,165.64,269.09106,-3.0,-9.591171,no
70,37,157.0,163.88,262.05344,-34.0,-11.056061,no
70,38,134.0,161.36,118.06778,59.0,-15.933456,yes
70,39,130.0,162.6,154.01949,38.0,-17.046265,yes
70,40,158.0,161.52,289.38556,-28.0,-8.766678,no
70,41,175.0,163.0,110.724884,-21.0,-0.08808899,no
70,42,157.0,168.68,32.649654,64.0,1.2021942,no
70,43,184.0,173.88,99.03535,-73.0,2.7853088,no
70,44,189.0,172.95999,126.1507,-42.0,9.0074005,no
70,45,193.0,172.88,52.49762,3.0,15.720322,no
70,46,192.0,166.68,22.847319,-5.0,18.18486,no
70,47,205.0,157.88,157.0987,-100.0,13.922668,no
70,48,167.0,148.04,213.88782,-35.0,3.215271,no
70,49,159.0,141.92,134.46188,-52.0,-4.8073273,yes
70,50,152.0,139.76,104.172935,-58.0,-6.212219,yes
70,51,144.0,144.2,135.20355,50.0,-0.8278961,yes
70,52,185.0,149.76,155.08063,-112.0,8.5169525,no
70,53,185.0,148.08,161.1521,-53.0,13.0265045,no
70,54,174.0,145.44,221.35944,-56.0,5.692795,no
70,55,127.0,149.64,137.2953,75.0,-7.6252136,yes
70,56,147.0,154.44,168.0476,-47.0,-9.211578,yes
70,57,167.0,160.56,184.53185,0.0,0.7864685,no
70,58,171.0,172.76,75.802376,63.0,7.0395813,no
70,59,197.0,187.76,36.359318,-68.0,7.1572266,no
70,60,184.0,190.2,66.27216,49.0,8.358902,no
70,61,212.0,185.8,36.687874,-73.0,11.829208,no
70,62,190.0,176.8,163.81697,-5.0,9.292175,no
70,63,168.0,163.84,168.19037,4.0,-0.17306519,no
70,64,153.0,150.48,205.57237,-45.0,-12.01062,no
70,65,118.0,144.72,39.698868,72.0,-19.836838,yes
70,66,154.0,148.84,152.21039,-96.0,-16.837265,yes
70,67,153.0,162.2,215.8379,59.0,-6.4947357,no
70,68,198.0,183.24,228.16222,-47.0,4.841675,no
70,69,216.0,199.2,129.37543,-35.0,11.336609,no
70,70,211.0,211.68,69.354164,41.0,9.816879,no
70,71,206.0,216.88,49.396355,38.0,5.2013702,no
70,72,240.0,217.08,27.202942,-111.0,3.1402588,no
70,73,212.0,214.76,54.91812,28.0,0.8567352,no
70,74,221.0,216.32,47.010635,-34.0,0.42770386,no
70,75,215.0,213.2,54.91812,12.0,3.0180206,no
70,76,223.0,213.0,28.600698,0.0,4.561142,no
70,77,212.0,210.6,73.33485,-5.0,1.7076111,no
70,78,209.0,209.2,67.20119,-9.0,-1.659317,no
70,79,195.0,205.92,29.427877,41.0,-2.0977173,no
70,80,221.0,204.88,29.017237,-79.0,1.1178131,no
70,81,209.0,199.64,38.209946,-20.0,3.7541962,no
70,82,203.0,197.52,64.0,-15.0,4.196274,no
70,83,189.0,184.8,29.732138,17.0,3.521637,no
70,84,202.0,174.56,159.00314,-87.0,-1.3611298,no
70,85,159.0,171.44,151.08276,-7.0,-11.064896,no
70,86,158.0,175.2,154.25952,20.0,-10.915436,yes
70,87,183.0,178.28,158.85843,-8.0,-1.0066528,no
70,88,195.0,190.32,62.76942,-13.0,5.953903,no
70,89,192.0,197.48,55.17246,56.0,7.7971954,no
70,90,222.0,198.08,38.078865,-133.0,7.4627075,no
70,91,187.0,191.4,65.863495,53.0,6.0466003,no
70,92,195.0,178.24,110.45361,-53.0,3.154541,no
70,93,167.0,169.52,150.65192,11.0,-3.0453644,yes
70,94,170.0,164.56,45.54119,-64.0,-5.5186157,yes
70,95,176.0,162.2,63.324562,-21.0,-1.199173,no
70,96,172.0,166.56,58.821766,3.0,3.3770294,no
70,97,185.0,178.08,134.01492,2.0,8.251083,no
70,98,199.0,185.64,42.426407,-11.0,12.223648,no
70,99,190.0,190.52,43.011627,32.0,12.678864,no
71,0,204.0,199.36,37.12142,-44.0,5.3467865,no
71,1,172.0,196.12,43.68066,147.0,7.4213715,no
71,2,204.0,188.64,46.647614,-60.0,9.388107,no
71,3,176.0,177.68,152.74161,47.0,5.2946777,no
71,4,168.0,167.24,181.33946,-33.0,-3.558319,yes
71,5,134.0,157.96,117.27745,56.0,-10.523361,yes
71,6,141.0,147.84,51.224995,-27.0,-10.807465,yes
71,7,135.0,144.52,43.011627,40.0,-10.411514,yes
71,8,126.0,150.92,44.922153,34.0,-12.444305,yes
71,9,148.0,159.08,200.87807,2.0,-7.830673,yes
71,10,168.0,165.08,136.61626,17.0,0.9058838,no
71,11,174.0,178.28,63.387695,46.0,4.777237,no
71,12,196.0,190.08,86.26703,-32.0,5.017502,no
71,13,204.0,194.44,74.63243,-33.0,5.2435303,no
71,14,208.0,195.2,11.045361,-35.0,4.712723,no
71,15,200.0,196.04,64.07808,-28.0,2.3292236,no
71,16,176.0,194.56,50.596443,100.0,1.6872864,no
71,17,206.0,190.31999,32.649654,-73.0,4.1804657,no
71,18,183.0,183.31999,88.29496,39.0,3.7990417,no
71,19,166.0,180.04,125.89678,60.0,-1.6277008,yes
71,20,155.0,180.0,75.31268,73.0,-5.9761353,yes
71,21,181.0,182.31999,152.48607,-26.0,-2.2109985,no
71,22,201.0,186.59999,113.99123,-17.0,5.2237244,no
71,23,206.0,194.04,7.615773,-19.0,7.350815,no
71,24,199.0,201.4,12.083046,15.0,4.8482056,no
71,25,204.0,203.64,66.0303,-2.0,3.77771,no
71,26,217.0,203.44,73.171036,-64.0,4.797653,no
71,27,197.0,202.12,2.0,44.0,5.460129,no
71,28,208.0,202.6,58.855755,-7.0,6.7971497,no
71,29,207.0,199.64,62.0,-12.0,9.006027,no
71,30,211.0,195.48,46.173584,-24.0,11.624878,no
71,31,198.0,186.52,86.40602,28.0,10.320831,no
71,32,198.0,179.16,212.00943,-75.0,1.0454102,no
71,33,157.0,173.96,208.08652,-11.0,-11.152649,no
71,34,138.0,168.48,206.51877,67.0,-15.373657,yes
71,35,150.0,166.28,147.3635,-20.0,-14.270737,no
71,36,122.0,167.2,102.85912,98.0,-14.909332,yes
71,37,112.0,166.72,140.52046,168.0,-14.572769,yes
71,38,144.0,164.16,208.80614,11.0,-10.974396,yes
71,39,156.0,165.84,230.97186,30.0,-3.9924622,no
71,40,188.0,164.08,130.59862,-61.0,4.1296997,no
71,41,192.0,163.2,72.249565,-85.0,6.219269,no
71,42,161.0,164.88,74.726166,25.0,1.8317719,no
71,43,152.0,167.28,64.77654,46.0,-0.28178406,no
71,44,151.0,163.40001,150.58553,100.0,3.4837646,no
71,45,197.0,163.84,209.69025,-129.0,7.9999237,no
71,46,180.0,160.2,300.84216,-34.0,7.372635,no
71,47,175.0,156.12001,359.56085,-88.0,0.8364258,no
71,48,119.0,148.68001,292.24646,93.0,-9.21727,no
71,49,118.0,146.48001,163.76813,32.0,-15.040314,yes
71,50,106.0,147.04001,109.17875,114.0,-14.35817,yes
71,51,142.0,151.84001,143.1782,-40.0,-7.9121704,no
71,52,139.0,155.48001,125.92855,63.0,-1.2762604,yes
71,53,139.0,152.88,167.14664,43.0,0.046051025,yes
71,54,144.0,148.28,165.80109,17.0,-5.3155975,no
71,55,133.0,147.6,143.28294,-32.0,-14.236786,yes
71,56,127.0,152.16,199.61964,55.0,-13.107452,yes
71,57,168.0,157.2,223.27113,-9.0,-1.0157623,no
71,58,195.0,170.31999,89.44272,-75.0,7.663513,no
71,59,188.0,185.28,18.384777,21.0,9.106659,no
71,60,189.0,189.4,50.695168,6.0,9.99382,no
71,61,196.0,184.24,21.587032,5.0,11.508408,no
71,62,178.0,174.76,167.45149,28.0,7.028412,no
71,63,165.0,162.76,163.71927,-7.0,-2.7289886,no
71,64,157.0,150.6,196.35173,-72.0,-13.485443,yes
71,65,118.0,145.72,66.46804,42.0,-20.41829,yes
71,66,122.0,152.08,194.04123,95.0,-16.811188,yes
71,67,169.0,166.56,193.06476,-46.0,-6.4094543,no
71,68,181.0,184.52,168.34488,19.0,3.0254974,no
71,69,203.0,198.28,141.20906,13.0,8.639511,no
71,70,221.0,210.16,22.135944,-52.0,8.456223,no
71,71,202.0,214.24,36.05551,57.0,5.4904175,no
71,72,212.0,213.36,12.0,26.0,3.6237793,no
71,73,207.0,211.44,84.0595,7.0,0.23100281,no
71,74,201.0,213.6,68.46897,33.0,-1.9486847,no
71,75,214.0,211.36,97.67292,-11.0,0.30441284,no
71,76,228.0,210.6,61.400326,-64.0,2.6556702,no
71,77,206.0,208.88,62.289646,36.0,1.4981384,no
71,78,217.0,207.24,32.80244,-53.0,-0.2554779,no
71,79,201.0,204.32,32.649654,9.0,-0.88027954,no
71,80,197.0,202.36,39.293766,29.0,1.0022583,no
71,81,197.0,197.2,40.496914,29.0,3.6866913,no
71,82,203.0,193.56,119.40687,-46.0,3.6293335,no
71,83,176.0,180.76,103.24728,45.0,1.4938965,no
71,84,194.0,170.2,183.67363,-100.0,-3.6734924,no
71,85,127.0,167.04,138.57127,151.0,-12.08902,no
71,86,165.0,169.52,198.33809,-30.0,-9.820892,yes
71,87,191.0,174.12,138.52075,-40.0,0.3756256,no
71,88,190.0,187.72,70.724815,25.0,6.2297516,no
71,89,194.0,197.36,84.20214,19.0,7.9147644,no
71,90,193.0,199.6,65.053825,49.0,7.6244507,no
71,91,182.0,195.48,75.47185,40.0,5.9823456,no
71,92,185.0,181.2,85.60374,4.0,3.8375244,no
71,93,165.0,171.8,226.61421,26.0,-3.759781,yes
71,94,129.0,165.92,106.320274,107.0,-10.756683,yes
71,95,174.0,163.68,191.4001,-69.0,-6.0628357,no
71,96,174.0,169.0,50.635956,18.0,1.3742218,no
71,97,181.0,182.76,103.121284,16.0,6.1524506,no
71,98,206.0,191.52,101.607086,-38.0,10.810593,no
71,99,207.0,197.72,84.85281,-7.0,13.267639,no
72,0,198.0,201.95999,27.166155,26.0,4.5338593,no
72,1,222.0,199.56,70.327805,-105.0,8.626801,no
72,2,208.0,192.36,100.76706,-12.0,10.631134,no
72,3,185.0,179.72,199.97,0.0,4.8597565,no
72,4,158.0,167.6,185.55861,16.0,-5.4490356,yes
72,5,148.0,158.64,70.2282,-31.0,-11.079971,yes
72,6,139.0,147.28,76.8505,39.0,-8.318756,yes
72,7,160.0,141.6,112.1606,-81.0,-6.8604736,no
72,8,115.0,148.16,70.34202,113.0,-11.981354,yes
72,9,150.0,155.48,196.17339,-54.0,-10.685501,yes
72,10,174.0,161.2,180.93645,-34.0,-1.2491455,no
72,11,187.0,172.76,99.40825,-21.0,5.9025574,no
72,12,197.0,185.84,82.96987,-21.0,8.618515,no
72,13,202.0,190.72,32.649654,-13.0,8.893784,no
72,14,192.0,193.59999,27.784887,43.0,6.863449,no
72,15,196.0,194.36,47.853943,-11.0,3.6436157,no
72,16,187.0,193.95999,19.79899,18.0,2.3686981,no
72,17,194.0,188.92,36.05551,-4.0,4.4640656,no
72,18,201.0,182.84,28.178005,-40.0,5.9847565,no
72,19,202.0,177.24,85.42833,-79.0,3.4101868,yes
72,20,185.0,177.0,51.40039,-40.0,-0.18450928,yes
72,21,175.0,178.36,95.707886,43.0,1.6153259,no
72,22,202.0,183.8,114.93476,-48.0,7.5132904,no
72,23,202.0,191.28,28.460499,-5.0,10.076462,no
72,24,196.0,198.08,9.486833,28.0,9.079208,no
72,25,206.0,197.88,73.82411,-15.0,9.36496,no
72,26,219.0,196.64,39.824615,-47.0,9.997192,no
72,27,198.0,192.48,84.0595,21.0,7.668518,no
72,28,203.0,190.16,103.16007,-38.0,5.4415283,no
72,29,190.0,188.2,151.95393,22.0,5.377228,no
72,30,201.0,185.88,152.19067,-37.0,7.7215576,no
72,31,204.0,180.04001,125.89678,-61.0,7.92984,no
72,32,173.0,176.8,123.49089,35.0,2.8031769,no
72,33,157.0,174.56,101.24229,92.0,-1.3818054,no
72,34,191.0,170.0,208.83008,-108.0,-0.22569275,yes
72,35,176.0,168.8,266.49203,22.0,0.8780365,yes
72,36,168.0,169.2,322.50272,23.0,-0.5726013,yes
72,37,193.0,171.16,300.60272,-104.0,0.06965637,no
72,38,185.0,170.12,202.86942,-32.0,3.4949646,no
72,39,192.0,172.12,98.681305,-47.0,8.19281,no
72,40,185.0,169.48,33.01515,-33.0,10.502441,no
72,41,159.0,167.44,78.434685,101.0,8.119598,no
72,42,168.0,163.04,115.767006,-39.0,1.8144226,no
72,43,158.0,160.95999,85.90693,-21.0,-3.0905304,no
72,44,166.0,155.48,114.14027,-87.0,-3.359146,yes
72,45,135.0,156.08,198.0101,93.0,-4.2150116,yes
72,46,122.0,153.92,218.88809,49.0,-8.334625,yes
72,47,108.0,154.0,101.87247,124.0,-12.209946,yes
72,48,109.0,150.32,94.08507,59.0,-14.734695,yes
72,49,120.0,151.0,206.49455,52.0,-14.596069,yes
72,50,126.0,153.24,197.1852,20.0,-12.527725,yes
72,51,139.0,157.92,207.87015,31.0,-6.8450623,yes
72,52,153.0,160.16,178.71765,-2.0,-1.9108734,yes
72,53,131.0,157.16,149.32515,84.0,-2.9046478,yes
72,54,147.0,151.52,124.55521,-46.0,-9.208054,yes
72,55,102.0,149.08,132.01515,115.0,-18.84668,yes
72,56,115.0,152.32,193.70596,57.0,-18.42514,yes
72,57,174.0,156.8,289.04324,-105.0,-4.8088684,no
72,58,178.0,168.2,118.92855,44.0,6.7176056,no
72,59,192.0,183.0,24.0,-22.0,9.523773,no
72,60,194.0,186.12,35.77709,8.0,9.961166,no
72,61,210.0,181.32,65.11528,-87.0,9.53746,no
72,62,189.0,173.8,186.60118,-48.0,3.081726,no
72,63,150.0,164.16,187.36061,21.0,-7.4118805,no
72,64,120.0,153.84,88.0568,93.0,-15.43158,yes
72,65,117.0,152.0,132.2422,87.0,-18.138275,yes
72,66,142.0,157.28,174.73409,-7.0,-14.139694,yes
72,67,174.0,169.0,185.28357,-56.0,-5.1998444,no
72,68,173.0,182.96,177.9101,80.0,3.656723,no
72,69,207.0,194.68001,132.61975,-14.0,9.26416,no
72,70,216.0,204.04,21.023796,-4.0,9.207397,no
72,71,226.0,209.12,40.4475,-67.0,6.56987,no
72,72,225.0,208.28,11.045361,-49.0,4.6691284,no
72,73,210.0,208.04,74.0,9.0,1.223114,no
72,74,195.0,209.95999,31.016125,36.0,-2.5559082,no
72,75,201.0,209.16,62.369865,14.0,-2.338791,no
72,76,205.0,208.64,59.682495,10.0,-0.1278534,no
72,77,203.0,208.92,15.811388,15.0,0.6902771,no
72,78,199.0,207.51999,14.142136,40.0,0.567276,no
72,79,204.0,205.48,47.095646,-8.0,0.096969604,no
72,80,198.0,202.31999,3.1622777,4.0,1.1075897,no
72,81,208.0,196.68,13.928389,-38.0,4.1669464,no
72,82,190.0,191.36,131.40015,16.0,3.8723755,no
72,83,163.0,179.32,86.023254,76.0,-0.24908447,no
72,84,171.0,168.64,175.19133,-23.0,-7.5347137,no
72,85,141.0,166.6,124.73973,6.0,-15.906082,no
72,86,154.0,170.04,229.78687,8.0,-12.497696,yes
72,87,186.0,174.52,190.92407,-19.0,-0.6252136,yes
72,88,205.0,189.2,103.58572,-43.0,7.338333,no
72,89,220.0,199.16,69.079666,-53.0,10.718964,no
72,90,223.0,201.84,81.706795,-70.0,11.445709,no
72,91,203.0,198.16,120.30794,16.0,10.590683,no
72,92,202.0,184.84,102.9563,-14.0,7.876602,no
72,93,205.0,173.24,324.89075,-155.0,-3.6681824,no
72,94,114.0,167.6,174.92856,136.0,-17.873306,yes
72,95,148.0,165.12,272.0,10.0,-15.207092,no
72,96,187.0,168.92,139.28389,-92.0,-3.8793488,no
72,97,175.0,182.44,94.14882,51.0,3.1451874,no
72,98,199.0,192.04,130.61394,-2.0,8.354645,no
72,99,218.0,196.76,54.405884,-48.0,12.106796,no
73,0,194.0,202.8,55.226807,24.0,4.853256,no
73,1,205.0,201.08,44.294468,17.0,10.060181,no
73,2,209.0,193.76,60.133186,-23.0,12.881714,no
73,3,198.0,181.6,207.92787,-48.0,7.1345825,no
73,4,147.0,169.4,244.37675,71.0,-4.952881,yes
73,5,130.0,159.84,36.496574,55.0,-10.96669,yes
73,6,146.0,149.28,146.1027,13.0,-5.013611,yes
73,7,170.0,142.4,110.0727,-56.0,-0.5174103,no
73,8,137.0,145.64,206.18924,0.0,-8.415543,yes
73,9,109.0,151.44,108.25895,126.0,-13.66394,yes
73,10,157.0,156.44,247.64894,-10.0,-5.9017944,no
73,11,182.0,166.08,134.84807,-40.0,3.5736084,no
73,12,182.0,179.52,94.79452,43.0,7.803833,no
73,13,202.0,187.2,72.34639,-43.0,8.633957,no
73,14,205.0,190.64,31.780497,-36.0,7.628174,no
73,15,194.0,191.31999,20.248457,10.0,5.6243134,no
73,16,200.0,190.64,34.525352,-47.0,4.4762115,no
73,17,178.0,184.76,38.209946,52.0,4.6491394,no
73,18,185.0,177.84,103.09219,0.0,4.565445,no
73,19,177.0,172.0,187.88295,-6.0,1.2795105,yes
73,20,168.0,169.68,184.35835,11.0,-2.6129456,yes
73,21,175.0,170.08,174.13214,-45.0,-1.619873,no
73,22,182.0,175.2,178.39282,20.0,4.733322,no
73,23,199.0,182.56,104.66136,-32.0,10.53746,no
73,24,205.0,189.88,21.023796,-28.0,12.948425,no
73,25,190.0,190.44,31.04835,69.0,12.628693,no
73,26,208.0,187.8,151.53877,-59.0,9.819336,no
73,27,194.0,181.56,220.47676,-40.0,4.241287,no
73,28,178.0,177.36,227.05505,3.0,-1.3242035,no
73,29,171.0,174.52,216.44861,-21.0,-3.5771942,no
73,30,162.0,172.59999,203.6664,63.0,-0.84877014,no
73,31,183.0,171.59999,148.21606,-41.0,1.9892731,no
73,32,168.0,174.36,51.009804,47.0,2.0556183,yes
73,33,199.0,176.88,82.46211,-115.0,4.6348267,no
73,34,185.0,175.76,94.371605,59.0,10.25177,no
73,35,217.0,177.72,68.46897,-102.0,13.868057,no
73,36,204.0,178.68,64.7611,-43.0,13.366089,no
73,37,203.0,180.48,44.94441,-39.0,12.22261,no
73,38,179.0,176.44,11.401754,43.0,11.964279,no
73,39,195.0,175.2,36.138622,-38.0,12.504059,no
73,40,168.0,169.48,79.05694,63.0,10.58226,no
73,41,192.0,162.92,54.42426,-119.0,7.2362823,no
73,42,155.0,154.28,156.52477,20.0,0.7650299,no
73,43,125.0,151.28,103.24728,94.0,-5.944351,yes
73,44,133.0,145.44,86.833176,34.0,-8.054092,yes
73,45,148.0,145.4,71.063354,-73.0,-9.121521,yes
73,46,114.0,145.2,103.81715,104.0,-10.274078,yes
73,47,150.0,147.68,225.62358,-57.0,-7.2736206,yes
73,48,148.0,146.36,273.86493,16.0,-2.7382355,yes
73,49,179.0,151.36,257.78287,-97.0,0.22245789,no
73,50,159.0,156.24,206.51877,10.0,0.25193787,yes
73,51,166.0,162.88,199.12308,9.0,3.6021423,yes
73,52,201.0,164.88,184.45596,-127.0,9.263977,yes
73,53,169.0,162.16,244.16797,27.0,8.897446,yes
73,54,165.0,153.56,274.40115,-22.0,0.21852112,yes
73,55,128.0,149.68,258.60007,22.0,-13.874084,yes
73,56,114.0,151.76,106.0,38.0,-18.802887,yes
73,57,130.0,157.48,276.35486,130.0,-8.063873,no
73,58,195.0,168.44,141.20906,-114.0,4.1239777,no
73,59,186.0,183.52,70.45566,9.0,7.490326,no
73,60,193.0,186.6,82.28001,-50.0,7.0762634,no
73,61,174.0,180.2,96.540146,79.0,5.1581726,no
73,62,170.0,173.48,166.5713,-13.0,-1.8101196,no
73,63,147.0,167.52,106.404884,42.0,-9.032928,no
73,64,149.0,158.48,152.45328,15.0,-10.332138,yes
73,65,175.0,157.28,162.36378,-127.0,-8.755951,yes
73,66,148.0,163.24,119.230865,51.0,-7.3375854,yes
73,67,156.0,172.16,151.38031,94.0,-2.8375397,no
73,68,210.0,181.16,173.95401,-128.0,4.402069,no
73,69,222.0,191.52,92.800865,-72.0,8.578033,no
73,70,206.0,198.88,110.860275,-10.0,6.3559265,no
73,71,194.0,203.36,117.72001,60.0,3.1273499,no
73,72,203.0,202.6,108.84852,21.0,2.3363037,no
73,73,222.0,203.2,55.154327,-72.0,1.3969421,no
73,74,204.0,204.44,48.6621,4.0,-1.1964417,no
73,75,204.0,205.31999,25.059929,-17.0,-1.6828156,no
73,76,198.0,206.04,62.289646,57.0,0.6382599,no
73,77,217.0,208.32,41.01219,-41.0,2.6494598,no
73,78,212.0,205.8,27.856777,-22.0,3.1547852,no
73,79,210.0,204.32,62.625874,-20.0,2.4526978,no
73,80,187.0,201.6,12.649111,61.0,2.2098083,no
73,81,209.0,195.28,31.400637,-36.0,5.018158,no
73,82,202.0,186.44,109.041275,-43.0,5.3565826,no
73,83,191.0,174.36,108.16654,-59.0,0.87184143,no
73,84,163.0,163.51999,196.1632,-8.0,-8.426071,no
73,85,118.0,160.72,93.13431,113.0,-17.74855,no
73,86,132.0,165.04,197.00253,69.0,-14.854187,yes
73,87,175.0,171.72,210.03809,-14.0,-2.5151215,yes
73,88,181.0,186.31999,102.70345,72.0,6.305084,no
73,89,205.0,197.56,89.30846,-18.0,9.958664,no
73,90,206.0,201.72,43.011627,42.0,12.47673,no
73,91,221.0,199.04,47.41308,-59.0,13.781723,no
73,92,201.0,184.31999,119.0798,9.0,10.028473,no
73,93,184.0,171.87999,327.56677,-51.0,-4.2083893,no
73,94,110.0,166.04,196.95685,135.0,-21.173798,yes
73,95,127.0,163.36,197.01776,55.0,-20.618988,yes
73,96,159.0,165.84,197.00253,37.0,-7.361084,no
73,97,184.0,181.64,99.32774,-5.0,1.9806366,no
73,98,195.0,194.04,72.12489,-11.0,5.5460815,no
73,99,200.0,198.36,88.10221,9.0,7.346924,no
74,0,203.0,201.4,33.01515,-1.0,6.6915436,no
74,1,212.0,199.51999,36.05551,-38.0,11.509445,no
74,2,202.0,194.04,36.359318,39.0,15.529831,no
74,3,203.0,183.48,179.6274,-33.0,11.856018,no
74,4,173.0,170.64,272.69397,-36.0,-0.1582489,yes
74,5,134.0,162.88,91.706055,76.0,-8.755676,yes
74,6,158.0,153.68001,148.43181,-49.0,-4.2705994,yes
74,7,181.0,146.6,33.734257,-81.0,2.67247,no
74,8,154.0,148.40001,238.44916,-8.0,-3.8269196,no
74,9,118.0,152.44,39.59798,65.0,-13.969391,yes
74,10,153.0,155.56,204.9195,-49.0,-11.562759,no
74,11,162.0,162.08,183.0956,23.0,-2.797348,no
74,12,190.0,174.28,124.16924,-73.0,2.9663544,no
74,13,176.0,182.64,130.54501,45.0,4.9211273,no
74,14,196.0,188.44,98.38699,-37.0,6.439087,no
74,15,185.0,188.44,43.174065,39.0,6.9917145,no
74,16,194.0,187.88,39.824615,-26.0,6.569397,no
74,17,185.0,182.23999,42.379242,2.0,5.4664,no
74,18,184.0,174.28,128.51459,-44.0,1.9286957,yes
74,19,147.0,165.68,161.96913,62.0,-4.971054,yes
74,20,146.0,161.8,137.99275,4.0,-10.418762,yes
74,21,130.0,160.24,172.6789,103.0,-10.138458,no
74,22,172.0,163.44,231.20554,-67.0,-3.2364044,no
74,23,175.0,169.48,216.13422,34.0,5.3197327,no
74,24,207.0,177.04,177.13272,-82.0,11.216537,no
74,25,210.0,178.88,150.71164,-102.0,11.367218,no
74,26,170.0,176.56,187.57932,50.0,5.821991,no
74,27,152.0,170.08,180.27756,67.0,-1.9512634,no
74,28,147.0,165.44,214.9465,11.0,-9.534576,yes
74,29,133.0,162.64,188.38258,48.0,-12.422638,no
74,30,156.0,160.4,165.48715,-26.0,-7.7026825,yes
74,31,157.0,162.4,79.84986,36.0,-2.6273193,yes
74,32,164.0,169.24,97.52948,-6.0,-0.4865265,yes
74,33,171.0,175.76,134.61798,34.0,3.646759,no
74,34,192.0,178.16,140.86873,-41.0,10.232422,no
74,35,201.0,184.84,73.82411,-15.0,14.965408,no
74,36,185.0,186.95999,43.081318,58.0,15.406052,no
74,37,197.0,186.48,52.153618,-23.0,14.292053,no
74,38,176.0,178.76,22.803509,62.0,12.619171,no
74,39,203.0,173.2,111.60645,-103.0,9.777985,no
74,40,163.0,163.24,186.47252,20.0,4.2296753,no
74,41,167.0,153.84,185.15399,-24.0,0.31877136,yes
74,42,155.0,144.08,166.93112,-26.0,-4.177246,yes
74,43,148.0,141.23999,83.18654,-61.0,-9.169601,yes
74,44,127.0,136.56,26.41969,38.0,-10.181564,yes
74,45,137.0,136.24,28.319605,13.0,-7.7619324,yes
74,46,140.0,138.4,103.227905,6.0,-4.0309906,yes
74,47,173.0,144.4,118.186295,-76.0,1.9862366,no
74,48,170.0,148.52,69.00725,-11.0,6.8223114,no
74,49,192.0,157.76,41.01219,-86.0,8.634079,no
74,50,175.0,166.92,25.495098,-11.0,8.231949,no
74,51,174.0,174.28,133.22162,36.0,11.903351,no
74,52,189.0,174.28,127.310646,27.0,19.017792,no
74,53,206.0,168.32,126.65702,-49.0,20.414627,no
74,54,194.0,156.04001,236.54175,-85.0,10.099701,no
74,55,153.0,149.76,239.40343,-23.0,-6.7262726,yes
74,56,121.0,149.96,76.96753,81.0,-14.873077,yes
74,57,167.0,156.48,235.09148,-97.0,-7.120865,no
74,58,172.0,167.32,142.86357,27.0,4.0551147,no
74,59,173.0,183.2,54.037025,55.0,7.6987915,no
74,60,168.0,186.08,68.0294,88.0,6.81868,no
74,61,202.0,180.08,87.965904,-106.0,4.05188,no
74,62,157.0,174.28,176.02841,75.0,-3.6908417,no
74,63,161.0,171.40001,41.036568,-34.0,-7.291214,yes
74,64,169.0,164.76001,166.331,-10.0,-1.669754,yes
74,65,159.0,162.6,164.10362,96.0,2.128357,no
74,66,170.0,168.08,99.95999,-10.0,-0.81243896,yes
74,67,186.0,175.08,52.17279,-108.0,-2.8124084,yes
74,68,161.0,180.0,151.40013,129.0,0.3527832,no
74,69,193.0,188.40001,116.456,-17.0,3.2100677,no
74,70,182.0,196.40001,69.354164,59.0,1.4603729,no
74,71,201.0,200.92,37.576588,-41.0,-0.7720947,no
74,72,192.0,200.08,72.99315,21.0,-1.7268829,no
74,73,199.0,202.16,105.26158,0.0,-1.5937347,no
74,74,199.0,202.48,45.276924,0.0,-0.996521,no
74,75,196.0,203.84,40.4475,54.0,0.81388855,no
74,76,223.0,204.0,39.92493,-89.0,3.3053436,no
74,77,214.0,207.2,41.231056,-16.0,4.6870575,no
74,78,200.0,203.36,21.540659,54.0,5.5775757,no
74,79,217.0,202.31999,66.48308,-45.0,5.219528,no
74,80,192.0,198.8,55.081757,29.0,3.3295593,no
74,81,203.0,193.44,25.96151,-41.0,4.680893,no
74,82,175.0,181.88,96.13532,84.0,5.129898,no
74,83,177.0,171.56,135.56548,-4.0,0.51808167,no
74,84,164.0,159.2,184.0978,-27.0,-9.092224,no
74,85,149.0,156.76001,59.07622,-37.0,-17.355133,no
74,86,150.0,161.44,169.49927,8.0,-14.549561,yes
74,87,187.0,170.84,233.05363,-49.0,-2.5919952,no
74,88,211.0,185.32,68.73136,-79.0,5.5986633,no
74,89,195.0,198.6,43.56604,38.0,6.729431,no
74,90,217.0,204.04001,104.69002,-64.0,8.591171,no
74,91,215.0,203.12,47.095646,-15.0,11.817993,no
74,92,206.0,189.84,132.09845,-27.0,9.8975525,no
74,93,169.0,175.59999,293.0017,63.0,-2.8475952,no
74,94,150.0,169.8,186.51006,-47.0,-18.974457,yes
74,95,146.0,167.23999,154.55743,-11.0,-19.735031,yes
74,96,175.0,167.2,250.25188,-12.0,-5.995575,no
74,97,202.0,180.95999,90.697296,-66.0,4.0729065,no
74,98,186.0,194.48,26.832815,47.0,5.1203003,no
74,99,196.0,198.12,36.71512,3.0,4.4719543,no
75,0,202.0,192.68,93.904205,-23.0,6.2597504,no
75,1,200.0,191.76,99.29753,25.0,10.51973,no
75,2,223.0,186.76,73.061615,-99.0,15.383209,no
75,3,206.0,177.16,129.5222,-38.0,14.200699,no
75,4,172.0,166.2,219.80446,32.0,4.56131,yes
75,5,151.0,160.92,167.09279,-26.0,-6.249771,yes
75,6,122.0,156.28,86.764046,123.0,-6.5663757,yes
75,7,161.0,151.36,132.8533,-8.0,1.418335,no
75,8,172.0,152.2,152.61061,-80.0,0.5628662,no
75,9,121.0,154.59999,158.54968,97.0,-9.638443,no
75,10,126.0,154.87999,59.211487,64.0,-14.046112,yes
75,11,146.0,157.36,168.4399,1.0,-9.499817,no
75,12,167.0,166.64,108.40664,4.0,-2.3839264,no
75,13,161.0,173.92,58.60034,52.0,2.2537537,no
75,14,181.0,182.08,102.0784,22.0,6.628708,no
75,15,195.0,182.48,20.248457,-37.0,9.330093,no
75,16,180.0,180.32,48.270073,46.0,8.583939,no
75,17,186.0,172.92,87.965904,-36.0,5.3808746,no
75,18,175.0,164.68,149.37202,-33.0,-0.40585327,yes
75,19,143.0,154.4,132.9812,51.0,-8.42424,yes
75,20,143.0,149.48,80.622574,-27.0,-14.863419,yes
75,21,130.0,147.52,74.24284,14.0,-16.649872,no
75,22,134.0,149.84,175.84084,46.0,-12.656189,no
75,23,156.0,155.16,228.12277,-31.0,-5.8473206,no
75,24,156.0,161.28,255.51907,53.0,0.38587952,no
75,25,171.0,163.72,201.02238,-16.0,3.7753143,no
75,26,160.0,160.76,93.50936,34.0,2.677658,no
75,27,164.0,154.4,102.48902,-56.0,-2.8242188,no
75,28,136.0,150.08,142.12671,11.0,-10.830215,yes
75,29,106.0,148.48,29.15476,136.0,-13.911453,yes
75,30,146.0,147.8,143.1782,-23.0,-8.268555,yes
75,31,161.0,153.2,57.982758,-36.0,-2.908081,yes
75,32,154.0,162.04,60.41523,17.0,-1.8179016,yes
75,33,163.0,170.56,106.06602,5.0,0.80752563,no
75,34,170.0,174.92,124.90797,48.0,6.2888947,no
75,35,195.0,181.68,89.19641,-36.0,10.674057,no
75,36,196.0,183.12,88.362885,-40.0,12.204681,no
75,37,201.0,181.08,61.188232,-47.0,12.59082,no
75,38,187.0,170.88,116.0,-18.0,9.331741,no
75,39,175.0,164.48,240.48285,-37.0,0.95532227,no
75,40,134.0,154.84,228.07893,59.0,-8.285645,no
75,41,134.0,146.4,161.99382,14.0,-12.143234,yes
75,42,124.0,139.56,153.05554,37.0,-13.862137,yes
75,43,124.0,139.8,126.649124,19.0,-15.5060425,yes
75,44,128.0,136.52,93.230896,-9.0,-13.895462,yes
75,45,146.0,137.8,79.81228,-41.0,-8.638504,yes
75,46,142.0,140.6,63.702435,16.0,-3.958725,yes
75,47,156.0,148.0,131.94696,-26.0,-0.6125641,no
75,48,156.0,154.28,146.5401,1.0,1.7785034,no
75,49,158.0,165.4,104.62313,41.0,4.4060516,no
75,50,164.0,174.76,120.20815,60.0,9.086182,no
75,51,202.0,183.59999,137.90576,-58.0,16.710464,no
75,52,202.0,181.8,50.77401,4.0,22.668884,no
75,53,223.0,174.4,162.11107,-138.0,20.560822,no
75,54,167.0,160.48,308.17203,32.0,6.9918823,no
75,55,146.0,152.36,219.47665,-6.0,-9.048965,yes
75,56,131.0,150.95999,84.89994,-6.0,-14.614685,yes
75,57,148.0,158.16,234.00854,53.0,-5.263855,no
75,58,180.0,168.04,195.43797,9.0,7.4852905,no
75,59,221.0,181.24,84.85281,-138.0,12.501846,no
75,60,192.0,182.8,44.94441,4.0,10.33252,no
75,61,203.0,177.28,63.387695,-56.0,5.44928,no
75,62,170.0,174.68001,198.84164,-11.0,-3.1632843,no
75,63,137.0,174.72,101.87247,148.0,-4.6151886,yes
75,64,197.0,171.2,195.97958,-71.0,5.153961,yes
75,65,218.0,170.28,101.54802,-153.0,9.297684,no
75,66,177.0,174.04,158.05063,7.0,1.261261,yes
75,67,149.0,176.6,75.00667,90.0,-6.4541016,yes
75,68,184.0,178.04,143.56183,-64.0,-4.543503,no
75,69,190.0,183.48,43.68066,-5.0,-0.19769287,no
75,70,187.0,191.36,39.39543,6.0,0.56929016,no
75,71,195.0,195.95999,33.01515,3.0,0.08699036,no
75,72,186.0,196.16,41.18252,24.0,-1.6964874,no
75,73,183.0,197.92,18.973665,49.0,-2.6828918,no
75,74,197.0,199.08,73.061615,-7.0,-0.5275879,no
75,75,212.0,200.8,48.8467,-43.0,3.125122,no
75,76,195.0,201.44,21.954498,67.0,4.609009,no
75,77,200.0,204.12,36.878178,24.0,4.7252502,no
75,78,211.0,201.04001,57.706154,-28.0,6.057602,no
75,79,221.0,200.32,89.55445,-56.0,5.751663,no
75,80,190.0,197.28,108.07405,15.0,2.7546082,no
75,81,195.0,192.72,46.06517,7.0,4.0565643,no
75,82,202.0,180.56,82.02438,-83.0,5.17601,no
75,83,174.0,170.4,182.21416,1.0,-1.0011139,no
75,84,140.0,158.6,171.7731,40.0,-12.43631,no
75,85,127.0,156.52,77.83315,62.0,-20.010376,no
75,86,140.0,160.84,164.128,2.0,-16.796066,yes
75,87,163.0,170.64,269.87405,55.0,-4.450989,no
75,88,202.0,184.24,79.81228,-48.0,4.1898804,no
75,89,185.0,197.52,20.248457,48.0,3.6387024,no
75,90,188.0,203.16,58.0517,55.0,3.3867493,no
75,91,201.0,201.56,74.793045,1.0,7.6384277,no
75,92,212.0,191.36,29.732138,-38.0,10.798401,no
75,93,199.0,178.44,282.65173,-67.0,2.8573914,no
75,94,128.0,171.0,275.19086,132.0,-13.443283,yes
75,95,121.0,168.44,141.42136,111.0,-17.302261,yes
75,96,181.0,168.8,271.22314,-48.0,-4.371353,no
75,97,197.0,180.2,63.90618,-4.0,6.0799713,no
75,98,198.0,193.28,31.04835,-6.0,6.6979523,no
75,99,205.0,198.44,38.183765,-20.0,5.4247437,no
76,0,180.0,188.64,118.016945,26.0,2.343521,no
76,1,188.0,185.8,171.49344,-27.0,4.103134,no
76,2,185.0,180.08,229.10696,17.0,6.7045746,no
76,3,188.0,170.2,213.19006,-24.0,6.859009,yes
76,4,190.0,160.44,167.47537,-102.0,1.9555359,yes
76,5,150.0,156.6,173.66635,32.0,-6.532959,yes
76,6,141.0,157.24,55.7853,-7.0,-8.023575,yes
76,7,161.0,156.2,184.09236,2.0,1.5029602,no
76,8,172.0,158.72,122.40915,1.0,7.1847687,no
76,9,165.0,161.92,232.74449,-25.0,0.8066406,no
76,10,148.0,161.36,154.15576,-19.0,-8.859573,yes
76,11,130.0,159.52,87.46428,80.0,-11.170441,yes
76,12,175.0,163.44,155.80116,-93.0,-4.9654083,yes
76,13,172.0,167.92,78.44743,19.0,2.1374817,no
76,14,194.0,173.16,86.833176,-63.0,7.0779266,no
76,15,197.0,173.56,105.90562,-61.0,9.597137,no
76,16,191.0,172.6,97.580734,-29.0,8.139252,no
76,17,168.0,166.68001,173.23395,4.0,1.8405762,no
76,18,154.0,160.36,154.69324,21.0,-5.1878204,yes
76,19,158.0,151.56,124.8439,-80.0,-11.089783,yes
76,20,126.0,146.4,76.941536,53.0,-16.035248,yes
76,21,127.0,143.36,17.492855,8.0,-18.647385,yes
76,22,124.0,143.59999,41.59327,20.0,-18.52446,yes
76,23,128.0,146.64,124.723694,38.0,-16.493668,yes
76,24,143.0,151.24,184.35835,-45.0,-12.62532,yes
76,25,142.0,152.12,178.89102,47.0,-5.9033203,yes
76,26,169.0,147.28,98.84331,-78.0,-0.7455902,yes
76,27,152.0,140.96,149.6262,1.0,-3.294464,yes
76,28,138.0,136.48,138.80922,-7.0,-10.498276,yes
76,29,145.0,135.6,60.74537,-100.0,-12.34256,yes
76,30,138.0,136.68,131.93938,25.0,-6.1927643,yes
76,31,151.0,143.72,42.544094,-1.0,-0.89212036,yes
76,32,145.0,153.72,24.083189,39.0,-0.84555054,no
76,33,162.0,161.95999,91.92388,-11.0,-0.21612549,no
76,34,178.0,165.87999,113.85078,-54.0,3.0009918,no
76,35,177.0,171.92,116.559,-12.0,5.9034576,no
76,36,163.0,174.31999,111.8034,70.0,7.610718,no
76,37,177.0,171.8,103.58572,8.0,8.220673,no
76,38,178.0,163.48,217.03917,-47.0,2.160904,no
76,39,139.0,159.08,282.70834,31.0,-10.670013,yes
76,40,123.0,152.76,116.37869,13.0,-19.14569,yes
76,41,125.0,148.52,40.496914,19.0,-18.636292,yes
76,42,120.0,146.44,109.77249,41.0,-16.673477,yes
76,43,115.0,148.04,134.97408,49.0,-16.564697,yes
76,44,106.0,146.56,91.706055,113.0,-15.235901,yes
76,45,136.0,146.4,68.117546,-16.0,-11.474731,yes
76,46,142.0,146.08,35.35534,-23.0,-9.116455,yes
76,47,127.0,149.68001,70.028564,68.0,-9.29483,no
76,48,141.0,155.32,120.41595,6.0,-7.931076,no
76,49,161.0,165.0,145.7738,-17.0,-1.5215759,no
76,50,181.0,172.92,200.10497,-10.0,9.283035,no
76,51,210.0,181.04,80.09994,-55.0,18.984009,no
76,52,198.0,179.24,89.19641,-14.0,20.599472,no
76,53,179.0,170.16,250.73093,27.0,12.207626,no
76,54,137.0,155.2,284.41168,54.0,-4.118042,no
76,55,127.0,150.12,126.06348,-3.0,-17.241577,yes
76,56,103.0,149.0,125.035995,152.0,-17.218369,yes
76,57,167.0,156.96,276.20282,-67.0,-3.8162994,no
76,58,188.0,168.24,170.18813,-12.0,9.801834,no
76,59,201.0,182.12,53.75872,-24.0,13.761871,no
76,60,180.0,181.2,96.82975,52.0,9.512573,no
76,61,192.0,178.04001,131.03435,-46.0,2.4259644,no
76,62,172.0,177.6,115.87062,-14.0,-4.552414,yes
76,63,168.0,178.0,135.24792,6.0,-2.4065552,yes
76,64,193.0,174.72,124.2578,-22.0,7.158478,no
76,65,186.0,175.72,99.03535,28.0,8.542725,no
76,66,178.0,176.32,187.54199,-33.0,-1.4674225,yes
76,67,139.0,175.12,26.683329,103.0,-10.473373,yes
76,68,172.0,175.36,170.88008,-18.0,-8.412064,yes
76,69,191.0,180.52,87.658424,-40.0,-1.9210815,no
76,70,187.0,186.88,53.460266,34.0,1.9239807,no
76,71,209.0,191.31999,36.769554,-69.0,3.6175385,no
76,72,198.0,193.08,53.66563,10.0,2.6635895,no
76,73,199.0,194.76,48.414875,-33.0,0.37542725,no
76,74,187.0,195.92,60.827625,54.0,0.4258423,no
76,75,217.0,196.48,106.451866,-85.0,3.0388794,no
76,76,212.0,197.12,62.817196,-45.0,4.2651825,no
76,77,204.0,198.24,34.20526,-14.0,3.7983246,no
76,78,195.0,196.2,74.63243,41.0,3.7893524,no
76,79,210.0,194.87999,123.069084,-72.0,2.703888,no
76,80,167.0,193.12,61.400326,112.0,1.105545,no
76,81,192.0,189.12,46.173584,-27.0,4.36322,no
76,82,181.0,177.68,67.36468,42.0,6.1616364,no
76,83,178.0,168.48,211.00237,-42.0,-1.4700775,no
76,84,135.0,160.16,166.19266,56.0,-14.65477,no
76,85,141.0,160.24,31.400637,-45.0,-21.351318,yes
76,86,122.0,166.64,191.5098,129.0,-16.23175,yes
76,87,178.0,177.36,292.96075,-27.0,-3.0259552,no
76,88,201.0,189.24,97.580734,-8.0,5.0068207,no
76,89,203.0,198.68001,47.707443,-26.0,3.370453,no
76,90,204.0,202.4,31.016125,-40.0,1.7152863,no
76,91,190.0,199.68001,55.946404,56.0,6.054138,no
76,92,204.0,191.64,50.695168,26.0,12.466522,no
76,93,220.0,179.44,201.22127,-107.0,8.815552,no
76,94,174.0,174.0,300.68256,-41.0,-6.3075714,yes
76,95,140.0,170.96,90.0,71.0,-13.726578,yes
76,96,183.0,172.12,244.37675,-58.0,-4.8505707,no
76,97,203.0,181.88,103.81715,-41.0,5.1528625,no
76,98,198.0,194.95999,24.04163,10.0,7.4261017,no
76,99,201.0,199.68,33.970577,12.0,7.0382233,no
77,0,176.0,174.95999,57.428215,8.0,0.6474457,no
77,1,160.0,172.4,66.64833,55.0,-2.1067505,no
77,2,158.0,167.6,143.95139,28.0,-5.3089447,no
77,3,147.0,160.4,222.17111,24.0,-8.167831,yes
77,4,148.0,153.0,214.46211,26.0,-9.949951,yes
77,5,150.0,151.84,135.24792,-53.0,-12.286667,yes
77,6,124.0,156.76,96.17692,111.0,-9.238754,yes
77,7,172.0,159.64,211.85844,-47.0,3.6552277,no
77,8,191.0,162.92,96.42614,-37.0,14.237869,no
77,9,194.0,167.64,148.9228,-78.0,12.527466,no
77,10,152.0,165.4,240.35391,59.0,2.7538757,no
77,11,131.0,160.04,171.49344,96.0,-4.695709,no
77,12,138.0,158.56,80.224686,87.0,-4.9409485,yes
77,13,177.0,159.92,130.36104,-89.0,-1.3230896,yes
77,14,163.0,162.8,147.3635,18.0,1.1688843,no
77,15,147.0,162.68,165.93974,123.0,2.7981873,no
77,16,190.0,163.32,150.0,-132.0,2.3372955,no
77,17,145.0,162.44,149.96666,66.0,-3.3399963,yes
77,18,136.0,160.56,33.13608,43.0,-8.364456,yes
77,19,129.0,156.24,70.34202,68.0,-10.06752,yes
77,20,129.0,153.88,148.49243,58.0,-11.228912,yes
77,21,136.0,151.16,148.22281,-4.0,-13.569916,yes
77,22,127.0,148.52,103.84604,29.0,-16.660324,yes
77,23,127.0,147.88,72.47068,-6.0,-19.2247,yes
77,24,101.0,148.68,28.635643,135.0,-18.497635,yes
77,25,132.0,148.24,127.47549,7.0,-11.679749,yes
77,26,144.0,142.48,57.07889,15.0,-6.0746613,yes
77,27,138.0,135.2,216.30072,-21.0,-10.129257,yes
77,28,112.0,130.24,217.56837,4.0,-18.311783,yes
77,29,98.0,129.36,184.26068,104.0,-18.22786,yes
77,30,135.0,130.0,191.9427,-29.0,-8.810196,yes
77,31,159.0,136.84,76.15773,-53.0,-0.8001404,yes
77,32,152.0,145.6,37.363083,-12.0,-0.5181427,no
77,33,151.0,152.72,85.61542,-1.0,-2.2209625,no
77,34,149.0,155.76,112.507774,40.0,-1.2025604,no
77,35,160.0,159.88,75.802376,22.0,1.6547546,no
77,36,172.0,161.16,52.801514,-36.0,3.7419739,no
77,37,174.0,159.84,81.58431,-27.0,2.7644653,no
77,38,162.0,155.44,194.65353,-41.0,-5.179657,no
77,39,111.0,153.64,147.97972,109.0,-16.36139,yes
77,40,107.0,152.48,179.77763,110.0,-18.571182,yes
77,41,142.0,152.72,279.08423,14.0,-11.353485,yes
77,42,157.0,156.04001,295.14743,-14.0,-5.374878,no
77,43,159.0,159.44,329.01367,-11.0,-4.014435,no
77,44,158.0,159.04001,315.67072,-31.0,-5.0981903,no
77,45,134.0,156.24,198.49434,74.0,-7.198166,yes
77,46,140.0,151.96,104.54664,13.0,-9.499649,yes
77,47,137.0,150.08,83.00603,-3.0,-12.568298,yes
77,48,126.0,153.92,57.00877,61.0,-12.669281,no
77,49,147.0,161.76,179.04749,31.0,-4.464966,no
77,50,179.0,168.84,196.06122,-13.0,8.686295,no
77,51,204.0,176.64,112.79185,-64.0,16.965988,no
77,52,187.0,175.52,166.81726,6.0,14.966202,no
77,53,185.0,164.48,228.53009,-102.0,4.4889374,no
77,54,129.0,149.92,236.98523,64.0,-11.260971,no
77,55,119.0,147.72,82.13403,17.0,-22.399094,yes
77,56,139.0,149.52,202.86942,-74.0,-18.540771,yes
77,57,162.0,159.84,269.09106,22.0,-2.704834,no
77,58,192.0,172.08,107.15409,-51.0,9.243607,no
77,59,191.0,183.36,38.209946,-5.0,11.099243,no
77,60,187.0,180.4,61.073727,-12.0,5.9073944,no
77,61,167.0,178.12,146.9966,30.0,-3.0506287,no
77,62,144.0,177.48,42.426407,89.0,-7.965103,yes
77,63,176.0,179.72,178.01685,-6.0,-1.3777466,yes
77,64,199.0,178.56,44.04543,-48.0,6.887253,no
77,65,183.0,179.56,100.97524,19.0,4.8769836,no
77,66,177.0,179.44,98.02041,-32.0,-4.181671,no
77,67,160.0,177.8,73.34848,16.0,-10.63385,yes
77,68,156.0,177.36,77.83315,54.0,-9.524994,yes
77,69,175.0,182.0,115.948265,17.0,-3.426773,no
77,70,195.0,188.28,65.9242,-41.0,2.1704712,no
77,71,187.0,191.52,51.224995,58.0,5.0247345,no
77,72,208.0,191.36,45.891174,-59.0,5.176605,no
77,73,195.0,190.88,58.412327,-5.0,2.7041168,no
77,74,189.0,191.28,39.115215,-6.0,0.38868713,no
77,75,172.0,191.4,70.837845,91.0,0.5518036,no
77,76,187.0,191.31999,88.60023,29.0,1.8845367,no
77,77,195.0,192.44,96.16652,-15.0,1.1124268,no
77,78,196.0,191.12,128.31992,-40.0,-0.9497528,no
77,79,185.0,190.08,93.74433,17.0,-1.4841461,no
77,80,188.0,188.72,40.5216,-7.0,1.5101013,no
77,81,198.0,184.92,52.83938,-24.0,6.91922,no
77,82,194.0,173.56,83.18654,-22.0,7.461075,no
77,83,180.0,165.40001,221.81523,-49.0,-2.0716553,no
77,84,137.0,159.76,139.29106,36.0,-14.997162,yes
77,85,135.0,160.96,140.00714,46.0,-17.277588,yes
77,86,158.0,169.04001,321.33783,28.0,-7.243164,yes
77,87,199.0,182.76,256.22256,-25.0,5.114853,no
77,88,213.0,194.64,46.173584,-52.0,8.731888,no
77,89,196.0,202.12,44.27189,26.0,4.6883545,no
77,90,195.0,205.28,16.552946,22.0,2.7432709,no
77,91,207.0,201.36,55.00909,-26.0,7.088501,no
77,92,220.0,190.28,43.174065,-73.0,12.245728,no
77,93,196.0,176.88,205.1536,2.0,7.7539062,no
77,94,167.0,172.48,225.30424,13.0,-5.60585,yes
77,95,153.0,169.48,26.076809,-21.0,-12.849716,no
77,96,150.0,172.12,183.18297,114.0,-6.70755,no
77,97,193.0,183.92,148.66069,-48.0,2.6035767,no
77,98,200.0,198.12,72.02777,13.0,7.446228,no
77,99,212.0,203.23999,38.418747,-28.0,8.802597,no
78,0,196.0,168.68,147.58049,-99.0,-2.9630127,no
78,1,173.0,166.56,128.80994,-32.0,-7.2404785,no
78,2,168.0,163.76,146.8128,-85.0,-13.18988,yes
78,3,118.0,159.28,107.8981,108.0,-18.87918,yes
78,4,131.0,154.88,58.872746,0.0,-20.07721,yes
78,5,125.0,154.16,24.166092,63.0,-17.526947,yes
78,6,144.0,158.04,151.8552,-21.0,-9.47821,yes
78,7,165.0,161.48,212.19801,29.0,4.930374,yes
78,8,189.0,163.28,64.12488,-18.0,15.868576,no
78,9,190.0,165.16,46.32494,-7.0,16.78389,no
78,10,194.0,162.96,89.55445,-58.0,11.670807,no
78,11,200.0,159.0,181.95055,-136.0,4.4237366,no
78,12,156.0,155.28,122.02459,11.0,-3.8120575,yes
78,13,146.0,154.12,133.84319,27.0,-8.624207,yes
78,14,152.0,154.56,156.05127,-19.0,-9.338913,yes
78,15,161.0,152.92,122.653984,-70.0,-7.54393,yes
78,16,145.0,153.96,98.478424,79.0,-6.273651,yes
78,17,152.0,156.24,21.540659,-26.0,-6.618271,yes
78,18,159.0,159.4,146.23953,-13.0,-3.947235,no
78,19,161.0,160.76,254.53094,23.0,0.6033325,no
78,20,183.0,163.08,281.0872,-83.0,2.6646118,no
78,21,157.0,161.28,283.52072,45.0,-0.37557983,no
78,22,150.0,158.56,247.879,20.0,-6.099762,yes
78,23,146.0,156.88,244.9653,3.0,-10.7173,yes
78,24,137.0,156.84,254.19678,31.0,-11.397171,no
78,25,148.0,155.32,176.14766,3.0,-8.016708,no
78,26,152.0,149.48,95.71834,-44.0,-7.470337,yes
78,27,123.0,142.28,207.4078,13.0,-15.210739,yes
78,28,78.0,135.64,129.18979,149.0,-25.19873,yes
78,29,104.0,132.92,94.371605,-38.0,-25.620247,yes
78,30,116.0,131.76,212.53235,28.0,-15.250465,yes
78,31,145.0,137.24,130.29965,-28.0,-4.9665527,yes
78,32,141.0,143.96,62.369865,11.0,-3.2457733,no
78,33,140.0,149.8,70.61161,20.0,-5.8753815,no
78,34,147.0,149.4,122.09013,-21.0,-6.6218414,no
78,35,164.0,150.28,150.71164,-69.0,-4.3739624,no
78,36,155.0,150.31999,146.0,16.0,-3.4668121,no
78,37,158.0,149.72,184.69434,-36.0,-6.401932,no
78,38,144.0,150.04,110.788086,7.0,-11.31044,yes
78,39,145.0,154.52,131.10301,-8.0,-12.828369,yes
78,40,162.0,160.64,294.83893,-18.0,-6.8871155,no
78,41,193.0,166.0,263.4274,-86.0,2.662506,no
78,42,193.0,172.68001,198.92712,-17.0,8.7460785,no
78,43,195.0,176.44,196.35173,-24.0,10.586121,no
78,44,202.0,176.24,233.12228,-65.0,9.450302,no
78,45,176.0,170.92,275.96014,-4.0,4.618515,no
78,46,160.0,161.52,211.70262,17.0,-1.7285309,yes
78,47,152.0,154.2,153.3884,-9.0,-8.966171,yes
78,48,140.0,154.56,19.697716,-4.0,-12.721741,yes
78,49,153.0,158.16,187.13097,-12.0,-5.104141,no
78,50,171.0,161.76,138.05795,21.0,8.178223,no
78,51,176.0,166.72,77.175125,15.0,13.432785,no
78,52,167.0,166.36,161.37534,-5.0,8.751831,no
78,53,143.0,156.36,126.269554,72.0,0.1614685,no
78,54,139.0,143.32,187.10959,-25.0,-11.21315,yes
78,55,98.0,145.56,107.15409,90.0,-21.350449,yes
78,56,98.0,151.72,275.22354,151.0,-16.827469,yes
78,57,172.0,161.95999,280.2035,-45.0,0.026382446,no
78,58,176.0,172.4,63.51378,31.0,9.663742,no
78,59,179.0,181.2,13.416408,48.0,9.072723,no
78,60,198.0,176.64,96.79876,-86.0,2.5293121,no
78,61,175.0,176.2,166.97305,-35.0,-7.1078033,yes
78,62,150.0,176.8,87.13208,52.0,-9.30455,yes
78,63,187.0,178.95999,196.69774,-23.0,0.30010986,yes
78,64,196.0,179.59999,29.732138,-19.0,7.2826385,no
78,65,189.0,181.64,125.13193,-20.0,3.1564178,no
78,66,155.0,180.76,63.90618,101.0,-4.973526,no
78,67,184.0,178.92,58.60034,-75.0,-7.58963,yes
78,68,171.0,179.08,104.048065,16.0,-5.321701,yes
78,69,175.0,182.64,140.01428,39.0,-0.60284424,yes
78,70,190.0,187.48,66.573265,12.0,3.4404602,no
78,71,194.0,189.0,15.6205,-17.0,4.4953613,no
78,72,193.0,187.31999,60.728905,-12.0,4.0771027,no
78,73,179.0,185.4,68.42514,61.0,2.2022095,no
78,74,196.0,186.56,70.71068,-69.0,-0.15710449,no
78,75,186.0,186.08,45.276924,-10.0,-0.06468201,no
78,76,198.0,185.96,29.017237,-49.0,1.8327942,no
78,77,178.0,187.64,69.641945,40.0,0.08229065,no
78,78,169.0,188.95999,72.12489,37.0,-3.7085419,no
78,79,163.0,187.68,62.801273,76.0,-3.223053,no
78,80,195.0,185.0,83.630135,-53.0,2.3721619,no
78,81,194.0,180.84,78.44743,-9.0,6.694565,no
78,82,195.0,170.88,148.51936,-69.0,4.2375336,no
78,83,162.0,163.84,228.77937,19.0,-6.1662292,no
78,84,134.0,160.95999,62.801273,41.0,-15.852844,yes
78,85,150.0,165.68,241.80984,38.0,-11.777206,yes
78,86,204.0,174.92,264.46173,-93.0,2.2173767,no
78,87,222.0,188.84,113.20777,-80.0,12.422195,no
78,88,204.0,200.56,83.546394,52.0,13.343292,no
78,89,199.0,206.28,139.97858,33.0,9.651291,no
78,90,195.0,206.44,117.388245,44.0,8.012665,no
78,91,197.0,200.08,29.12044,23.0,9.769226,no
78,92,200.0,189.2,111.516815,2.0,9.594467,no
78,93,179.0,175.04,267.2003,0.0,0.39476013,no
78,94,158.0,169.88,230.51682,-39.0,-12.448013,yes
78,95,134.0,168.04,129.46814,92.0,-15.008652,no
78,96,185.0,173.24,201.16162,-90.0,-5.5500946,no
78,97,171.0,183.64,145.60907,107.0,3.9579468,no
78,98,210.0,196.56,105.848946,-46.0,9.124802,no
78,99,207.0,202.84,10.0,11.0,10.341263,no
79,0,140.0,169.72,104.47966,71.0,-11.978043,no
79,1,136.0,169.08,1.4142135,87.0,-12.062698,yes
79,2,138.0,166.16,140.42792,78.0,-12.775864,yes
79,3,134.0,163.92,237.69728,50.0,-15.070175,yes
79,4,133.0,162.04001,226.07964,50.0,-15.717697,yes
79,5,138.0,159.40001,184.98108,23.0,-12.703201,yes
79,6,141.0,158.88,134.38005,79.0,-6.2775726,yes
79,7,184.0,160.12,126.24579,-97.0,1.7657623,yes
79,8,192.0,159.52,176.28386,-82.0,6.5753937,no
79,9,176.0,160.96,233.41808,-4.0,5.9905853,no
79,10,176.0,161.12,278.25888,-37.0,3.6152802,no
79,11,183.0,160.48,234.3075,-75.0,0.368042,no
79,12,151.0,158.88,154.30489,9.0,-6.7427826,yes
79,13,126.0,156.48,71.80529,73.0,-13.905151,yes
79,14,119.0,153.12,42.047592,78.0,-17.33516,yes
79,15,130.0,148.6,132.19682,36.0,-17.7191,yes
79,16,156.0,150.2,148.12157,-113.0,-16.410645,yes
79,17,133.0,152.6,145.83553,79.0,-10.866531,yes
79,18,174.0,159.8,200.68384,-23.0,0.6559143,no
79,19,196.0,166.8,125.865005,-60.0,10.316772,no
79,20,202.0,174.24,88.29496,-31.0,13.856781,no
79,21,204.0,174.32,142.86357,-72.0,11.318695,no
79,22,190.0,173.96,186.55295,-39.0,5.383209,no
79,23,173.0,172.04,192.15099,17.0,1.1615143,no
79,24,184.0,169.76,213.28384,-54.0,1.2185822,no
79,25,174.0,167.16,214.66719,-19.0,2.2030792,no
79,26,149.0,161.31999,246.33311,71.0,0.08427429,no
79,27,137.0,152.31999,332.78522,43.0,-6.9885406,no
79,28,122.0,142.36,342.09357,-20.0,-16.968597,yes
79,29,86.0,138.52,196.01021,140.0,-22.060722,yes
79,30,108.0,136.48,172.9046,35.0,-16.794556,yes
79,31,136.0,140.04001,106.62083,6.0,-7.496002,yes
79,32,138.0,145.76001,36.496574,8.0,-4.229294,yes
79,33,141.0,151.84,60.74537,-12.0,-5.96817,yes
79,34,114.0,150.36,40.496914,120.0,-8.711182,yes
79,35,125.0,149.08,67.601776,66.0,-10.829208,yes
79,36,142.0,148.48,168.96153,-57.0,-14.311752,no
79,37,123.0,150.4,138.70833,34.0,-17.598587,yes
79,38,118.0,155.31999,129.31357,103.0,-15.183273,yes
79,39,155.0,163.36,241.30478,14.0,-6.2082367,no
79,40,185.0,173.72,188.09041,-31.0,3.6220245,no
79,41,189.0,183.31999,121.82774,35.0,10.056305,no
79,42,210.0,191.95999,84.723076,-43.0,13.725693,no
79,43,202.0,194.59999,91.09336,29.0,15.948212,no
79,44,214.0,194.08,113.35784,-25.0,17.222015,no
79,45,204.0,187.24,199.32385,-13.0,15.170822,no
79,46,189.0,174.16,242.07437,-14.0,8.384491,no
79,47,162.0,161.2,261.09003,0.0,-3.636673,yes
79,48,125.0,157.64,112.1606,66.0,-13.25589,yes
79,49,142.0,156.48,233.45235,24.0,-7.4920197,no
79,50,197.0,153.96,163.68262,-143.0,6.988983,no
79,51,177.0,154.4,111.89281,-8.0,10.844269,no
79,52,157.0,154.28,156.77373,10.0,3.4886475,no
79,53,153.0,144.6,71.80529,-33.0,-3.0488586,no
79,54,161.0,136.08,74.96666,-81.0,-7.4681244,yes
79,55,126.0,143.84,203.06157,52.0,-13.160049,no
79,56,134.0,153.95999,319.37753,32.0,-8.53418,yes
79,57,207.0,164.32,260.54175,-132.0,6.615326,no
79,58,192.0,175.0,60.827625,-2.0,12.828308,no
79,59,199.0,180.4,52.95281,-63.0,8.331665,no
79,60,165.0,173.56,170.84496,51.0,-1.8470917,yes
79,61,150.0,174.44,92.19544,33.0,-10.916992,yes
79,62,146.0,176.52,161.20795,99.0,-8.761627,yes
79,63,203.0,180.16,162.50539,-102.0,2.546402,no
79,64,190.0,183.16,15.033297,45.0,8.209595,no
79,65,202.0,187.4,118.22859,-70.0,3.3080444,no
79,66,171.0,186.12,65.78754,14.0,-4.3189087,no
79,67,175.0,184.28,109.07796,25.0,-4.1908875,no
79,68,185.0,183.52,118.96218,24.0,1.032196,yes
79,69,203.0,184.24,63.90618,-52.0,4.341568,yes
79,70,208.0,186.28,71.21797,-78.0,3.7021484,yes
79,71,189.0,185.0,107.15409,-18.0,1.3933411,no
79,72,179.0,181.56,59.413803,45.0,1.0006714,no
79,73,193.0,176.56,82.02438,-82.0,-0.011703491,no
79,74,161.0,176.76,115.83609,74.0,-2.5654755,no
79,75,168.0,176.2,133.00375,28.0,-1.5592041,no
79,76,192.0,176.52,86.27862,-36.0,2.4676056,no
79,77,190.0,178.52,44.294468,-29.0,2.846634,no
79,78,176.0,182.72,103.58572,32.0,0.6773529,no
79,79,179.0,183.6,119.77479,4.0,1.4627533,no
79,80,182.0,180.88,32.06244,30.0,3.922638,no
79,81,179.0,176.8,122.02459,-9.0,2.2489624,no
79,82,161.0,169.36,148.05405,42.0,-3.9539185,no
79,83,158.0,163.88,134.71451,-29.0,-12.084076,no
79,84,128.0,164.8,52.0,98.0,-16.193405,yes
79,85,165.0,172.04,234.26907,-19.0,-8.857529,no
79,86,193.0,182.88,181.2457,-18.0,3.9084778,no
79,87,201.0,195.32,119.40687,48.0,12.519485,no
79,88,234.0,204.84,43.289722,-88.0,15.865112,no
79,89,234.0,206.04001,45.54119,-67.0,16.469559,no
79,90,233.0,203.52,90.0,-67.0,16.05751,no
79,91,209.0,193.44,100.44899,1.0,13.395523,no
79,92,206.0,181.04001,184.39088,-76.0,6.5125885,no
79,93,162.0,167.76,272.24988,-5.0,-6.72789,no
79,94,113.0,162.92,116.456,151.0,-18.317978,yes
79,95,132.0,163.28,202.63268,55.0,-16.379288,no
79,96,195.0,172.24,229.78687,-98.0,-3.1015472,no
79,97,203.0,183.72,113.99123,-39.0,7.7201233,no
79,98,216.0,195.92,52.03845,-33.0,11.427155,no
79,99,210.0,203.36,53.25411,-14.0,10.259949,no
80,0,159.0,180.4,198.28262,33.0,-11.544388,yes
80,1,180.0,179.36,220.85742,-51.0,-6.976349,yes
80,2,192.0,177.8,269.96667,-50.0,-1.36409,yes
80,3,197.0,177.12,301.2806,-64.0,0.7168274,yes
80,4,179.0,175.28,293.8741,-13.0,0.33285522,yes
80,5,176.0,169.96,277.04514,6.0,1.3946838,no
80,6,177.0,163.6,176.64088,-52.0,-0.28744507,no
80,7,141.0,160.4,199.64969,65.0,-7.334717,no
80,8,137.0,158.68,310.6445,20.0,-13.189102,no
80,9,142.0,159.6,239.00209,-24.0,-14.15625,no
80,10,114.0,162.88,117.74549,146.0,-11.866699,yes
80,11,130.0,166.4,94.54099,101.0,-7.7373505,yes
80,12,148.0,169.04001,149.08386,54.0,-6.0307007,yes
80,13,161.0,167.76001,236.5798,-48.0,-8.255066,yes
80,14,146.0,162.12,265.00565,15.0,-12.45343,yes
80,15,120.0,155.56,183.67363,71.0,-18.443146,yes
80,16,103.0,156.84,26.683329,135.0,-22.181595,yes
80,17,129.0,159.64,214.40149,30.0,-16.059036,yes
80,18,185.0,167.76,223.9732,-78.0,-1.5272827,no
80,19,187.0,176.8,98.0816,-7.0,9.396622,no
80,20,194.0,185.8,78.44743,10.0,14.319565,no
80,21,195.0,188.56,49.25444,31.0,14.088623,no
80,22,194.0,189.84,100.44899,7.0,9.750244,no
80,23,189.0,187.76,85.052925,2.0,6.890106,no
80,24,198.0,186.31999,115.134705,-13.0,8.690338,no
80,25,196.0,183.6,160.46184,4.0,11.428528,no
80,26,204.0,177.92,226.04866,-69.0,12.538086,no
80,27,197.0,167.68001,301.16107,-70.0,10.2017975,no
80,28,167.0,154.36,367.69553,4.0,2.105423,no
80,29,150.0,147.72,309.5545,-51.0,-8.259323,yes
80,30,129.0,144.16,150.47923,26.0,-10.858444,yes
80,31,159.0,144.64,154.20766,-70.0,-4.081833,yes
80,32,142.0,149.12,149.45903,70.0,1.1396942,yes
80,33,160.0,155.2,180.39955,-15.0,1.883194,no
80,34,163.0,151.36,211.7404,-57.0,-1.1409302,yes
80,35,146.0,149.12,190.20515,-18.0,-8.6857605,yes
80,36,108.0,149.72,123.069084,108.0,-17.56128,yes
80,37,108.0,153.68001,168.60011,111.0,-18.989548,yes
80,38,153.0,162.48,304.61124,-21.0,-10.1184845,no
80,39,186.0,174.68001,293.2337,-34.0,2.3290253,no
80,40,203.0,186.92,155.75623,-7.0,9.54454,no
80,41,203.0,196.68001,60.166435,-12.0,10.180511,no
80,42,213.0,204.16,73.37575,-13.0,11.1744995,no
80,43,218.0,206.4,49.819675,-12.0,14.159882,no
80,44,223.0,205.64,34.928497,-21.0,17.453415,no
80,45,224.0,198.92,64.03124,-37.0,18.718216,no
80,46,216.0,184.52,174.56804,-65.0,13.999893,no
80,47,182.0,168.28,309.477,-51.0,0.80430603,no
80,48,122.0,159.44,208.08652,92.0,-12.688416,yes
80,49,117.0,153.24,147.87157,80.0,-10.995316,no
80,50,155.0,146.12,195.57607,27.0,1.9838104,no
80,51,170.0,143.92,198.0707,-54.0,4.4983063,no
80,52,141.0,145.16,297.32138,-24.0,-6.0626526,no
80,53,118.0,139.0,257.5267,48.0,-12.779449,yes
80,54,145.0,135.56,206.3056,-27.0,-10.946869,yes
80,55,163.0,146.92,43.289722,-127.0,-8.662094,no
80,56,137.0,159.44,238.72998,106.0,-1.5731201,yes
80,57,198.0,168.56,182.39517,-62.0,10.547623,no
80,58,184.0,177.64,46.69047,40.0,13.312958,no
80,59,197.0,180.56,86.925255,-63.0,6.7252502,no
80,60,164.0,173.56,164.59648,29.0,-4.213913,yes
80,61,147.0,174.2,43.011627,69.0,-11.809967,yes
80,62,180.0,176.88,173.15889,-90.0,-7.629715,yes
80,63,187.0,180.4,150.20653,41.0,3.6275482,no
80,64,204.0,183.8,53.14132,-44.0,9.029556,no
80,65,188.0,187.84,128.76335,39.0,4.7291565,no
80,66,166.0,187.16,118.92855,88.0,-2.5794678,no
80,67,185.0,186.44,108.461975,-12.0,-2.5191193,no
80,68,215.0,186.2,77.88453,-102.0,3.5671387,no
80,69,192.0,187.0,62.1289,27.0,5.3666534,no
80,70,172.0,186.04001,127.75758,66.0,0.7223511,yes
80,71,157.0,182.12001,80.06248,87.0,-3.9994202,yes
80,72,186.0,176.64,98.478424,-76.0,-4.1530304,yes
80,73,171.0,169.56,124.85191,9.0,-4.126816,yes
80,74,161.0,167.04,81.608826,6.0,-5.9098053,no
80,75,161.0,167.95999,99.12618,11.0,-5.378998,no
80,76,176.0,169.56,157.84169,-19.0,-1.1160278,no
80,77,185.0,173.04,118.33005,-11.0,2.8724213,no
80,78,198.0,178.16,62.482,-72.0,5.0318604,no
80,79,199.0,180.12,32.984844,-26.0,6.738571,no
80,80,205.0,177.12,65.62012,-97.0,5.1223297,no
80,81,170.0,173.76,156.17938,39.0,-2.2012787,no
80,82,154.0,167.92,106.06602,8.0,-10.910034,yes
80,83,152.0,166.36,2.0,2.0,-15.019241,yes
80,84,153.0,170.44,132.28,14.0,-12.9534,yes
80,85,170.0,178.32,186.68155,7.0,-5.2429657,no
80,86,184.0,188.2,126.649124,36.0,3.321518,no
80,87,203.0,198.0,93.904205,-17.0,9.174881,no
80,88,209.0,203.24,88.10221,12.0,13.052643,no
80,89,203.0,201.28,121.65525,65.0,15.526611,no
80,90,227.0,195.52,172.19176,-78.0,15.46962,no
80,91,201.0,183.36,242.33035,-30.0,10.020767,no
80,92,177.0,170.8,250.63918,4.0,0.18159485,no
80,93,145.0,158.44,181.2457,44.0,-11.372818,no
80,94,151.0,157.12,49.658836,-65.0,-18.010773,yes
80,95,141.0,160.4,130.0,32.0,-14.697144,no
80,96,162.0,171.8,236.75304,41.0,-2.7198029,no
80,97,191.0,182.12,158.39824,23.0,8.419891,no
80,98,208.0,192.68,26.57066,-26.0,10.859497,no
80,99,193.0,197.59999,75.28612,33.0,7.3051147,no
81,0,190.0,187.6,177.88199,-33.0,-2.8227234,yes
81,1,182.0,189.32,209.38959,85.0,3.1732635,no
81,2,203.0,190.36,161.05899,6.0,9.63826,no
81,3,219.0,192.84,107.33126,-62.0,11.902145,no
81,4,197.0,191.0,105.00476,28.0,11.598221,no
81,5,216.0,183.64,117.03845,-84.0,12.452942,no
81,6,198.0,169.52,270.1185,-63.0,5.641403,no
81,7,131.0,162.04,346.73334,80.0,-12.747513,no
81,8,93.0,157.28,64.56005,128.0,-26.70819,no
81,9,117.0,157.08,171.0497,58.0,-23.873856,yes
81,10,154.0,162.24,262.7318,-26.0,-11.951157,yes
81,11,176.0,172.28,321.73593,-17.0,-0.88972473,yes
81,12,204.0,178.8,251.734,-100.0,4.963455,yes
81,13,176.0,179.16,222.57584,65.0,5.3068237,yes
81,14,199.0,173.8,266.36066,-90.0,2.819809,no
81,15,172.0,166.36,375.65942,-21.0,-4.5659943,no
81,16,142.0,163.8,346.10114,33.0,-13.425644,no
81,17,125.0,164.28,182.84967,115.0,-14.254532,no
81,18,172.0,169.92,156.62694,-56.0,-5.677017,yes
81,19,166.0,179.4,124.40257,85.0,4.0912323,no
81,20,202.0,189.52,129.69194,-18.0,11.197769,no
81,21,219.0,195.64,22.36068,-72.0,12.605896,no
81,22,209.0,199.04,49.396355,-37.0,9.33461,no
81,23,193.0,199.48,53.851646,50.0,7.4770355,no
81,24,210.0,198.24,60.876926,-36.0,9.780823,no
81,25,212.0,195.6,58.30952,-27.0,14.272873,no
81,26,205.0,191.28,65.11528,33.0,18.412369,no
81,27,210.0,180.59999,93.34881,-34.0,19.588745,no
81,28,203.0,165.76,191.14915,-65.0,14.014984,no
81,29,167.0,157.95999,276.99097,-23.0,1.0449677,yes
81,30,125.0,154.68,30.066593,84.0,-6.550522,yes
81,31,159.0,153.16,183.43936,1.0,0.06767273,yes
81,32,181.0,156.84,94.33981,-67.0,8.245071,no
81,33,179.0,161.68001,71.568146,-35.0,10.5377655,no
81,34,175.0,156.88,74.63243,-1.0,7.4385223,no
81,35,170.0,152.56,187.2111,-61.0,-2.5916595,no
81,36,144.0,153.52,117.65203,-13.0,-12.1094055,yes
81,37,159.0,158.52,282.9311,-30.0,-9.610794,yes
81,38,179.0,170.24,261.6448,1.0,0.7239685,no
81,39,199.0,183.76,164.59648,0.0,8.903107,no
81,40,231.0,196.28,9.055386,-129.0,10.351944,no
81,41,195.0,203.96,34.669872,62.0,6.4187164,no
81,42,208.0,210.44,81.706795,3.0,5.5811005,no
81,43,222.0,212.12,50.931328,-40.0,9.139221,no
81,44,215.0,213.0,30.066593,19.0,13.471909,no
81,45,216.0,206.24,72.34639,-6.0,15.924545,no
81,46,204.0,191.8,155.59563,-15.0,13.106323,no
81,47,177.0,174.68001,241.10164,22.0,2.9746246,no
81,48,156.0,163.12,229.95651,-55.0,-9.078796,yes
81,49,129.0,152.36,34.928497,45.0,-10.822647,no
81,50,163.0,144.0,136.49908,-87.0,-3.2262878,no
81,51,153.0,141.04,199.12308,-54.0,-3.623825,no
81,52,95.0,141.4,201.15666,118.0,-14.672028,yes
81,53,81.0,138.36,54.91812,134.0,-20.872955,yes
81,54,111.0,139.64,139.0036,40.0,-16.849045,no
81,55,117.0,151.72,143.8402,121.0,-9.058228,no
81,56,159.0,164.96,254.5938,12.0,1.6383209,yes
81,57,202.0,174.84,127.12199,-74.0,11.370422,no
81,58,189.0,179.84,65.00769,9.0,11.507248,no
81,59,178.0,179.40001,64.327286,22.0,4.6463776,no
81,60,176.0,173.6,97.52948,-15.0,-4.058136,yes
81,61,163.0,174.0,60.827625,-21.0,-10.538925,yes
81,62,150.0,176.68001,141.2303,111.0,-7.893509,no
81,63,202.0,183.12,171.49344,-85.0,1.8470306,no
81,64,207.0,189.64,49.57822,-8.0,7.5426483,no
81,65,219.0,193.56,56.302753,-96.0,4.88179,no
81,66,208.0,194.04,97.128784,-97.0,-1.8102417,no
81,67,172.0,193.48,49.658836,78.0,-4.432602,no
81,68,196.0,191.64,126.1507,-18.0,-0.13505554,no
81,69,205.0,190.84,13.341664,-36.0,3.2756958,no
81,70,197.0,187.84,154.67384,-41.0,0.49243164,yes
81,71,168.0,181.24,125.299644,33.0,-5.298218,yes
81,72,161.0,173.4,86.313385,13.0,-8.858093,yes
81,73,153.0,163.8,85.61542,24.0,-9.343613,yes
81,74,157.0,157.84,66.573265,-2.0,-9.718231,no
81,75,150.0,159.12,129.09686,-8.0,-11.30545,no
81,76,147.0,162.04,183.3303,25.0,-8.685577,no
81,77,165.0,168.24,141.67569,6.0,-1.7036133,no
81,78,160.0,175.28,95.71834,91.0,3.7583008,no
81,79,188.0,178.72,67.18631,-26.0,5.5189056,no
81,80,172.0,175.24,120.61509,52.0,1.367096,no
81,81,181.0,174.0,122.384636,-81.0,-6.6014557,no
81,82,141.0,169.64,80.99383,82.0,-13.02652,yes
81,83,145.0,170.72,139.05394,71.0,-12.308731,yes
81,84,176.0,175.56,188.28171,-34.0,-5.8996124,no
81,85,185.0,183.36,166.64333,23.0,1.219574,no
81,86,206.0,190.95999,68.60029,-55.0,5.4743805,no
81,87,201.0,197.0,40.81666,0.0,7.2165527,no
81,88,208.0,198.76,75.16648,-24.0,8.631256,no
81,89,207.0,195.48,132.8533,-44.0,8.873352,no
81,90,193.0,187.92,209.25105,-13.0,6.605484,no
81,91,161.0,173.76,233.96153,79.0,0.25772095,no
81,92,160.0,162.8,220.62184,-41.0,-8.941635,no
81,93,134.0,153.84,110.0727,31.0,-15.886032,yes
81,94,140.0,153.8,59.48109,23.0,-16.25357,no
81,95,151.0,161.08,115.87925,-16.0,-10.99736,no
81,96,162.0,173.36,213.2135,79.0,-0.94111633,no
81,97,214.0,182.2,122.48265,-124.0,7.6052856,no
81,98,206.0,189.92,102.0,-21.0,7.3034515,no
81,99,194.0,194.0,127.632286,-20.0,1.8498077,no
82,0,196.0,201.88,135.88231,52.0,3.3486633,no
82,1,240.0,203.95999,145.08618,-135.0,9.597855,no
82,2,225.0,206.2,95.131485,-18.0,13.990784,no
82,3,217.0,208.84,91.93476,14.0,13.984665,no
82,4,202.0,206.4,58.258045,25.0,13.088226,no
82,5,209.0,195.88,15.6205,5.0,14.155029,no
82,6,205.0,176.0,211.00237,-48.0,8.028,no
82,7,172.0,164.28,375.69403,-69.0,-10.622101,no
82,8,115.0,157.48,151.60475,55.0,-25.534836,no
82,9,137.0,156.72,338.9897,29.0,-18.43663,yes
82,10,183.0,164.48001,316.51224,-31.0,-0.18441772,yes
82,11,199.0,181.0,185.80096,0.0,11.616226,no
82,12,216.0,192.32,108.68302,-50.0,15.106888,no
82,13,205.0,195.6,138.0145,17.0,15.265823,no
82,14,212.0,190.52,148.86235,-17.0,14.713882,no
82,15,206.0,183.12,194.26271,-20.0,9.799164,no
82,16,201.0,175.96,224.97112,-111.0,0.5110626,no
82,17,172.0,170.04,145.08618,-26.0,-6.807266,no
82,18,156.0,171.2,67.18631,58.0,-7.2173157,yes
82,19,188.0,179.04,172.19176,-47.0,-0.50154114,no
82,20,211.0,186.0,115.66331,-77.0,6.9480133,no
82,21,198.0,194.2,72.02777,27.0,8.611343,no
82,22,193.0,200.59999,31.016125,55.0,7.0312805,no
82,23,214.0,203.84,45.607018,-48.0,6.735733,no
82,24,201.0,204.59999,5.8309517,31.0,7.9210815,no
82,25,210.0,204.4,50.47772,7.0,11.536972,no
82,26,227.0,200.68,69.426216,-96.0,15.214462,no
82,27,201.0,190.84,101.8332,17.0,16.230667,no
82,28,203.0,174.64,152.53197,-54.0,12.12793,no
82,29,167.0,165.6,277.0415,-12.0,0.11349487,yes
82,30,129.0,162.24,15.811388,85.0,-6.951126,yes
82,31,172.0,161.16,224.4148,-63.0,1.9968872,yes
82,32,177.0,164.4,84.0595,16.0,13.068069,no
82,33,165.0,168.36,71.021126,82.0,15.06871,no
82,34,187.0,163.12,77.27872,-74.0,9.208237,no
82,35,154.0,159.44,188.66373,21.0,-2.637146,no
82,36,126.0,161.36,48.0,115.0,-9.395966,yes
82,37,175.0,168.0,267.5855,-38.0,-2.1950073,yes
82,38,206.0,181.64,148.38463,-58.0,7.9332886,no
82,39,200.0,195.44,61.400326,7.0,10.786362,no
82,40,198.0,205.32,17.492855,64.0,8.100082,no
82,41,200.0,210.2,47.853943,15.0,3.2071228,no
82,42,205.0,213.52,40.81666,8.0,1.7720032,no
82,43,207.0,213.16,56.142673,28.0,5.5163116,no
82,44,218.0,213.24,46.647614,1.0,11.302322,no
82,45,215.0,206.24,95.26804,-9.0,14.433853,no
82,46,192.0,191.16,153.73354,64.0,12.027863,no
82,47,188.0,173.96,220.1454,-71.0,3.6254578,no
82,48,141.0,158.96,182.16476,60.0,-5.7626953,yes
82,49,125.0,146.56,63.90618,63.0,-8.284058,no
82,50,128.0,138.24,12.649111,58.0,-5.810272,no
82,51,130.0,134.84,75.059975,11.0,-6.6318054,no
82,52,123.0,134.68,160.64868,22.0,-11.713486,yes
82,53,134.0,137.84,195.73451,-52.0,-15.308823,yes
82,54,141.0,143.2,166.01205,-34.0,-13.143402,no
82,55,156.0,155.12,215.824,-17.0,-5.4690704,no
82,56,192.0,169.52,172.98555,-98.0,4.2690735,yes
82,57,188.0,179.28,81.00617,21.0,10.601486,no
82,58,201.0,181.44,47.539455,-65.0,9.8194275,no
82,59,172.0,179.12,82.0,63.0,3.1170197,no
82,60,184.0,175.76,79.15807,-75.0,-4.727051,yes
82,61,158.0,175.04,32.280025,41.0,-9.573578,yes
82,62,166.0,179.31999,131.52946,9.0,-7.2534027,no
82,63,179.0,186.48,135.48431,42.0,-0.2462616,no
82,64,195.0,193.8,38.600517,-12.0,4.0346375,no
82,65,177.0,197.28,21.540659,103.0,2.682907,no
82,66,178.0,199.56,81.400246,68.0,-1.6234436,no
82,67,177.0,199.08,115.948265,33.0,-4.648941,no
82,68,174.0,197.68001,70.76723,84.0,-3.3042603,no
82,69,199.0,197.16,48.60041,-27.0,0.28555298,no
82,70,202.0,192.96,26.076809,-42.0,1.8292084,no
82,71,190.0,184.32,173.34937,-23.0,-1.4895325,no
82,72,150.0,174.84,184.09236,73.0,-8.555893,yes
82,73,147.0,162.84,5.0990195,26.0,-12.207764,yes
82,74,162.0,152.2,96.26006,-67.0,-14.006638,yes
82,75,127.0,151.56,140.26404,39.0,-18.106323,no
82,76,122.0,155.52,174.56804,95.0,-15.13353,no
82,77,174.0,162.8,166.19266,-60.0,-4.2425537,no
82,78,180.0,171.8,84.77028,-19.0,3.263916,no
82,79,195.0,179.64,18.439089,-61.0,3.3768616,no
82,80,166.0,179.31999,96.10411,33.0,-2.9318695,no
82,81,160.0,179.56,27.45906,41.0,-8.748108,yes
82,82,166.0,177.6,138.70833,-7.0,-8.987457,yes
82,83,182.0,180.44,218.24756,-12.0,-3.8624115,no
82,84,187.0,184.4,133.45412,14.0,1.9618835,no
82,85,211.0,190.8,61.351448,-82.0,6.232788,no
82,86,199.0,195.2,27.784887,5.0,7.487335,no
82,87,187.0,195.0,19.697716,42.0,7.052475,no
82,88,191.0,190.76,69.81404,14.0,5.8955383,no
82,89,180.0,183.96,182.63077,6.0,2.0413666,no
82,90,164.0,172.72,154.43445,35.0,-2.2579803,no
82,91,169.0,159.72,147.56694,-67.0,-7.4447937,no
82,92,127.0,154.72,163.878,75.0,-15.183701,no
82,93,122.0,152.12,53.75872,48.0,-18.130707,yes
82,94,147.0,154.40001,124.53112,-18.0,-13.277939,no
82,95,145.0,164.84,163.9756,91.0,-5.850708,no
82,96,200.0,176.04001,154.53802,-143.0,2.223938,no
82,97,173.0,180.32,38.832977,112.0,6.0265045,no
82,98,187.0,183.48,104.99524,-25.0,1.9965668,no
82,99,163.0,186.88,105.26158,67.0,-4.7323456,no
83,0,210.0,209.56,65.06919,-5.0,2.6539917,no
83,1,222.0,210.95999,93.60555,-12.0,7.5200653,no
83,2,222.0,212.87999,43.68066,20.0,11.186905,no
83,3,236.0,215.2,44.94441,-84.0,11.816269,no
83,4,210.0,212.04,67.941154,46.0,11.609467,no
83,5,218.0,203.28,69.12308,-51.0,11.7099,no
83,6,193.0,182.52,154.01299,13.0,6.683258,no
83,7,168.0,169.44,321.37518,-2.0,-7.9754486,no
83,8,113.0,164.2,100.41912,118.0,-20.26706,yes
83,9,162.0,165.76,345.12897,-20.0,-10.862015,yes
83,10,211.0,174.24,247.92337,-82.0,8.498413,no
83,11,221.0,193.48,84.20214,-46.0,18.01004,no
83,12,206.0,207.84,62.177166,70.0,18.59256,no
83,13,233.0,212.0,66.24198,-79.0,18.62918,no
83,14,221.0,207.52,73.38937,10.0,18.86618,no
83,15,219.0,199.2,145.03104,-53.0,15.110977,no
83,16,173.0,188.24,138.92444,110.0,7.0467377,no
83,17,180.0,176.6,155.18376,-18.0,-1.9009094,no
83,18,150.0,172.8,60.827625,62.0,-8.964905,yes
83,19,172.0,177.32,180.85353,-24.0,-7.236603,no
83,20,179.0,182.0,147.63469,46.0,0.26843262,no
83,21,196.0,191.96,40.496914,8.0,4.238571,no
83,22,206.0,201.40001,63.560993,-29.0,4.585907,no
83,23,221.0,206.2,28.600698,-58.0,5.5823364,no
83,24,201.0,206.40001,26.832815,35.0,6.7173004,no
83,25,207.0,205.96,18.867962,4.0,8.794937,no
83,26,196.0,200.52,100.84642,35.0,9.535843,no
83,27,181.0,189.04001,106.10372,53.0,7.8885345,no
83,28,187.0,171.96,179.62183,-38.0,2.7663727,no
83,29,157.0,161.28,242.40462,-4.0,-7.4107513,yes
83,30,137.0,159.6,66.0303,23.0,-11.006195,no
83,31,160.0,160.36,253.33377,35.0,1.2223358,yes
83,32,206.0,164.4,121.67169,-96.0,15.948257,no
83,33,199.0,168.04,95.77056,-46.0,17.41632,no
83,34,180.0,165.31999,194.61757,-30.0,6.0897064,no
83,35,154.0,163.92,145.43727,-16.0,-7.51001,no
83,36,146.0,167.2,134.71451,22.0,-9.840469,yes
83,37,171.0,175.08,263.68542,42.0,0.8370514,no
83,38,212.0,190.12001,135.44002,-67.0,10.938889,no
83,39,204.0,203.96,99.29753,53.0,12.833786,no
83,40,225.0,210.08,101.04455,-53.0,9.5820465,no
83,41,217.0,212.72,64.884514,-21.0,4.453766,no
83,42,213.0,214.28,34.0,-5.0,2.1872559,no
83,43,211.0,212.76,59.48109,26.0,5.3625793,no
83,44,236.0,210.32,30.0,-78.0,11.348404,no
83,45,225.0,201.88,85.146935,-28.0,14.314713,no
83,46,225.0,187.28,179.02513,-123.0,10.920624,no
83,47,171.0,171.76,270.78036,44.0,1.554245,no
83,48,155.0,155.64,111.50785,-22.0,-5.800064,yes
83,49,165.0,144.4,41.59327,-90.0,-6.8050385,no
83,50,152.0,138.68,79.30952,-85.0,-6.510849,no
83,51,127.0,135.4,57.58472,65.0,-5.1215363,no
83,52,155.0,135.56,81.706795,-75.0,-4.319519,yes
83,53,139.0,142.24,63.655323,0.0,-7.312607,no
83,54,129.0,149.8,114.58621,65.0,-7.164505,no
83,55,157.0,161.24,190.54659,11.0,-0.4643402,yes
83,56,167.0,175.52,102.5768,54.0,6.318619,no
83,57,178.0,183.0,75.17979,35.0,10.11969,no
83,58,190.0,182.6,36.359318,13.0,9.372086,no
83,59,188.0,179.44,138.36185,-56.0,1.7942352,no
83,60,155.0,176.28,96.17692,67.0,-7.0709076,yes
83,61,160.0,176.52,92.96236,23.0,-8.637253,yes
83,62,186.0,182.48,145.6022,-21.0,-3.2439728,no
83,63,195.0,191.12,103.27633,-21.0,2.0465698,no
83,64,205.0,199.6,99.08582,-1.0,4.853897,no
83,65,219.0,202.52,108.07405,-66.0,4.763199,no
83,66,218.0,203.56,130.13838,-53.0,2.9356842,no
83,67,217.0,203.28,155.5442,-45.0,1.2934875,no
83,68,208.0,203.24,156.10893,-37.0,0.54060364,no
83,69,188.0,203.12,120.20815,60.0,1.6899872,no
83,70,180.0,199.68,127.95312,114.0,5.151169,no
83,71,217.0,192.52,176.7088,-93.0,5.5375214,no
83,72,175.0,183.24,281.80136,10.0,-2.2050934,no
83,73,149.0,168.40001,117.79643,49.0,-10.172867,yes
83,74,150.0,153.68001,138.70833,-34.0,-16.43042,yes
83,75,113.0,150.2,99.458534,87.0,-22.588104,yes
83,76,135.0,151.48,191.21193,-20.0,-18.95337,no
83,77,169.0,157.88,201.6135,-38.0,-6.070114,no
83,78,172.0,167.4,85.61542,28.0,2.9976807,no
83,79,185.0,178.48,14.142136,-16.0,3.5029602,no
83,80,170.0,182.64,102.45975,29.0,-1.340744,yes
83,81,168.0,185.84,172.81783,45.0,-3.8446808,yes
83,82,174.0,185.76,189.25116,63.0,-0.80075073,no
83,83,218.0,190.04001,100.239716,-122.0,4.337677,no
83,84,193.0,193.2,43.931767,20.0,6.974121,no
83,85,191.0,195.52,39.623226,54.0,8.894623,no
83,86,197.0,196.44,44.922153,6.0,10.131241,no
83,87,199.0,191.64,62.1289,3.0,10.280243,no
83,88,203.0,182.72,143.03146,-61.0,6.559906,no
83,89,164.0,173.16,217.0023,22.0,-2.2905884,no
83,90,149.0,162.04001,133.52153,24.0,-8.42952,no
83,91,157.0,151.2,131.03435,-45.0,-11.760071,no
83,92,132.0,150.2,84.38009,9.0,-16.15831,yes
83,93,128.0,153.36,158.37297,59.0,-14.454514,yes
83,94,163.0,158.76,202.63268,-30.0,-5.9701385,no
83,95,173.0,170.6,130.59862,-14.0,1.0553436,no
83,96,177.0,181.32,100.57833,45.0,5.3694916,no
83,97,203.0,183.48,27.018513,-80.0,6.316971,no
83,98,181.0,183.4,110.45361,22.0,0.5442047,no
83,99,175.0,185.8,64.62198,-24.0,-6.998108,no
84,0,207.0,214.52,17.088007,2.0,-1.3042603,no
84,1,204.0,214.8,50.537113,57.0,1.5408783,no
84,2,225.0,216.6,59.05929,-57.0,4.884796,no
84,3,211.0,217.88,41.109608,66.0,7.560669,no
84,4,230.0,213.72,23.537205,-69.0,9.668991,no
84,5,209.0,206.2,113.137085,24.0,9.667465,no
84,6,194.0,187.48,110.860275,16.0,5.781357,no
84,7,192.0,173.2,293.4655,-82.0,-5.3914795,no
84,8,125.0,169.28,124.55521,109.0,-17.15213,no
84,9,167.0,171.16,298.42923,-35.0,-10.092133,yes
84,10,196.0,177.72,234.77649,11.0,7.7674866,no
84,11,222.0,196.64,82.96987,-38.0,17.438889,no
84,12,224.0,211.64,36.05551,-23.0,18.613617,no
84,13,221.0,215.88,38.078865,32.0,18.809326,no
84,14,230.0,213.4,24.083189,-25.0,19.216583,no
84,15,223.0,207.24,143.0035,-18.0,16.402466,no
84,16,202.0,193.52,124.33825,-8.0,9.933807,no
84,17,207.0,180.56,162.04938,-110.0,0.5961304,no
84,18,154.0,174.6,183.84776,46.0,-11.492004,yes
84,19,147.0,176.72,133.41664,49.0,-14.590286,yes
84,20,183.0,178.52,230.63391,-24.0,-5.397751,no
84,21,209.0,190.48,48.04165,-66.0,2.020874,no
84,22,185.0,200.76,40.718548,70.0,2.3682098,no
84,23,205.0,206.48,76.96753,2.0,3.7968597,no
84,24,210.0,206.0,39.446167,6.0,7.1423645,no
84,25,225.0,205.44,45.276924,-65.0,9.458603,no
84,26,204.0,197.44,119.23926,-1.0,7.8944397,no
84,27,193.0,185.44,141.99295,-31.0,2.5856323,no
84,28,169.0,169.36,236.03813,-22.0,-6.6418915,no
84,29,133.0,158.31999,195.2332,45.0,-16.73677,yes
84,30,125.0,156.0,110.0727,55.0,-18.008911,no
84,31,160.0,157.92,285.412,-48.0,-5.009903,yes
84,32,192.0,163.08,222.50394,-29.0,11.90892,no
84,33,199.0,164.04,154.61565,-75.0,14.501633,no
84,34,150.0,161.96,261.84348,58.0,0.5279083,no
84,35,120.0,161.96,97.65244,113.0,-13.439682,yes
84,36,155.0,166.64,228.25424,-34.0,-11.47052,yes
84,37,193.0,175.04,237.65521,-49.0,2.3091278,no
84,38,200.0,191.24,129.43724,44.0,12.579544,no
84,39,232.0,206.64,89.106674,-83.0,15.258331,no
84,40,228.0,212.52,28.600698,-20.0,12.502457,no
84,41,209.0,213.16,58.549126,46.0,6.7804413,no
84,42,214.0,214.0,3.1622777,-12.0,3.539978,no
84,43,214.0,212.32,30.232433,-3.0,5.4252014,no
84,44,212.0,207.32,65.14599,4.0,9.592377,no
84,45,196.0,197.64,131.59027,60.0,10.596405,no
84,46,189.0,183.8,247.16391,-2.0,4.9205475,no
84,47,160.0,168.96,281.48535,-18.0,-5.112198,no
84,48,121.0,152.08,110.46266,101.0,-10.566696,yes
84,49,138.0,142.04,111.8034,-21.0,-10.233643,no
84,50,103.0,140.28,62.609905,135.0,-9.119629,no
84,51,136.0,138.84,157.4103,-2.0,-3.814621,yes
84,52,156.0,140.31999,41.976185,-30.0,-0.7105713,yes
84,53,138.0,151.16,56.727417,18.0,-4.018936,no
84,54,144.0,160.6,251.60286,56.0,-1.427185,yes
84,55,187.0,168.08,228.03508,-35.0,6.8868866,yes
84,56,195.0,180.8,122.19656,-46.0,11.228699,no
84,57,202.0,185.04,99.80982,-19.0,12.884293,no
84,58,206.0,179.68001,77.16217,-59.0,10.214111,no
84,59,179.0,174.84,179.04749,6.0,-0.0697937,yes
84,60,155.0,174.36,64.77654,32.0,-9.580124,yes
84,61,164.0,174.64,169.70563,28.0,-7.6454315,yes
84,62,202.0,181.4,149.48578,-72.0,1.1567688,no
84,63,189.0,192.4,100.0,72.0,6.3347473,no
84,64,210.0,201.08,82.073135,-14.0,7.6569824,no
84,65,210.0,204.2,7.2111025,9.0,6.589966,no
84,66,205.0,206.6,40.024994,43.0,4.2713013,no
84,67,220.0,207.28,53.160137,-54.0,3.3517303,no
84,68,216.0,208.32,19.697716,7.0,4.570511,no
84,69,225.0,209.44,117.34564,-54.0,7.330536,no
84,70,227.0,205.64,137.92752,-40.0,11.4388275,no
84,71,230.0,198.8,127.56175,-66.0,11.990112,no
84,72,194.0,191.04,226.04866,10.0,5.526016,no
84,73,173.0,177.16,245.6013,4.0,-2.5446472,no
84,74,142.0,161.12,258.89767,71.0,-11.369156,no
84,75,127.0,154.8,167.02695,14.0,-20.378738,yes
84,76,116.0,153.68,101.00495,88.0,-20.975998,yes
84,77,157.0,158.92,218.19716,-25.0,-10.868515,no
84,78,182.0,167.31999,145.7738,-41.0,0.53974915,no
84,79,187.0,180.36,92.358,14.0,5.868973,yes
84,80,190.0,189.12,141.20906,18.0,5.9163055,yes
84,81,213.0,195.51999,167.72,-79.0,6.3023834,no
84,82,207.0,195.12,108.34205,-23.0,7.611374,no
84,83,201.0,198.0,22.803509,16.0,8.395493,no
84,84,196.0,195.84,29.15476,33.0,9.318497,no
84,85,217.0,193.68001,56.920998,-67.0,11.304642,no
84,86,205.0,189.96,47.518417,8.0,12.005859,no
84,87,212.0,182.24,107.935165,-83.0,11.12973,no
84,88,197.0,170.24,227.98245,-58.0,5.6014557,no
84,89,146.0,163.24,213.55093,53.0,-5.0491943,no
84,90,135.0,152.96,38.418747,37.0,-11.417587,no
84,91,133.0,145.88,45.276924,35.0,-13.063553,yes
84,92,125.0,149.16,47.41308,60.0,-13.305527,yes
84,93,154.0,158.12,201.83656,-30.0,-7.0637054,no
84,94,174.0,165.32,207.19556,3.0,3.3827362,no
84,95,193.0,176.8,107.87029,-41.0,8.843185,no
84,96,177.0,184.88,53.535034,52.0,9.121292,no
84,97,201.0,183.84001,36.249138,-53.0,8.784561,no
84,98,181.0,180.24,136.70406,25.0,3.6959534,no
84,99,157.0,180.48001,94.02127,63.0,-4.1069946,no
85,0,209.0,214.88,24.41311,11.0,-2.890854,no
85,1,219.0,215.8,34.669872,-48.0,-0.98643494,no
85,2,206.0,217.36,25.612497,68.0,1.6785126,no
85,3,219.0,218.04,22.36068,-20.0,4.551178,no
85,4,221.0,214.95999,20.59126,-1.0,7.505615,no
85,5,218.0,208.48,98.02041,-32.0,8.332275,no
85,6,198.0,192.52,79.762146,19.0,5.9043274,no
85,7,199.0,178.0,248.5156,-81.0,-3.4613037,no
85,8,137.0,173.48,207.04106,69.0,-17.127289,no
85,9,150.0,174.96,255.37816,5.0,-15.492584,yes
85,10,195.0,180.0,281.31476,-42.0,0.6552429,no
85,11,209.0,196.36,150.57224,-9.0,12.576294,no
85,12,224.0,210.28,93.60555,-21.0,16.800323,no
85,13,229.0,214.68,43.931767,-23.0,17.734268,no
85,14,230.0,212.04,79.05694,-34.0,17.453873,no
85,15,223.0,206.12,116.498924,-39.0,15.466476,no
85,16,197.0,191.48,119.54079,21.0,10.27713,no
85,17,182.0,177.87999,188.93915,22.0,-0.06729126,no
85,18,158.0,171.4,222.80035,-23.0,-14.622192,no
85,19,128.0,173.76,98.03061,104.0,-19.219986,yes
85,20,173.0,176.92,299.08194,4.0,-7.9081573,no
85,21,206.0,189.36,64.884514,-33.0,2.2859955,no
85,22,190.0,201.16,51.47815,37.0,2.8014526,no
85,23,206.0,207.31999,83.57033,2.0,3.7126617,no
85,24,215.0,205.6,35.77709,-27.0,7.365036,no
85,25,214.0,202.24,69.29646,-3.0,9.536682,no
85,26,201.0,193.08,107.70329,-11.0,7.332855,no
85,27,187.0,181.72,181.46625,-15.0,0.48719788,no
85,28,141.0,168.72,233.05363,80.0,-10.5290985,no
85,29,126.0,159.4,99.29753,42.0,-19.177872,yes
85,30,125.0,156.72,38.078865,16.0,-20.192612,no
85,31,115.0,159.96,181.24017,132.0,-11.85788,yes
85,32,174.0,163.68001,244.90407,-56.0,2.5433655,no
85,33,180.0,161.56,81.63332,-21.0,8.484909,no
85,34,159.0,157.8,214.15881,11.0,-1.3981323,no
85,35,134.0,159.2,111.5706,-2.0,-15.43367,yes
85,36,127.0,164.6,244.72433,112.0,-14.632538,yes
85,37,197.0,173.04,282.59158,-95.0,0.43310547,no
85,38,207.0,189.52,129.80756,-16.0,12.187881,no
85,39,213.0,206.72,88.02273,33.0,15.294647,no
85,40,226.0,213.52,17.029387,-22.0,13.358734,no
85,41,223.0,213.64,60.876926,-25.0,8.688049,no
85,42,208.0,214.48,40.496914,30.0,4.883026,no
85,43,216.0,211.68001,37.12142,-41.0,5.669754,no
85,44,206.0,205.36,10.770329,40.0,9.22052,no
85,45,218.0,193.88,138.23169,-98.0,8.542419,no
85,46,173.0,180.8,247.11131,25.0,0.30358887,no
85,47,141.0,167.28,172.05232,48.0,-8.847534,yes
85,48,132.0,150.92,55.027267,24.0,-11.43306,yes
85,49,142.0,142.6,95.131485,-28.0,-10.509857,no
85,50,121.0,143.36,75.272835,44.0,-8.890335,no
85,51,156.0,141.24,186.60118,-54.0,-2.2285461,yes
85,52,165.0,143.48,77.52419,-53.0,-0.4573059,no
85,53,131.0,156.12,17.20465,76.0,-4.3055725,no
85,54,178.0,163.56,287.62823,-56.0,2.0123901,yes
85,55,217.0,170.12,90.70832,-140.0,11.59845,yes
85,56,178.0,182.24,23.323807,111.0,13.212021,no
85,57,210.0,184.24,78.0,-94.0,12.2144165,no
85,58,194.0,176.08,152.2695,1.0,7.1664886,no
85,59,173.0,173.88,227.864,-15.0,-5.177414,yes
85,60,154.0,174.44,100.97524,-1.0,-13.80368,yes
85,61,167.0,176.52,206.64946,10.0,-8.575012,yes
85,62,197.0,184.48,172.9393,-11.0,2.5208893,no
85,63,221.0,198.31999,70.0,-74.0,8.3220825,no
85,64,222.0,207.56,29.15476,-43.0,8.534683,no
85,65,215.0,211.28,21.587032,9.0,6.2455597,no
85,66,215.0,214.08,56.462376,-39.0,2.6858826,no
85,67,188.0,215.08,35.44009,115.0,1.3616333,no
85,68,218.0,214.92,68.41052,-23.0,4.7317657,no
85,69,215.0,214.64,38.470768,37.0,9.380936,no
85,70,233.0,210.68001,31.622776,-47.0,12.498016,no
85,71,216.0,205.04001,127.12199,11.0,11.229294,no
85,72,208.0,198.0,76.105194,-17.0,7.8777313,no
85,73,211.0,187.16,134.52881,-79.0,5.8763733,no
85,74,189.0,172.76,284.28506,-41.0,1.08255,no
85,75,151.0,164.28,325.03845,49.0,-9.098404,no
85,76,133.0,158.92,138.39798,21.0,-18.002655,yes
85,77,136.0,163.23999,149.37202,44.0,-16.471985,yes
85,78,171.0,169.95999,267.52945,-19.0,-4.6374817,yes
85,79,205.0,182.16,139.44174,-41.0,7.404007,yes
85,80,208.0,193.04,80.919716,-31.0,12.095551,no
85,81,208.0,202.28,80.65978,39.0,13.619141,no
85,82,217.0,200.72,73.756355,-36.0,12.970917,no
85,83,199.0,200.16,61.351448,35.0,10.2669525,no
85,84,206.0,195.08,41.303753,-27.0,8.857101,no
85,85,209.0,189.76,178.08424,-35.0,7.896942,no
85,86,202.0,183.8,268.3915,-105.0,5.3720245,no
85,87,164.0,174.96,219.65883,93.0,3.921524,no
85,88,169.0,163.24,179.60512,-20.0,0.6919861,yes
85,89,141.0,157.08,161.00311,51.0,-7.0163727,yes
85,90,149.0,150.44,40.04997,-63.0,-11.626709,yes
85,91,150.0,146.64,19.849434,-33.0,-10.656326,yes
85,92,141.0,152.8,100.44899,16.0,-7.4302826,no
85,93,159.0,164.84,205.38744,22.0,0.63526917,no
85,94,189.0,172.64,185.15399,-25.0,10.965866,no
85,95,207.0,182.76,64.03124,-47.0,15.429901,no
85,96,189.0,187.04,55.803226,8.0,13.394394,no
85,97,190.0,183.44,36.878178,31.0,11.463364,no
85,98,210.0,177.12,94.08507,-111.0,7.1521606,no
85,99,178.0,175.95999,105.53672,-2.0,0.030258179,no
86,0,212.0,215.76,33.13608,2.0,-1.628418,no
86,1,209.0,215.84,51.088158,43.0,0.28944397,no
86,2,229.0,217.56,38.600517,-55.0,2.7572021,no
86,3,218.0,217.36,20.248457,4.0,4.2400055,no
86,4,216.0,214.84,11.401754,7.0,6.1505585,no
86,5,212.0,209.24,65.11528,4.0,7.5800323,no
86,6,200.0,195.56,88.54378,9.0,6.365692,no
86,7,188.0,179.2,215.24405,-9.0,-1.7841187,no
86,8,143.0,172.72,278.2984,38.0,-16.38678,yes
86,9,106.0,171.68,137.76791,201.0,-19.686417,no
86,10,183.0,174.64,269.8629,-68.0,-5.8886414,no
86,11,186.0,187.96,134.64769,56.0,7.5995483,no
86,12,213.0,202.48,118.40608,-17.0,14.146896,no
86,13,218.0,207.23999,100.43903,-21.0,15.476791,no
86,14,204.0,204.84,115.10864,32.0,14.085068,no
86,15,203.0,198.12,85.47514,21.0,12.239838,no
86,16,202.0,185.16,113.296074,-27.0,7.4996643,no
86,17,188.0,173.0,219.98636,-54.0,-3.6105804,no
86,18,145.0,169.68001,169.44615,37.0,-17.049072,yes
86,19,138.0,174.52,156.37135,57.0,-18.61525,yes
86,20,179.0,180.52,286.47165,10.0,-5.9555206,no
86,21,219.0,192.04001,94.54099,-95.0,4.7992096,no
86,22,200.0,203.72,55.00909,49.0,6.0565186,no
86,23,216.0,209.2,25.806976,-52.0,5.43573,no
86,24,203.0,206.44,25.179358,39.0,7.0878143,no
86,25,212.0,201.0,65.29931,-37.0,8.280853,no
86,26,188.0,192.04,109.59015,53.0,5.510681,no
86,27,198.0,181.04,147.22092,-93.0,-0.49046326,no
86,28,162.0,169.48,158.47397,1.0,-7.0062256,yes
86,29,147.0,161.28,227.0022,40.0,-9.302521,yes
86,30,150.0,156.68,288.84946,7.0,-9.065643,no
86,31,133.0,158.48,166.97305,68.0,-8.709244,yes
86,32,153.0,160.76,117.923706,-9.0,-3.6718597,yes
86,33,167.0,157.76,116.51609,6.0,3.2785034,no
86,34,183.0,152.95999,134.16408,-104.0,0.23300171,no
86,35,128.0,156.48,210.46616,89.0,-13.544083,yes
86,36,134.0,162.68,173.28012,-21.0,-18.088104,yes
86,37,166.0,171.96,351.52524,31.0,-4.346649,no
86,38,202.0,187.2,155.24174,2.0,10.062729,no
86,39,220.0,204.24,73.82411,-59.0,13.894806,no
86,40,218.0,211.92,95.257545,-1.0,12.794708,no
86,41,224.0,212.68001,43.908997,-33.0,10.571106,no
86,42,209.0,211.64,73.33485,6.0,7.5412445,no
86,43,195.0,206.64,16.552946,68.0,7.5503235,no
86,44,218.0,197.16,39.319206,-66.0,10.373093,no
86,45,199.0,185.04001,174.56804,-1.0,8.177002,no
86,46,169.0,172.52,218.74185,15.0,-0.17979431,no
86,47,147.0,157.84,108.67382,23.0,-6.349228,yes
86,48,148.0,143.56,68.0294,-6.0,-6.9020996,no
86,49,149.0,140.8,99.32774,-33.0,-7.6761475,no
86,50,127.0,143.04,21.023796,26.0,-7.606674,yes
86,51,148.0,140.72,155.02902,8.0,-2.126999,yes
86,52,164.0,147.12,105.773346,-73.0,-2.59581,no
86,53,119.0,161.68,43.289722,117.0,-7.157196,no
86,54,164.0,168.4,273.66037,7.0,-0.034729004,yes
86,55,185.0,175.23999,87.86353,31.0,8.89505,no
86,56,201.0,186.36,76.6942,-104.0,9.4848175,no
86,57,172.0,185.8,56.089214,104.0,7.4514313,no
86,58,188.0,175.84,128.15616,-50.0,1.4658966,no
86,59,150.0,172.84,220.51303,37.0,-10.977203,no
86,60,120.0,172.28,61.008198,134.0,-17.134598,yes
86,61,163.0,175.64,233.10513,19.0,-8.837082,no
86,62,187.0,185.36,145.12064,11.0,2.0776978,no
86,63,202.0,199.04,71.34424,8.0,6.679886,no
86,64,199.0,207.48,55.31727,59.0,6.539734,no
86,65,222.0,210.88,43.289722,-50.0,5.5653076,no
86,66,213.0,213.92,70.21396,30.0,3.840744,no
86,67,214.0,215.16,84.40379,-2.0,2.8866577,no
86,68,230.0,217.0,51.088158,-53.0,5.2355194,no
86,69,221.0,216.36,19.026299,9.0,7.911682,no
86,70,227.0,214.24,72.47068,-44.0,8.191101,no
86,71,204.0,210.72,120.44086,29.0,5.45932,no
86,72,194.0,205.64,36.769554,23.0,4.709427,no
86,73,195.0,197.6,26.57066,53.0,8.857208,no
86,74,211.0,185.4,102.21546,-54.0,11.226425,no
86,75,204.0,174.4,263.68542,-97.0,4.4215546,no
86,76,150.0,166.2,278.3523,45.0,-9.673248,yes
86,77,127.0,168.64,74.52516,82.0,-17.591461,yes
86,78,142.0,172.72,291.75674,87.0,-9.285324,yes
86,79,213.0,184.76,209.69025,-95.0,6.4344635,no
86,80,198.0,197.92,31.016125,66.0,13.677536,no
86,81,233.0,205.48,62.1289,-110.0,15.398773,no
86,82,218.0,202.32,43.68066,-8.0,14.861603,no
86,83,207.0,198.64,93.13431,-1.0,11.147629,no
86,84,193.0,191.04001,139.05394,-8.0,5.777527,no
86,85,176.0,183.24,220.7306,-14.0,0.01876831,no
86,86,125.0,176.72,158.14551,208.0,-3.696167,no
86,87,166.0,167.12001,73.82411,-72.0,-2.136612,yes
86,88,154.0,155.28,63.560993,40.0,-1.5634613,yes
86,89,151.0,150.32,163.24828,-62.0,-7.5486755,yes
86,90,107.0,145.8,49.0306,139.0,-11.732315,no
86,91,144.0,146.48,129.06587,-18.0,-7.0902863,yes
86,92,146.0,154.24,144.42299,55.0,0.0011444092,no
86,93,174.0,166.92,157.15598,-17.0,7.23024,no
86,94,191.0,174.0,120.033325,-12.0,13.9734955,no
86,95,210.0,180.4,53.851646,-71.0,16.986282,no
86,96,190.0,180.32,44.0,31.0,15.063034,no
86,97,191.0,174.84,62.369865,-12.0,10.402695,no
86,98,180.0,167.8,202.25232,-1.0,2.7519226,no
86,99,165.0,164.68001,215.08138,-6.0,-5.0042114,yes
87,0,220.0,218.4,31.144823,-12.0,1.1942139,no
87,1,219.0,217.76,51.224995,6.0,3.0400696,no
87,2,228.0,217.16,13.416408,-28.0,4.758545,no
87,3,212.0,216.12,32.0,36.0,4.6941986,no
87,4,220.0,213.92,9.055386,-13.0,5.5523834,no
87,5,218.0,208.68001,45.099888,-26.0,7.2716827,no
87,6,211.0,198.04,70.61161,-15.0,7.259918,no
87,7,201.0,183.24,181.02486,-34.0,0.6875,no
87,8,179.0,174.4,254.65663,-71.0,-12.750244,yes
87,9,149.0,169.24,34.43835,-7.0,-19.141357,yes
87,10,177.0,168.92,228.56946,-34.0,-9.802734,no
87,11,195.0,175.88,152.61061,-35.0,2.9158936,no
87,12,207.0,186.76,126.24579,-37.0,10.274902,no
87,13,205.0,191.12,82.219215,-2.0,12.228241,no
87,14,197.0,189.52,83.00603,26.0,10.317871,no
87,15,204.0,183.23999,169.06804,-59.0,5.8743896,no
87,16,193.0,174.95999,260.72592,-64.0,-1.495285,no
87,17,169.0,167.95999,230.79428,-30.0,-11.172958,yes
87,18,133.0,168.36,22.803509,94.0,-17.57724,yes
87,19,157.0,176.04,247.42676,27.0,-12.79866,yes
87,20,196.0,186.04,212.43823,-49.0,-0.6002197,no
87,21,196.0,197.04,114.93476,73.0,8.075058,no
87,22,224.0,206.56,44.181442,-68.0,9.503677,no
87,23,203.0,209.04,46.173584,39.0,7.4450684,no
87,24,208.0,203.08,17.029387,-6.0,7.6188354,no
87,25,206.0,193.32,67.72001,4.0,7.5792084,no
87,26,194.0,183.84,167.90474,-28.0,2.1760712,no
87,27,162.0,176.04,130.43005,59.0,-4.0879517,no
87,28,163.0,169.76,33.526108,36.0,-3.466858,yes
87,29,190.0,164.72,128.14055,-69.0,2.871704,no
87,30,202.0,160.51999,145.16887,-106.0,5.8724823,no
87,31,182.0,159.23999,222.03603,-80.0,-0.247406,no
87,32,129.0,159.72,50.0,106.0,-6.422806,yes
87,33,158.0,156.2,173.99425,-12.0,-2.0108337,no
87,34,174.0,150.88,30.265491,-39.0,1.2183075,no
87,35,150.0,154.0,246.84003,-29.0,-8.981995,no
87,36,94.0,160.44,58.821766,214.0,-18.038849,yes
87,37,162.0,165.4,356.11514,-24.0,-8.732407,yes
87,38,217.0,176.12,182.36227,-133.0,6.2314606,no
87,39,188.0,193.48,43.081318,97.0,11.721527,no
87,40,201.0,202.95999,60.827625,30.0,12.631195,no
87,41,213.0,204.76,30.88689,-1.0,13.099045,no
87,42,215.0,204.48,58.30952,-22.0,11.495285,no
87,43,205.0,198.76,27.784887,-6.0,9.877289,no
87,44,206.0,187.04,102.44999,-15.0,8.82811,no
87,45,190.0,176.04,215.80083,-23.0,3.91185,no
87,46,172.0,166.6,161.1521,-36.0,-2.1997223,yes
87,47,153.0,154.4,34.20526,18.0,-3.999405,yes
87,48,158.0,145.08,75.643906,-29.0,-4.801239,no
87,49,146.0,146.08,149.26486,-65.0,-8.679077,no
87,50,116.0,148.16,98.0816,101.0,-7.620102,yes
87,51,153.0,145.16,167.05687,-16.0,-0.87579346,no
87,52,151.0,153.76,132.40091,21.0,-2.5681458,no
87,53,134.0,165.76,65.29931,50.0,-7.782959,yes
87,54,181.0,170.76,234.13245,-73.0,-1.6397552,yes
87,55,189.0,177.56,46.818798,-33.0,6.0844727,no
87,56,165.0,186.4,43.56604,126.0,7.454483,no
87,57,193.0,182.4,41.109608,-45.0,5.778305,no
87,58,186.0,173.12,141.59802,-46.0,-1.4020691,no
87,59,156.0,171.04001,162.78821,18.0,-12.419647,yes
87,60,147.0,169.08,133.14653,30.0,-14.980896,yes
87,61,197.0,174.64,211.51833,-105.0,-5.810028,no
87,62,197.0,185.24,85.052925,-11.0,2.3946075,no
87,63,209.0,198.56,72.691124,-30.0,5.2670135,no
87,64,209.0,207.12,37.44329,3.0,5.194931,no
87,65,211.0,211.72,53.366657,23.0,5.009094,no
87,66,231.0,214.64,28.42534,-63.0,5.1828613,no
87,67,223.0,215.56,29.529646,-26.0,4.6423035,no
87,68,214.0,215.6,45.276924,35.0,4.977005,no
87,69,221.0,211.68001,52.0,-34.0,5.191208,no
87,70,206.0,209.96,58.821766,48.0,3.7842712,no
87,71,208.0,207.44,66.27216,-26.0,1.7211609,no
87,72,192.0,205.68001,52.49762,62.0,3.3323364,no
87,73,217.0,201.92,74.02702,-68.0,9.966766,no
87,74,202.0,193.76,49.09175,47.0,15.376755,no
87,75,207.0,181.88,160.22484,-22.0,11.846725,no
87,76,181.0,171.48,258.05426,-28.0,-2.387268,no
87,77,162.0,171.68001,123.69317,-54.0,-14.2655945,yes
87,78,144.0,173.64,257.30914,103.0,-9.210571,no
87,79,212.0,183.48,224.18297,-79.0,6.3367157,no
87,80,204.0,196.48,12.806249,2.0,13.504089,no
87,81,198.0,203.64,59.464275,58.0,13.891357,no
87,82,207.0,199.16,98.762344,9.0,13.109299,no
87,83,217.0,192.28,161.27615,-112.0,9.47522,no
87,84,175.0,181.68,181.1574,49.0,3.1153412,no
87,85,163.0,170.95999,95.35198,16.0,-2.210312,no
87,86,164.0,161.72,75.89466,-47.0,-3.2073364,yes
87,87,149.0,153.08,33.734257,71.0,-0.84906006,yes
87,88,170.0,143.72,90.0,-99.0,-1.2210846,no
87,89,140.0,143.2,181.5544,12.0,-7.58992,no
87,90,123.0,143.56,57.07889,18.0,-10.580444,no
87,91,155.0,148.28,202.82997,-11.0,-2.723709,yes
87,92,180.0,155.44,104.35516,-83.0,6.058029,no
87,93,183.0,166.32,58.940647,-24.0,10.20311,no
87,94,179.0,170.4,109.11462,6.0,10.746613,no
87,95,181.0,172.84,178.53851,14.0,10.253616,no
87,96,201.0,170.72,174.56232,-77.0,8.325943,no
87,97,192.0,167.64,256.22256,-92.0,1.0185394,no
87,98,153.0,164.16,260.44962,10.0,-9.496719,no
87,99,131.0,161.28,166.48123,57.0,-16.315765,yes
88,0,217.0,219.84,19.646883,21.0,4.2327576,no
88,1,225.0,219.08,20.0,-23.0,5.302475,no
88,2,224.0,216.08,34.928497,0.0,5.615799,no
88,3,218.0,213.8,63.702435,-9.0,3.7480469,no
88,4,221.0,211.36,75.28612,-51.0,3.034134,no
88,5,203.0,205.88,44.72136,45.0,5.056717,no
88,6,210.0,198.28,46.043457,-19.0,6.55217,no
88,7,192.0,187.76,168.31519,-4.0,1.8293915,no
88,8,152.0,179.48,221.43622,86.0,-9.340073,no
88,9,127.0,172.48,73.34848,108.0,-17.650436,yes
88,10,147.0,167.68001,164.07315,27.0,-15.029083,no
88,11,175.0,167.76001,233.01932,-40.0,-6.803543,no
88,12,178.0,171.40001,243.19951,17.0,-0.8135071,no
88,13,196.0,173.44,258.2131,-67.0,1.6347961,no
88,14,201.0,173.40001,241.23433,-107.0,0.54341125,no
88,15,164.0,171.64,254.05511,35.0,-5.337448,no
88,16,133.0,168.92,210.26175,97.0,-13.673447,no
88,17,132.0,169.08,57.706154,74.0,-17.764069,yes
88,18,155.0,173.2,175.80103,16.0,-14.208633,yes
88,19,188.0,181.76,216.9055,-51.0,-4.9922028,yes
88,20,203.0,192.84,149.00336,-4.0,4.854553,no
88,21,218.0,202.28,110.535065,-26.0,11.114746,no
88,22,229.0,208.28,42.941822,-48.0,12.136978,no
88,23,203.0,207.88,77.201035,55.0,9.057602,no
88,24,214.0,199.68,47.010635,-36.0,6.9078827,no
88,25,214.0,186.84,184.39088,-71.0,3.1399078,no
88,26,192.0,179.64,291.82187,-75.0,-6.145096,no
88,27,152.0,176.56,132.9812,43.0,-11.552444,yes
88,28,174.0,175.44,157.5373,-30.0,-3.8878784,yes
88,29,179.0,175.0,88.54378,26.0,8.010788,no
88,30,180.0,170.92,28.0,50.0,11.636551,no
88,31,184.0,164.56,248.97389,-77.0,1.9910126,no
88,32,129.0,161.24,141.08862,79.0,-10.474396,yes
88,33,150.0,156.56,170.69856,-22.0,-8.492401,no
88,34,166.0,150.8,104.0769,5.0,0.7711334,no
88,35,175.0,155.52,191.34262,-53.0,-1.5483704,no
88,36,144.0,162.36,154.15576,-10.0,-12.3517,yes
88,37,147.0,164.56,211.98586,24.0,-12.834213,yes
88,38,183.0,168.52,307.6264,-25.0,-3.641861,no
88,39,211.0,180.0,215.56438,-114.0,4.2057343,no
88,40,215.0,185.6,124.65151,-55.0,9.806976,no
88,41,211.0,186.32,48.76474,7.0,12.687347,no
88,42,211.0,186.16,113.454834,-31.0,10.455902,no
88,43,198.0,182.48,176.7767,-8.0,5.497238,no
88,44,196.0,175.12,253.47583,-77.0,-0.14897156,no
88,45,160.0,169.96,263.88254,18.0,-6.14769,no
88,46,140.0,163.88,121.65525,61.0,-7.5492706,yes
88,47,153.0,153.52,42.047592,0.0,-4.3384094,yes
88,48,156.0,148.32,153.26448,-61.0,-5.990616,no
88,49,96.0,149.56,70.61161,188.0,-10.585022,no
88,50,139.0,149.12,245.63794,0.0,-4.648758,yes
88,51,181.0,147.6,138.60014,-81.0,4.1389465,no
88,52,174.0,158.24,142.61838,-74.0,0.67630005,no
88,53,135.0,167.6,75.43209,88.0,-5.135727,yes
88,54,164.0,171.44,199.64969,44.0,-0.053100586,no
88,55,192.0,178.08,68.54196,-29.0,6.817169,no
88,56,203.0,184.92,72.62231,-58.0,9.171188,no
88,57,204.0,178.76,91.92388,-59.0,6.5497284,no
88,58,161.0,170.76,191.60376,72.0,-3.4933777,no
88,59,159.0,170.12,75.39231,-33.0,-13.128357,yes
88,60,145.0,169.56,119.94165,70.0,-12.53093,yes
88,61,176.0,174.72,129.80756,7.0,-4.744232,no
88,62,184.0,185.64,110.34492,0.0,0.44555664,no
88,63,198.0,198.28,125.67418,26.0,3.1972656,no
88,64,220.0,205.88,39.824615,-74.0,4.2481995,no
88,65,205.0,210.76,46.32494,39.0,4.576187,no
88,66,214.0,214.31999,18.601076,16.0,5.1970215,no
88,67,207.0,215.28,13.038404,39.0,4.7334747,no
88,68,217.0,213.24,10.0,-9.0,4.167343,no
88,69,209.0,208.24,69.52697,19.0,2.1856232,no
88,70,216.0,205.24,109.17875,-59.0,-0.67755127,no
88,71,204.0,201.76,87.965904,-9.0,-1.3191376,no
88,72,211.0,200.96,69.77106,-40.0,2.9281464,no
88,73,211.0,201.28,32.984844,15.0,9.983887,no
88,74,220.0,195.24,25.059929,-47.0,14.719681,no
88,75,219.0,184.04,157.48651,-79.0,11.024658,no
88,76,177.0,175.2,266.90823,-7.0,-3.0726624,no
88,77,142.0,175.31999,76.6942,72.0,-13.968521,yes
88,78,163.0,175.2,234.03418,7.0,-7.7126617,no
88,79,208.0,182.64,193.49419,-57.0,7.5430756,no
88,80,210.0,193.16,22.135944,-19.0,14.39859,no
88,81,206.0,197.08,33.286633,-11.0,13.220444,no
88,82,204.0,188.52,121.62237,-52.0,9.689804,no
88,83,167.0,177.84,158.61903,103.0,4.7934113,no
88,84,176.0,166.2,129.2749,-43.0,0.19483948,yes
88,85,153.0,156.24,105.11898,49.0,-2.519287,yes
88,86,172.0,148.8,139.44174,-86.0,-2.3674164,yes
88,87,167.0,143.16,196.17339,-93.0,-2.558899,no
88,88,138.0,137.56,180.36075,15.0,-5.356949,no
88,89,128.0,138.32,99.80982,14.0,-9.355652,no
88,90,108.0,140.44,101.27191,111.0,-8.910812,no
88,91,162.0,146.56,168.96153,-75.0,-0.71113586,yes
88,92,153.0,153.36,97.41663,56.0,6.116806,yes
88,93,175.0,162.24,105.080925,-37.0,7.583008,no
88,94,167.0,164.88,134.52881,-13.0,3.8408813,no
88,95,148.0,166.12,177.34148,63.0,-1.585495,no
88,96,164.0,163.2,254.84897,-50.0,-6.462723,no
88,97,131.0,162.72,254.52701,79.0,-13.286133,no
88,98,119.0,162.84,34.20526,76.0,-17.666962,yes
88,99,132.0,161.6,189.15602,50.0,-16.330948,yes
89,0,227.0,215.72,28.600698,-21.0,6.362442,no
89,1,217.0,214.8,20.248457,24.0,5.7691345,no
89,2,225.0,212.04,45.254833,-37.0,4.547333,no
89,3,206.0,210.12,124.16924,23.0,0.7934723,no
89,4,192.0,208.59999,92.96236,45.0,-1.671875,no
89,5,208.0,205.23999,77.42093,-18.0,1.1590576,no
89,6,215.0,200.64,41.231056,-53.0,4.5644226,no
89,7,201.0,194.4,94.86833,2.0,3.856491,no
89,8,196.0,186.8,238.40302,-57.0,-1.1837311,no
89,9,168.0,180.08,307.68814,1.0,-8.2164,yes
89,10,136.0,172.4,175.16278,106.0,-13.287949,yes
89,11,140.0,166.64,60.728905,55.0,-15.3694,no
89,12,151.0,164.2,216.92395,-37.0,-16.668182,no
89,13,133.0,165.64,290.0069,81.0,-16.86348,no
89,14,140.0,164.36,249.46744,40.0,-14.644028,no
89,15,153.0,166.12,39.012817,-3.0,-12.821823,no
89,16,140.0,169.08,152.23666,51.0,-14.02739,no
89,17,145.0,172.72,230.86794,62.0,-12.621429,yes
89,18,183.0,178.23999,195.20758,-52.0,-6.705536,yes
89,19,186.0,187.52,118.186295,23.0,-0.15821838,no
89,20,206.0,197.48,115.10864,-9.0,6.3061676,no
89,21,218.0,204.84,75.70998,-14.0,11.133636,no
89,22,223.0,209.56,27.018513,-2.0,12.064346,no
89,23,221.0,207.36,108.81177,-60.0,8.626663,no
89,24,195.0,197.12,141.0319,17.0,3.1568604,no
89,25,173.0,181.52,232.60696,27.0,-5.6026917,no
89,26,133.0,176.44,236.5798,106.0,-17.208267,no
89,27,123.0,175.8,112.720894,107.0,-18.284302,yes
89,28,172.0,177.2,262.77368,2.0,-2.8708344,no
89,29,198.0,181.36,165.32393,-18.0,12.606613,no
89,30,205.0,180.24,143.1782,-57.0,14.514755,no
89,31,168.0,170.88,283.59125,28.0,1.2191925,no
89,32,132.0,164.52,196.54007,26.0,-15.187393,yes
89,33,125.0,160.2,165.58382,59.0,-15.668472,yes
89,34,170.0,153.72,242.49124,-46.0,-1.7565918,no
89,35,187.0,158.84,79.64923,-56.0,4.543625,no
89,36,150.0,166.2,212.43352,34.0,-4.119705,yes
89,37,123.0,168.16,98.681305,132.0,-12.973282,yes
89,38,132.0,167.04001,112.71202,66.0,-14.424561,yes
89,39,144.0,173.8,294.51654,90.0,-10.668304,yes
89,40,182.0,176.8,363.78564,-37.0,-4.6579742,no
89,41,212.0,177.12,361.00137,-137.0,-1.1960907,no
89,42,189.0,177.12,370.64807,-52.0,-3.9860992,no
89,43,172.0,176.32,315.06506,-32.0,-8.848724,no
89,44,143.0,172.08,203.78911,65.0,-12.192764,no
89,45,132.0,170.16,19.646883,74.0,-11.975555,yes
89,46,136.0,164.6,156.06409,79.0,-6.3795013,yes
89,47,163.0,154.0,88.20431,-19.0,-1.5949249,no
89,48,156.0,150.72,190.01053,-48.0,-6.000229,no
89,49,131.0,151.28,60.959003,10.0,-9.115814,yes
89,50,163.0,147.48,247.92337,-36.0,0.13847351,yes
89,51,177.0,147.72,3.1622777,-32.0,6.491028,no
89,52,155.0,160.36,106.48004,36.0,0.92445374,no
89,53,156.0,167.72,140.29256,20.0,-1.7450714,yes
89,54,192.0,171.92,189.28285,-59.0,4.4073334,no
89,55,183.0,181.32,23.537205,44.0,8.178329,no
89,56,193.0,186.92,81.84131,-16.0,8.145767,no
89,57,200.0,180.32,100.6479,-46.0,4.793686,no
89,58,167.0,174.72,206.0097,9.0,-5.540161,yes
89,59,141.0,175.24,24.698177,77.0,-13.65004,yes
89,60,168.0,173.16,161.91974,-33.0,-10.240875,yes
89,61,185.0,177.12001,117.68602,-36.0,-2.9574738,no
89,62,165.0,187.32,90.78546,126.0,-0.24464417,no
89,63,205.0,196.8,86.0,-71.0,1.0916901,no
89,64,194.0,203.0,54.644306,67.0,2.6078186,no
89,65,214.0,208.04001,79.05694,-16.0,4.711075,no
89,66,229.0,211.48,20.09975,-56.0,6.142273,no
89,67,213.0,211.48,11.045361,23.0,5.323578,no
89,68,229.0,208.96,46.69047,-80.0,3.5384216,no
89,69,201.0,203.76,134.83324,18.0,-1.1395111,no
89,70,186.0,200.96,119.28118,23.0,-6.0519257,no
89,71,172.0,198.04,81.84131,92.0,-5.984024,no
89,72,197.0,197.08,99.15644,4.0,-0.839386,no
89,73,211.0,198.12,112.00893,-61.0,4.9961243,no
89,74,201.0,194.12,106.07545,16.0,8.690979,no
89,75,193.0,184.04,178.88544,5.0,5.0343475,no
89,76,159.0,177.12,246.71442,35.0,-7.7270203,no
89,77,138.0,178.12,8.246211,57.0,-15.287933,yes
89,78,165.0,176.8,238.11342,4.0,-5.8059998,yes
89,79,190.0,179.88,153.16005,26.0,9.358383,no
89,80,203.0,188.0,41.761227,-8.0,14.881287,no
89,81,201.0,187.88,135.09256,-33.0,11.589218,no
89,82,184.0,177.16,219.27608,5.0,4.600952,yes
89,83,174.0,166.36,234.30322,-59.0,-2.9322968,yes
89,84,166.0,158.6,236.54597,-55.0,-7.229492,yes
89,85,150.0,149.8,191.65073,-54.0,-8.254272,yes
89,86,118.0,144.08,139.46326,112.0,-7.706009,no
89,87,116.0,139.84,131.82564,51.0,-8.8737335,no
89,88,102.0,137.24,54.0,121.0,-10.720566,no
89,89,140.0,136.56,36.769554,-81.0,-10.210571,no
89,90,130.0,138.88,79.05694,28.0,-7.1433563,no
89,91,157.0,145.72,101.636604,-59.0,-1.6942596,yes
89,92,151.0,151.8,79.30952,15.0,2.7047272,yes
89,93,160.0,155.68001,50.77401,-1.0,3.89917,no
89,94,153.0,156.68001,76.15773,16.0,-0.866745,no
89,95,143.0,158.64,94.02127,6.0,-9.458221,no
89,96,126.0,156.64,42.426407,60.0,-15.737778,no
89,97,128.0,159.84,117.00427,49.0,-16.442062,yes
89,98,136.0,165.68001,317.61926,90.0,-9.995056,yes
89,99,196.0,167.16,347.93677,-108.0,-0.1816864,no
90,0,226.0,210.68,120.880104,-40.0,3.6085205,no
90,1,215.0,209.84,117.881294,-7.0,1.94487,no
90,2,216.0,206.52,104.69002,-24.0,0.4334259,no
90,3,212.0,204.28,98.23441,-49.0,-2.222229,no
90,4,178.0,203.48,19.697716,102.0,-4.0654297,no
90,5,204.0,201.92,45.01111,-37.0,-1.2901306,no
90,6,188.0,199.44,22.803509,78.0,2.2362213,no
90,7,203.0,196.72,10.0,-17.0,4.6381226,no
90,8,206.0,191.76,40.792156,-12.0,6.1108093,no
90,9,214.0,186.08,156.98407,-84.0,4.3947144,no
90,10,195.0,178.64,259.23734,-84.0,-1.8764038,yes
90,11,153.0,169.4,257.39075,40.0,-11.589798,yes
90,12,116.0,163.2,146.81961,119.0,-22.096756,yes
90,13,126.0,161.68,21.023796,-14.0,-26.879517,no
90,14,113.0,158.64,177.73013,128.0,-20.983612,yes
90,15,165.0,161.0,224.2008,-16.0,-9.395187,yes
90,16,180.0,169.4,214.89532,-42.0,-2.539917,yes
90,17,187.0,177.08,218.00917,-13.0,0.3720398,yes
90,18,194.0,183.84,83.00603,-19.0,0.83052063,no
90,19,190.0,194.8,64.7611,-2.0,0.6164856,no
90,20,208.0,204.0,125.19585,-16.0,4.3869934,no
90,21,211.0,208.48,38.626415,25.0,8.717545,no
90,22,222.0,210.32,51.264023,-51.0,9.75473,no
90,23,203.0,206.28,94.371605,36.0,7.4561005,no
90,24,189.0,193.4,124.04031,22.0,1.9709167,no
90,25,177.0,177.36,213.2135,1.0,-8.347916,no
90,26,150.0,174.08,192.63437,-9.0,-20.308838,no
90,27,142.0,174.84,213.88315,29.0,-17.457092,yes
90,28,195.0,178.56,322.5523,-33.0,2.8656158,no
90,29,218.0,184.52,82.073135,-54.0,18.537872,no
90,30,217.0,184.96,120.074974,-68.0,18.11412,no
90,31,179.0,172.6,294.3637,0.0,3.5765839,no
90,32,132.0,164.92,262.08777,48.0,-14.550629,no
90,33,107.0,161.8,115.37764,130.0,-18.103546,yes
90,34,156.0,159.56,282.3473,18.0,-3.991867,no
90,35,197.0,165.68,49.396355,-80.0,7.517639,no
90,36,180.0,172.08,139.94284,4.0,5.0843353,no
90,37,195.0,174.92,223.43231,-152.0,-3.0067444,no
90,38,144.0,172.12,244.9204,85.0,-10.376068,yes
90,39,141.0,173.87999,143.58969,43.0,-15.018127,yes
90,40,120.0,173.87999,71.00704,120.0,-17.573624,yes
90,41,129.0,175.76,180.04443,79.0,-18.375336,yes
90,42,109.0,174.92,116.498924,167.0,-19.04596,yes
90,43,126.0,174.72,63.245552,90.0,-16.77948,yes
90,44,137.0,171.52,197.99495,85.0,-10.875122,yes
90,45,163.0,170.24,247.40656,6.0,-3.1042786,yes
90,46,188.0,163.84,175.84084,-88.0,3.9745636,no
90,47,188.0,153.16,150.23315,-97.0,3.4545898,no
90,48,126.0,151.68001,222.72853,101.0,-6.2915497,no
90,49,119.0,152.08,128.39003,76.0,-8.500412,yes
90,50,169.0,147.64,175.64168,-40.0,0.9266205,yes
90,51,177.0,150.08,155.6663,-74.0,1.9086761,no
90,52,149.0,163.68001,129.28264,9.0,-5.13562,no
90,53,162.0,168.92,234.96808,20.0,-2.1687775,yes
90,54,206.0,174.2,129.00388,-80.0,7.15979,no
90,55,199.0,184.4,61.983868,-52.0,8.606552,no
90,56,170.0,189.56,6.3245554,103.0,5.6634674,no
90,57,190.0,183.16,25.059929,-27.0,2.855011,no
90,58,175.0,178.4,180.69312,-1.0,-4.4012604,no
90,59,147.0,177.2,94.254974,62.0,-10.86261,yes
90,60,168.0,174.8,175.19133,18.0,-6.942337,yes
90,61,195.0,177.88,74.672615,-23.0,-0.2023468,no
90,62,212.0,187.28,19.026299,-131.0,0.5363922,no
90,63,192.0,195.12,66.52819,32.0,-0.3386383,no
90,64,204.0,200.6,79.30952,-21.0,1.0232697,no
90,65,212.0,206.04001,85.47514,-8.0,3.7758179,no
90,66,219.0,208.84,72.99315,-18.0,5.1292725,no
90,67,210.0,207.56,86.72946,-7.0,3.792923,no
90,68,205.0,206.2,81.84131,21.0,1.2941895,no
90,69,198.0,201.96,108.41586,-13.0,-3.0814362,no
90,70,178.0,199.44,53.90733,61.0,-6.759735,no
90,71,193.0,196.08,50.91169,-31.0,-6.497406,no
90,72,198.0,196.64,40.024994,-47.0,-4.313431,no
90,73,174.0,197.16,92.0,92.0,-1.7337341,no
90,74,196.0,193.64,79.64923,-30.0,2.3575745,no
90,75,198.0,182.76,99.24717,-49.0,1.9867401,no
90,76,163.0,177.52,223.36517,38.0,-7.229889,no
90,77,143.0,176.28,53.851646,44.0,-12.511444,yes
90,78,173.0,173.12,253.0336,4.0,-1.8970337,no
90,79,210.0,173.8,75.16648,-69.0,11.262695,no
90,80,203.0,180.28,150.86418,-66.0,12.583862,no
90,81,178.0,176.28,156.77373,18.0,7.0568542,yes
90,82,162.0,166.28,188.43036,7.0,-0.92555237,yes
90,83,120.0,156.72,199.13814,107.0,-10.511169,yes
90,84,109.0,150.6,135.08516,90.0,-15.29686,no
90,85,109.0,142.8,62.482,99.0,-12.7668,no
90,86,146.0,139.28,87.36132,-76.0,-7.812866,no
90,87,128.0,136.04,145.49915,35.0,-7.404846,no
90,88,135.0,135.44,80.523285,-59.0,-9.4999695,no
90,89,119.0,135.56,48.166378,66.0,-9.252808,no
90,90,143.0,137.68,49.73932,-61.0,-6.824646,no
90,91,126.0,144.4,61.05735,81.0,-4.325943,yes
90,92,149.0,147.72,113.46365,-24.0,-0.64212036,yes
90,93,160.0,147.52,31.144823,-3.0,1.6333008,no
90,94,158.0,146.84,96.79876,-22.0,-3.7986908,no
90,95,151.0,150.6,102.9563,-60.0,-12.7276,no
90,96,129.0,153.08,125.09996,70.0,-14.285034,yes
90,97,168.0,162.92,290.49612,-26.0,-5.886612,yes
90,98,191.0,175.08,271.74252,-49.0,5.6944427,no
90,99,212.0,181.16,159.83116,-37.0,15.076111,no
91,0,196.0,209.72,93.74433,33.0,-2.395172,no
91,1,194.0,208.4,103.315056,21.0,-4.011841,no
91,2,188.0,204.72,104.019226,39.0,-5.099472,no
91,3,199.0,202.16,63.07139,3.0,-4.783737,no
91,4,206.0,200.6,14.142136,-55.0,-4.0042877,no
91,5,205.0,199.40001,35.128338,-11.0,-1.5362091,no
91,6,208.0,199.8,24.083189,-31.0,1.2145691,no
91,7,200.0,200.36,21.587032,10.0,3.5446014,no
91,8,199.0,198.2,21.023796,26.0,6.5189514,no
91,9,203.0,194.2,21.540659,-2.0,8.429321,no
91,10,193.0,188.68001,109.59015,43.0,7.5021667,no
91,11,201.0,177.4,295.9358,-87.0,1.377945,no
91,12,153.0,167.04,370.41867,45.0,-10.987045,yes
91,13,128.0,164.12,203.65166,68.0,-20.354645,yes
91,14,149.0,162.44,229.81732,1.0,-16.034195,yes
91,15,198.0,166.2,161.40013,-123.0,-3.496338,yes
91,16,186.0,176.68,78.63841,22.0,4.800461,no
91,17,216.0,187.24,82.0,-105.0,8.155594,no
91,18,197.0,193.84,95.42536,8.0,5.9631653,no
91,19,170.0,201.72,65.51336,135.0,1.7666168,no
91,20,209.0,206.68001,121.037186,-45.0,3.1476898,no
91,21,221.0,208.84,29.017237,-47.0,7.2079773,no
91,22,200.0,208.84,31.144823,84.0,9.052536,no
91,23,216.0,202.32,63.812225,-44.0,8.601334,no
91,24,203.0,188.04001,122.26202,-12.0,3.8920135,no
91,25,197.0,173.72,218.65955,-113.0,-7.295227,no
91,26,139.0,171.84,175.4822,69.0,-18.674637,no
91,27,129.0,173.31999,270.44037,132.0,-12.802902,yes
91,28,215.0,179.59999,302.04965,-109.0,8.786346,no
91,29,208.0,188.12,23.70654,14.0,21.310532,no
91,30,198.0,189.12,91.08238,42.0,19.10907,no
91,31,199.0,174.44,218.43535,-79.0,7.142227,no
91,32,158.0,167.36,239.37001,2.0,-8.7052,no
91,33,145.0,164.64,112.71202,-8.0,-13.80365,yes
91,34,168.0,165.31999,223.18153,-20.0,-2.9194336,no
91,35,185.0,171.44,86.833176,-5.0,8.950668,no
91,36,182.0,179.16,55.027267,18.0,11.55954,no
91,37,181.0,181.0,100.31949,62.0,8.0980835,no
91,38,193.0,177.0,145.56099,-74.0,2.9586334,no
91,39,199.0,173.88,246.41835,-112.0,-2.4473877,yes
91,40,148.0,171.95999,300.83218,78.0,-9.673599,yes
91,41,154.0,172.4,292.10956,14.0,-13.698578,yes
91,42,159.0,172.28,313.69412,-3.0,-12.089127,yes
91,43,176.0,173.8,319.21466,-17.0,-5.03067,yes
91,44,201.0,172.8,252.46385,-91.0,4.3944855,no
91,45,201.0,171.84,130.11533,-62.0,10.428665,no
91,46,177.0,164.6,76.655075,38.0,10.062805,no
91,47,178.0,155.4,195.97958,-57.0,2.557022,no
91,48,142.0,154.36,184.17383,-5.0,-8.288605,no
91,49,126.0,153.96,158.80806,71.0,-8.242249,yes
91,50,177.0,148.8,103.04368,-102.0,-0.19508362,no
91,51,139.0,154.36,202.48457,65.0,-4.3034515,no
91,52,111.0,167.6,63.953106,131.0,-12.25592,no
91,53,157.0,170.52,284.10208,0.0,-5.362274,yes
91,54,191.0,175.32,123.55566,-20.0,6.2206726,no
91,55,185.0,186.44,17.029387,43.0,8.169617,no
91,56,201.0,191.72,45.099888,-66.0,5.8381653,no
91,57,188.0,184.84,59.07622,26.0,4.404068,no
91,58,195.0,182.12,137.4409,-46.0,0.2593689,no
91,59,166.0,181.8,115.42097,34.0,-5.591873,yes
91,60,180.0,180.2,110.63454,-23.0,-4.620926,yes
91,61,192.0,182.0,53.009434,-44.0,-0.8452301,no
91,62,165.0,189.56,45.54119,111.0,-1.0051727,no
91,63,179.0,195.76,77.52419,44.0,-1.1444092,no
91,64,197.0,201.16,56.32051,7.0,0.44424438,no
91,65,203.0,205.68001,56.35601,-2.0,1.8990479,no
91,66,207.0,206.92,44.27189,-10.0,2.851471,no
91,67,196.0,205.72,25.019993,61.0,2.1004791,no
91,68,204.0,203.4,51.24451,-25.0,-0.2743988,no
91,69,195.0,198.52,23.323807,7.0,-2.0864716,no
91,70,196.0,195.56,79.05694,0.0,-2.1108398,no
91,71,193.0,193.12,64.40497,-1.0,-2.356247,no
91,72,181.0,193.16,58.60034,50.0,-3.6799927,no
91,73,183.0,193.96,40.4475,-9.0,-3.079193,no
91,74,181.0,191.24,74.20242,54.0,1.8300476,no
91,75,191.0,181.72,63.007935,11.0,4.5711517,no
91,76,190.0,176.6,217.72,-78.0,-1.7941284,no
91,77,142.0,174.92,48.332184,93.0,-7.7713165,yes
91,78,178.0,169.96,218.2888,-36.0,-0.44366455,no
91,79,205.0,167.04,159.70598,-115.0,8.119766,no
91,80,155.0,169.4,219.80446,109.0,5.780487,yes
91,81,164.0,164.64,124.2578,-7.0,1.0568542,yes
91,82,173.0,156.44,119.54079,-70.0,-3.102127,yes
91,83,142.0,149.2,156.2178,-12.0,-9.515472,no
91,84,131.0,145.28,119.682915,0.0,-12.101532,no
91,85,130.0,139.12,144.01389,20.0,-8.024796,no
91,86,153.0,136.44,51.088158,-36.0,-2.8881683,no
91,87,150.0,134.16,63.1981,-66.0,-3.5296478,no
91,88,132.0,135.12,51.86521,21.0,-6.851303,no
91,89,124.0,136.2,57.428215,24.0,-7.76474,no
91,90,136.0,140.28,97.00516,16.0,-5.7900085,no
91,91,136.0,145.92,82.219215,14.0,-4.43396,yes
91,92,135.0,147.31999,93.39165,62.0,-2.6654358,yes
91,93,170.0,146.04,78.08969,-89.0,-2.8490448,yes
91,94,146.0,145.68,223.44574,-39.0,-10.886597,no
91,95,114.0,152.36,97.74457,95.0,-17.192291,yes
91,96,141.0,160.2,284.73846,42.0,-9.702408,yes
91,97,198.0,174.44,286.75076,-80.0,6.0641785,no
91,98,199.0,189.84,155.08063,37.0,16.916504,no
91,99,212.0,199.8,76.941536,-4.0,21.097961,no
92,0,201.0,205.44,68.24954,-2.0,-2.1413422,no
92,1,198.0,204.96,112.00893,13.0,-2.9398956,no
92,2,182.0,202.40001,98.95454,65.0,-4.347183,no
92,3,193.0,200.48,44.94441,5.0,-4.3808746,no
92,4,187.0,198.88,28.42534,44.0,-4.2467804,no
92,5,191.0,199.68001,68.26419,21.0,-3.2543182,no
92,6,208.0,201.28,60.083275,-39.0,-0.72828674,no
92,7,200.0,203.28,27.202942,12.0,2.097412,no
92,8,213.0,204.16,14.142136,-34.0,4.827835,no
92,9,204.0,203.88,16.492422,6.0,6.526779,no
92,10,216.0,199.8,37.01351,-50.0,9.343063,no
92,11,218.0,190.16,81.0432,-42.0,10.936935,no
92,12,212.0,179.31999,298.96487,-100.0,4.746933,no
92,13,152.0,173.08,300.62933,98.0,-6.551346,yes
92,14,158.0,170.12,114.69089,-2.0,-9.9331665,yes
92,15,169.0,174.2,99.29753,33.0,-3.7698212,yes
92,16,172.0,182.28,91.13726,49.0,3.6798248,no
92,17,189.0,191.95999,127.47549,62.0,9.71431,no
92,18,216.0,198.12,92.96236,-40.0,10.729828,no
92,19,219.0,203.72,132.8533,-79.0,6.8473206,no
92,20,192.0,205.04,51.86521,93.0,4.5814667,no
92,21,217.0,206.12,53.851646,-29.0,6.5640564,no
92,22,225.0,206.4,17.262676,-64.0,9.404663,no
92,23,214.0,200.8,58.463665,-8.0,9.864899,no
92,24,198.0,186.92,185.06755,-20.0,3.9239197,no
92,25,156.0,176.0,230.93289,85.0,-8.826309,no
92,26,149.0,175.84,71.021126,-9.0,-17.192719,no
92,27,152.0,176.04,303.16003,60.0,-7.172867,yes
92,28,219.0,181.08,216.59178,-79.0,12.668488,no
92,29,215.0,189.72,77.781746,-41.0,20.620285,no
92,30,210.0,188.64,70.327805,-50.0,17.518494,no
92,31,182.0,172.84,177.0706,35.0,8.003479,no
92,32,158.0,165.28,203.12065,9.0,-5.64917,no
92,33,139.0,163.52,48.166378,46.0,-10.893875,yes
92,34,166.0,166.36,207.96634,15.0,-0.9875946,no
92,35,188.0,173.88,157.4103,-1.0,11.825287,no
92,36,200.0,183.04,112.64102,15.0,16.703873,no
92,37,216.0,187.12,87.41853,-129.0,13.698547,no
92,38,174.0,182.84,21.260292,114.0,10.187912,no
92,39,202.0,177.8,78.91768,-34.0,9.17099,no
92,40,197.0,174.4,174.59096,-34.0,5.3480225,no
92,41,194.0,174.92,139.29106,-57.0,1.5510864,no
92,42,194.0,174.12,104.0,-26.0,2.4449768,no
92,43,201.0,178.59999,78.60026,-57.0,7.29657,no
92,44,199.0,179.68,46.32494,14.0,13.378983,no
92,45,201.0,176.68,114.58621,-27.0,14.387054,no
92,46,179.0,166.12,195.1666,-32.0,6.7257996,no
92,47,148.0,158.24,202.48457,44.0,-5.1933746,no
92,48,133.0,155.96,101.98039,10.0,-12.776535,no
92,49,137.0,152.88,187.07217,27.0,-6.9193115,yes
92,50,172.0,148.32,117.456375,-30.0,2.589157,no
92,51,156.0,155.88,228.82744,-4.0,-2.6026306,no
92,52,130.0,167.12,133.75351,60.0,-10.965469,no
92,53,164.0,167.68,277.76968,-1.0,-4.344284,yes
92,54,196.0,173.24,101.950966,-34.0,5.8939056,no
92,55,192.0,184.92,7.2111025,-9.0,7.0206604,no
92,56,195.0,192.2,25.059929,-6.0,5.7763214,no
92,57,192.0,187.44,34.058773,22.0,6.3466644,no
92,58,205.0,185.8,83.761566,-56.0,4.500183,no
92,59,176.0,184.12001,110.535065,24.0,-1.4231567,yes
92,60,171.0,184.0,47.707443,43.0,-3.843048,yes
92,61,184.0,183.0,44.04543,-1.0,-1.8659363,no
92,62,188.0,188.32,107.042046,5.0,0.4022827,no
92,63,206.0,194.2,119.80818,-42.0,2.3020172,no
92,64,209.0,199.48,38.0,-38.0,2.703247,no
92,65,194.0,201.72,25.495098,42.0,2.3786926,no
92,66,200.0,202.2,60.216278,45.0,3.2270508,no
92,67,224.0,201.4,47.518417,-103.0,2.4103394,no
92,68,195.0,199.48,87.46428,23.0,-0.82743835,no
92,69,189.0,196.16,52.478565,44.0,-1.1543732,no
92,70,218.0,194.31999,25.298222,-93.0,1.2223206,no
92,71,201.0,193.8,50.695168,1.0,1.2172089,no
92,72,200.0,193.95999,56.938564,-36.0,0.061706543,no
92,73,187.0,194.72,63.953106,46.0,1.5005035,no
92,74,208.0,191.56,67.941154,-68.0,6.394409,no
92,75,206.0,182.72,48.414875,-36.0,9.089798,no
92,76,186.0,177.68,205.4069,-11.0,3.1866455,no
92,77,150.0,173.48,101.8332,44.0,-4.079773,yes
92,78,156.0,165.84,111.516815,24.0,-1.7280579,no
92,79,162.0,160.48,106.320274,37.0,2.035324,yes
92,80,157.0,160.16,148.80861,-19.0,-1.5431824,yes
92,81,143.0,155.0,137.186,29.0,-5.665695,yes
92,82,154.0,147.84,147.49237,-49.0,-6.0279236,no
92,83,132.0,143.96,4.2426405,54.0,-4.8981934,no
92,84,143.0,144.64,121.597694,18.0,-2.2522125,no
92,85,147.0,141.84,83.0542,-15.0,0.051513672,no
92,86,150.0,140.8,61.983868,-32.0,-0.89945984,no
92,87,121.0,141.52,77.83315,79.0,-5.3471527,no
92,88,140.0,142.44,32.89377,-39.0,-7.3720245,no
92,89,133.0,143.0,88.50989,45.0,-5.960266,no
92,90,157.0,147.08,103.23759,-54.0,-3.1725006,yes
92,91,161.0,150.84,81.3019,-43.0,-1.6656799,yes
92,92,147.0,151.44,46.173584,16.0,-2.9950867,yes
92,93,150.0,149.56,91.76056,-35.0,-7.987915,yes
92,94,103.0,149.2,119.682915,144.0,-16.583282,yes
92,95,113.0,156.84,184.76471,87.0,-17.865265,yes
92,96,165.0,166.56,337.81653,-31.0,-4.6720734,yes
92,97,204.0,180.24,255.56212,-12.0,12.907974,no
92,98,232.0,196.0,92.09777,-81.0,21.900146,no
92,99,221.0,206.32,54.91812,3.0,22.897354,no
93,0,207.0,201.72,28.84441,16.0,1.4613342,no
93,1,228.0,201.4,21.023796,-100.0,1.9520874,no
93,2,214.0,200.72,59.07622,-33.0,1.0928497,no
93,3,209.0,200.28,60.166435,-24.0,-0.45761108,no
93,4,202.0,199.8,70.76723,-26.0,-2.6679077,no
93,5,185.0,200.31999,24.738634,52.0,-3.9707794,no
93,6,194.0,201.52,46.69047,-2.0,-2.1368256,no
93,7,191.0,202.88,95.41489,75.0,2.1020203,no
93,8,215.0,203.8,60.876926,-43.0,4.7810364,no
93,9,190.0,204.84,47.853943,71.0,4.251587,no
93,10,199.0,205.68,34.43835,20.0,6.0302277,no
93,11,201.0,200.0,59.615433,46.0,11.113861,no
93,12,225.0,192.92,75.43209,-63.0,12.297348,no
93,13,208.0,185.76,255.37816,-94.0,3.515213,no
93,14,160.0,180.4,108.78419,80.0,-6.601074,yes
93,15,181.0,180.64,89.31965,-59.0,-7.0961914,yes
93,16,193.0,185.2,161.37534,-29.0,1.3439636,yes
93,17,214.0,191.12,117.00427,-37.0,10.385849,no
93,18,219.0,197.52,47.010635,-36.0,12.362717,no
93,19,219.0,202.64,84.095184,-25.0,8.556732,no
93,20,216.0,201.95999,67.6757,-67.0,4.2911987,no
93,21,201.0,202.56,73.82411,31.0,4.025238,no
93,22,205.0,203.16,74.215904,20.0,7.099823,no
93,23,209.0,198.0,42.44997,-16.0,9.187973,no
93,24,199.0,185.52,176.91241,-11.0,4.3071594,no
93,25,165.0,176.92,259.30676,10.0,-8.611176,no
93,26,140.0,176.64,23.194826,47.0,-14.713303,yes
93,27,171.0,173.88,295.14743,13.0,-2.2694702,yes
93,28,215.0,177.32,88.10221,-92.0,13.199188,no
93,29,182.0,184.88,137.55727,81.0,15.974625,no
93,30,195.0,183.36,124.42668,-16.0,12.559937,no
93,31,196.0,169.56,171.84296,-85.0,4.851425,no
93,32,162.0,164.44,217.04378,-14.0,-7.8206177,no
93,33,133.0,163.04,84.6286,74.0,-13.305618,yes
93,34,184.0,165.31999,253.29825,-93.0,-2.857956,no
93,35,200.0,171.0,180.05554,-17.0,11.6996155,no
93,36,229.0,179.44,60.74537,-140.0,16.596268,no
93,37,180.0,185.12,154.67384,97.0,11.230209,no
93,38,199.0,184.88,97.49872,-74.0,7.53685,no
93,39,204.0,183.6,106.06602,-31.0,9.132477,no
93,40,210.0,185.8,73.34848,-95.0,9.365051,no
93,41,174.0,188.68001,13.038404,114.0,8.095093,no
93,42,196.0,188.24,38.600517,-36.0,8.042923,no
93,43,178.0,191.0,31.400637,98.0,8.37323,no
93,44,207.0,188.52,92.34717,-97.0,10.250092,no
93,45,198.0,180.04,101.21265,-32.0,10.245102,no
93,46,158.0,166.92,226.56566,77.0,1.1480713,no
93,47,146.0,159.56,220.78496,-38.0,-12.654953,no
93,48,115.0,156.84,50.931328,70.0,-16.696426,no
93,49,144.0,153.44,282.41812,41.0,-3.891037,yes
93,50,188.0,148.44,113.70136,-63.0,7.968445,no
93,51,179.0,156.8,184.79178,-63.0,1.892334,no
93,52,149.0,165.88,9.055386,17.0,-7.58284,yes
93,53,172.0,165.88,230.86794,-15.0,-2.6749115,yes
93,54,203.0,173.44,76.837494,-73.0,4.8185577,no
93,55,183.0,186.52,84.89994,7.0,3.8061829,no
93,56,189.0,194.08,83.18654,19.0,3.356842,no
93,57,202.0,191.48,58.0517,-35.0,6.3058777,no
93,58,201.0,190.16,62.625874,7.0,6.6413574,no
93,59,186.0,186.32,118.90332,10.0,0.6839142,no
93,60,187.0,185.24,41.400482,-40.0,-4.8953857,yes
93,61,184.0,182.8,95.131485,-10.0,-4.175873,yes
93,62,202.0,185.76,107.15409,-37.0,0.91290283,no
93,63,206.0,191.28,58.463665,-29.0,3.8198242,no
93,64,201.0,197.08,53.460266,4.0,3.556076,no
93,65,206.0,199.88,36.496574,-4.0,3.4603271,no
93,66,220.0,199.28,41.01219,-78.0,3.1759338,no
93,67,202.0,198.2,117.79643,6.0,0.27220154,no
93,68,186.0,196.44,48.104053,36.0,-2.9174042,no
93,69,192.0,194.36,33.37664,4.0,-2.4681854,no
93,70,193.0,193.36,72.99315,19.0,-0.8805542,no
93,71,194.0,195.12,85.146935,-11.0,-0.0851593,no
93,72,195.0,196.31999,49.010204,13.0,2.659317,no
93,73,203.0,196.64,63.63961,-19.0,7.1494293,no
93,74,190.0,191.76,21.023796,61.0,10.72081,no
93,75,203.0,182.8,103.00485,-36.0,10.233704,no
93,76,187.0,175.28,196.69774,-47.0,3.565628,no
93,77,160.0,166.84,63.1981,9.0,-1.9667358,yes
93,78,158.0,156.52,17.720045,28.0,-1.5243988,yes
93,79,167.0,150.8,82.02438,-66.0,-1.9700165,yes
93,80,149.0,149.72,129.46814,-10.0,-6.5463104,yes
93,81,126.0,146.56,90.55385,40.0,-10.529831,no
93,82,119.0,144.72,66.48308,80.0,-8.266678,no
93,83,143.0,145.28,127.47549,35.0,-0.8215637,no
93,84,180.0,147.2,52.0,-149.0,4.946289,no
93,85,150.0,146.08,55.226807,41.0,5.1570435,no
93,86,147.0,146.12,125.25175,0.0,0.01171875,no
93,87,123.0,148.2,93.230896,60.0,-6.507065,no
93,88,135.0,148.72,143.8402,24.0,-6.7359924,yes
93,89,156.0,152.6,102.528046,-28.0,-3.5679169,yes
93,90,144.0,157.84,74.20242,44.0,-1.6061707,yes
93,91,161.0,160.44,102.625534,10.0,0.7923584,no
93,92,158.0,159.16,134.84807,5.0,-0.8976288,no
93,93,145.0,155.96,143.03146,31.0,-7.050934,yes
93,94,147.0,154.04,186.68155,-6.0,-12.744247,yes
93,95,157.0,160.04,160.6549,-53.0,-12.523407,yes
93,96,171.0,169.16,236.00847,7.0,-2.305359,no
93,97,209.0,181.0,212.87555,-53.0,11.134827,no
93,98,223.0,196.32,153.93506,-50.0,18.085526,no
93,99,222.0,205.28,98.99495,-16.0,19.300156,no
94,0,208.0,203.12,67.18631,-32.0,-0.14538574,no
94,1,193.0,202.04,65.96969,74.0,1.0580292,no
94,2,204.0,200.72,34.058773,3.0,1.7209473,no
94,3,203.0,201.28,41.18252,9.0,0.6789398,no
94,4,201.0,199.72,20.09975,-3.0,-0.99375916,no
94,5,205.0,199.8,48.08326,-37.0,-1.5894775,no
94,6,190.0,200.92,59.665737,76.0,-0.5848694,no
94,7,230.0,202.92,72.56721,-127.0,2.6221771,no
94,8,223.0,203.04,31.780497,-43.0,4.549835,no
94,9,213.0,204.92,40.24922,-19.0,3.5097504,no
94,10,209.0,208.76,25.495098,-17.0,3.5136108,no
94,11,208.0,206.28,66.48308,-1.0,7.9477234,no
94,12,216.0,200.8,6.3245554,-5.0,12.078018,no
94,13,201.0,192.76,178.57211,3.0,6.73172,no
94,14,173.0,185.4,214.18216,16.0,-5.4147644,no
94,15,143.0,180.4,47.518417,104.0,-11.390976,yes
94,16,176.0,181.36,253.87004,22.0,-3.6401215,yes
94,17,218.0,186.68001,107.51744,-91.0,6.6943817,no
94,18,191.0,193.08,115.39497,60.0,7.6585846,no
94,19,197.0,199.08,114.43776,-6.0,3.716034,no
94,20,185.0,201.24,85.158676,65.0,0.5622406,no
94,21,197.0,202.0,63.89053,-6.0,0.59284973,no
94,22,205.0,201.44,73.34848,-31.0,3.7434845,no
94,23,202.0,196.04001,71.568146,6.0,7.5278625,no
94,24,213.0,185.72,112.17843,-82.0,6.0006104,no
94,25,175.0,177.28,272.94687,-25.0,-4.5075684,no
94,26,122.0,173.76,57.271286,182.0,-10.149963,yes
94,27,190.0,167.84,235.91524,-108.0,-0.47384644,yes
94,28,196.0,170.44,119.94165,-19.0,8.844833,no
94,29,184.0,174.92,139.0899,-33.0,8.376785,no
94,30,176.0,173.24,103.24728,10.0,5.477783,no
94,31,160.0,164.2,158.05063,46.0,-1.0096283,no
94,32,147.0,162.92,181.64801,-3.0,-12.260468,yes
94,33,121.0,162.36,50.990196,78.0,-17.822845,yes
94,34,144.0,165.28,238.39882,59.0,-9.66333,no
94,35,182.0,169.36,239.82077,-24.0,2.5673065,yes
94,36,196.0,175.92,211.41902,-46.0,6.0363617,no
94,37,173.0,179.04001,183.19934,7.0,1.1543732,no
94,38,164.0,179.92,141.76036,47.0,-1.3110962,no
94,39,174.0,180.2,137.08392,15.0,1.4148254,no
94,40,170.0,185.24,84.0238,102.0,5.3366394,no
94,41,210.0,189.4,85.47514,-97.0,9.201645,no
94,42,202.0,191.36,77.05842,17.0,10.467743,no
94,43,206.0,192.88,119.331474,-90.0,7.092087,no
94,44,156.0,189.6,50.0,161.0,4.7584534,no
94,45,194.0,177.72,40.0,-48.0,5.503418,no
94,46,186.0,164.28,223.64705,-100.0,-1.2313843,no
94,47,125.0,158.95999,238.47852,94.0,-14.260864,no
94,48,107.0,157.95999,142.04225,123.0,-15.355438,yes
94,49,177.0,155.04,304.63092,-90.0,0.73999023,yes
94,50,194.0,153.96,26.832815,-68.0,10.039856,no
94,51,160.0,163.12,265.33374,13.0,-0.5870514,no
94,52,132.0,168.92,105.080925,43.0,-10.55014,yes
94,53,157.0,168.56,267.0468,54.0,-3.766983,no
94,54,188.0,175.6,43.081318,-31.0,3.757248,no
94,55,155.0,186.28,39.92493,145.0,1.9262085,no
94,56,195.0,193.72,73.00685,-54.0,1.0673065,no
94,57,191.0,194.16,83.00603,32.0,4.498825,no
94,58,218.0,193.16,12.165525,-80.0,7.209961,no
94,59,190.0,188.23999,152.59096,12.0,1.8099976,no
94,60,167.0,187.95999,118.60017,38.0,-7.4691925,yes
94,61,153.0,185.72,104.80458,94.0,-9.761368,yes
94,62,193.0,186.04,143.45033,-52.0,-3.7725372,no
94,63,186.0,190.36,55.443665,33.0,0.6330719,no
94,64,187.0,197.44,59.665737,43.0,1.797226,no
94,65,205.0,200.72,35.468296,-22.0,2.5480652,no
94,66,194.0,199.48,81.608826,32.0,0.5466919,no
94,67,184.0,199.08,80.919716,42.0,-3.6001587,no
94,68,191.0,197.56,43.011627,-13.0,-5.404999,no
94,69,204.0,195.96,33.13608,-60.0,-4.4043274,no
94,70,187.0,194.2,41.18252,6.0,-3.9501495,no
94,71,176.0,196.0,41.109608,77.0,-1.9664154,no
94,72,196.0,196.96,100.02,8.0,4.1694336,no
94,73,221.0,196.04001,36.796738,-75.0,11.215607,no
94,74,207.0,187.44,74.094536,-14.0,13.226913,no
94,75,193.0,177.44,201.76224,-20.0,7.26799,no
94,76,152.0,168.76,221.38202,57.0,-2.3916168,no
94,77,154.0,158.04,114.01754,15.0,-4.9935455,yes
94,78,177.0,149.52,118.70131,-123.0,-3.6248627,yes
94,79,133.0,146.48,171.40012,66.0,-6.5751495,yes
94,80,136.0,146.28,82.96987,-1.0,-10.006546,no
94,81,133.0,144.52,32.55764,0.0,-10.385712,no
94,82,133.0,144.88,114.93476,38.0,-5.7398224,no
94,83,176.0,144.84001,75.43209,-156.0,1.434555,no
94,84,135.0,147.04001,71.063354,133.0,4.636032,no
94,85,167.0,145.40001,52.63079,-73.0,3.833908,no
94,86,165.0,147.12,58.0,-61.0,-0.38435364,no
94,87,149.0,152.08,87.46428,-13.0,-4.4183197,yes
94,88,145.0,155.16,212.17445,67.0,-2.1806488,yes
94,89,184.0,162.0,145.00345,-95.0,0.93170166,no
94,90,146.0,170.0,128.26535,104.0,0.98521423,no
94,91,191.0,171.32,187.32326,-74.0,4.1276245,no
94,92,184.0,168.68,187.62729,-31.0,3.594101,no
94,93,156.0,165.84,146.29422,57.0,-1.917923,no
94,94,177.0,162.4,104.27847,-75.0,-6.7049103,no
94,95,144.0,164.64,33.37664,62.0,-9.946167,yes
94,96,160.0,172.08,178.39282,23.0,-5.8571625,no
94,97,185.0,180.16,155.97435,-14.0,2.7607117,no
94,98,179.0,190.56,142.02112,89.0,8.250168,no
94,99,206.0,197.84,128.80994,-23.0,10.672394,no
95,0,192.0,206.6,24.41311,37.0,-3.3528137,no
95,1,206.0,206.24,24.738634,-24.0,-1.5416412,no
95,2,209.0,204.84,20.09975,-26.0,-0.46040344,no
95,3,207.0,205.28,56.586216,-33.0,-1.1583099,no
95,4,191.0,202.76,43.011627,44.0,-0.8109741,no
95,5,207.0,200.95999,55.154327,8.0,1.0628662,no
95,6,207.0,199.44,50.039986,-49.0,0.007598877,no
95,7,189.0,201.24,102.01961,66.0,-1.4950256,no
95,8,191.0,200.68001,115.767006,49.0,-0.7806244,no
95,9,211.0,202.04001,56.515484,-35.0,0.6857605,no
95,10,199.0,205.68001,28.84441,30.0,1.3929596,no
95,11,205.0,207.4,80.09994,19.0,5.0461273,no
95,12,225.0,203.4,10.29563,-47.0,9.726379,no
95,13,210.0,196.44,116.901665,-11.0,7.164154,no
95,14,204.0,190.2,215.24405,-95.0,-2.910675,no
95,15,146.0,183.31999,129.65338,119.0,-12.264542,no
95,16,172.0,180.6,178.01685,-24.0,-10.568222,yes
95,17,200.0,182.28,195.43285,-66.0,-2.664215,yes
95,18,190.0,188.44,89.050545,-4.0,0.71691895,no
95,19,187.0,193.52,21.023796,32.0,0.46018982,no
95,20,195.0,196.32,24.698177,-22.0,0.11584473,no
95,21,191.0,196.96,22.803509,12.0,0.93925476,no
95,22,185.0,197.08,9.055386,52.0,3.3979187,no
95,23,187.0,192.44,21.023796,34.0,6.9415894,no
95,24,194.0,185.0,77.88453,1.0,7.6224365,no
95,25,175.0,179.16,184.83507,11.0,1.7526245,no
95,26,165.0,172.87999,68.117546,-29.0,-3.36557,yes
95,27,163.0,164.95999,131.57507,21.0,-2.3591766,yes
95,28,176.0,163.36,262.42712,-77.0,-1.6794281,yes
95,29,149.0,164.4,208.61447,67.0,-2.4605408,no
95,30,175.0,162.92,106.97663,-51.0,-1.5919495,yes
95,31,167.0,160.08,85.70881,-37.0,-4.4556427,yes
95,32,142.0,163.68,115.97414,51.0,-11.327606,yes
95,33,138.0,166.8,156.17938,27.0,-14.629257,yes
95,34,148.0,170.64,155.56349,38.0,-10.498535,yes
95,35,164.0,170.8,49.57822,-7.0,-5.672287,yes
95,36,154.0,174.12001,130.5067,56.0,-6.0980835,yes
95,37,159.0,172.92,84.59315,-2.0,-8.590988,yes
95,38,157.0,171.24,46.8615,37.0,-8.2643585,no
95,39,173.0,171.12001,77.781746,-22.0,-5.2471924,no
95,40,188.0,178.48,137.17871,-56.0,-0.266922,no
95,41,197.0,183.84,165.84933,-13.0,6.266037,no
95,42,213.0,188.84,76.15773,-56.0,10.036285,no
95,43,198.0,192.32,102.48902,-11.0,7.8612823,no
95,44,178.0,189.76,84.97058,43.0,5.258484,no
95,45,188.0,177.40001,38.470768,-35.0,4.3975677,no
95,46,167.0,164.56,185.78482,28.0,-2.1600037,no
95,47,155.0,160.76,172.98555,-61.0,-12.181656,no
95,48,134.0,158.84,169.81166,41.0,-10.030884,yes
95,49,173.0,155.44,247.879,-9.0,4.952423,no
95,50,183.0,156.31999,115.00435,-20.0,8.739624,no
95,51,148.0,165.48,251.01793,-3.0,-5.08374,no
95,52,105.0,168.88,133.84319,214.0,-12.330902,yes
95,53,190.0,168.44,271.83084,-115.0,-2.5500488,no
95,54,206.0,175.68,45.453274,-75.0,5.4922485,no
95,55,199.0,184.4,61.204575,-48.0,3.8057861,no
95,56,191.0,191.04,25.806976,1.0,0.39517212,no
95,57,181.0,194.2,88.60023,49.0,1.6682129,no
95,58,210.0,195.84,81.7435,-28.0,7.133728,no
95,59,201.0,191.72,160.89748,-5.0,5.3572083,no
95,60,176.0,191.31999,208.47063,25.0,-5.2679443,no
95,61,162.0,188.16,21.954498,14.0,-11.865646,yes
95,62,179.0,186.28,138.70833,8.0,-7.4884033,no
95,63,191.0,189.2,46.818798,1.0,-1.2827454,no
95,64,199.0,196.2,50.159744,-19.0,1.2938995,no
95,65,211.0,200.36,26.907248,-49.0,1.9459839,no
95,66,199.0,200.31999,49.67897,1.0,0.36645508,no
95,67,191.0,200.28,106.97663,17.0,-2.3574371,no
95,68,177.0,197.24,74.431175,70.0,-4.2154846,no
95,69,186.0,195.16,25.806976,21.0,-4.5180817,no
95,70,181.0,193.48,30.265491,44.0,-3.9405823,no
95,71,204.0,194.92,59.413803,-60.0,-0.75730896,no
95,72,200.0,193.96,42.80187,-10.0,4.623123,no
95,73,203.0,192.92,98.762344,9.0,10.210861,no
95,74,210.0,182.40001,147.0034,-57.0,10.649719,no
95,75,190.0,171.6,328.7096,-71.0,0.7123871,no
95,76,131.0,163.44,237.58788,63.0,-11.843979,no
95,77,142.0,154.28,164.83931,-21.0,-12.242111,yes
95,78,140.0,147.56,70.21396,33.0,-7.523636,yes
95,79,118.0,147.52,70.21396,79.0,-7.933548,no
95,80,128.0,148.16,89.88882,43.0,-7.9227905,no
95,81,137.0,146.12,98.79271,-1.0,-5.0544586,no
95,82,142.0,145.76,91.60786,14.0,-0.7413025,no
95,83,137.0,144.48,26.305893,75.0,1.0104828,no
95,84,150.0,146.08,75.89466,-52.0,-1.3191681,no
95,85,145.0,146.6,115.52489,-3.0,-4.2037506,no
95,86,136.0,149.96,103.23759,56.0,-6.3271027,yes
95,87,150.0,159.16,113.03982,3.0,-4.8493958,yes
95,88,179.0,164.92,199.48935,-40.0,1.9759827,no
95,89,194.0,174.36,114.62984,-48.0,5.7829437,no
95,90,169.0,183.0,115.41231,57.0,4.7017975,no
95,91,199.0,185.44,120.67311,-39.0,6.7013397,no
95,92,200.0,184.04,106.25441,-49.0,6.431305,no
95,93,175.0,182.64,100.17984,35.0,2.1198578,no
95,94,186.0,176.4,123.04471,-64.0,-2.8532104,no
95,95,144.0,173.56,118.80236,98.0,-8.852539,yes
95,96,163.0,175.88,92.64988,-6.0,-9.422546,yes
95,97,178.0,177.76,99.80982,-11.0,-4.2764893,no
95,98,191.0,183.24,85.146935,-33.0,0.41131592,no
95,99,194.0,188.36,149.27156,-29.0,2.1644745,no
96,0,199.0,205.96,72.8011,16.0,-2.1464386,no
96,1,206.0,205.88,41.109608,-19.0,-0.71769714,no
96,2,193.0,204.76,44.27189,58.0,-0.16488647,no
96,3,192.0,206.28,63.780876,45.0,-1.1123047,no
96,4,193.0,205.2,68.35203,43.0,-0.11277771,no
96,5,233.0,203.72,18.867962,-137.0,2.1363068,no
96,6,193.0,201.6,107.70329,55.0,-1.0850983,no
96,7,194.0,203.88,46.06517,-10.0,-5.946274,no
96,8,190.0,202.8,69.354164,5.0,-6.0780487,no
96,9,206.0,203.72,66.27216,-11.0,-2.1557312,no
96,10,201.0,206.28,25.96151,18.0,-0.28648376,no
96,11,207.0,209.16,73.00685,-10.0,1.8060455,no
96,12,222.0,206.76,57.567352,-56.0,5.8957977,no
96,13,199.0,200.84,80.622574,46.0,6.181534,no
96,14,192.0,193.68,131.10301,21.0,0.80067444,no
96,15,184.0,185.36,183.41211,-66.0,-8.224884,no
96,16,142.0,181.44,69.641945,114.0,-14.631302,yes
96,17,154.0,179.48,175.23698,35.0,-12.457413,yes
96,18,178.0,182.28,143.22011,20.0,-4.9476776,no
96,19,198.0,188.12001,58.821766,-60.0,0.4867096,no
96,20,195.0,192.36,30.463093,19.0,3.2824097,no
96,21,199.0,192.2,17.088007,-7.0,4.850174,no
96,22,209.0,190.52,9.486833,-68.0,6.129242,no
96,23,201.0,185.48,37.735924,-21.0,7.508911,no
96,24,202.0,178.08,67.424034,-68.0,8.103928,no
96,25,177.0,171.28,71.34424,30.0,7.1593475,no
96,26,171.0,163.16,134.38005,-2.0,4.1026,no
96,27,142.0,155.8,170.01176,60.0,-3.2756805,no
96,28,119.0,154.2,138.80922,91.0,-11.500366,yes
96,29,128.0,153.64,151.0298,48.0,-12.756256,yes
96,30,157.0,155.36,134.40237,-32.0,-8.462784,yes
96,31,154.0,159.12,49.517673,20.0,-5.666519,yes
96,32,167.0,166.28,133.70116,-18.0,-4.2203827,yes
96,33,168.0,171.0,228.56946,13.0,-2.3226776,yes
96,34,184.0,175.68,225.42848,-47.0,-0.30815125,no
96,35,165.0,174.6,198.0101,50.0,-2.0538635,no
96,36,153.0,172.88,137.186,43.0,-7.5545654,yes
96,37,150.0,167.36,1.4142135,27.0,-11.592331,yes
96,38,169.0,163.24,64.28063,-68.0,-12.207855,yes
96,39,151.0,164.08,115.35164,30.0,-11.6484375,no
96,40,156.0,171.4,156.46086,33.0,-8.011505,no
96,41,164.0,179.28,182.98088,66.0,-0.6414337,no
96,42,199.0,187.16,111.73182,-53.0,6.32312,no
96,43,184.0,192.76,26.907248,81.0,9.566971,no
96,44,213.0,188.76,92.64988,-103.0,10.616608,no
96,45,178.0,174.92,157.94302,63.0,6.9750366,no
96,46,167.0,164.56,206.0,-17.0,-3.3782043,no
96,47,133.0,161.8,108.16654,56.0,-12.08374,no
96,48,142.0,160.31999,192.15099,42.0,-6.3019257,yes
96,49,189.0,156.52,160.798,-59.0,6.8580017,no
96,50,197.0,158.56,176.4653,-120.0,6.1676636,no
96,51,141.0,165.0,144.01389,83.0,-6.5112305,no
96,52,164.0,166.36,182.06042,-78.0,-9.283722,yes
96,53,177.0,166.0,147.10541,3.0,-0.717041,no
96,54,172.0,175.04,82.764725,75.0,3.8913727,no
96,55,196.0,183.76,85.146935,-50.0,1.9920807,no
96,56,190.0,190.0,77.83315,-10.0,-1.9654694,no
96,57,181.0,196.04001,95.34149,27.0,-1.3383179,no
96,58,212.0,198.64,168.29736,-28.0,7.394104,no
96,59,223.0,193.4,110.92339,-48.0,11.569748,no
96,60,199.0,191.2,261.26614,-25.0,2.5947418,no
96,61,154.0,187.16,126.253716,114.0,-8.480026,yes
96,62,178.0,182.84,116.841774,-17.0,-8.505508,no
96,63,201.0,185.95999,91.44397,-63.0,-2.0344086,no
96,64,188.0,192.92,26.0,50.0,1.679245,no
96,65,192.0,199.68,22.135944,38.0,2.5198975,no
96,66,201.0,201.64,61.854668,13.0,3.1634216,no
96,67,221.0,203.48,88.20431,-63.0,3.5773468,no
96,68,210.0,199.84,111.220505,-36.0,1.4820251,no
96,69,203.0,198.36,77.42093,-26.0,-1.1358337,no
96,70,191.0,195.88,25.495098,11.0,-1.7809906,no
96,71,199.0,196.44,20.0,-20.0,0.5159302,no
96,72,187.0,194.76001,42.638012,38.0,3.5763397,no
96,73,190.0,191.48,80.95678,-1.0,6.17778,no
96,74,183.0,178.2,143.40154,-7.0,4.8776703,no
96,75,155.0,166.08,285.72714,33.0,-5.5829773,no
96,76,103.0,157.72,166.37308,127.0,-17.908707,yes
96,77,122.0,148.32,152.01315,40.0,-15.803848,yes
96,78,156.0,144.56,109.63576,-44.0,-5.5560913,no
96,79,150.0,148.95999,163.24828,1.0,-0.3776703,no
96,80,164.0,151.08,161.1521,-61.0,1.7293396,no
96,81,144.0,148.48,108.04629,63.0,3.1767273,no
96,82,175.0,145.04,46.173584,-107.0,3.5437317,no
96,83,155.0,142.2,106.92053,-40.0,-0.91381836,no
96,84,131.0,143.48,84.8646,31.0,-8.149506,no
96,85,124.0,147.04,45.276924,52.0,-11.805817,yes
96,86,140.0,153.72,89.88882,-6.0,-10.699387,yes
96,87,139.0,168.04,182.77855,94.0,-5.2453003,no
96,88,187.0,176.64,216.96544,-48.0,3.9423065,no
96,89,196.0,186.56,106.48004,13.0,9.080704,no
96,90,194.0,193.44,140.91132,-5.0,8.373016,no
96,91,197.0,196.76,124.04031,29.0,8.460205,no
96,92,193.0,195.64,117.65203,33.0,8.043671,no
96,93,193.0,194.56,151.90787,4.0,6.486847,no
96,94,184.0,188.0,196.17339,47.0,3.2762299,no
96,95,181.0,181.6,195.06409,-31.0,-3.3979187,yes
96,96,164.0,177.88,66.211784,15.0,-9.26651,yes
96,97,162.0,176.2,106.10372,19.0,-9.019409,yes
96,98,180.0,177.88,80.70936,-33.0,-4.575775,no
96,99,156.0,179.08,52.3259,92.0,-2.4952393,no
97,0,215.0,207.76001,43.56604,-28.0,1.5454407,no
97,1,207.0,206.56,56.302753,29.0,2.6029205,no
97,2,223.0,204.76001,70.0,-52.0,3.3102875,no
97,3,220.0,205.76001,85.146935,-65.0,1.841919,no
97,4,199.0,204.68001,37.735924,32.0,1.3037872,no
97,5,202.0,202.32,12.806249,33.0,2.1017303,no
97,6,193.0,200.16,76.15773,32.0,-0.8156433,no
97,7,194.0,202.0,78.81624,-10.0,-5.719101,no
97,8,174.0,201.84,58.30952,91.0,-6.655365,no
97,9,211.0,202.64,112.64102,-41.0,-1.9620972,no
97,10,210.0,205.96,60.811184,-21.0,0.442276,no
97,11,190.0,209.16,14.142136,69.0,0.24368286,no
97,12,201.0,209.6,51.009804,38.0,2.9243774,no
97,13,218.0,205.52,53.75872,-56.0,6.341095,no
97,14,202.0,197.12,132.37825,15.0,6.4127197,no
97,15,190.0,186.04,214.96512,23.0,-0.0798645,no
97,16,172.0,181.56,244.2294,-45.0,-11.201889,no
97,17,131.0,177.92,116.18089,157.0,-14.240601,yes
97,18,190.0,178.84,156.67801,-84.0,-5.863846,no
97,19,172.0,184.72,35.77709,98.0,1.3626862,no
97,20,207.0,189.68,71.34424,-91.0,5.152832,no
97,21,194.0,188.32,26.907248,20.0,6.8161316,no
97,22,183.0,184.24,84.89994,48.0,5.545166,no
97,23,185.0,177.72,194.50964,-23.0,2.5739594,no
97,24,168.0,171.12001,258.062,31.0,0.8012085,no
97,25,190.0,164.04001,229.51253,-102.0,3.5585327,yes
97,26,198.0,154.72,126.649124,-109.0,5.453888,yes
97,27,175.0,147.24,230.52115,-105.0,-2.3933868,yes
97,28,121.0,146.96,105.00476,70.0,-13.816376,no
97,29,135.0,147.08,95.35198,-29.0,-16.292267,yes
97,30,139.0,153.92,88.29496,26.0,-11.368515,yes
97,31,145.0,164.28,169.79988,62.0,-4.2940216,yes
97,32,186.0,176.16,203.82835,-31.0,4.1775513,yes
97,33,196.0,181.4,163.71927,-14.0,9.74498,no
97,34,208.0,186.04,125.09996,-29.0,10.980576,no
97,35,209.0,183.36,160.99689,-87.0,7.968811,no
97,36,186.0,179.16,239.47025,-19.0,1.5476685,no
97,37,146.0,170.2,178.19652,94.0,-6.625183,yes
97,38,150.0,163.48,88.60023,-1.0,-13.665741,yes
97,39,136.0,162.28,89.106674,37.0,-17.550613,yes
97,40,154.0,168.32,145.7738,-15.0,-13.65126,no
97,41,170.0,175.08,170.62825,6.0,-3.3290405,no
97,42,182.0,185.36,107.42439,55.0,6.0601807,no
97,43,207.0,191.28,62.514,-63.0,11.668228,no
97,44,209.0,187.28,22.627417,-8.0,13.682312,no
97,45,207.0,174.12,189.48878,-88.0,7.497757,no
97,46,173.0,166.28,281.7268,-60.0,-6.179886,no
97,47,124.0,162.68,14.422205,84.0,-13.368729,yes
97,48,154.0,162.04,228.95415,24.0,-4.1537476,yes
97,49,185.0,159.12,52.554733,-78.0,6.281891,no
97,50,155.0,161.68,169.49927,81.0,2.3114624,no
97,51,138.0,166.84,65.14599,44.0,-8.071274,no
97,52,155.0,168.24,164.10362,19.0,-7.8445435,yes
97,53,185.0,170.52,86.579445,-46.0,-0.8341217,no
97,54,184.0,180.04,17.720045,-34.0,0.75231934,no
97,55,173.0,187.84,49.396355,48.0,-1.5418243,no
97,56,182.0,192.28,26.076809,3.0,-3.7280731,no
97,57,168.0,199.12,79.61156,102.0,-2.2836761,no
97,58,206.0,200.59999,192.01042,-15.0,7.254715,no
97,59,232.0,195.8,20.0,-54.0,14.951111,no
97,60,218.0,192.23999,213.26509,-44.0,8.2560425,no
97,61,191.0,189.2,181.62048,-64.0,-5.445343,yes
97,62,161.0,183.56,63.655323,69.0,-10.1102295,yes
97,63,184.0,185.36,145.36162,16.0,-4.3620605,no
97,64,210.0,192.0,85.052925,-81.0,1.9616089,no
97,65,206.0,201.24,74.0,13.0,4.7711487,no
97,66,205.0,203.68,66.6033,8.0,5.9876404,no
97,67,219.0,205.31999,15.811388,-22.0,7.221283,no
97,68,203.0,202.44,67.052216,26.0,5.4098206,no
97,69,199.0,201.36,65.192024,21.0,2.2352295,no
97,70,192.0,196.88,51.613953,18.0,0.31880188,no
97,71,194.0,194.48,6.3245554,3.0,1.2308044,no
97,72,197.0,191.04,31.016125,-23.0,3.9630127,no
97,73,186.0,185.48,80.610176,18.0,5.955353,no
97,74,170.0,171.04,112.72977,65.0,3.8953552,no
97,75,177.0,159.28,243.85242,-96.0,-5.779114,no
97,76,131.0,152.32,162.38843,-2.0,-16.720856,yes
97,77,127.0,146.64,169.16855,43.0,-13.693802,yes
97,78,168.0,146.16,142.39381,-71.0,-0.7593994,no
97,79,163.0,151.56,64.202805,9.0,7.836029,no
97,80,173.0,154.12,65.9242,-26.0,9.98349,no
97,81,163.0,150.64,81.154175,-18.0,7.0169983,no
97,82,152.0,145.28,132.8006,-7.0,1.0878143,no
97,83,137.0,141.36,175.72707,11.0,-7.0315094,no
97,84,126.0,143.76,71.17584,2.0,-13.796158,yes
97,85,132.0,149.32,144.92067,15.0,-12.744064,yes
97,86,155.0,159.52,227.75865,3.0,-5.9140625,no
97,87,173.0,175.92,228.07893,-6.0,0.81677246,no
97,88,186.0,186.44,192.77448,39.0,7.1186523,no
97,89,222.0,195.44,75.00667,-87.0,10.860611,no
97,90,209.0,201.48,41.109608,14.0,9.956543,no
97,91,231.0,204.88,27.45906,-99.0,8.952164,no
97,92,215.0,203.52,56.089214,-15.0,9.395538,no
97,93,224.0,203.0,109.48972,-32.0,11.371445,no
97,94,223.0,197.24,147.13939,-75.0,11.000214,no
97,95,201.0,189.24,205.29977,-11.0,5.130722,yes
97,96,165.0,182.96,231.93103,56.0,-4.884369,yes
97,97,145.0,177.56,16.492422,84.0,-10.287445,yes
97,98,178.0,174.44,111.11256,-41.0,-5.890213,no
97,99,186.0,173.56,97.52948,-30.0,-0.25416565,no
98,0,211.0,209.6,7.071068,7.0,2.872757,no
98,1,213.0,207.64,23.021729,-3.0,3.5376434,no
98,2,220.0,204.92,65.74192,-38.0,3.1739044,no
98,3,201.0,204.68001,99.56907,42.0,0.5912018,no
98,4,213.0,203.44,57.00877,-48.0,-0.18243408,no
98,5,216.0,202.04,19.697716,-38.0,1.6147766,no
98,6,215.0,201.28,42.544094,-38.0,1.7152252,no
98,7,205.0,202.36,103.00485,-10.0,-1.2289581,no
98,8,192.0,203.6,70.21396,36.0,-3.230301,no
98,9,213.0,205.08,97.25225,-43.0,-0.2539215,no
98,10,217.0,207.16,38.078865,-11.0,3.1727295,no
98,11,211.0,209.04001,96.16652,-2.0,3.0633698,no
98,12,212.0,211.0,40.024994,-8.0,3.3768463,no
98,13,214.0,208.24,30.364452,-5.0,6.955765,no
98,14,223.0,198.64,29.017237,-31.0,10.765457,no
98,15,225.0,185.88,178.88544,-104.0,6.1993103,no
98,16,180.0,181.24,235.05319,2.0,-6.7206116,no
98,17,165.0,177.56,62.1289,-7.0,-11.79068,yes
98,18,195.0,176.32,148.66069,-60.0,-3.671524,yes
98,19,191.0,182.32,35.128338,-19.0,3.542328,no
98,20,176.0,188.08,34.0,99.0,5.777893,no
98,21,207.0,186.08,74.431175,-84.0,5.1946564,no
98,22,192.0,179.96,158.79547,-61.0,0.7120819,no
98,23,165.0,172.36,173.44164,-2.0,-5.334961,yes
98,24,126.0,164.6,133.12401,102.0,-9.27034,yes
98,25,115.0,157.52,164.2011,154.0,-7.430588,yes
98,26,147.0,147.2,226.00885,-14.0,-3.984558,yes
98,27,134.0,140.24,207.87015,41.0,-7.5084686,yes
98,28,125.0,141.31999,87.86353,-3.0,-14.63504,yes
98,29,123.0,143.56,126.69649,39.0,-14.331329,yes
98,30,145.0,154.64,188.98677,30.0,-6.6781006,yes
98,31,163.0,170.12,247.00203,25.0,2.5626526,yes
98,32,205.0,185.16,199.7198,-48.0,11.709518,no
98,33,208.0,191.6,58.66856,-8.0,15.402664,no
98,34,214.0,198.16,28.0,-46.0,14.262344,no
98,35,190.0,194.24,17.262676,84.0,13.014603,no
98,36,217.0,188.52,128.01562,-83.0,11.652756,no
98,37,192.0,176.31999,270.48474,-56.0,4.2377014,no
98,38,148.0,165.56,244.20074,66.0,-8.234192,yes
98,39,126.0,161.16,85.42833,67.0,-18.161728,yes
98,40,139.0,164.92,188.73262,37.0,-15.48053,yes
98,41,186.0,170.6,235.17227,-48.0,-1.7285919,no
98,42,207.0,182.36,79.25907,-72.0,9.190506,no
98,43,190.0,189.56,11.401754,59.0,12.490189,no
98,44,201.0,185.8,110.20889,-35.0,10.520203,no
98,45,180.0,172.56,242.98148,-19.0,1.491272,no
98,46,134.0,165.84,234.094,93.0,-11.1706085,no
98,47,120.0,162.44,105.99056,105.0,-13.5108185,yes
98,48,189.0,162.84,206.4219,-150.0,-1.1352692,yes
98,49,164.0,160.52,49.09175,89.0,7.538269,no
98,50,181.0,165.88,141.0319,-80.0,2.4053345,no
98,51,145.0,169.52,97.65244,43.0,-7.4741974,no
98,52,152.0,170.08,148.49243,28.0,-7.4201508,yes
98,53,178.0,172.8,115.316956,-17.0,-0.37820435,no
98,54,172.0,182.48,71.568146,54.0,2.1799011,no
98,55,178.0,188.68,114.93476,40.0,1.0574341,no
98,56,200.0,192.95999,100.65784,-36.0,-0.055099487,no
98,57,205.0,200.88,68.30813,-61.0,0.5361328,no
98,58,197.0,202.64,138.36185,52.0,6.998291,no
98,59,227.0,197.76,50.695168,-49.0,13.0746765,no
98,60,206.0,193.0,233.05363,-21.0,6.1318665,no
98,61,167.0,190.44,192.01042,57.0,-7.612137,yes
98,62,160.0,183.44,47.07441,30.0,-12.386169,yes
98,63,180.0,184.04001,117.00427,0.0,-6.5485687,no
98,64,181.0,190.52,130.29965,84.0,0.53382874,no
98,65,230.0,201.4,67.941154,-135.0,4.7139587,no
98,66,202.0,205.08,31.112698,53.0,6.062332,no
98,67,225.0,207.72,25.179358,-54.0,7.342285,no
98,68,210.0,206.08,49.335587,19.0,6.377411,no
98,69,219.0,204.48,44.94441,-65.0,3.8312073,no
98,70,202.0,198.12,68.73136,-9.0,1.4593658,no
98,71,191.0,192.92,28.600698,23.0,1.0237732,no
98,72,198.0,186.88,59.211487,-22.0,3.1575623,no
98,73,205.0,178.92,79.61156,-69.0,5.3664703,no
98,74,199.0,165.28,147.2481,-106.0,3.2184296,no
98,75,156.0,154.52,234.8872,13.0,-5.7069397,no
98,76,115.0,149.72,104.0769,97.0,-14.179855,yes
98,77,130.0,148.48,140.1856,21.0,-10.576538,no
98,78,155.0,151.48,150.65192,7.0,1.7742767,no
98,79,170.0,156.88,61.983868,-8.0,10.925827,no
98,80,176.0,159.04,42.426407,-25.0,11.733994,no
98,81,165.0,154.76,166.97305,-49.0,4.6356354,no
98,82,126.0,146.28,126.14278,73.0,-5.0957794,no
98,83,126.0,141.84,69.426216,1.0,-12.622559,no
98,84,106.0,146.68,79.24645,98.0,-14.542725,yes
98,85,138.0,154.56,285.40848,39.0,-6.3740234,no
98,86,178.0,165.36,265.30737,-7.0,4.878769,no
98,87,206.0,184.04001,128.99612,-72.0,9.602585,no
98,88,201.0,194.68001,103.94229,-9.0,10.411453,no
98,89,210.0,201.28,42.190044,19.0,10.543579,no
98,90,203.0,205.88,36.796738,13.0,7.2705383,no
98,91,204.0,209.96,52.34501,24.0,4.8628387,no
98,92,197.0,208.4,63.780876,78.0,6.2674866,no
98,93,233.0,209.36,53.814495,-97.0,10.543732,no
98,94,208.0,204.6,34.785053,68.0,13.249481,no
98,95,224.0,195.92,100.95544,-67.0,11.108917,no
98,96,206.0,187.36,250.012,-78.0,1.9587402,no
98,97,159.0,179.08,137.6372,50.0,-7.146866,yes
98,98,160.0,171.64,95.60335,56.0,-6.2373962,yes
98,99,194.0,168.32,122.87392,-80.0,-0.5352478,no
99,0,212.0,212.2,1.4142135,-2.0,2.3591156,no
99,1,211.0,210.32,21.633308,-3.0,2.048767,no
99,2,205.0,207.92,77.175125,9.0,-0.3350067,no
99,3,193.0,206.52,80.622574,15.0,-4.310623,no
99,4,188.0,205.88,81.608826,38.0,-4.9392853,no
99,5,196.0,203.84,95.015785,24.0,-1.2154388,no
99,6,208.0,202.8,41.036568,-4.0,2.396881,no
99,7,209.0,203.36,23.70654,-2.0,2.2917328,no
99,8,212.0,205.92,55.713554,-46.0,-0.24253845,no
99,9,189.0,206.68,62.03225,81.0,0.21362305,no
99,10,223.0,207.92,100.0,-40.0,4.912781,no
99,11,223.0,210.32,45.254833,-21.0,6.3802185,no
99,12,214.0,213.24,72.0,-9.0,4.3046265,no
99,13,198.0,211.48,43.931767,54.0,5.6280212,no
99,14,220.0,203.24,51.10773,-36.0,10.117172,no
99,15,203.0,191.31999,232.8476,-4.0,5.4579926,no
99,16,160.0,186.76,241.6278,50.0,-8.452957,no
99,17,147.0,181.56,95.80188,58.0,-13.429703,yes
99,18,174.0,177.92,197.1852,22.0,-3.8513947,yes
99,19,202.0,182.72,57.77543,-43.0,5.6155853,no
99,20,198.0,187.36,53.25411,-34.0,6.6365356,no
99,21,182.0,183.24,139.67104,11.0,1.7659149,no
99,22,152.0,174.36,168.38646,73.0,-5.2984924,yes
99,23,155.0,165.04,55.569775,10.0,-9.485321,yes
99,24,158.0,156.0,109.28861,-42.0,-10.808212,yes
99,25,151.0,149.28,110.63454,-53.0,-10.946274,no
99,26,127.0,140.64,44.72136,47.0,-10.964294,yes
99,27,130.0,136.52,57.201397,-10.0,-13.03923,yes
99,28,119.0,139.6,26.41969,24.0,-15.742523,yes
99,29,126.0,143.16,221.63934,49.0,-10.814148,yes
99,30,185.0,156.08,231.66354,-102.0,1.0110779,yes
99,31,182.0,172.92,173.90802,17.0,10.48436,no
99,32,215.0,189.36,132.19682,-49.0,16.555191,no
99,33,209.0,197.28,24.083189,0.0,16.321014,no
99,34,204.0,206.04,33.37664,15.0,12.885132,no
99,35,204.0,202.28,45.694637,-1.0,13.422897,no
99,36,217.0,194.12,24.04163,-29.0,16.735535,no
99,37,201.0,179.72,161.55495,-4.0,13.122971,no
99,38,190.0,167.28,252.68558,-73.0,0.29063416,no
99,39,148.0,161.2,211.37643,-1.0,-14.361435,yes
99,40,127.0,163.59999,156.20499,86.0,-15.649765,yes
99,41,180.0,170.36,282.9311,-29.0,-1.2687988,no
99,42,198.0,182.64,76.655075,-3.0,10.81337,no
99,43,204.0,190.59999,31.04835,-34.0,12.396866,no
99,44,190.0,184.64,147.87157,-6.0,6.520172,no
99,45,159.0,170.56,171.81967,49.0,-4.0014496,no
99,46,156.0,165.48,129.65338,-37.0,-13.245377,no
99,47,138.0,161.56,98.23441,30.0,-11.982193,yes
99,48,168.0,161.24,200.01,13.0,1.3049164,no
99,49,190.0,160.4,41.036568,-58.0,10.186996,no
99,50,180.0,165.8,136.565,-17.0,5.1962433,no
99,51,152.0,167.6,96.88137,27.0,-5.1698914,no
99,52,158.0,169.16,137.67352,16.0,-5.7642517,yes
99,53,186.0,171.8,160.64868,-20.0,2.3421478,no
99,54,202.0,181.72,115.66331,-41.0,7.5038147,no
99,55,207.0,189.36,89.050545,-42.0,7.184677,no
99,56,199.0,193.0,20.0,4.0,4.281952,no
99,57,194.0,201.08,18.973665,24.0,2.5785065,no
99,58,202.0,203.84,112.0714,9.0,6.547882,no
99,59,224.0,199.08,28.84441,-52.0,10.1779175,no
99,60,191.0,192.64,230.23466,25.0,1.9154663,no
99,61,168.0,189.84,133.45412,16.0,-10.606964,no
99,62,162.0,182.4,96.10411,37.0,-12.86824,yes
99,63,195.0,184.24,106.404884,-55.0,-6.2700653,no
99,64,188.0,190.24,53.235325,8.0,-1.1444702,no
99,65,196.0,202.0,86.27862,31.0,1.5817871,no
99,66,201.0,206.52,69.426216,10.0,3.4683075,no
99,67,215.0,210.08,45.188496,-7.0,5.739792,no
99,68,212.0,207.36,56.797886,-11.0,5.42247,no
99,69,200.0,205.4,67.00746,28.0,2.9276733,no
99,70,197.0,199.31999,55.946404,4.0,0.6722412,no
99,71,193.0,194.72,67.6757,-14.0,-0.7658539,no
99,72,177.0,188.68,98.23441,28.0,-1.0841522,no
99,73,168.0,180.31999,145.03104,37.0,-0.53004456,no
99,74,159.0,167.48,171.3301,36.0,-2.2812347,no
99,75,146.0,156.59999,145.27904,17.0,-8.077789,yes
99,76,140.0,151.16,62.76942,-15.0,-12.067459,yes
99,77,144.0,150.08,112.507774,-3.0,-7.38414,no
99,78,159.0,153.52,145.13441,0.0,3.4803925,no
99,79,178.0,159.28,58.940647,-34.0,11.64035,no
99,80,171.0,159.16,103.16007,-13.0,10.417358,no
99,81,146.0,153.76,164.76044,32.0,1.229065,no
99,82,134.0,143.48,69.354164,6.0,-7.993149,no
99,83,136.0,139.12,59.933296,-16.0,-12.452301,yes
99,84,132.0,144.64,162.60997,21.0,-9.793549,no
99,85,175.0,157.16,320.65558,-49.0,2.6256409,no
99,86,206.0,169.68001,167.38579,-65.0,13.921219,no
99,87,200.0,189.92,17.888544,5.0,14.368454,no
99,88,193.0,200.36,103.00485,55.0,11.564987,no
99,89,233.0,205.72,47.010635,-94.0,10.363113,no
99,90,202.0,207.8,82.219215,39.0,5.284973,no
99,91,209.0,212.92,39.698868,-7.0,1.7024994,no
99,92,214.0,211.76,23.323807,-30.0,2.8573914,no
99,93,206.0,214.08,38.28838,49.0,6.8449097,no
99,94,220.0,210.72,19.849434,-32.0,11.297516,no
99,95,214.0,201.76,69.856995,0.0,12.100113,no
99,96,198.0,190.8,182.27452,1.0,5.373703,no
99,97,175.0,183.08,147.87157,-3.0,-4.2452545,yes
99,98,165.0,175.44,25.059929,-4.0,-7.7534485,yes
99,99,156.0,169.64,109.22454,47.0,-6.2962494,yes
