row,col,intensity,local_mean_5x5,sobel,laplacian,dog,annotated
0,0,130.0,136.44,350.7506,-8.0,-19.000076,no
0,1,188.0,150.8,443.308,-81.0,1.1174469,no
0,2,218.0,178.88,221.14249,-39.0,17.375656,no
0,3,226.0,206.88,54.129475,-11.0,18.386719,no
0,4,226.0,221.6,7.071068,1.0,11.725739,no
0,5,227.0,224.92,5.8309517,-3.0,6.0208893,no
0,6,227.0,224.56,8.602325,-2.0,3.0892792,no
0,7,226.0,223.8,17.888544,-5.0,1.4785156,no
0,8,223.0,223.12,13.928389,1.0,0.5999756,no
0,9,222.0,221.88,3.1622777,1.0,0.75535583,no
0,10,222.0,220.08,9.055386,-2.0,1.5887756,no
0,11,220.0,217.36,37.01351,-7.0,2.1605835,no
0,12,212.0,212.6,69.12308,-1.0,2.1578674,no
0,13,200.0,201.64,111.8034,6.0,1.0185242,no
0,14,182.0,184.36,235.5674,-1.0,-4.7907257,no
0,15,140.0,165.84,307.00162,49.0,-16.887589,no
0,16,111.0,150.52,166.97305,54.0,-27.099655,yes
0,17,112.0,143.2,79.64923,33.0,-25.842278,yes
0,18,136.0,148.04,241.6278,15.0,-12.175201,no
0,19,181.0,161.64,291.2044,-42.0,7.020111,no
0,20,210.0,177.24,184.93782,-41.0,21.064209,no
0,21,220.0,191.96,95.77056,-30.0,24.61354,no
0,22,221.0,201.6,77.27872,-20.0,21.587708,no
0,23,222.0,205.2,58.0,-20.0,17.291138,no
0,24,218.0,206.8,43.011627,-9.0,12.664627,no
0,25,213.0,208.92,33.105892,-4.0,7.914551,no
0,26,208.0,209.0,15.231546,6.0,4.478256,no
0,27,207.0,206.48,39.623226,-2.0,2.1137238,no
0,28,198.0,202.16,81.84131,12.0,-1.399643,no
0,29,188.0,199.28,70.93659,24.0,-5.654007,no
0,30,187.0,199.96,36.687874,20.0,-6.375,no
0,31,203.0,203.44,124.33825,-9.0,-0.20237732,no
0,32,220.0,206.92,94.59387,-21.0,9.225723,no
0,33,223.0,206.8,34.20526,-17.0,13.821625,no
0,34,207.0,197.44,174.1953,-1.0,8.691971,no
0,35,178.0,185.04,219.3855,24.0,-3.4047394,no
0,36,161.0,176.12,88.0568,21.0,-10.6740265,no
0,37,188.0,171.32,240.48285,-57.0,-3.9406738,no
0,38,209.0,170.84,198.09088,-60.0,8.068436,no
0,39,211.0,177.44,132.0606,-34.0,12.550354,no
0,40,208.0,185.56,134.08206,-29.0,9.306732,no
0,41,209.0,191.52,136.89412,-35.0,5.77182,no
0,42,213.0,197.36,119.54079,-23.0,6.109726,no
0,43,219.0,205.24,85.8021,-11.0,8.581375,no
0,44,225.0,213.76001,43.382023,-9.0,9.870377,no
0,45,226.0,219.6,4.0,-3.0,8.590668,no
0,46,224.0,222.12,19.026299,-1.0,5.7825623,no
0,47,221.0,221.68001,19.697716,1.0,3.2884674,no
0,48,218.0,219.68001,32.649654,4.0,1.6316986,no
0,49,213.0,216.56,56.727417,5.0,-0.058258057,no
0,50,205.0,212.56,86.313385,12.0,-2.4828033,no
0,51,194.0,206.4,113.35784,21.0,-5.9525757,no
0,52,183.0,200.04,137.90576,26.0,-10.569595,no
0,53,170.0,195.92,127.059044,42.0,-15.103439,no
0,54,169.0,195.48,104.048065,34.0,-15.879242,no
0,55,178.0,196.92,129.07362,32.0,-11.149002,no
0,56,196.0,200.08,103.4698,3.0,-4.387375,no
0,57,203.0,203.36,38.078865,0.0,-0.4542389,no
0,58,202.0,204.24,29.732138,3.0,0.36212158,no
0,59,199.0,200.12,30.528675,4.0,0.467453,no
0,60,196.0,192.16,60.299255,-4.0,-0.30273438,yes
0,61,186.0,183.36,112.29426,-8.0,-3.9477844,yes
0,62,172.0,176.72,97.98979,-4.0,-8.723633,yes
0,63,166.0,172.2,42.190044,-2.0,-9.783279,yes
0,64,171.0,171.28,55.027267,-5.0,-6.061737,no
0,65,175.0,173.31999,49.010204,7.0,-1.0316772,no
0,66,183.0,176.56,48.8467,-3.0,2.9316406,no
0,67,191.0,179.92,65.51336,-19.0,5.7406464,no
0,68,196.0,182.0,88.83693,-19.0,8.71109,no
0,69,203.0,181.56,81.154175,-25.0,11.66069,no
1,0,64.0,136.88,442.5969,112.0,-42.641983,no
1,1,135.0,150.92,580.486,28.0,-16.675354,no
1,2,201.0,179.04001,342.34778,-31.0,8.205841,no
1,3,223.0,207.08,91.08238,-17.0,15.348633,no
1,4,226.0,221.28,11.661903,-5.0,10.900803,no
1,5,225.0,224.4,13.038404,2.0,5.397644,no
1,6,226.0,224.12,19.697716,-6.0,2.2674866,no
1,7,223.0,223.6,22.803509,2.0,0.6665497,no
1,8,222.0,223.2,10.770329,1.0,0.14152527,no
1,9,222.0,222.36,2.0,0.0,0.56889343,no
1,10,222.0,220.92,10.0,-3.0,1.354126,no
1,11,219.0,218.52,27.89265,1.0,2.0867615,no
1,12,215.0,214.40001,48.104053,2.0,3.288086,no
1,13,212.0,205.0,95.41489,-9.0,4.8272095,no
1,14,205.0,190.08,212.17445,-33.0,3.134674,no
1,15,176.0,172.64,339.98822,-20.0,-5.278351,no
1,16,135.0,156.52,295.97974,43.0,-15.949951,no
1,17,122.0,146.84,119.104996,31.0,-20.093689,yes
1,18,130.0,147.96,132.67253,21.0,-13.830856,yes
1,19,155.0,156.72,267.09174,15.0,-0.20329285,yes
1,20,188.0,167.72,251.60684,-27.0,11.854477,no
1,21,199.0,179.72,220.3361,-19.0,14.815002,no
1,22,201.0,189.28,234.85315,-21.0,11.55217,no
1,23,207.0,194.4,200.8482,-25.0,9.195984,no
1,24,210.0,198.28,115.44696,-13.0,8.458847,no
1,25,209.0,203.64,43.56604,0.0,7.2292175,no
1,26,210.0,206.8,12.0,0.0,5.970291,no
1,27,213.0,206.04001,28.635643,-11.0,4.907654,no
1,28,211.0,202.04001,69.31089,-18.0,2.2258453,no
1,29,203.0,198.52,91.3017,-19.0,-2.7848206,no
1,30,190.0,198.6,28.460499,8.0,-6.5292053,no
1,31,193.0,201.64,114.90866,16.0,-3.1291046,no
1,32,213.0,204.8,134.73679,-10.0,6.638962,no
1,33,225.0,205.28,17.088007,-24.0,14.154022,no
1,34,219.0,198.16,144.22205,-33.0,11.690063,no
1,35,190.0,187.31999,289.6377,-25.0,-1.9368134,no
1,36,138.0,179.31999,208.40346,78.0,-16.732712,no
1,37,137.0,175.24,266.03006,56.0,-17.92015,no
1,38,168.0,175.24,310.6445,-4.0,-7.6040497,yes
1,39,182.0,181.08,209.30838,-7.0,-0.99320984,yes
1,40,175.0,188.04,213.02582,19.0,-3.4782562,yes
1,41,171.0,192.4,232.49947,33.0,-7.0852814,yes
1,42,188.0,196.52,235.77107,1.0,-4.79541,no
1,43,208.0,202.64,179.65523,-15.0,1.3352203,no
1,44,221.0,209.92,103.27633,-18.0,6.0920563,no
1,45,226.0,215.72,42.941822,-16.0,7.340683,no
1,46,224.0,219.04001,13.038404,-2.0,6.107544,no
1,47,222.0,219.68001,8.485281,4.0,4.460663,no
1,48,224.0,218.56,21.400934,-13.0,3.393753,no
1,49,221.0,216.16,40.496914,-7.0,2.666809,no
1,50,220.0,212.8,73.00685,-18.0,2.010971,no
1,51,215.0,207.56,117.047,-13.0,0.76086426,no
1,52,211.0,201.96,159.41142,-25.0,-2.0785065,no
1,53,200.0,198.28,171.23083,-14.0,-6.137207,no
1,54,193.0,197.92,146.21901,3.0,-7.8072357,no
1,55,201.0,199.44,141.31525,-13.0,-4.7533264,no
1,56,210.0,202.56,102.21546,-15.0,-0.06806946,no
1,57,211.0,205.72,60.133186,-7.0,2.0998688,no
1,58,207.0,206.36,53.25411,1.0,1.7835236,no
1,59,203.0,202.44,46.75468,0.0,0.98947144,no
1,60,199.0,195.36,74.726166,-15.0,-0.6568451,no
1,61,182.0,187.64,122.0,7.0,-4.828064,yes
1,62,160.0,181.24,99.92998,49.0,-9.728638,yes
1,63,153.0,176.4,22.0,54.0,-11.027618,yes
1,64,167.0,174.8,57.00877,3.0,-7.7207947,yes
1,65,178.0,175.2,48.703182,-19.0,-3.2404022,yes
1,66,180.0,175.76,42.190044,-7.0,-0.96099854,no
1,67,175.0,176.92,106.733315,11.0,-1.4687347,no
1,68,175.0,177.59999,169.1863,6.0,-1.7191315,no
1,69,185.0,176.16,198.28262,-24.0,-0.2779541,no
2,0,39.0,135.48,306.02615,122.0,-59.34497,no
2,1,115.0,149.76,597.1884,54.0,-29.03537,no
2,2,197.0,178.08,382.25647,-46.0,1.702713,no
2,3,222.0,206.24,100.0,-20.0,12.835022,no
2,4,225.0,220.56,9.486833,-6.0,9.868637,no
2,5,223.0,223.64,15.231546,3.0,4.5636444,no
2,6,223.0,223.4,17.492855,-2.0,1.4133606,no
2,7,220.0,223.08,8.602325,8.0,0.1456604,no
2,8,221.0,222.92,8.602325,4.0,0.2655487,no
2,9,222.0,222.44,12.649111,2.0,1.0484467,no
2,10,222.0,221.76,17.888544,2.0,1.7209015,no
2,11,220.0,220.4,27.018513,4.0,2.4023438,no
2,12,219.0,217.92,31.016125,0.0,4.2993774,no
2,13,219.0,211.84,47.539455,-6.0,7.9457397,no
2,14,217.0,200.64,114.20158,-16.0,10.691177,no
2,15,204.0,184.8,247.6328,-30.0,7.832718,no
2,16,174.0,166.76,316.39532,-16.0,-1.5002289,no
2,17,142.0,152.12,214.14948,12.0,-11.844498,yes
2,18,128.0,146.44,32.80244,16.0,-15.583893,yes
2,19,136.0,148.0,199.40913,15.0,-9.564789,yes
2,20,161.0,153.08,238.81792,-14.0,-0.6408081,no
2,21,168.0,162.32,245.45876,-14.0,0.44963074,no
2,22,156.0,172.56,297.00168,35.0,-4.606064,no
2,23,170.0,180.16,308.22394,5.0,-5.1016235,no
2,24,193.0,187.28,220.84384,-21.0,0.26109314,no
2,25,203.0,196.56,100.65784,-3.0,5.2311707,no
2,26,210.0,203.92,41.761227,-4.0,7.323227,no
2,27,213.0,206.48,5.0990195,-4.0,7.2326355,no
2,28,212.0,203.84,36.0,-10.0,4.742935,no
2,29,204.0,199.92,99.00505,-11.0,-1.1144104,no
2,30,185.0,199.04,84.89994,22.0,-7.623657,no
2,31,182.0,200.76,89.050545,31.0,-6.991379,no
2,32,204.0,202.64,157.0987,-2.0,2.7338867,no
2,33,221.0,202.84,71.063354,-21.0,12.731613,no
2,34,221.0,197.04,89.94443,-31.0,13.553604,no
2,35,200.0,187.2,279.6641,-46.0,1.636383,no
2,36,142.0,179.6,296.233,58.0,-15.932938,no
2,37,110.0,175.72,102.61579,140.0,-22.805374,yes
2,38,140.0,175.64,200.56918,64.0,-15.065552,yes
2,39,167.0,180.8,84.89994,6.0,-7.1688232,yes
2,40,158.0,187.48,97.41663,53.0,-8.5061035,yes
2,41,145.0,191.48,60.133186,102.0,-12.896088,yes
2,42,161.0,194.52,113.43721,61.0,-12.03125,no
2,43,189.0,199.4,162.04938,-1.0,-6.291748,no
2,44,207.0,205.76,150.14659,-11.0,-0.1898346,no
2,45,217.0,211.16,100.68764,-8.0,3.6594849,no
2,46,222.0,214.8,50.695168,-10.0,4.847992,no
2,47,223.0,216.68,31.016125,-10.0,4.3422546,no
2,48,222.0,217.2,28.635643,-6.0,3.5525513,no
2,49,220.0,216.56,16.0,1.0,3.5377655,no
2,50,221.0,215.08,7.2111025,-1.0,4.5077057,no
2,51,222.0,212.12,28.460499,-8.0,5.225891,no
2,52,221.0,208.44,60.827625,-18.0,3.923645,no
2,53,212.0,205.88,82.32861,-8.0,0.4770813,no
2,54,205.0,205.6,56.142673,3.0,-1.7389221,no
2,55,210.0,206.64,72.18033,-4.0,-0.06513977,no
2,56,217.0,208.88,55.605755,-11.0,3.074707,no
2,57,217.0,211.28,48.270073,-4.0,4.2550507,no
2,58,213.0,211.16,61.611687,-1.0,3.4035797,no
2,59,207.0,207.12,65.192024,3.0,1.9118347,no
2,60,200.0,200.48,82.764725,1.0,-0.18414307,no
2,61,190.0,193.24,110.88733,1.0,-3.29187,no
2,62,182.0,186.8,140.06427,-11.0,-6.3283234,no
2,63,173.0,181.76,134.93703,5.0,-7.6744537,yes
2,64,169.0,179.6,74.10803,20.0,-6.9659424,yes
2,65,171.0,178.76,25.059929,16.0,-5.345627,yes
2,66,177.0,177.6,26.41969,-14.0,-5.412842,yes
2,67,165.0,177.0,98.84331,10.0,-9.29483,yes
2,68,150.0,176.28,103.73042,41.0,-13.635056,yes
2,69,153.0,174.16,138.92444,24.0,-14.783829,no
3,0,60.0,142.6,435.7637,125.0,-51.49214,no
3,1,143.0,155.95999,583.26324,-13.0,-23.787476,no
3,2,204.0,181.64,326.37708,-40.0,3.1887054,no
3,3,223.0,207.08,79.30952,-19.0,12.203354,no
3,4,223.0,220.23999,2.0,2.0,9.109467,no
3,5,222.0,222.92,8.246211,2.0,4.293335,no
3,6,221.0,222.72,8.246211,4.0,1.5962677,no
3,7,221.0,222.56,4.0,1.0,0.9337616,no
3,8,224.0,222.6,15.811388,-7.0,1.6914825,no
3,9,225.0,222.56,11.401754,-3.0,2.6788788,no
3,10,226.0,222.56,12.083046,-9.0,3.067154,no
3,11,224.0,222.12,18.867962,-4.0,3.3181763,no
3,12,222.0,221.2,22.36068,2.0,4.8243256,no
3,13,222.0,218.4,27.166155,2.0,8.63913,no
3,14,224.0,211.12,49.658836,-12.0,13.582443,no
3,15,219.0,197.4,139.807,-24.0,15.138382,no
3,16,199.0,177.6,272.1176,-39.0,8.299683,no
3,17,156.0,157.68,305.98367,2.0,-6.035721,yes
3,18,120.0,144.64,157.6959,32.0,-18.058655,yes
3,19,115.0,138.68,145.60907,35.0,-18.20871,yes
3,20,138.0,138.0,184.19554,-9.0,-11.021011,yes
3,21,142.0,145.23999,134.10443,-5.0,-10.2387085,no
3,22,120.0,156.8,134.61798,73.0,-16.432205,yes
3,23,129.0,167.04,219.42653,72.0,-16.777054,yes
3,24,168.0,177.16,262.83453,2.0,-7.765442,no
3,25,197.0,189.64,166.51727,-17.0,2.3526154,no
3,26,210.0,200.28,66.48308,-14.0,7.5150757,no
3,27,213.0,206.0,13.038404,-9.0,7.960861,no
3,28,210.0,205.64,27.018513,1.0,5.4123535,no
3,29,205.0,202.4,90.24411,-12.0,-0.13381958,no
3,30,186.0,200.88,102.69372,21.0,-6.8389435,no
3,31,177.0,200.84,51.10773,49.0,-7.6439667,no
3,32,198.0,200.36,124.45883,1.0,0.12927246,no
3,33,213.0,198.84,79.61156,-17.0,8.768387,no
3,34,213.0,193.16,110.0,-22.0,10.439041,no
3,35,201.0,183.88,163.487,-31.0,3.6054535,no
3,36,178.0,176.52,215.25798,-26.0,-6.6412506,yes
3,37,161.0,172.84,263.54886,15.0,-10.3723755,yes
3,38,179.0,172.6,272.75262,-22.0,-4.5815125,yes
3,39,194.0,176.64,196.75873,-28.0,1.8002625,yes
3,40,198.0,183.12,209.69025,-38.0,1.7298584,yes
3,41,192.0,187.84,238.53302,-29.0,-2.4290314,yes
3,42,183.0,191.08,177.0706,10.0,-5.6338654,yes
3,43,179.0,195.64,68.60029,46.0,-6.176529,yes
3,44,190.0,201.76,87.23531,22.0,-4.2618103,yes
3,45,205.0,206.72,106.10372,-2.0,-0.96369934,no
3,46,214.0,210.12,79.25907,-8.0,1.4201508,no
3,47,216.0,212.96,62.1289,-4.0,1.6275787,no
3,48,215.0,215.28,55.00909,2.0,0.92755127,no
3,49,217.0,216.64,44.294468,-2.0,1.4214783,no
3,50,221.0,217.2,31.144823,-6.0,3.2746277,no
3,51,223.0,216.8,14.0,-9.0,4.5967407,no
3,52,221.0,215.44,31.780497,-9.0,3.7947693,no
3,53,214.0,214.28,46.840153,1.0,1.193634,no
3,54,208.0,214.24,30.066593,14.0,-0.51148987,no
3,55,213.0,214.88,54.644306,4.0,0.8178406,no
3,56,220.0,216.16,44.04543,-4.0,3.500534,no
3,57,223.0,217.44,35.014282,-10.0,4.9472046,no
3,58,220.0,216.48,58.137768,-3.0,4.8272095,no
3,59,215.0,212.36,84.0238,-3.0,3.7360687,no
3,60,205.0,206.12,99.03535,9.0,1.9486084,no
3,61,197.0,199.32,95.41489,11.0,0.25637817,no
3,62,194.0,193.24,100.56838,1.0,-0.6959686,no
3,63,193.0,188.52,115.16944,-18.0,-1.565033,no
3,64,185.0,186.44,113.216606,-6.0,-3.018692,no
3,65,176.0,185.36,83.48653,21.0,-4.1585236,no
3,66,178.0,183.52,82.46211,2.0,-5.441971,yes
3,67,168.0,181.76,143.53397,12.0,-9.616379,yes
3,68,148.0,179.92,149.96666,63.0,-15.036072,yes
3,69,148.0,177.31999,132.01515,41.0,-17.663437,yes
4,0,123.0,162.96,517.4244,66.0,-25.561188,no
4,1,180.0,172.84,453.3983,-31.0,-7.489395,no
4,2,213.0,192.08,210.98341,-22.0,8.55957,no
4,3,224.0,211.04,50.119858,-11.0,12.255249,no
4,4,224.0,220.2,8.944272,-1.0,8.793106,no
4,5,223.0,221.4,12.083046,0.0,4.9900208,no
4,6,222.0,220.8,11.045361,-4.0,3.0097656,no
4,7,220.0,220.64,7.2111025,5.0,2.8738556,no
4,8,222.0,220.92,19.235384,4.0,4.056137,no
4,9,225.0,221.48,7.615773,-4.0,5.088562,no
4,10,224.0,222.24,5.656854,3.0,5.045532,no
4,11,224.0,222.48001,3.1622777,1.0,4.6054993,no
4,12,225.0,222.40001,3.1622777,-6.0,5.11705,no
4,13,225.0,221.48,5.8309517,-4.0,7.8382263,no
4,14,226.0,217.48,6.3245554,-6.0,12.804596,no
4,15,225.0,206.4,75.89466,-23.0,16.503647,no
4,16,208.0,186.52,237.0021,-30.0,12.130127,no
4,17,165.0,163.44,370.25665,-7.0,-3.3562012,no
4,18,113.0,144.88,254.38553,49.0,-20.637466,yes
4,19,101.0,132.92,89.050545,40.0,-25.29808,yes
4,20,125.0,127.64,167.05687,-14.0,-18.04586,yes
4,21,137.0,133.12,27.45906,-21.0,-13.539185,no
4,22,126.0,145.6,56.88585,24.0,-16.57013,no
4,23,130.0,158.08,138.70833,41.0,-17.269547,yes
4,24,155.0,169.88,216.23135,29.0,-10.18219,yes
4,25,190.0,183.76,188.50995,-23.0,-0.3478546,yes
4,26,206.0,196.04,97.7548,-17.0,5.8655396,yes
4,27,210.0,203.92,34.058773,-3.0,7.3073273,no
4,28,211.0,206.08,9.486833,-7.0,5.822098,no
4,29,208.0,204.76,59.07622,-8.0,2.341629,no
4,30,198.0,203.28,105.801704,3.0,-1.9184418,no
4,31,191.0,201.48,94.33981,19.0,-2.9814606,no
4,32,199.0,198.2,46.06517,0.0,0.33512878,no
4,33,203.0,194.44,87.28116,-15.0,2.9395294,no
4,34,195.0,189.36,174.64249,-12.0,1.4130249,yes
4,35,182.0,182.2,149.96666,8.0,-1.6674957,yes
4,36,182.0,176.44,34.928497,-6.0,-2.296753,yes
4,37,192.0,174.0,65.06919,-40.0,0.3562317,yes
4,38,199.0,174.24,52.49762,-39.0,4.2501984,yes
4,39,204.0,176.56,59.413803,-34.0,6.9713135,no
4,40,210.0,181.4,52.478565,-41.0,7.512192,no
4,41,213.0,186.12,8.602325,-50.0,6.292755,no
4,42,210.0,189.44,77.36925,-38.0,3.8276672,yes
4,43,200.0,193.44,100.84642,-10.0,-0.0056915283,yes
4,44,191.0,198.96,36.221542,21.0,-3.2683258,yes
4,45,197.0,203.32,60.41523,7.0,-3.4625702,no
4,46,205.0,206.4,68.41052,-2.0,-2.0194702,no
4,47,208.0,210.08,53.75872,-1.0,-1.712265,no
4,48,207.0,213.64,45.607018,8.0,-2.1502533,no
4,49,210.0,216.0,50.219517,11.0,-1.1268005,no
4,50,217.0,217.28,37.12142,0.0,1.0599823,no
4,51,219.0,218.04001,16.124516,0.0,2.124771,no
4,52,217.0,218.08,17.492855,4.0,1.4299011,no
4,53,216.0,217.92,23.70654,0.0,0.22187805,no
4,54,214.0,218.36,50.990196,10.0,-0.054351807,no
4,55,218.0,219.4,59.07622,4.0,1.2846527,no
4,56,223.0,220.72,38.418747,-2.0,3.2714233,no
4,57,225.0,221.6,20.880613,-2.0,4.7258606,no
4,58,226.0,220.48,29.12044,-7.0,5.5951996,no
4,59,225.0,216.68001,59.816387,-16.0,5.7261963,no
4,60,217.0,211.0,87.78383,-5.0,4.748047,no
4,61,210.0,204.76,83.86894,-6.0,3.3004913,no
4,62,205.0,199.12,59.07622,-9.0,2.3271484,no
4,63,202.0,195.0,56.797886,-12.0,1.8074799,no
4,64,196.0,193.6,92.358,1.0,1.0510406,no
4,65,191.0,193.28,126.14278,11.0,0.5095215,no
4,66,193.0,192.08,156.05127,4.0,0.42488098,no
4,67,193.0,190.48,206.34438,-4.0,-1.1770172,no
4,68,189.0,188.68001,250.26385,-16.0,-4.453171,no
4,69,184.0,186.36,253.44427,-5.0,-6.7920685,no
5,0,195.0,186.15999,344.68826,-32.0,0.98023987,no
5,1,210.0,192.0,242.42113,-21.0,7.9550323,no
5,2,222.0,204.08,97.94897,-16.0,12.8789215,no
5,3,225.0,215.72,15.231546,-6.0,11.977814,no
5,4,225.0,220.08,13.038404,-6.0,8.643448,no
5,5,224.0,219.04001,28.284271,-9.0,5.9672394,no
5,6,220.0,216.96,39.115215,-1.0,4.511032,no
5,7,220.0,215.8,41.303753,-8.0,4.592331,no
5,8,223.0,215.76,45.276924,-13.0,6.1097565,no
5,9,225.0,216.84,31.304953,-11.0,7.549347,no
5,10,224.0,218.72,15.033297,-1.0,7.5878296,no
5,11,224.0,220.4,13.341664,-4.0,6.474228,no
5,12,223.0,221.68,19.235384,0.0,5.550049,no
5,13,223.0,222.2,22.36068,-1.0,6.568405,no
5,14,224.0,220.31999,18.973665,-2.0,10.529938,no
5,15,224.0,211.84,42.047592,-11.0,15.147659,no
5,16,213.0,193.4,192.09373,-25.0,13.576874,no
5,17,176.0,169.52,385.41666,-18.0,-0.22724915,no
5,18,115.0,148.16,340.8724,55.0,-20.10559,yes
5,19,91.0,133.16,43.266617,54.0,-29.557,yes
5,20,110.0,125.72,177.00282,7.0,-23.402252,yes
5,21,134.0,130.08,123.101585,-15.0,-13.644348,no
5,22,141.0,142.68,114.28036,4.0,-10.041946,no
5,23,151.0,156.2,146.9966,-4.0,-9.715973,no
5,24,161.0,167.88,132.61975,11.0,-7.470871,yes
5,25,179.0,180.64,143.8402,6.0,-2.6569061,yes
5,26,197.0,192.56,122.80065,-10.0,2.326416,yes
5,27,207.0,201.56,63.529522,-8.0,5.549713,yes
5,28,209.0,206.0,18.384777,5.0,6.655777,no
5,29,210.0,207.16,40.4475,4.0,6.1947784,no
5,30,210.0,206.4,77.36925,-5.0,4.9690094,no
5,31,209.0,203.36,81.608826,-14.0,3.8437958,no
5,32,204.0,197.92,62.641838,-13.0,1.9342041,no
5,33,190.0,192.12,131.72699,0.0,-2.729065,no
5,34,170.0,187.48,148.49916,26.0,-8.491898,yes
5,35,158.0,183.28,77.00649,52.0,-10.048019,yes
5,36,170.0,180.36,94.847244,23.0,-5.633377,yes
5,37,186.0,180.12,65.29931,-18.0,-0.8792267,yes
5,38,182.0,182.48,125.92855,2.0,-0.46022034,no
5,39,179.0,185.12,178.17969,11.0,-1.854187,no
5,40,184.0,188.72,199.26364,2.0,-1.5630035,no
5,41,190.0,192.52,178.46568,10.0,1.0994415,no
5,42,206.0,194.64,100.65784,-22.0,4.2828827,no
5,43,210.0,196.16,29.017237,-30.0,3.6461182,no
5,44,198.0,198.92,48.8467,1.0,-0.67889404,yes
5,45,194.0,201.2,23.537205,14.0,-3.3002625,yes
5,46,199.0,203.56,44.04543,11.0,-2.7854767,no
5,47,203.0,207.88,23.021729,9.0,-2.08844,no
5,48,203.0,212.48,35.383614,22.0,-1.9191895,no
5,49,210.0,215.56,55.226807,10.0,-0.73179626,no
5,50,218.0,217.16,34.669872,-5.0,0.8595123,no
5,51,219.0,218.36,11.401754,-2.0,0.99360657,no
5,52,216.0,219.08,8.602325,9.0,0.06385803,no
5,53,219.0,219.64,28.319605,-1.0,0.0034484863,no
5,54,224.0,220.52,43.266617,-11.0,1.0943146,no
5,55,226.0,222.08,38.910152,-8.0,2.3444366,no
5,56,227.0,223.59999,23.409399,-5.0,3.2785492,no
5,57,226.0,224.44,12.165525,3.0,4.08992,no
5,58,227.0,223.4,6.3245554,-3.0,5.182892,no
5,59,226.0,219.92,24.04163,-3.0,6.0507507,no
5,60,223.0,214.04001,55.443665,-13.0,5.405426,no
5,61,215.0,207.56,79.24645,-14.0,2.8205109,no
5,62,205.0,202.36,71.063354,-7.0,-0.007675171,no
5,63,202.0,199.28,39.319206,-7.0,-0.38571167,no
5,64,207.0,199.04001,38.078865,-19.0,1.9132996,no
5,65,210.0,200.88,89.31965,-13.0,4.9018097,no
5,66,214.0,202.32,119.331474,-12.0,7.2222443,no
5,67,218.0,202.32,130.0,-25.0,7.8242188,no
5,68,215.0,201.52,145.52663,-18.0,6.471588,no
5,69,210.0,200.28,153.94154,-8.0,4.8349457,no
6,0,220.0,201.4,67.6757,-29.0,13.835617,no
6,1,222.0,204.95999,55.605755,-17.0,14.720352,no
6,2,224.0,211.76,24.04163,-6.0,14.229477,no
6,3,223.0,217.72,8.602325,1.0,11.774124,no
6,4,221.0,218.59999,25.495098,4.0,9.06665,no
6,5,219.0,215.04,52.3259,-3.0,6.906906,no
6,6,213.0,210.0,84.6286,1.0,4.8533325,no
6,7,209.0,205.84,114.58621,-1.0,3.6284485,no
6,8,212.0,203.96,140.07141,-14.0,4.458084,no
6,9,217.0,205.04,127.13772,-16.0,6.731781,no
6,10,222.0,208.68,82.28001,-20.0,8.428131,no
6,11,221.0,213.4,42.426407,-3.0,8.188614,no
6,12,220.0,217.8,25.019993,0.0,6.779175,no
6,13,219.0,220.84,17.888544,7.0,6.5142975,no
6,14,221.0,220.92,16.124516,4.0,9.28334,no
6,15,223.0,214.72,16.552946,-4.0,14.108658,no
6,16,219.0,198.44,135.41788,-25.0,15.305542,no
6,17,193.0,175.56,344.1395,-37.0,5.390564,no
6,18,135.0,154.0,402.85233,24.0,-13.892075,yes
6,19,92.0,139.08,173.36667,76.0,-27.655853,yes
6,20,97.0,132.31999,148.92952,58.0,-25.172585,yes
6,21,133.0,137.12,208.31227,-4.0,-13.041321,no
6,22,157.0,149.92,148.94966,-21.0,-4.0686035,no
6,23,168.0,163.36,115.965515,-16.0,-2.0089417,no
6,24,170.0,173.24,78.54935,4.0,-3.414795,no
6,25,174.0,182.31999,66.0303,18.0,-4.047287,no
6,26,186.0,191.08,114.061386,10.0,-1.6760254,yes
6,27,204.0,198.88,106.62083,-16.0,3.0623322,yes
6,28,213.0,204.16,55.00909,-11.0,7.497177,yes
6,29,217.0,207.28,34.98571,-7.0,9.877579,yes
6,30,218.0,207.68,31.04835,-10.0,10.116943,no
6,31,217.0,204.56,49.335587,-23.0,8.203491,no
6,32,205.0,198.52,111.0045,-13.0,3.091217,no
6,33,183.0,191.72,138.36185,15.0,-4.794876,yes
6,34,163.0,186.68001,94.66784,46.0,-11.326447,yes
6,35,162.0,183.8,80.411446,32.0,-11.877747,yes
6,36,177.0,182.32,84.6286,-10.0,-7.3730927,no
6,37,182.0,183.0,15.811388,-16.0,-4.6586304,no
6,38,166.0,185.8,56.142673,36.0,-6.9817657,no
6,39,157.0,188.56,16.124516,60.0,-9.889343,no
6,40,159.0,192.08,50.47772,65.0,-9.426498,no
6,41,167.0,196.08,99.29753,68.0,-4.944748,no
6,42,192.0,197.76,108.16654,14.0,1.4115448,no
6,43,206.0,198.36,17.720045,-19.0,3.5487213,no
6,44,198.0,199.92,53.75872,2.0,0.14941406,yes
6,45,196.0,200.76,25.298222,3.0,-2.346527,yes
6,46,205.0,202.08,63.560993,-11.0,-0.9177704,yes
6,47,211.0,206.48,56.586216,-9.0,1.22435,no
6,48,214.0,211.72,65.863495,-3.0,2.225708,no
6,49,219.0,215.2,53.535034,-8.0,2.762436,no
6,50,221.0,217.0,21.954498,-6.0,2.6777954,no
6,51,221.0,218.6,12.727922,-5.0,1.4755096,no
6,52,218.0,220.04,10.770329,3.0,0.017547607,no
6,53,219.0,221.24,31.04835,8.0,0.09454346,no
6,54,226.0,222.52,29.427877,-9.0,1.4996338,no
6,55,227.0,224.2,9.486833,-1.0,2.5268402,no
6,56,228.0,225.6,4.2426405,-3.0,2.9055939,no
6,57,228.0,226.16,4.472136,-3.0,3.351593,no
6,58,227.0,225.24,6.3245554,0.0,4.285858,no
6,59,226.0,222.12,24.33105,-4.0,5.073456,no
6,60,221.0,216.28,66.70832,-8.0,3.8820496,no
6,61,208.0,209.6,114.48144,3.0,-0.4793396,no
6,62,191.0,204.88,102.80078,24.0,-5.593796,no
6,63,187.0,202.84,74.68601,27.0,-6.0944214,no
6,64,201.0,203.84,103.74006,4.0,-0.70521545,no
6,65,215.0,207.72,77.27872,-10.0,5.933914,no
6,66,223.0,212.04,49.57822,-14.0,10.025299,no
6,67,225.0,213.96,33.37664,-9.0,11.0890045,no
6,68,225.0,214.28,40.496914,-13.0,10.184525,no
6,69,223.0,214.12,49.0306,-11.0,8.969208,no
7,0,214.0,201.16,114.27161,-15.0,11.543152,no
7,1,217.0,205.12,97.94897,-10.0,12.364777,no
7,2,223.0,210.68001,58.412327,-15.0,13.124924,no
7,3,223.0,214.64,13.038404,-3.0,12.746872,no
7,4,221.0,213.68001,33.526108,-4.0,11.194214,no
7,5,215.0,207.48,81.9878,-5.0,8.280914,no
7,6,205.0,199.24,141.48499,-12.0,3.6228485,no
7,7,190.0,191.68001,188.74321,6.0,-1.2037201,no
7,8,185.0,187.16,237.05273,4.0,-3.1935577,no
7,9,193.0,187.72,264.69983,-16.0,-1.1591187,no
7,10,206.0,193.12,225.10886,-26.0,3.0653381,no
7,11,215.0,200.84,134.23859,-23.0,6.4785004,no
7,12,217.0,208.84,53.814495,-2.0,7.8930817,no
7,13,219.0,215.44,24.33105,5.0,8.538055,no
7,14,222.0,218.72,19.849434,1.0,10.444656,no
7,15,224.0,215.2,10.770329,-5.0,14.176651,no
7,16,222.0,201.6,89.27486,-23.0,16.363358,no
7,17,205.0,180.56,248.85336,-38.0,10.470688,no
7,18,164.0,159.92,359.0014,-20.0,-4.9532013,no
7,19,121.0,146.36,254.56236,24.0,-19.307922,yes
7,20,111.0,141.44,188.67963,52.0,-20.133041,yes
7,21,140.0,147.24,248.33849,11.0,-9.205948,no
7,22,165.0,160.68001,181.20706,-1.0,1.0991058,no
7,23,178.0,174.24,125.299644,-3.0,4.10791,no
7,24,181.0,182.40001,106.30146,2.0,1.4979706,no
7,25,179.0,187.6,70.028564,13.0,-2.465622,no
7,26,179.0,192.0,50.0,28.0,-3.6008453,no
7,27,194.0,196.32,116.76472,3.0,0.036849976,yes
7,28,211.0,200.04,106.01887,-20.0,5.8428802,yes
7,29,220.0,203.08,57.706154,-28.0,9.68515,yes
7,30,218.0,204.16,56.302753,-16.0,10.025055,yes
7,31,213.0,202.16,70.724815,-13.0,7.6134186,no
7,32,203.0,197.64,85.98837,-6.0,3.0001068,yes
7,33,189.0,192.44,101.607086,11.0,-2.5942535,yes
7,34,183.0,188.6,125.872955,1.0,-6.390793,no
7,35,182.0,186.44,117.34564,-4.0,-6.5690155,no
7,36,184.0,185.24,79.12016,-2.0,-4.3972473,no
7,37,183.0,185.4,76.11833,8.0,-3.428482,no
7,38,179.0,186.76,127.88276,17.0,-4.734329,no
7,39,184.0,188.2,171.68576,-4.0,-5.5903625,no
7,40,193.0,191.2,180.05554,-31.0,-4.140106,no
7,41,195.0,194.92,164.39586,-8.0,-0.22639465,no
7,42,203.0,196.32,102.92716,-5.0,4.1604156,no
7,43,205.0,197.0,40.5216,-12.0,4.0802155,no
7,44,194.0,198.88,65.29931,5.0,-0.3274231,no
7,45,190.0,199.8,49.67897,20.0,-2.158844,yes
7,46,203.0,201.08,87.47571,-3.0,1.0079651,yes
7,47,213.0,205.64,57.00877,-6.0,4.6871033,no
7,48,220.0,211.04,33.01515,-15.0,6.0003357,no
7,49,223.0,214.59999,12.083046,-16.0,5.4972534,no
7,50,220.0,216.68,7.071068,4.0,4.063446,no
7,51,221.0,218.76,2.0,-4.0,2.2922363,no
7,52,219.0,221.0,12.165525,6.0,0.7841797,no
7,53,221.0,222.88,27.784887,3.0,0.5199585,no
7,54,225.0,224.32,23.537205,0.0,1.3145599,no
7,55,227.0,225.72,7.071068,-2.0,1.9182587,no
7,56,227.0,226.76,4.2426405,2.0,2.1992035,no
7,57,228.0,226.84,3.1622777,-3.0,2.7987213,no
7,58,227.0,225.84,7.071068,0.0,3.9066315,no
7,59,226.0,222.84,27.018513,-6.0,4.768036,no
7,60,219.0,217.04,67.36468,1.0,3.494812,no
7,61,208.0,210.44,116.559,-4.0,-1.2987823,no
7,62,188.0,206.16,97.41663,27.0,-7.1740417,no
7,63,181.0,204.64,51.40039,45.0,-7.865753,no
7,64,199.0,206.32,124.73973,10.0,-1.5573883,no
7,65,216.0,211.28,90.60905,-7.0,6.1111298,no
7,66,224.0,216.8,33.734257,-7.0,10.28038,no
7,67,225.0,219.48,3.1622777,-3.0,10.69133,no
7,68,224.0,220.24,15.556349,-1.0,9.2361145,no
7,69,223.0,220.44,16.552946,-3.0,7.828018,no
8,0,190.0,187.96,263.8977,-12.0,-1.4179077,no
8,1,199.0,194.24,229.47331,-13.0,2.9534302,no
8,2,213.0,202.12,154.20766,-11.0,9.516113,no
8,3,222.0,207.23999,54.405884,-14.0,14.042572,no
8,4,221.0,205.51999,66.0303,-16.0,13.813843,no
8,5,210.0,196.48,162.5423,-19.0,8.418243,no
8,6,190.0,185.16,234.77649,-19.0,-0.51205444,no
8,7,167.0,175.0,236.38104,-1.0,-8.878815,no
8,8,149.0,168.64,218.08255,39.0,-13.236191,no
8,9,148.0,168.96,255.76552,49.0,-12.96347,no
8,10,168.0,176.04,309.19574,5.0,-8.780716,no
8,11,193.0,186.4,286.24466,-29.0,-2.06398,no
8,12,212.0,197.44,185.28357,-28.0,4.9095306,no
8,13,223.0,207.64,78.23043,-23.0,9.742218,no
8,14,225.0,214.64,17.20465,-9.0,12.315933,no
8,15,224.0,214.28,31.622776,-10.0,14.312592,no
8,16,217.0,203.2,93.77633,-7.0,15.165573,no
8,17,203.0,184.28,188.09572,-21.0,10.881882,no
8,18,175.0,164.96,259.69598,-24.0,-0.49299622,no
8,19,141.0,153.2,171.76729,13.0,-11.913132,yes
8,20,138.0,150.28,152.61061,5.0,-12.541687,yes
8,21,162.0,156.96,246.29251,-11.0,-2.459961,no
8,22,184.0,170.6,196.57568,-13.0,7.474304,no
8,23,195.0,184.28,144.18044,-9.0,10.606171,no
8,24,199.0,191.2,128.01562,-12.0,8.150589,no
8,25,195.0,193.24,125.25175,-6.0,3.1072998,no
8,26,185.0,193.52,75.39231,20.0,-1.375534,no
8,27,185.0,193.44,41.59327,24.0,-2.2184906,yes
8,28,197.0,193.68001,120.44086,-4.0,0.19277954,yes
8,29,206.0,195.08,150.4726,-23.0,2.4065247,yes
8,30,205.0,196.6,146.49232,-15.0,2.622879,yes
8,31,201.0,197.0,105.801704,-3.0,1.8500977,yes
8,32,199.0,196.40001,36.05551,0.0,1.0491486,yes
8,33,198.0,195.40001,39.293766,-3.0,0.2989502,no
8,34,199.0,194.36,77.781746,-16.0,-0.21914673,no
8,35,195.0,193.24,86.833176,-3.0,-0.29045105,no
8,36,192.0,192.2,86.023254,11.0,0.24575806,no
8,37,195.0,191.76001,91.66242,0.0,0.9692993,no
8,38,200.0,191.84,90.79648,-18.0,1.3934021,no
8,39,203.0,192.28,61.983868,-25.0,1.8504181,no
8,40,203.0,194.36,39.698868,-11.0,3.3690338,no
8,41,209.0,196.28,54.589375,-20.0,6.5043793,no
8,42,215.0,195.4,16.124516,-33.0,8.409729,no
8,43,205.0,194.4,94.92102,-13.0,4.8740997,no
8,44,188.0,195.4,75.802376,14.0,-1.255188,no
8,45,187.0,196.31999,62.76942,16.0,-2.2155457,yes
8,46,201.0,198.16,98.32599,1.0,2.4985352,yes
8,47,212.0,203.12,51.47815,-9.0,6.398117,no
8,48,215.0,208.56,54.571056,-6.0,6.422989,no
8,49,217.0,212.08,67.08204,-8.0,4.6701355,no
8,50,219.0,214.6,48.332184,-10.0,3.3496246,no
8,51,220.0,217.36,23.409399,1.0,2.7491913,no
8,52,222.0,220.59999,22.671568,1.0,2.2268524,no
8,53,224.0,223.36,24.207438,-1.0,1.7492523,no
8,54,226.0,225.12,15.811388,-1.0,1.6138611,no
8,55,227.0,226.23999,4.472136,-1.0,1.6470642,no
8,56,227.0,226.92,1.4142135,0.0,1.953186,no
8,57,227.0,226.72,2.0,1.0,2.9566498,no
8,58,227.0,225.36,5.0990195,-1.0,4.64032,no
8,59,226.0,222.12,21.587032,-3.0,6.183838,no
8,60,222.0,216.2,56.302753,-6.0,5.915283,no
8,61,213.0,209.44,102.45975,-6.0,2.5429382,no
8,62,199.0,204.76,104.66136,8.0,-2.0538483,no
8,63,195.0,202.76,82.28001,13.0,-2.8242798,no
8,64,208.0,203.92,96.38464,-11.0,1.7248688,no
8,65,219.0,208.52,68.46897,-16.0,7.3248444,no
8,66,225.0,214.16,37.44329,-16.0,10.408539,no
8,67,224.0,217.48,13.038404,-1.0,10.488266,no
8,68,222.0,219.12,24.41311,1.0,8.57666,no
8,69,219.0,220.0,29.529646,3.0,6.5766144,no
9,0,145.0,171.16,277.48154,38.0,-18.55307,no
9,1,163.0,180.28,290.58905,28.0,-9.7912445,no
9,2,197.0,191.48,240.8319,-11.0,3.9962158,no
9,3,217.0,198.56,92.021736,-22.0,14.281326,no
9,4,215.0,196.76,112.80071,-19.0,14.840591,no
9,5,195.0,185.68,260.01923,-18.0,5.572342,no
9,6,159.0,171.92,305.67957,17.0,-7.7760925,no
9,7,138.0,160.04,206.73654,20.0,-16.378937,no
9,8,135.0,153.08,93.00538,11.0,-18.05275,no
9,9,131.0,153.96,62.514,32.0,-17.993744,no
9,10,130.0,162.72,155.75623,59.0,-17.826279,no
9,11,148.0,175.28,287.06793,46.0,-13.378876,no
9,12,187.0,188.48,306.2058,-19.0,-3.2724457,no
9,13,213.0,201.24,182.60887,-21.0,7.005539,no
9,14,222.0,210.88,55.17246,-12.0,12.66423,no
9,15,220.0,212.36,40.24922,0.0,14.334198,no
9,16,212.0,202.28,111.40018,-7.0,13.078857,no
9,17,194.0,184.84,194.83327,-5.0,7.3477936,no
9,18,168.0,167.31999,222.2521,-6.0,-2.941101,no
9,19,143.0,157.56,102.83968,18.0,-11.359802,yes
9,20,143.0,156.76,124.16924,25.0,-9.459839,yes
9,21,175.0,164.92,229.51253,-18.0,1.9149628,no
9,22,201.0,178.76,155.18376,-32.0,12.2827,no
9,23,210.0,191.96,83.00603,-19.0,15.485748,no
9,24,213.0,198.0,63.07139,-19.0,13.548111,no
9,25,211.0,197.8,84.723076,-22.0,9.171875,no
9,26,201.0,194.76,104.89042,-12.0,3.1955872,no
9,27,188.0,191.28,67.06713,6.0,-2.968155,no
9,28,182.0,188.8,114.48144,3.0,-7.4812164,yes
9,29,179.0,188.64,186.09676,4.0,-9.597855,yes
9,30,180.0,190.88,174.95142,5.0,-8.977905,yes
9,31,184.0,194.28,112.32987,18.0,-5.715271,yes
9,32,194.0,197.68,63.560993,7.0,-1.3095093,no
9,33,202.0,200.2,43.863426,-4.0,2.0989227,no
9,34,204.0,201.36,47.095646,-1.0,3.6075897,no
9,35,204.0,201.12,59.211487,-2.0,3.9004517,no
9,36,205.0,200.44,62.03225,-9.0,4.0343475,no
9,37,205.0,199.88,44.04543,-9.0,4.378189,no
9,38,205.0,199.72,20.396078,-11.0,4.7022247,no
9,39,200.0,200.2,16.552946,8.0,4.8292236,no
9,40,196.0,201.2,13.038404,26.0,5.885788,no
9,41,203.0,199.87999,43.382023,8.0,8.425613,no
9,42,210.0,194.95999,54.91812,-20.0,8.668701,no
9,43,199.0,190.36,142.39381,-14.0,2.8377075,no
9,44,180.0,188.31999,98.23441,18.0,-4.110504,yes
9,45,185.0,187.84,104.62313,2.0,-3.7669373,yes
9,46,203.0,189.88,112.40107,-24.0,2.2773743,yes
9,47,210.0,195.4,57.58472,-20.0,5.6323547,no
9,48,205.0,201.56,85.61542,2.0,3.638214,no
9,49,203.0,206.32,102.10779,7.0,0.64711,no
9,50,209.0,210.6,100.43903,2.0,0.4356842,no
9,51,219.0,215.08,74.431175,-10.0,2.340561,no
9,52,226.0,219.92,34.058773,-13.0,3.7031555,no
9,53,226.0,223.76,12.727922,0.0,3.3936157,no
9,54,227.0,225.88,7.071068,-2.0,2.51651,no
9,55,227.0,226.64,1.4142135,0.0,2.135666,no
9,56,227.0,226.6,0.0,0.0,2.664383,no
9,57,227.0,225.48,1.4142135,0.0,4.205414,no
9,58,227.0,223.04,10.0,-2.0,6.3755493,no
9,59,226.0,219.08,27.202942,-5.0,8.334244,no
9,60,224.0,213.16,49.193497,-16.0,8.916458,no
9,61,217.0,206.96,67.89698,-14.0,7.2799225,no
9,62,208.0,202.6,54.33231,-8.0,4.4716187,no
9,63,205.0,199.84,7.071068,-12.0,3.217041,no
9,64,208.0,199.0,63.953106,-15.0,4.290283,no
9,65,211.0,201.44,109.444046,-10.0,6.077774,no
9,66,217.0,205.52,115.55086,-14.0,7.9044037,no
9,67,223.0,208.16,77.16217,-22.0,9.190506,no
9,68,222.0,210.4,44.94441,-15.0,8.604813,no
9,69,215.0,212.59999,34.98571,8.0,6.937149,no
10,0,120.0,157.76,122.06556,45.0,-29.64769,no
10,1,139.0,169.04,255.78506,46.0,-18.604004,no
10,2,184.0,182.64,283.52072,-12.0,-0.26557922,no
10,3,212.0,190.56,107.82393,-32.0,14.060471,no
10,4,208.0,187.8,139.71399,-22.0,14.844238,no
10,5,178.0,175.08,308.63895,-10.0,2.1486664,no
10,6,130.0,159.56,279.0627,52.0,-13.85788,no
10,7,111.0,146.24,91.26884,67.0,-19.792892,no
10,8,133.0,139.12,105.00476,-8.0,-15.017868,no
10,9,143.0,141.24,82.37718,-18.0,-11.651566,no
10,10,132.0,151.32,82.86133,30.0,-14.914597,no
10,11,128.0,165.32,111.0045,70.0,-16.552185,no
10,12,156.0,180.44,266.3081,53.0,-8.845657,no
10,13,199.0,195.52,220.88005,-12.0,3.7677155,no
10,14,218.0,207.08,82.219215,-13.0,12.645096,no
10,15,222.0,209.52,32.24903,-18.0,15.395279,no
10,16,210.0,199.4,134.72935,-8.0,12.472183,no
10,17,188.0,182.24,234.77649,-12.0,3.534912,no
10,18,154.0,166.0,227.95175,16.0,-8.670151,no
10,19,138.0,158.2,84.87638,10.0,-15.747665,yes
10,20,141.0,159.52,159.8124,34.0,-11.2052,yes
10,21,176.0,169.56,240.07498,-11.0,1.7870178,no
10,22,203.0,184.24,141.17365,-24.0,12.588196,no
10,23,212.0,197.16,41.761227,-14.0,15.76503,no
10,24,213.0,202.6,19.026299,-7.0,14.220947,no
10,25,213.0,201.24,26.832815,-14.0,11.145508,no
10,26,208.0,196.36,85.146935,-23.0,5.767563,no
10,27,190.0,191.16,136.0588,-7.0,-3.0194092,no
10,28,167.0,187.52,110.724884,26.0,-12.2065735,no
10,29,152.0,186.64,31.622776,64.0,-16.771332,no
10,30,157.0,189.4,87.28116,65.0,-14.522263,no
10,31,179.0,194.76,130.29965,20.0,-7.549347,no
10,32,198.0,200.2,109.41663,-2.0,-0.07652283,no
10,33,208.0,204.12,65.60488,-7.0,4.729553,no
10,34,210.0,206.16,45.276924,-3.0,6.461014,no
10,35,210.0,206.4,38.052597,-2.0,6.6395874,no
10,36,210.0,205.68,29.966648,-7.0,6.4323883,no
10,37,206.0,204.31999,22.671568,3.0,6.211212,no
10,38,204.0,202.64,17.029387,6.0,6.2882996,no
10,39,204.0,201.76,25.495098,-2.0,6.6575775,no
10,40,204.0,201.04,24.083189,-6.0,7.6921234,no
10,41,205.0,197.4,10.198039,-7.0,8.815018,no
10,42,203.0,190.52,104.73777,-19.0,6.190933,no
10,43,187.0,184.88,190.68823,-14.0,-2.3723602,yes
10,44,166.0,181.48,146.0137,21.0,-10.425018,yes
10,45,172.0,179.56,166.97305,7.0,-9.83902,yes
10,46,192.0,180.48,177.62883,-28.0,-3.4885864,yes
10,47,200.0,185.4,135.48431,-29.0,-0.15975952,no
10,48,194.0,191.72,111.83023,-4.0,-2.205597,no
10,49,188.0,197.68001,87.93179,23.0,-4.5954437,no
10,50,197.0,204.32,109.07796,15.0,-2.8817291,no
10,51,211.0,211.48,105.773346,8.0,1.6494446,no
10,52,224.0,218.6,54.33231,-6.0,4.942032,no
10,53,227.0,223.76,9.486833,-4.0,5.123596,no
10,54,227.0,226.48,4.472136,1.0,3.9876251,no
10,55,227.0,226.92,4.0,1.0,3.5821686,no
10,56,227.0,225.72,3.1622777,1.0,4.5043488,no
10,57,227.0,222.4,15.811388,-1.0,6.2092743,no
10,58,226.0,217.0,52.63079,-11.0,7.595169,no
10,59,222.0,210.52,93.64828,-16.0,8.139221,no
10,60,215.0,203.8,117.20068,-10.0,8.054367,no
10,61,209.0,198.56,110.57124,-11.0,7.6586,no
10,62,203.0,195.68,84.58132,-8.0,7.0039215,no
10,63,197.0,193.8,69.57011,4.0,5.938629,no
10,64,193.0,192.04,99.32774,11.0,3.6791382,no
10,65,190.0,192.24,165.21501,9.0,0.41279602,no
10,66,195.0,194.2,222.80035,-11.0,-0.6515198,no
10,67,207.0,195.84,213.95326,-27.0,2.0348969,no
10,68,213.0,198.52,141.2303,-21.0,4.9102936,no
10,69,212.0,202.04,98.1835,-15.0,5.5209503,no
11,0,121.0,150.87999,82.036575,28.0,-30.115128,no
11,1,135.0,163.08,222.3151,44.0,-19.396545,no
11,2,176.0,177.72,277.0018,4.0,-0.6703949,no
11,3,207.0,184.84,104.0865,-27.0,14.617447,no
11,4,205.0,179.28,163.57262,-33.0,14.951126,no
11,5,169.0,164.12,336.94214,-11.0,0.13189697,no
11,6,124.0,147.68,242.29321,25.0,-16.390045,no
11,7,110.0,134.4,49.819675,38.0,-19.339493,no
11,8,135.0,128.48,160.3808,-13.0,-9.96907,no
11,9,158.0,132.64,62.03225,-58.0,-3.166916,no
11,10,157.0,144.0,53.235325,-47.0,-6.1050415,no
11,11,146.0,158.23999,95.42536,17.0,-10.727737,no
11,12,163.0,173.72,220.84384,15.0,-6.7792206,no
11,13,197.0,189.84,216.03703,-14.0,4.3454895,no
11,14,216.0,202.56,98.32599,-11.0,13.966156,no
11,15,222.0,205.36,28.635643,-19.0,17.395782,no
11,16,210.0,194.6,155.5442,-18.0,13.333893,no
11,17,182.0,176.96,269.9037,-12.0,1.4996796,no
11,18,138.0,161.2,229.95651,48.0,-13.269913,no
11,19,124.0,154.76,47.518417,43.0,-20.222534,yes
11,20,141.0,157.68,191.9427,15.0,-13.8945465,yes
11,21,174.0,169.08,231.36551,-5.0,-0.31137085,no
11,22,199.0,184.16,133.88054,-18.0,9.783234,no
11,23,208.0,196.68001,55.31727,-13.0,12.467102,no
11,24,207.0,201.8,43.104523,2.0,11.1147,no
11,25,206.0,200.68001,44.922153,2.0,9.028,no
11,26,205.0,196.28,68.54196,-17.0,5.35466,no
11,27,190.0,191.76,123.32072,-2.0,-1.7306061,no
11,28,170.0,188.8,118.06778,34.0,-9.0460205,no
11,29,169.0,188.32,173.00288,27.0,-11.011017,no
11,30,182.0,191.28,215.13252,6.0,-6.854721,no
11,31,197.0,196.8,173.92528,-3.0,-0.15872192,no
11,32,209.0,202.0,100.76706,-11.0,5.4677124,no
11,33,215.0,205.6,40.496914,-13.0,8.332275,no
11,34,215.0,207.28,13.928389,-8.0,8.776871,no
11,35,214.0,207.08,11.045361,-9.0,8.314346,no
11,36,212.0,205.64,19.235384,-8.0,7.898697,no
11,37,208.0,202.76,20.0,0.0,7.711075,no
11,38,207.0,198.52,21.023796,-6.0,7.635071,no
11,39,206.0,194.92,48.02083,-14.0,7.3309326,no
11,40,205.0,192.44,73.34848,-24.0,7.3513336,no
11,41,203.0,188.72,84.758484,-26.0,7.257263,no
11,42,191.0,183.88,127.88276,-8.0,3.2824402,no
11,43,166.0,181.36,167.14066,32.0,-6.224411,yes
11,44,146.0,180.31999,82.13403,55.0,-14.997635,yes
11,45,152.0,179.16,104.99524,29.0,-16.041824,yes
11,46,165.0,179.36,148.18907,18.0,-11.9530945,yes
11,47,175.0,182.28,154.93224,2.0,-9.464157,yes
11,48,179.0,186.16,131.46101,-7.0,-10.02536,yes
11,49,181.0,191.0,104.019226,7.0,-9.795624,yes
11,50,195.0,197.92,129.65338,-2.0,-5.5517426,yes
11,51,212.0,206.0,125.299644,-9.0,1.0757751,no
11,52,226.0,214.52,66.27216,-18.0,5.86351,no
11,53,227.0,221.44,12.0,0.0,6.8123474,no
11,54,228.0,225.4,4.2426405,-2.0,6.062805,no
11,55,228.0,226.2,4.0,-1.0,6.0887756,no
11,56,228.0,224.16,6.0,-2.0,7.353943,no
11,57,227.0,217.92,54.20332,-12.0,8.195496,no
11,58,217.0,207.96,137.20787,-6.0,6.3441315,no
11,59,205.0,197.08,218.49028,-12.0,2.1539612,no
11,60,195.0,187.44,258.9247,-24.0,-1.0557251,no
11,61,190.0,181.24,234.03418,-20.0,-0.34814453,no
11,62,190.0,179.24,158.15182,-12.0,3.242218,no
11,63,191.0,179.28,78.23043,-7.0,5.576126,no
11,64,188.0,179.16,87.86353,-14.0,2.500122,no
11,65,170.0,180.28,158.44873,18.0,-5.7408905,no
11,66,155.0,182.84,199.02261,54.0,-11.779755,no
11,67,170.0,185.24,251.95634,17.0,-9.498276,no
11,68,190.0,189.24,194.55077,-12.0,-3.1406097,no
11,69,193.0,194.08,128.99612,6.0,0.4858551,no
12,0,136.0,154.92,120.06665,6.0,-24.435455,no
12,1,148.0,166.16,224.18297,28.0,-14.344788,no
12,2,182.0,179.52,249.83995,-1.0,2.7384796,no
12,3,208.0,183.84,82.8734,-27.0,16.256958,no
12,4,203.0,174.16,207.39334,-39.0,14.452133,no
12,5,158.0,156.16,386.90826,-3.0,-3.0890198,no
12,6,112.0,138.84,246.13005,30.0,-20.351837,no
12,7,108.0,125.84,119.28118,4.0,-21.403877,no
12,8,126.0,121.64,174.64249,-5.0,-10.3726425,no
12,9,139.0,128.6,124.01613,3.0,-2.7450256,no
12,10,145.0,141.96,84.758484,2.0,-4.0514526,no
12,11,153.0,156.72,89.19641,-11.0,-6.9730988,no
12,12,168.0,172.32,192.0,5.0,-3.1551971,no
12,13,196.0,188.44,200.01,-6.0,6.9000397,no
12,14,216.0,200.16,93.26307,-15.0,16.005707,no
12,15,221.0,200.68,51.86521,-23.0,18.766098,no
12,16,208.0,187.68,180.27756,-26.0,13.084137,no
12,17,180.0,169.4,275.34705,-25.0,-0.53977966,no
12,18,140.0,154.8,221.18318,13.0,-15.979126,no
12,19,122.0,150.4,17.029387,36.0,-22.194855,yes
12,20,140.0,155.76,210.03809,19.0,-14.794662,yes
12,21,175.0,168.8,209.40392,-19.0,-1.8055725,no
12,22,193.0,183.24,109.59015,-11.0,6.216446,no
12,23,201.0,193.24,79.84986,-13.0,7.477951,no
12,24,203.0,196.44,77.00649,-15.0,5.950485,no
12,25,201.0,195.36,71.568146,-8.0,4.470764,no
12,26,199.0,192.48,54.20332,-8.0,2.9719543,no
12,27,193.0,190.36,49.658836,-2.0,0.57341003,no
12,28,188.0,189.96,108.461975,11.0,-0.7423096,no
12,29,199.0,191.2,166.3851,-16.0,1.5283508,no
12,30,211.0,194.32,141.76741,-33.0,5.71138,no
12,31,215.0,198.48,78.79086,-22.0,8.858917,no
12,32,215.0,201.4,17.492855,-9.0,10.007172,no
12,33,215.0,202.92,32.89377,-11.0,9.437439,no
12,34,213.0,203.12,61.351448,-13.0,8.071533,no
12,35,210.0,202.16,66.70832,-8.0,7.219162,no
12,36,208.0,200.52,59.22837,-6.0,7.3467407,no
12,37,207.0,197.08,57.58472,-11.0,7.6432037,no
12,38,204.0,191.24,104.86182,-18.0,6.239151,no
12,39,194.0,185.16,187.6646,-18.0,2.339386,no
12,40,183.0,180.8,229.51253,-7.0,-0.81140137,no
12,41,185.0,177.64,197.01776,-24.0,-0.23332214,no
12,42,184.0,175.92,67.911705,-15.0,0.77897644,yes
12,43,172.0,177.59999,117.923706,10.0,-2.3243866,yes
12,44,155.0,180.59999,192.20822,53.0,-7.5311127,yes
12,45,154.0,182.16,190.39433,53.0,-10.069199,yes
12,46,159.0,182.84,130.11533,38.0,-10.490631,yes
12,47,158.0,184.44,66.0303,50.0,-11.537827,yes
12,48,159.0,186.32,31.400637,55.0,-12.934387,yes
12,49,169.0,189.64,65.25335,32.0,-12.471954,yes
12,50,188.0,195.52,133.09395,-7.0,-8.464096,yes
12,51,207.0,202.64,160.03125,-17.0,-1.7646179,yes
12,52,223.0,210.32,111.94642,-26.0,4.0650177,no
12,53,227.0,217.12,53.25411,-13.0,6.61705,no
12,54,228.0,221.4,23.323807,-5.0,7.395859,no
12,55,228.0,222.56,10.198039,-2.0,8.593643,no
12,56,228.0,220.36,19.849434,-6.0,10.394379,no
12,57,224.0,212.68,92.47703,-17.0,10.065475,no
12,58,204.0,199.72,214.21951,-2.0,3.7816772,no
12,59,174.0,185.44,314.1592,10.0,-7.704712,no
12,60,146.0,172.76,339.8882,38.0,-16.834763,no
12,61,146.0,164.4,337.7484,18.0,-16.47673,no
12,62,164.0,161.84,300.4663,-19.0,-8.3719635,no
12,63,182.0,163.0,213.25102,-46.0,-0.6587372,no
12,64,184.0,165.44,139.78555,-46.0,-0.7787628,no
12,65,165.0,169.24,141.0319,-15.0,-8.906082,no
12,66,139.0,174.08,32.649654,64.0,-16.073486,yes
12,67,145.0,178.08,131.46101,68.0,-14.299271,yes
12,68,172.0,183.4,118.869675,15.0,-7.195511,yes
12,69,183.0,188.76,38.28838,1.0,-2.761551,yes
13,0,145.0,167.96,149.56604,33.0,-17.327805,no
13,1,167.0,176.84,232.26279,8.0,-7.179367,no
13,2,195.0,187.28,208.63365,-10.0,7.8818054,no
13,3,213.0,187.8,54.91812,-29.0,18.188324,no
13,4,202.0,173.84,259.01736,-44.0,13.093384,no
13,5,145.0,153.32,444.66843,13.0,-8.052353,no
13,6,88.0,134.76,253.74397,74.0,-27.569832,no
13,7,88.0,120.96,147.085,39.0,-27.973412,no
13,8,117.0,117.32,176.2328,-10.0,-15.661621,no
13,9,130.0,126.36,84.85281,-5.0,-8.119095,no
13,10,133.0,141.8,87.20092,8.0,-8.752121,no
13,11,142.0,157.68001,146.29422,23.0,-8.567642,no
13,12,165.0,174.04001,218.44908,24.0,-1.4547577,no
13,13,197.0,189.88,195.47379,-6.0,9.876968,no
13,14,216.0,199.28,69.58448,-16.0,18.386383,no
13,15,215.0,195.96,99.80982,-15.0,18.636292,no
13,16,195.0,181.16,256.3006,-13.0,8.914291,no
13,17,165.0,163.52,317.06467,-25.0,-7.20076,no
13,18,133.0,151.44,193.34943,-3.0,-20.549637,no
13,19,120.0,149.95999,77.16217,41.0,-22.057922,yes
13,20,141.0,158.36,239.75404,35.0,-11.741135,yes
13,21,174.0,172.24,184.11409,-1.0,0.25080872,no
13,22,186.0,184.88,46.69047,5.0,4.851242,no
13,23,187.0,191.28,50.039986,14.0,2.9639587,no
13,24,188.0,191.72,94.20191,5.0,-0.35987854,no
13,25,188.0,189.88,114.43776,-4.0,-2.3108673,no
13,26,189.0,188.24,98.15294,-5.0,-1.9705963,no
13,27,193.0,188.72,55.154327,-6.0,0.42759705,no
13,28,201.0,191.12,67.46851,-14.0,4.347595,no
13,29,212.0,193.96,58.463665,-28.0,8.537323,no
13,30,215.0,196.88,31.304953,-19.0,10.717407,no
13,31,215.0,198.88,67.08204,-21.0,10.2969055,no
13,32,212.0,198.28,99.29753,-19.0,8.121918,no
13,33,206.0,196.72,134.83324,-15.0,4.87796,no
13,34,199.0,195.36,150.23315,-7.0,2.140625,no
13,35,197.0,194.08,137.00365,-7.0,1.8072205,no
13,36,197.0,193.16,111.220505,-5.0,3.5769043,no
13,37,197.0,190.8,95.707886,-9.0,4.953644,no
13,38,190.0,184.88,151.32085,-13.0,2.208023,no
13,39,165.0,176.92,233.61935,20.0,-5.9244843,no
13,40,141.0,170.08,234.917,57.0,-13.483765,no
13,41,146.0,166.44,246.67793,32.0,-12.704849,yes
13,42,173.0,167.0,202.72641,-26.0,-3.9321136,yes
13,43,193.0,172.4,109.59015,-37.0,5.127182,no
13,44,201.0,179.72,202.86942,-40.0,8.96283,no
13,45,203.0,185.24,251.002,-39.0,8.076447,no
13,46,197.0,187.76001,240.4163,-19.0,4.2813873,no
13,47,189.0,188.96,215.85643,-5.0,-0.6688385,no
13,48,185.0,189.68001,183.61372,-5.0,-4.9257965,yes
13,49,180.0,192.0,123.101585,11.0,-7.7814636,yes
13,50,174.0,196.84001,59.816387,55.0,-8.1232605,yes
13,51,188.0,202.44,111.32835,31.0,-4.813919,yes
13,52,206.0,208.16,116.1034,5.0,-0.07952881,yes
13,53,217.0,213.16,101.07423,-7.0,3.3111267,yes
13,54,224.0,215.84,88.60023,-19.0,5.731659,yes
13,55,226.0,215.96,74.672615,-16.0,8.513733,no
13,56,226.0,213.28,64.7611,-18.0,11.503479,no
13,57,220.0,205.04,99.72964,-20.0,11.786606,no
13,58,199.0,191.48,231.24878,-20.0,4.423538,no
13,59,151.0,176.88,312.16983,45.0,-10.948257,no
13,60,107.0,163.56,188.48872,103.0,-24.962845,no
13,61,102.0,154.28,122.78436,81.0,-27.842316,no
13,62,119.0,151.32,221.35944,49.0,-20.692398,no
13,63,143.0,153.2,237.59209,9.0,-11.747467,no
13,64,155.0,157.32,170.5579,-4.0,-8.097702,yes
13,65,152.0,163.16,41.01219,14.0,-9.639603,yes
13,66,155.0,169.76,133.7236,19.0,-10.162842,yes
13,67,167.0,174.72,207.23416,15.0,-6.5122833,yes
13,68,185.0,180.08,123.54756,-17.0,-2.2429047,yes
13,69,185.0,185.12,30.265491,-3.0,-1.0243073,yes
14,0,165.0,183.72,207.74022,32.0,-7.9974976,no
14,1,188.0,189.92,227.69278,-2.0,1.2493439,no
14,2,208.0,197.36,158.79547,-11.0,13.279755,no
14,3,218.0,195.08,55.7853,-24.0,20.044357,no
14,4,203.0,177.92,283.42548,-38.0,12.729248,no
14,5,145.0,155.28,474.44495,6.0,-10.106705,no
14,6,81.0,135.6,264.7565,81.0,-31.630943,no
14,7,78.0,120.64,115.10864,55.0,-33.089256,no
14,8,114.0,116.04,178.71765,-21.0,-20.650795,no
14,9,126.0,125.88,50.537113,-13.0,-13.219887,no
14,10,123.0,142.72,63.245552,32.0,-13.209152,no
14,11,140.0,159.4,196.367,26.0,-9.860168,no
14,12,177.0,176.12,253.0336,-17.0,1.0699921,no
14,13,205.0,191.0,178.53851,-18.0,13.839737,no
14,14,220.0,197.12,34.928497,-28.0,21.11586,no
14,15,213.0,189.92,157.89236,-30.0,17.690369,no
14,16,179.0,174.36,331.43628,-13.0,2.4999237,no
14,17,127.0,158.92,296.12158,57.0,-16.255402,yes
14,18,104.0,150.08,45.607018,87.0,-24.667267,yes
14,19,125.0,151.88,226.29184,43.0,-17.543503,no
14,20,165.0,163.04,293.72437,-11.0,-2.7332306,yes
14,21,193.0,176.84,184.11409,-31.0,7.820236,no
14,22,195.0,187.08,87.46428,-6.0,8.502701,no
14,23,187.0,190.88,66.0303,10.0,2.7465973,no
14,24,179.0,189.52,59.665737,13.0,-3.7658386,no
14,25,170.0,187.04,62.177166,30.0,-7.754425,no
14,26,171.0,185.84,79.15807,28.0,-7.4724884,no
14,27,183.0,187.08,104.73777,5.0,-3.3148804,no
14,28,197.0,190.2,107.48953,-16.0,2.1641998,no
14,29,205.0,193.52,99.32774,-20.0,5.940094,no
14,30,203.0,196.2,117.71151,-9.0,6.365097,no
14,31,197.0,196.88,133.41664,4.0,4.4583282,no
14,32,193.0,194.24,144.22205,-1.0,1.3665009,no
14,33,183.0,190.88,163.68262,10.0,-2.90802,no
14,34,173.0,188.44,156.51837,23.0,-6.129883,no
14,35,175.0,186.36,138.07968,13.0,-5.201767,no
14,36,181.0,185.2,107.563934,6.0,-1.146698,no
14,37,185.0,183.72,66.1211,-2.0,2.2277374,no
14,38,181.0,178.6,93.38094,-10.0,0.9237976,no
14,39,155.0,169.68001,190.24721,32.0,-7.185272,no
14,40,127.0,160.88,153.73354,59.0,-17.834259,yes
14,41,117.0,156.52,98.95454,69.0,-21.71045,yes
14,42,143.0,158.48,288.76633,21.0,-12.910492,yes
14,43,189.0,166.40001,287.31168,-52.0,3.6994934,yes
14,44,213.0,177.40001,137.76791,-43.0,16.868637,no
14,45,221.0,187.28,46.647614,-35.0,20.779526,no
14,46,218.0,192.76,81.00617,-27.0,17.27147,no
14,47,211.0,194.16,93.914856,-20.0,11.194565,no
14,48,207.0,193.64,100.16985,-21.0,5.935684,no
14,49,203.0,194.6,124.1934,-20.0,1.6675873,no
14,50,195.0,198.12,126.14278,4.0,-1.4257507,no
14,51,196.0,202.48,92.574295,10.0,-1.9825897,no
14,52,201.0,206.84,39.849716,10.0,-0.8033447,no
14,53,204.0,210.24,53.851646,11.0,0.54740906,yes
14,54,206.0,210.6,93.05912,14.0,2.322113,yes
14,55,210.0,207.95999,124.0,0.0,4.9646606,yes
14,56,212.0,203.16,145.7738,-15.0,8.191162,no
14,57,211.0,193.56,127.22421,-26.0,10.597702,no
14,58,201.0,179.6,158.67577,-35.0,7.8349304,no
14,59,169.0,166.12,275.26352,-11.0,-2.714447,no
14,60,132.0,154.6,274.26263,34.0,-14.816284,no
14,61,117.0,146.16,208.69116,42.0,-20.611282,yes
14,62,116.0,143.64,110.67972,42.0,-19.916092,yes
14,63,125.0,147.04001,75.059975,34.0,-16.429,yes
14,64,137.0,153.76001,79.81228,21.0,-12.678497,yes
14,65,147.0,162.2,139.84277,44.0,-7.7467957,yes
14,66,181.0,171.0,189.48878,-36.0,-0.6460266,yes
14,67,198.0,177.6,135.3514,-45.0,4.7783966,yes
14,68,199.0,183.08,64.07808,-31.0,4.822342,yes
14,69,184.0,187.12,44.922153,17.0,1.6155548,yes
15,0,194.0,195.72,173.32628,0.0,2.8802795,no
15,1,210.0,199.96,169.91763,-17.0,10.096298,no
15,2,220.0,205.8,99.48869,-12.0,18.501099,no
15,3,224.0,203.08,59.816387,-23.0,22.479187,no
15,4,209.0,186.0,258.80493,-36.0,15.624939,no
15,5,157.0,163.4,460.44327,5.0,-4.745392,no
15,6,94.0,144.16,335.51453,76.0,-25.962685,no
15,7,84.0,129.64,137.55727,57.0,-30.212631,no
15,8,114.0,124.6,174.38463,-8.0,-20.394455,no
15,9,124.0,133.52,85.276024,9.0,-13.178467,no
15,10,125.0,150.16,130.38405,40.0,-11.258362,no
15,11,144.0,166.0,237.92436,42.0,-5.4680786,no
15,12,181.0,180.2,239.75404,0.0,6.333542,no
15,13,208.0,190.84,129.46814,-20.0,17.55954,no
15,14,218.0,192.12,47.07441,-29.0,21.780136,no
15,15,208.0,181.12,211.40483,-43.0,14.868317,no
15,16,168.0,165.32,350.95584,-14.0,-2.9042816,no
15,17,117.0,153.24,199.90498,62.0,-20.20845,yes
15,18,118.0,148.88,152.29576,33.0,-21.78012,yes
15,19,154.0,154.08,300.1766,-13.0,-7.9336395,yes
15,20,190.0,167.32,228.07893,-44.0,7.7424164,no
15,21,207.0,180.92,91.92388,-37.0,15.193466,no
15,22,208.0,189.12,44.04543,-30.0,13.333252,no
15,23,197.0,191.2,86.09297,-11.0,6.3667145,no
15,24,184.0,189.16,95.42536,5.0,-1.0616455,no
15,25,172.0,186.32,81.3019,26.0,-6.253296,no
15,26,170.0,184.88,45.891174,25.0,-7.9063873,no
15,27,176.0,185.4,42.544094,10.0,-6.438965,no
15,28,183.0,187.72,97.50897,0.0,-3.5155182,no
15,29,188.0,190.72,109.88175,-4.0,-0.8259125,no
15,30,186.0,193.16,76.23647,12.0,0.47903442,no
15,31,181.0,192.88,38.910152,28.0,0.41288757,no
15,32,179.0,189.08,44.38468,19.0,-1.2732391,no
15,33,170.0,185.04,84.21401,23.0,-5.268326,no
15,34,158.0,182.28,37.94733,42.0,-8.585754,no
15,35,162.0,179.44,49.335587,29.0,-7.003891,no
15,36,173.0,177.64,49.73932,8.0,-2.220398,no
15,37,179.0,177.04,46.840153,-4.0,1.6725311,no
15,38,184.0,173.4,21.633308,-28.0,3.2413788,no
15,39,179.0,164.6,140.0357,-41.0,0.37026978,yes
15,40,154.0,154.72,252.40048,-7.0,-9.140564,yes
15,41,121.0,149.56,159.21056,46.0,-20.63829,yes
15,42,114.0,151.32,166.331,67.0,-22.455902,yes
15,43,155.0,159.16,385.60342,-9.0,-9.613693,yes
15,44,198.0,171.24,321.17908,-52.0,7.830307,no
15,45,215.0,184.16,156.77373,-33.0,17.502228,no
15,46,216.0,192.92,82.37718,-22.0,17.23056,no
15,47,210.0,195.84,63.953106,-8.0,12.558807,no
15,48,208.0,195.48,40.792156,-8.0,8.554932,no
15,49,210.0,196.04,13.038404,-21.0,6.2213593,no
15,50,211.0,198.64,29.12044,-25.0,4.927841,no
15,51,210.0,202.08,56.089214,-13.0,4.322403,no
15,52,208.0,205.64,54.147945,-3.0,3.7979279,no
15,53,203.0,208.0,41.231056,14.0,3.2348938,yes
15,54,200.0,206.2,25.495098,15.0,3.054779,yes
15,55,196.0,200.2,89.106674,9.0,2.59021,yes
15,56,186.0,192.48,175.96022,19.0,1.8863068,no
15,57,185.0,181.64,221.09726,-6.0,3.1707,no
15,58,190.0,168.23999,185.29976,-42.0,5.349884,no
15,59,181.0,157.04,123.54756,-43.0,3.9990234,yes
15,60,169.0,149.04,112.29426,-49.0,-0.29814148,yes
15,61,160.0,143.12,159.93123,-49.0,-4.486664,yes
15,62,145.0,141.31999,150.54567,-11.0,-8.45874,yes
15,63,138.0,145.44,91.26884,6.0,-11.40596,yes
15,64,142.0,154.4,109.55364,16.0,-10.559647,yes
15,65,162.0,165.56,188.47281,-4.0,-3.9726562,yes
15,66,188.0,176.56,164.92422,-19.0,5.320984,no
15,67,200.0,184.64,50.0,-16.0,10.327515,no
15,68,198.0,190.28,52.63079,-8.0,8.145508,no
15,69,185.0,193.48,55.569775,20.0,3.2983093,no
16,0,207.0,199.87999,63.560993,-9.0,9.42894,no
16,1,221.0,203.2,94.92102,-26.0,15.8405,no
16,2,226.0,208.8,39.824615,-11.0,22.629837,no
16,3,226.0,207.8,41.400482,-12.0,25.933563,no
16,4,216.0,193.84,186.4886,-20.0,22.310593,no
16,5,185.0,174.16,387.96393,-29.0,8.532791,no
16,6,130.0,157.16,408.7689,47.0,-8.810913,no
16,7,107.0,144.32,266.36816,65.0,-15.722275,no
16,8,126.0,139.2,233.62363,12.0,-10.291779,no
16,9,140.0,146.24,212.20744,10.0,-3.5247955,no
16,10,149.0,160.68001,246.8684,25.0,0.6644592,no
16,11,172.0,173.76,260.7681,-1.0,6.7781982,no
16,12,195.0,183.36,175.80103,-11.0,14.810715,no
16,13,208.0,188.04,40.496914,-18.0,19.644028,no
16,14,207.0,184.24,150.90395,-27.0,17.366684,no
16,15,190.0,170.76,272.47018,-37.0,6.9273376,no
16,16,154.0,155.76,290.19305,-8.0,-8.805191,no
16,17,117.0,147.6,89.140335,58.0,-19.679123,yes
16,18,130.0,148.2,207.79317,27.0,-15.141098,yes
16,19,170.0,156.24,242.78798,-31.0,0.055038452,no
16,20,190.0,170.04001,123.49089,-15.0,12.036606,no
16,21,200.0,182.92,83.00603,-15.0,15.46965,no
16,22,203.0,189.92,57.00877,-16.0,13.299194,no
16,23,198.0,191.16,29.427877,-1.0,9.216446,no
16,24,193.0,189.36,82.29216,5.0,5.176361,no
16,25,190.0,187.04,112.720894,-6.0,1.3186188,no
16,26,186.0,185.68,90.35486,-14.0,-2.4182281,no
16,27,178.0,185.31999,41.036568,2.0,-5.22995,no
16,28,171.0,186.28,10.0,30.0,-5.742874,no
16,29,174.0,187.84,43.56604,30.0,-3.3288422,no
16,30,184.0,188.64,50.47772,7.0,0.7128601,no
16,31,190.0,186.36,63.953106,-4.0,3.8603516,no
16,32,191.0,180.92,79.61156,-15.0,3.692978,no
16,33,183.0,176.12,107.42439,-20.0,-0.32667542,no
16,34,169.0,173.72,59.548298,4.0,-3.8589783,no
16,35,171.0,171.68001,69.31089,0.0,-2.230957,no
16,36,178.0,171.08,29.732138,-13.0,1.3735199,no
16,37,170.0,172.8,50.931328,16.0,2.5493774,no
16,38,169.0,172.36,79.05694,15.0,4.1418915,no
16,39,182.0,165.76001,29.529646,-27.0,6.927002,no
16,40,182.0,156.44,169.2572,-62.0,2.8843231,no
16,41,145.0,150.8,289.389,-8.0,-11.923981,no
16,42,104.0,151.04,98.0816,73.0,-25.779037,yes
16,43,110.0,156.08,259.5573,79.0,-24.13269,yes
16,44,157.0,165.64,375.03333,-1.0,-9.713852,no
16,45,192.0,178.16,280.94482,-43.0,2.6984863,no
16,46,199.0,188.24,202.09404,-25.0,5.8123474,no
16,47,197.0,192.44,166.1084,-12.0,3.5633392,no
16,48,197.0,193.2,143.28294,-14.0,1.5316772,no
16,49,197.0,194.52,122.711044,2.0,1.7783203,no
16,50,204.0,197.32,93.00538,-4.0,4.067215,no
16,51,212.0,200.44,47.434166,-15.0,6.9233246,no
16,52,215.0,203.52,18.867962,-14.0,8.972046,no
16,53,214.0,204.72,51.41984,-11.0,10.08667,no
16,54,210.0,200.12,79.397736,-11.0,9.770737,no
16,55,197.0,189.92,142.86357,-6.0,5.543228,no
16,56,170.0,179.08,202.78067,21.0,-2.5985413,no
16,57,147.0,168.36,213.24165,47.0,-7.9914246,no
16,58,151.0,157.68,242.29733,7.0,-5.972702,yes
16,59,153.0,151.16,196.01021,7.0,-1.1133575,yes
16,60,154.0,149.08,124.14507,4.0,1.8657074,yes
16,61,160.0,147.76,47.095646,-25.0,2.2888794,yes
16,62,155.0,147.24,48.08326,-12.0,-0.29493713,yes
16,63,146.0,151.08,80.411446,18.0,-4.397461,yes
16,64,147.0,160.12,108.93117,28.0,-5.4431915,no
16,65,167.0,171.48,173.95401,6.0,-0.17501831,no
16,66,190.0,181.96,138.97482,-10.0,7.9334564,no
16,67,200.0,188.68001,50.47772,-4.0,12.104462,no
16,68,200.0,192.52,52.34501,-2.0,9.916016,no
16,69,193.0,194.56,58.258045,3.0,5.470093,no
17,0,197.0,192.8,178.88544,-6.0,6.9071655,no
17,1,215.0,195.92,169.85287,-23.0,14.962097,no
17,2,226.0,201.56,84.40379,-26.0,23.471756,no
17,3,226.0,202.4,38.600517,-12.0,28.395828,no
17,4,224.0,192.44,87.28116,-32.0,28.749863,no
17,5,208.0,176.59999,219.1803,-36.0,22.431137,no
17,6,181.0,162.16,305.4734,-41.0,11.523392,no
17,7,153.0,151.04,262.08395,8.0,4.5757904,no
17,8,155.0,146.24,227.0947,6.0,6.196991,no
17,9,171.0,151.48,205.35335,-21.0,11.388977,no
17,10,184.0,163.04,187.77113,-25.0,15.779724,no
17,11,199.0,173.28,142.83557,-33.0,19.584549,no
17,12,208.0,179.2,36.769554,-35.0,21.31337,no
17,13,204.0,179.68,119.096596,-28.0,17.532578,no
17,14,185.0,173.72,261.72504,-20.0,7.272064,no
17,15,154.0,162.36,281.9397,17.0,-5.764923,no
17,16,133.0,151.4,157.38487,26.0,-15.82785,yes
17,17,125.0,146.48,26.832815,29.0,-18.289795,yes
17,18,142.0,148.6,176.11928,5.0,-11.045105,no
17,19,175.0,156.2,180.1888,-46.0,0.6825409,no
17,20,185.0,167.08,96.16652,-15.0,7.8969574,no
17,21,185.0,176.56,98.0612,10.0,8.731049,no
17,22,190.0,182.76,109.63576,-2.0,7.49559,no
17,23,198.0,186.16,79.61156,-20.0,7.550461,no
17,24,205.0,187.24,24.33105,-31.0,8.610336,no
17,25,203.0,187.16,46.69047,-24.0,7.866699,no
17,26,192.0,187.32,79.05694,-2.0,4.2597656,no
17,27,181.0,187.2,74.88658,17.0,0.29614258,no
17,28,179.0,186.76,85.146935,14.0,-0.8867035,no
17,29,183.0,185.76,89.44272,11.0,1.4784241,no
17,30,193.0,183.64,55.154327,-11.0,5.533203,no
17,31,200.0,179.2,21.023796,-34.0,7.921158,no
17,32,197.0,172.8,111.72287,-45.0,5.981003,no
17,33,182.0,167.88,155.62134,-30.0,0.6508026,no
17,34,168.0,166.08,100.80675,-3.0,-2.3394318,no
17,35,175.0,164.8,94.62558,-19.0,0.8955078,no
17,36,185.0,164.52,13.038404,-40.0,4.9472504,no
17,37,170.0,167.04001,82.0975,5.0,4.090378,no
17,38,155.0,168.88,20.880613,54.0,3.485489,no
17,39,171.0,165.92,96.93297,5.0,8.090927,no
17,40,185.0,160.16,39.824615,-41.0,9.945007,no
17,41,165.0,156.6,260.0,-29.0,-0.38858032,yes
17,42,120.0,156.64,274.6525,57.0,-16.717407,yes
17,43,103.0,159.28,172.53986,100.0,-23.427933,yes
17,44,127.0,165.4,206.32014,71.0,-16.998123,yes
17,45,154.0,175.6,137.7534,42.0,-8.408386,no
17,46,166.0,185.44,110.67972,28.0,-5.478302,no
17,47,170.0,190.32,101.20277,26.0,-6.138382,no
17,48,172.0,191.84,84.20214,38.0,-6.621628,no
17,49,179.0,192.92,99.00505,21.0,-5.580765,no
17,50,192.0,194.36,136.19104,-9.0,-2.318985,no
17,51,204.0,195.96,139.94284,-21.0,2.769699,no
17,52,212.0,198.04001,101.87247,-19.0,8.366455,no
17,53,217.0,198.0,49.193497,-20.0,13.3076935,no
17,54,218.0,191.36,50.596443,-31.0,15.097244,no
17,55,206.0,178.24,197.14462,-43.0,8.922546,no
17,56,171.0,164.76,311.22018,-32.0,-5.7324066,no
17,57,129.0,153.56,222.03603,25.0,-18.218796,yes
17,58,121.0,144.72,154.32434,37.0,-18.10498,yes
17,59,133.0,141.44,110.535065,18.0,-9.965012,yes
17,60,138.0,144.0,65.192024,25.0,-3.5668182,yes
17,61,146.0,147.59999,71.21797,11.0,-0.7773285,yes
17,62,157.0,150.12,46.32494,-16.0,0.18287659,yes
17,63,162.0,155.15999,67.77905,-17.0,-0.20054626,no
17,64,161.0,164.31999,109.28861,14.0,-0.1506958,no
17,65,175.0,175.28,145.83553,5.0,3.590683,no
17,66,195.0,184.08,118.12705,-14.0,9.748947,no
17,67,206.0,187.36,35.35534,-20.0,12.890472,no
17,68,207.0,187.84,63.953106,-29.0,9.7854,no
17,69,197.0,188.84,90.21086,-21.0,4.15271,no
18,0,163.0,176.92,267.67517,36.0,-3.1020508,no
18,1,193.0,178.92,296.05743,-33.0,6.115341,no
18,2,211.0,182.76001,247.95161,-42.0,16.387787,no
18,3,216.0,183.36,211.28653,-38.0,22.911545,no
18,4,214.0,176.16,204.71443,-36.0,25.25438,no
18,5,206.0,164.2,216.9055,-49.0,22.800873,no
18,6,192.0,152.96,200.8233,-61.0,16.676773,no
18,7,177.0,144.52,118.15244,-54.0,11.801514,no
18,8,176.0,141.16,99.00505,-53.0,11.954193,no
18,9,184.0,145.92,139.60658,-57.0,15.082825,no
18,10,192.0,155.76,165.02727,-54.0,17.977325,no
18,11,199.0,164.56,176.52762,-49.0,19.334198,no
18,12,199.0,169.24,188.17545,-42.0,17.031937,no
18,13,187.0,169.2,228.82744,-35.0,8.736679,no
18,14,155.0,164.8,251.9087,19.0,-4.360199,no
18,15,125.0,158.4,136.48444,66.0,-15.436081,yes
18,16,125.0,152.84,42.80187,37.0,-18.260239,yes
18,17,137.0,150.68,113.87713,8.0,-14.789246,yes
18,18,143.0,152.6,57.567352,19.0,-10.374527,no
18,19,157.0,158.08,161.9012,-7.0,-6.888092,no
18,20,175.0,164.96,222.12158,-61.0,-4.342148,yes
18,21,175.0,170.72,178.46568,-23.0,-2.913086,no
18,22,172.0,175.76,151.79591,14.0,-2.135147,no
18,23,179.0,180.59999,177.34148,2.0,-0.10354614,no
18,24,195.0,183.68,171.28339,-33.0,4.0642853,no
18,25,201.0,185.31999,86.833176,-29.0,7.599472,no
18,26,196.0,186.88,19.646883,-4.0,8.254868,no
18,27,192.0,187.48,67.601776,6.0,7.51416,no
18,28,195.0,186.44,76.105194,-11.0,7.4096527,no
18,29,197.0,183.76,31.622776,-22.0,7.7294617,no
18,30,194.0,179.52,73.239334,-21.0,6.9556427,no
18,31,186.0,173.72,178.94133,-23.0,3.7038422,no
18,32,170.0,167.52,237.19191,-8.0,-2.0796814,no
18,33,150.0,163.56,204.08821,28.0,-7.6618958,no
18,34,143.0,162.44,137.76791,41.0,-8.164413,no
18,35,157.0,161.16,152.89867,15.0,-2.2875977,no
18,36,177.0,159.44,110.06362,-35.0,3.4274902,no
18,37,175.0,159.56,112.04463,-39.0,2.882492,no
18,38,164.0,160.32,86.683334,-20.0,0.7133484,no
18,39,167.0,159.28,134.01492,-12.0,4.1776276,no
18,40,181.0,158.04001,94.79452,-34.0,10.128128,no
18,41,181.0,158.84,102.34256,-30.0,9.745361,yes
18,42,165.0,160.88,285.35593,-7.0,2.2289429,yes
18,43,155.0,162.68001,335.01343,12.0,-4.311737,yes
18,44,165.0,166.40001,276.52487,-12.0,-5.3312683,yes
18,45,173.0,173.76001,179.68861,-13.0,-4.269287,yes
18,46,169.0,182.28,140.81194,32.0,-4.0983887,yes
18,47,171.0,187.84,150.6851,42.0,-4.034958,yes
18,48,180.0,190.8,136.52838,10.0,-4.2686462,yes
18,49,176.0,191.84,76.537575,27.0,-5.851349,yes
18,50,172.0,191.24,29.017237,43.0,-6.9747925,yes
18,51,179.0,190.32,131.55228,23.0,-5.2328033,no
18,52,193.0,190.72,189.76302,-14.0,-0.24995422,no
18,53,204.0,189.84,189.97368,-28.0,6.455139,no
18,54,208.0,182.84,167.88687,-37.0,10.37825,no
18,55,195.0,169.76,260.8601,-51.0,4.539383,yes
18,56,147.0,156.32,359.0014,15.0,-11.913864,yes
18,57,102.0,145.48,198.09088,76.0,-26.173798,yes
18,58,108.0,137.0,127.88276,30.0,-25.364754,yes
18,59,138.0,133.84,127.57743,-38.0,-15.062744,no
18,60,144.0,137.4,34.20526,-24.0,-8.911819,no
18,61,140.0,143.52,89.106674,0.0,-8.347397,no
18,62,149.0,148.68,147.411,-11.0,-6.525757,no
18,63,167.0,155.31999,118.06778,-35.0,-2.022293,yes
18,64,174.0,165.44,77.665955,-13.0,1.951828,no
18,65,182.0,176.48,92.574295,-3.0,5.482834,no
18,66,195.0,183.88,85.61542,-13.0,9.478714,no
18,67,202.0,184.16,60.299255,-18.0,10.498749,no
18,68,196.0,182.48,185.26738,-25.0,4.061844,no
18,69,170.0,183.16,241.49535,17.0,-5.4216614,no
19,0,135.0,161.88,160.6549,43.0,-11.590225,no
19,1,150.0,162.04001,278.91934,19.0,-6.127487,yes
19,2,167.0,163.6,375.66208,-19.0,0.3059082,no
19,3,175.0,163.08,419.09665,-33.0,4.7377014,no
19,4,174.0,157.16,441.5654,-41.0,6.0431824,no
19,5,161.0,148.16,465.6694,-29.0,3.4215546,no
19,6,143.0,140.28,458.7134,-9.0,-1.4477081,no
19,7,133.0,134.72,418.00717,-3.0,-4.4586487,no
19,8,135.0,132.84,393.47174,-11.0,-3.724121,no
19,9,140.0,137.04001,390.04102,-7.0,-1.2467041,no
19,10,147.0,145.48001,380.8648,-3.0,1.2758026,no
19,11,157.0,153.28,341.2477,-7.0,3.0983276,no
19,12,160.0,158.32,275.08908,-1.0,2.0863342,no
19,13,155.0,160.52,183.41211,7.0,-3.0403748,yes
19,14,142.0,160.44,82.0,24.0,-10.119659,yes
19,15,132.0,159.96,130.01538,47.0,-13.733536,yes
19,16,142.0,159.64,220.04546,30.0,-10.625732,yes
19,17,163.0,159.96,201.06218,-30.0,-5.884186,yes
19,18,155.0,161.92,153.39491,-3.0,-7.296341,yes
19,19,128.0,165.31999,74.10803,77.0,-13.25856,yes
19,20,122.0,168.52,98.23441,103.0,-15.302582,yes
19,21,145.0,171.08,115.03912,39.0,-11.534973,yes
19,22,158.0,174.2,25.96151,17.0,-7.9587097,yes
19,23,153.0,177.48,52.611786,56.0,-6.7722473,yes
19,24,162.0,179.32,145.89037,37.0,-4.0443726,yes
19,25,181.0,180.56,163.6704,-5.0,1.4831238,yes
19,26,195.0,182.4,101.21265,-24.0,7.1580048,no
19,27,202.0,183.28,36.878178,-30.0,10.7799225,no
19,28,201.0,182.36,38.600517,-23.0,11.269562,no
19,29,194.0,179.64,107.48953,-21.0,8.122467,no
19,30,179.0,174.76,172.6789,-11.0,1.8298798,no
19,31,157.0,168.2,190.03157,22.0,-5.87735,no
19,32,139.0,162.2,137.90576,44.0,-12.37854,no
19,33,133.0,159.04,37.576588,38.0,-14.872269,no
19,34,138.0,158.76,56.32051,25.0,-11.824097,no
19,35,148.0,158.15999,72.249565,19.0,-5.2389984,yes
19,36,156.0,155.95999,76.02631,6.0,-0.91470337,yes
19,37,150.0,153.76,157.4357,10.0,-2.8710175,yes
19,38,139.0,152.12,182.18672,19.0,-7.066742,yes
19,39,140.0,150.76,212.77689,17.0,-5.9622345,no
19,40,157.0,151.92,238.31491,1.0,1.8888245,no
19,41,183.0,156.95999,157.4103,-46.0,11.060532,no
19,42,197.0,162.56,83.546394,-53.0,15.785385,no
19,43,199.0,165.76,133.63383,-50.0,14.25798,no
19,44,193.0,169.2,81.437096,-34.0,8.5408325,no
19,45,191.0,175.0,25.495098,-35.0,3.5242004,no
19,46,198.0,181.4,103.47947,-39.0,3.2820587,yes
19,47,207.0,186.59999,159.21056,-35.0,6.1687164,yes
19,48,211.0,190.88,160.3122,-36.0,6.7175293,yes
19,49,200.0,192.31999,162.6038,-17.0,2.1992798,yes
19,50,184.0,190.28,124.48293,3.0,-4.653549,yes
19,51,170.0,187.24,58.549126,25.0,-9.778198,yes
19,52,163.0,186.0,117.00427,41.0,-10.529861,yes
19,53,170.0,184.8,188.45158,18.0,-6.369522,yes
19,54,178.0,178.96,181.06905,-6.0,-1.6332397,no
19,55,168.0,168.28,199.02261,-3.0,-4.2804565,no
19,56,135.0,157.68001,252.0,21.0,-16.014389,yes
19,57,100.0,149.56,152.83978,76.0,-26.02118,yes
19,58,101.0,142.68001,155.6663,74.0,-23.76049,yes
19,59,129.0,139.44,121.65525,9.0,-14.933411,yes
19,60,136.0,142.36,41.59327,-7.0,-12.606079,yes
19,61,121.0,148.6,75.802376,36.0,-16.646896,yes
19,62,121.0,154.0,138.4052,57.0,-16.150406,yes
19,63,148.0,160.08,190.52034,21.0,-8.017502,yes
19,64,173.0,169.2,106.06602,-12.0,0.1409607,yes
19,65,181.0,178.64,56.938564,-5.0,3.9468536,yes
19,66,188.0,183.52,83.23461,-8.0,5.7977905,no
19,67,193.0,181.32,84.0119,-22.0,5.0190887,no
19,68,180.0,178.32,203.59273,-20.0,-3.405777,no
19,69,134.0,178.64,177.01978,93.0,-15.16597,no
20,0,135.0,147.88,34.785053,2.0,-9.575958,yes
20,1,124.0,146.96,58.137768,46.0,-10.522461,yes
20,2,113.0,147.2,173.66635,71.0,-12.379135,yes
20,3,110.0,146.04,264.8207,56.0,-13.718857,yes
20,4,105.0,140.84,288.29498,56.0,-14.767029,yes
20,5,92.0,134.0,277.43106,73.0,-17.81707,yes
20,6,77.0,128.44,249.89998,86.0,-22.315536,yes
20,7,74.0,124.6,218.0,71.0,-24.353127,no
20,8,80.0,123.0,202.78067,63.0,-22.631401,no
20,9,87.0,126.16,192.33304,64.0,-19.813911,no
20,10,96.0,133.24,204.83163,64.0,-17.003685,no
20,11,115.0,141.0,198.0404,34.0,-13.527527,yes
20,12,128.0,148.12,137.2953,31.0,-10.678452,yes
20,13,138.0,155.0,71.470276,25.0,-8.888199,yes
20,14,150.0,161.08,141.40015,18.0,-6.3663635,yes
20,15,166.0,166.51999,235.64804,-8.0,-2.0308533,yes
20,16,178.0,170.12,236.5798,-13.0,3.241211,yes
20,17,188.0,171.31999,177.81451,-28.0,5.9283905,no
20,18,183.0,172.04,216.60101,-37.0,1.8809509,no
20,19,155.0,173.0,278.91577,31.0,-6.190735,no
20,20,143.0,173.12,273.2508,66.0,-9.320435,no
20,21,164.0,173.0,239.26973,8.0,-5.259903,no
20,22,179.0,174.12,156.11534,-31.0,-1.7182465,yes
20,23,169.0,174.84,127.263504,-3.0,-3.2188416,yes
20,24,156.0,174.16,32.649654,40.0,-5.52536,yes
20,25,161.0,173.92,96.26006,28.0,-4.090225,yes
20,26,177.0,174.92,171.76729,-10.0,0.75737,yes
20,27,190.0,175.40001,171.0263,-32.0,5.474106,no
20,28,190.0,174.96,152.19067,-26.0,6.181488,no
20,29,178.0,173.24,157.63248,-8.0,1.8481445,no
20,30,160.0,169.24,135.24792,18.0,-5.0601196,no
20,31,146.0,163.95999,79.762146,28.0,-11.168991,yes
20,32,140.0,159.8,63.07139,24.0,-14.113541,yes
20,33,143.0,157.92,93.60555,12.0,-12.787201,yes
20,34,153.0,158.0,98.478424,-11.0,-7.951721,yes
20,35,160.0,157.72,63.560993,-22.0,-2.6235657,yes
20,36,155.0,155.0,57.68882,0.0,-1.018753,yes
20,37,140.0,150.52,117.10679,18.0,-5.4334717,yes
20,38,121.0,146.36,105.68822,41.0,-12.533524,yes
20,39,114.0,143.88,101.24229,45.0,-15.364685,yes
20,40,125.0,145.31999,213.43384,35.0,-10.006714,yes
20,41,151.0,152.28,292.96075,15.0,1.5367279,no
20,42,188.0,161.52,250.41565,-57.0,13.004715,no
20,43,201.0,168.56,106.7052,-55.0,16.707779,no
20,44,183.0,174.64,129.46814,6.0,10.309067,no
20,45,165.0,181.52,108.01852,58.0,2.5603638,no
20,46,186.0,187.8,181.47176,2.0,3.4049835,no
20,47,213.0,192.31999,132.19682,-38.0,10.018127,no
20,48,221.0,195.84,7.071068,-35.0,13.006378,yes
20,49,212.0,196.2,94.371605,-20.0,8.953506,yes
20,50,197.0,192.44,133.45412,-10.0,0.8739624,yes
20,51,179.0,187.36,143.22011,4.0,-7.4880524,yes
20,52,160.0,184.44,96.16652,37.0,-12.737473,yes
20,53,153.0,182.72,39.92493,55.0,-12.006134,yes
20,54,160.0,177.8,43.011627,34.0,-7.303604,yes
20,55,161.0,169.44,115.10864,18.0,-5.707962,yes
20,56,146.0,162.12,224.1428,30.0,-10.105026,yes
20,57,138.0,157.4,279.73203,9.0,-13.640778,yes
20,58,141.0,153.36,314.35648,10.0,-10.145126,yes
20,59,150.0,151.6,263.8977,6.0,-5.009506,yes
20,60,143.0,154.48,226.38463,22.0,-7.435898,yes
20,61,123.0,159.8,202.0396,63.0,-14.911728,yes
20,62,123.0,164.08,198.95728,70.0,-15.852676,yes
20,63,152.0,168.16,230.63824,23.0,-7.3763733,yes
20,64,177.0,174.6,113.17243,-14.0,0.91882324,yes
20,65,176.0,181.28,14.21267,13.0,2.687271,yes
20,66,175.0,183.4,49.497475,17.0,1.6525574,no
20,67,180.0,179.08,65.06919,-4.0,0.24580383,no
20,68,177.0,174.88,123.32883,-29.0,-5.332321,no
20,69,145.0,174.52,163.0276,53.0,-13.399384,no
21,0,148.0,135.8,31.780497,-27.0,-1.1077576,no
21,1,144.0,134.32,100.65784,-38.0,-4.1315765,yes
21,2,122.0,133.0,140.0,8.0,-9.726723,yes
21,3,103.0,130.44,102.625534,48.0,-14.06337,yes
21,4,100.0,125.479996,115.316956,38.0,-15.357346,yes
21,5,98.0,120.08,171.59254,18.0,-16.94661,yes
21,6,85.0,116.24,200.92784,40.0,-20.549896,yes
21,7,77.0,113.72,172.10461,55.0,-22.929863,yes
21,8,87.0,112.44,158.24033,20.0,-21.948143,yes
21,9,96.0,114.88,131.55228,11.0,-20.337158,yes
21,10,99.0,121.36,100.0,25.0,-19.60057,yes
21,11,113.0,130.28,122.702896,12.0,-17.209373,yes
21,12,130.0,140.88,137.41907,3.0,-12.302673,yes
21,13,144.0,153.52,184.22812,27.0,-5.468155,yes
21,14,172.0,165.88,220.51758,-10.0,2.794754,no
21,15,196.0,176.24,179.62183,-40.0,9.953003,no
21,16,203.0,182.52,115.948265,-30.0,13.479904,no
21,17,200.0,183.6,77.665955,-9.0,13.268387,no
21,18,197.0,181.8,101.133575,-9.0,10.356094,no
21,19,197.0,180.08,169.85876,-39.0,6.9357758,no
21,20,197.0,178.04,200.15994,-48.0,6.2377167,no
21,21,197.0,175.68001,143.13629,-34.0,8.315201,no
21,22,194.0,174.08,83.57033,-24.0,9.080414,no
21,23,185.0,172.0,107.51744,-17.0,5.754883,no
21,24,172.0,168.72,112.32987,-9.0,-0.38056946,no
21,25,158.0,166.4,58.821766,10.0,-5.730942,no
21,26,152.0,165.92,118.5327,29.0,-7.025009,yes
21,27,159.0,166.2,171.73235,16.0,-5.030182,no
21,28,165.0,167.31999,159.154,-3.0,-4.1548767,no
21,29,160.0,168.24,110.13628,6.0,-6.1305237,yes
21,30,155.0,167.24,14.142136,14.0,-8.144516,yes
21,31,155.0,165.36,102.176315,13.0,-8.097961,yes
21,32,156.0,164.40001,156.32019,12.0,-6.465088,yes
21,33,158.0,163.8,149.96666,10.0,-3.7488556,no
21,34,160.0,163.0,106.06602,12.0,-0.25904846,no
21,35,162.0,161.04001,67.00746,9.0,2.9877777,yes
21,36,164.0,155.96,83.00603,-17.0,3.8059692,yes
21,37,152.0,148.36,151.16217,-8.0,-0.4394989,yes
21,38,132.0,141.52,159.88121,3.0,-8.756409,no
21,39,115.0,137.6,69.065186,24.0,-15.395714,yes
21,40,113.0,137.64,57.306194,31.0,-15.493225,yes
21,41,123.0,143.36,183.84776,40.0,-9.136078,yes
21,42,146.0,152.92,287.51697,27.0,0.26820374,yes
21,43,179.0,162.44,230.97186,-51.0,6.989792,yes
21,44,179.0,171.59999,71.55418,-24.0,5.8982086,no
21,45,158.0,181.36,32.06244,67.0,1.0701141,no
21,46,170.0,190.2,145.41664,53.0,1.8151245,no
21,47,200.0,196.88,143.58969,-6.0,7.7916565,no
21,48,213.0,201.24,59.05929,-16.0,11.385956,yes
21,49,210.0,201.36,48.8467,-5.0,9.471878,yes
21,50,203.0,196.88,79.84986,-8.0,4.1476135,yes
21,51,193.0,191.12,121.62237,-8.0,-1.9918671,yes
21,52,182.0,187.2,152.84633,-1.0,-6.2520294,yes
21,53,177.0,184.64,173.14156,8.0,-5.6956787,yes
21,54,182.0,180.36,181.60396,1.0,-1.0036316,yes
21,55,188.0,173.76,178.88544,-24.0,2.2312317,yes
21,56,180.0,168.44,186.043,-22.0,0.79455566,no
21,57,174.0,165.88,156.0,-21.0,-0.052200317,yes
21,58,185.0,164.08,194.16487,-47.0,4.621643,yes
21,59,193.0,163.6,218.43535,-48.0,9.406326,no
21,60,185.0,166.76,274.60883,-28.0,6.781891,no
21,61,168.0,171.28,306.41476,4.0,-0.292984,no
21,62,166.0,173.87999,288.31232,9.0,-2.20047,no
21,63,183.0,175.31999,234.08118,-18.0,3.020813,yes
21,64,193.0,178.36,125.299644,-24.0,7.29068,yes
21,65,184.0,181.72,96.540146,1.0,5.4805756,yes
21,66,173.0,181.76,52.34501,22.0,1.5087738,no
21,67,171.0,177.40001,9.055386,22.0,-0.5170288,no
21,68,174.0,173.8,47.434166,8.0,-1.8144379,no
21,69,177.0,173.32,129.25943,-25.0,-3.5585632,no
22,0,138.0,132.44,96.332756,1.0,1.971817,no
22,1,144.0,130.12,64.62198,-35.0,1.2372589,no
22,2,136.0,126.96,67.6757,-21.0,-0.8992615,no
22,3,128.0,122.6,102.83968,-9.0,-2.1860886,yes
22,4,132.0,117.32,132.0606,-32.0,-1.3752594,no
22,5,133.0,113.200005,147.09181,-43.0,-1.4684525,no
22,6,128.0,111.560005,180.93645,-49.0,-4.063118,no
22,7,117.0,111.4,199.72481,-17.0,-6.58918,no
22,8,115.0,111.840004,195.34584,1.0,-7.085388,no
22,9,122.0,114.64,158.05063,-23.0,-8.2293625,yes
22,10,116.0,120.6,98.32599,2.0,-11.816002,yes
22,11,120.0,129.92,97.50897,4.0,-13.136543,yes
22,12,138.0,142.24,182.28,-1.0,-8.104507,no
22,13,163.0,157.72,220.9887,-7.0,1.4334412,no
22,14,188.0,173.12,180.2942,-18.0,10.577026,no
22,15,203.0,185.52,81.939,-18.0,15.402603,no
22,16,208.0,192.52,1.4142135,-23.0,15.484848,no
22,17,203.0,193.44,26.305893,-6.0,13.421204,no
22,18,199.0,190.52,13.038404,2.0,11.906448,no
22,19,200.0,187.28,11.045361,-6.0,11.755188,no
22,20,203.0,184.12,34.928497,-27.0,12.413116,no
22,21,199.0,180.2,61.611687,-22.0,12.916534,no
22,22,191.0,175.56,62.625874,-3.0,12.346252,no
22,23,188.0,169.92,68.60029,-18.0,9.363205,no
22,24,180.0,163.96,126.649124,-38.0,2.3870392,no
22,25,157.0,159.68,128.51459,-2.0,-6.647171,yes
22,26,143.0,157.96,53.851646,21.0,-12.103867,yes
22,27,145.0,158.72,59.413803,18.0,-12.220627,yes
22,28,148.0,162.4,32.649654,23.0,-10.714203,yes
22,29,148.0,167.31999,36.71512,37.0,-9.14476,yes
22,30,159.0,170.72,120.21647,20.0,-5.2214203,yes
22,31,176.0,172.59999,164.128,-12.0,0.6315918,yes
22,32,183.0,173.76,170.0647,-16.0,5.1084595,no
22,33,183.0,172.72,151.95393,-15.0,7.0614014,no
22,34,179.0,169.36,112.720894,-12.0,7.419098,no
22,35,173.0,164.48,61.220913,-9.0,7.582794,no
22,36,170.0,156.68,42.190044,-15.0,8.013855,no
22,37,164.0,146.8,107.42439,-27.0,5.9008636,no
22,38,143.0,138.68001,161.44968,1.0,-0.85079956,no
22,39,125.0,133.68001,114.97826,12.0,-8.351944,no
22,40,120.0,131.44,60.0,9.0,-11.780617,yes
22,41,122.0,133.68001,25.96151,8.0,-11.629356,no
22,42,121.0,140.48,132.07573,42.0,-9.656586,no
22,43,139.0,149.44,253.64542,28.0,-4.9720917,yes
22,44,172.0,160.08,185.91396,-45.0,0.860672,yes
22,45,185.0,172.2,90.37699,-38.0,4.484894,no
22,46,189.0,184.28,111.8034,-6.0,6.3591156,no
22,47,198.0,194.44,79.51101,-1.0,7.9718475,no
22,48,205.0,201.24,48.166378,-1.0,8.557083,no
22,49,207.0,203.0,24.166092,-4.0,7.2366333,no
22,50,204.0,200.52,35.128338,-3.0,4.464737,yes
22,51,200.0,196.84,50.931328,-5.0,1.5862274,yes
22,52,197.0,194.2,77.781746,-6.0,0.5743103,yes
22,53,199.0,192.28,113.78049,-10.0,3.0697174,yes
22,54,204.0,188.64,109.83624,-18.0,7.530609,yes
22,55,205.0,182.48,89.498604,-33.0,8.955719,no
22,56,190.0,177.28,131.18689,-18.0,4.749817,no
22,57,172.0,175.28,64.40497,15.0,1.2128906,yes
22,58,185.0,174.56,139.97858,-17.0,6.0096893,no
22,59,204.0,175.48,94.33981,-34.0,14.472717,no
22,60,208.0,179.92,96.17692,-31.0,17.022873,no
22,61,202.0,184.36,155.95512,-23.0,13.868011,no
22,62,199.0,184.2,144.22205,-17.0,11.686066,no
22,63,203.0,181.36,77.36925,-25.0,12.221573,no
22,64,204.0,179.64,35.44009,-35.0,11.44722,yes
22,65,195.0,178.56,70.0,-26.0,7.5191193,yes
22,66,184.0,176.48,52.554733,-9.0,3.2409058,yes
22,67,179.0,174.64,27.313,-4.0,1.2529907,no
22,68,179.0,174.48,37.01351,2.0,1.8092499,yes
22,69,187.0,174.84,38.209946,-20.0,3.3218536,yes
23,0,123.0,132.95999,21.587032,29.0,0.6984253,no
23,1,123.0,130.68,46.0,30.0,1.1663818,no
23,2,129.0,127.32,34.525352,2.0,2.64579,no
23,3,132.0,122.92,13.038404,-6.0,4.9644012,no
23,4,135.0,118.520004,19.235384,-15.0,6.5951614,no
23,5,131.0,116.24,61.400326,-10.0,5.749611,no
23,6,128.0,117.36,41.976185,-11.0,3.9323196,no
23,7,131.0,120.4,45.453274,-19.0,3.9828339,no
23,8,135.0,123.36,112.25863,-11.0,5.2921524,no
23,9,138.0,126.4,128.13274,-15.0,3.4936523,no
23,10,125.0,130.72,126.90942,18.0,-3.324997,yes
23,11,117.0,138.24,72.11102,49.0,-8.642273,yes
23,12,138.0,149.24,201.95049,17.0,-4.8905945,yes
23,13,175.0,163.44,229.99565,-28.0,5.9099426,no
23,14,196.0,178.08,127.20063,-19.0,14.521439,no
23,15,202.0,189.96,23.021729,-6.0,15.893326,no
23,16,200.0,196.08,39.39543,4.0,12.728104,no
23,17,199.0,195.84,41.785164,-2.0,9.842957,no
23,18,198.0,191.8,45.65085,-6.0,8.672165,no
23,19,195.0,187.6,90.35486,-11.0,7.8158875,no
23,20,189.0,183.12,141.06027,-10.0,6.8420563,no
23,21,183.0,177.6,151.10924,-4.0,6.5276947,no
23,22,180.0,171.56,140.0357,-8.0,6.3112183,no
23,23,178.0,165.48,155.46704,-27.0,3.9455566,no
23,24,165.0,160.04001,178.99721,-17.0,-2.2902527,no
23,25,145.0,157.2,120.21647,16.0,-9.894974,yes
23,26,139.0,157.04,18.439089,23.0,-13.540329,yes
23,27,148.0,159.12,78.54935,4.0,-12.074753,yes
23,28,157.0,164.44,106.50822,-1.0,-8.658478,yes
23,29,162.0,171.44,152.97713,18.0,-4.325241,yes
23,30,177.0,176.84,181.95055,5.0,2.3094025,yes
23,31,195.0,180.32,138.39798,-21.0,9.472733,no
23,32,201.0,181.96,79.00633,-27.0,13.477615,no
23,33,197.0,179.16,68.0147,-21.0,13.53183,no
23,34,188.0,172.84,100.02,-23.0,10.623352,no
23,35,172.0,165.44,117.047,-8.0,7.0162506,no
23,36,164.0,155.68,109.56277,-10.0,5.894577,no
23,37,164.0,144.68,105.3945,-36.0,5.64386,no
23,38,152.0,137.16,120.90492,-34.0,2.0579224,no
23,39,134.0,132.84,70.11419,-4.0,-2.9022064,no
23,40,129.0,129.12,43.56604,2.0,-5.1060333,yes
23,41,132.0,128.08,60.74537,-18.0,-6.8665314,yes
23,42,119.0,131.6,57.07889,19.0,-11.384094,no
23,43,112.0,138.6,139.60658,56.0,-13.41272,yes
23,44,140.0,148.72,301.42328,17.0,-6.788788,yes
23,45,183.0,161.88,246.96964,-58.0,4.228653,no
23,46,197.0,176.28,91.76056,-27.0,10.659363,no
23,47,197.0,189.2,31.016125,7.0,10.484634,no
23,48,201.0,198.0,33.105892,2.0,7.9456177,no
23,49,205.0,201.76001,14.142136,-5.0,5.8329163,no
23,50,203.0,202.36,15.231546,4.0,4.0115204,no
23,51,201.0,202.36,23.323807,5.0,2.7601166,no
23,52,201.0,202.6,36.71512,7.0,3.6041107,no
23,53,208.0,202.28,55.17246,-10.0,7.2512054,no
23,54,212.0,199.16,32.24903,-17.0,10.97525,no
23,55,205.0,191.88,96.332756,-12.0,9.773178,no
23,56,185.0,184.28,189.78935,-5.0,1.5974121,no
23,57,154.0,180.2,124.65151,56.0,-6.5567017,yes
23,58,162.0,179.28,189.84204,31.0,-3.7246094,yes
23,59,196.0,181.48,201.44478,-29.0,8.063858,no
23,60,210.0,187.96,63.812225,-25.0,16.778412,no
23,61,210.0,193.56,12.806249,-13.0,18.355347,no
23,62,208.0,191.96,35.35534,-16.0,16.220978,no
23,63,201.0,185.28,109.22454,-14.0,11.704163,no
23,64,190.0,179.24,195.2332,-19.0,5.199539,yes
23,65,182.0,174.84,194.94101,-24.0,0.19979858,yes
23,66,180.0,171.64,126.06348,-21.0,-0.9348755,yes
23,67,178.0,172.8,64.12488,-8.0,-0.034301758,yes
23,68,178.0,176.56,54.20332,-2.0,1.6867981,yes
23,69,185.0,178.32,49.67897,-12.0,3.8476105,yes
24,0,137.0,127.2,58.60034,-24.0,1.169754,no
24,1,126.0,125.68,34.928497,8.0,0.034729004,no
24,2,127.0,122.159996,40.1995,-5.0,0.59506226,no
24,3,130.0,117.36,83.0542,-19.0,2.1398315,no
24,4,130.0,114.12,128.41339,-34.0,1.6935425,no
24,5,118.0,114.159996,142.33763,-6.0,-0.83582306,no
24,6,111.0,118.12,108.74741,27.0,-0.9283066,no
24,7,125.0,124.84,128.26535,12.0,4.2446594,no
24,8,145.0,131.72,119.40687,-14.0,10.73716,no
24,9,155.0,136.24,106.07545,-25.0,11.747696,no
24,10,147.0,139.04001,151.43315,-13.0,4.8273315,no
24,11,134.0,144.12,93.680305,11.0,-3.5148468,no
24,12,139.0,152.96,160.798,29.0,-3.2309265,yes
24,13,175.0,164.56,238.11342,-22.0,6.567169,no
24,14,200.0,177.04,119.0798,-31.0,15.2790985,no
24,15,203.0,188.12,23.021729,-16.0,15.172516,no
24,16,195.0,194.0,55.226807,4.0,9.850952,no
24,17,193.0,192.48,51.47815,0.0,6.2311707,no
24,18,193.0,186.88,72.11102,-12.0,4.5685425,no
24,19,182.0,182.04001,144.27751,-4.0,1.3388519,no
24,20,165.0,176.68001,158.90248,19.0,-2.229248,no
24,21,160.0,169.48,145.9863,18.0,-3.0723572,no
24,22,160.0,163.16,156.67801,-5.0,-3.288208,no
24,23,152.0,159.31999,166.5713,3.0,-5.740814,no
24,24,140.0,157.2,101.51847,29.0,-9.346848,no
24,25,135.0,157.92,34.669872,43.0,-10.912903,yes
24,26,143.0,161.16,148.18907,33.0,-8.752213,yes
24,27,155.0,165.44,179.49373,30.0,-4.550873,yes
24,28,169.0,171.24,161.9012,13.0,-0.63186646,yes
24,29,184.0,177.52,138.13037,-16.0,3.2936707,no
24,30,197.0,182.04,104.99524,-27.0,8.33963,no
24,31,205.0,185.08,31.016125,-29.0,12.836517,no
24,32,202.0,186.31999,42.44997,-17.0,14.4882965,no
24,33,195.0,182.2,78.23043,-14.0,13.246979,no
24,34,181.0,173.6,148.66069,-7.0,8.783356,no
24,35,155.0,164.04001,174.0632,24.0,2.3830109,no
24,36,140.0,152.6,136.85028,31.0,-1.1150055,no
24,37,140.0,140.92,149.32515,4.0,-1.5219879,no
24,38,133.0,134.56,151.71684,1.0,-2.9680634,no
24,39,126.0,132.52,79.51101,7.0,-3.9571838,no
24,40,132.0,129.96,59.211487,-2.0,-1.5428772,no
24,41,140.0,127.68,47.518417,-21.0,-0.6234741,yes
24,42,130.0,128.16,130.78226,-17.0,-7.1517105,no
24,43,106.0,131.92,61.351448,41.0,-15.97908,no
24,44,110.0,139.68001,223.0426,57.0,-15.366882,yes
24,45,152.0,152.04001,347.51978,-1.0,-3.6096191,yes
24,46,192.0,167.6,217.40746,-53.0,8.025269,no
24,47,199.0,183.0,70.0,-19.0,10.8758545,no
24,48,199.0,194.04001,44.407207,-1.0,8.029419,no
24,49,204.0,199.6,38.28838,-9.0,5.4323425,no
24,50,206.0,202.24,11.401754,-8.0,4.3236694,no
24,51,205.0,204.72,31.400637,2.0,4.192459,no
24,52,205.0,207.08,45.65085,9.0,5.672226,no
24,53,210.0,207.84,45.276924,2.0,9.132202,no
24,54,214.0,204.76001,26.907248,-11.0,11.969696,no
24,55,206.0,196.12001,111.15755,-11.0,9.584885,no
24,56,186.0,185.52,203.19449,-10.0,-0.1063385,no
24,57,153.0,178.2,154.05194,35.0,-11.507141,yes
24,58,144.0,175.8,110.88733,61.0,-12.995148,yes
24,59,179.0,178.12001,239.77489,-20.0,-2.2627869,yes
24,60,201.0,185.36,152.97058,-23.0,9.853485,no
24,61,207.0,192.0,60.166435,-12.0,15.350296,no
24,62,206.0,191.0,77.00649,-21.0,13.668533,no
24,63,189.0,183.52,196.33136,-12.0,5.107315,no
24,64,154.0,176.28,244.85915,48.0,-6.877121,yes
24,65,139.0,171.72,201.30077,57.0,-13.160919,yes
24,66,155.0,169.56,173.00288,9.0,-9.815277,yes
24,67,167.0,172.84,75.802376,6.0,-3.4286804,yes
24,68,168.0,178.84,45.099888,31.0,0.8952637,yes
24,69,178.0,181.76,38.626415,8.0,3.5953522,no
25,0,138.0,124.36,81.84131,-32.0,-1.9518127,no
25,1,125.0,122.56,100.49876,-8.0,-4.8844604,no
25,2,118.0,117.36,116.61904,-6.0,-7.392891,no
25,3,112.0,110.36,181.5544,-9.0,-9.758331,no
25,4,103.0,105.88,236.54175,-8.0,-13.6156845,no
25,5,94.0,106.36,209.40392,5.0,-16.2957,no
25,6,100.0,111.84,179.65523,10.0,-12.259148,no
25,7,125.0,121.119995,205.93689,-9.0,-1.0250626,no
25,8,151.0,131.92,151.55856,-26.0,10.549011,no
25,9,165.0,139.56,39.849716,-37.0,15.132706,no
25,10,161.0,142.08,82.29216,-29.0,10.271912,no
25,11,144.0,144.48,86.683334,2.0,0.5036011,no
25,12,138.0,150.84,86.4523,25.0,-3.899063,yes
25,13,164.0,159.92,245.63794,-9.0,2.6141205,no
25,14,195.0,170.12,175.96591,-39.0,12.024094,no
25,15,199.0,181.08,62.0967,-19.0,13.317429,no
25,16,188.0,188.92,72.18033,8.0,7.9096985,no
25,17,185.0,188.4,47.010635,8.0,4.102463,no
25,18,187.0,181.72,61.220913,-13.0,2.2468872,no
25,19,171.0,175.88,144.92067,4.0,-2.354187,no
25,20,148.0,169.31999,84.095184,47.0,-7.0778503,no
25,21,150.0,160.12,27.202942,10.0,-7.853836,no
25,22,143.0,153.16,78.29432,23.0,-8.768936,no
25,23,133.0,151.95999,66.52819,32.0,-11.613068,no
25,24,137.0,153.92,66.287254,19.0,-11.289505,yes
25,25,155.0,158.76,185.60712,-2.0,-5.3560486,yes
25,26,176.0,166.04,231.32661,-19.0,2.4241486,yes
25,27,190.0,173.16,193.53552,-30.0,7.0707245,no
25,28,193.0,179.16,105.38501,-24.0,7.3674164,no
25,29,192.0,183.48,15.231546,-14.0,6.37973,no
25,30,195.0,185.56,68.42514,-15.0,7.1385193,no
25,31,197.0,186.6,85.052925,-16.0,8.843643,no
25,32,190.0,185.84,88.23831,6.0,9.782944,no
25,33,186.0,179.68001,80.919716,-1.0,9.648376,no
25,34,179.0,169.16,140.68404,-26.0,6.4383698,no
25,35,151.0,157.8,174.04022,15.0,-0.20353699,no
25,36,132.0,145.32,98.03061,24.0,-5.50856,no
25,37,127.0,133.95999,89.106674,2.0,-7.861511,no
25,38,115.0,129.72,95.80188,23.0,-9.4653015,no
25,39,112.0,131.12,74.953316,34.0,-7.742676,no
25,40,131.0,132.24,120.06665,-2.0,-0.7502899,no
25,41,145.0,131.36,44.65423,-21.0,4.271042,no
25,42,138.0,129.36,136.41847,-18.0,-0.73054504,yes
25,43,113.0,127.92,153.07515,18.0,-13.150818,yes
25,44,99.0,131.40001,67.23094,47.0,-20.780144,yes
25,45,122.0,141.68001,312.31393,27.0,-14.737686,yes
25,46,167.0,156.76001,320.65558,-27.0,-0.89582825,yes
25,47,189.0,174.44,147.13939,-19.0,7.5325775,no
25,48,191.0,189.40001,59.36329,11.0,7.3064117,no
25,49,197.0,197.56,59.413803,2.0,4.946869,no
25,50,204.0,200.84,50.47772,-5.0,4.6304626,no
25,51,210.0,203.92,32.06244,-12.0,6.0601044,no
25,52,213.0,206.84,33.970577,-9.0,8.513412,no
25,53,215.0,207.84,29.732138,-4.0,11.741364,no
25,54,217.0,204.88,27.784887,-15.0,13.969864,no
25,55,208.0,196.32,105.546196,-9.0,11.722153,no
25,56,190.0,184.68001,185.92471,-9.0,2.9248352,no
25,57,163.0,175.68001,187.51534,5.0,-9.247208,yes
25,58,143.0,172.2,15.811388,39.0,-15.499817,no
25,59,155.0,174.08,186.30083,33.0,-9.863892,yes
25,60,185.0,180.48,194.20093,-15.0,1.7281952,no
25,61,199.0,186.6,108.74741,-20.0,9.383469,yes
25,62,199.0,185.72,106.01887,-26.0,8.875168,yes
25,63,183.0,178.36,185.58556,-25.0,0.22962952,yes
25,64,146.0,170.84,196.1632,36.0,-12.194885,yes
25,65,122.0,166.56,32.55764,89.0,-18.162628,yes
25,66,143.0,165.51999,167.90474,38.0,-12.333084,yes
25,67,173.0,169.95999,131.03435,-19.0,-2.2976074,no
25,68,180.0,176.8,98.81296,0.0,4.172592,no
25,69,189.0,180.36,89.55445,-11.0,7.264557,no
26,0,120.0,134.4,43.863426,20.0,-8.684769,yes
26,1,110.0,131.6,73.552704,32.0,-11.928352,yes
26,2,102.0,124.88,81.58431,23.0,-16.208885,no
26,3,88.0,115.84,121.49074,32.0,-21.658775,no
26,4,68.0,109.0,125.36347,63.0,-28.038353,no
26,5,60.0,107.68,86.313385,74.0,-30.505318,no
26,6,80.0,111.28,195.01794,33.0,-23.585678,no
26,7,115.0,118.92,240.4163,-5.0,-9.232422,no
26,8,143.0,130.08,179.04749,-23.0,4.2135925,no
26,9,156.0,139.2,109.63576,-19.0,11.143631,no
26,10,159.0,141.72,51.088158,-21.0,9.928345,no
26,11,145.0,142.12001,114.27161,1.0,1.2071075,no
26,12,130.0,146.28,91.76056,23.0,-7.587784,no
26,13,139.0,153.0,251.79356,24.0,-6.357727,yes
26,14,178.0,160.95999,277.70486,-45.0,3.2512817,no
26,15,191.0,171.56,111.94642,-29.0,8.682587,no
26,16,181.0,182.16,51.613953,14.0,6.4696503,no
26,17,180.0,184.68,24.04163,15.0,4.2928314,no
26,18,186.0,178.56,40.24922,-13.0,3.4436188,no
26,19,171.0,171.68001,149.93332,5.0,-1.1549072,no
26,20,153.0,163.56,79.30952,16.0,-6.5648346,no
26,21,159.0,152.28,18.867962,-36.0,-7.944809,no
26,22,152.0,144.56,84.59315,-33.0,-9.623825,no
26,23,132.0,145.48,30.066593,28.0,-12.484451,no
26,24,139.0,151.16,138.463,26.0,-9.499283,yes
26,25,170.0,159.72,209.30838,-19.0,0.5254822,yes
26,26,197.0,170.12,145.03104,-45.0,10.23819,yes
26,27,206.0,178.92,36.359318,-42.0,13.144028,no
26,28,197.0,184.56,62.03225,-14.0,9.183563,no
26,29,182.0,186.84,62.801273,22.0,3.6171875,no
26,30,179.0,186.28,68.0294,20.0,1.3142548,no
26,31,182.0,185.12,77.05842,4.0,2.2088318,no
26,32,181.0,182.08,61.611687,2.0,4.4088135,no
26,33,179.0,173.64,62.369865,1.0,6.3605957,no
26,34,172.0,161.24,135.00371,-14.0,4.8333282,no
26,35,153.0,148.76,172.12206,-15.0,-0.99121094,no
26,36,134.0,136.0,123.16656,-7.0,-6.9329987,no
26,37,123.0,125.64,85.44004,-9.0,-10.504829,no
26,38,111.0,123.76,38.910152,16.0,-12.048859,no
26,39,110.0,128.48,89.44272,33.0,-8.721657,no
26,40,133.0,133.52,159.35495,-1.0,0.7204132,no
26,41,150.0,135.64,79.30952,-17.0,8.553772,no
26,42,146.0,133.0,128.76335,-9.0,6.089966,no
26,43,127.0,126.76,210.8886,-8.0,-7.338211,yes
26,44,98.0,125.88,119.507324,33.0,-22.56102,no
26,45,97.0,133.92,215.74522,45.0,-25.028687,yes
26,46,138.0,147.32,373.17288,11.0,-11.332535,yes
26,47,180.0,165.64,211.98112,-18.0,3.6398926,no
26,48,190.0,184.16,39.319206,-1.0,7.6762085,no
26,49,191.0,194.6,26.832815,15.0,5.2808228,no
26,50,198.0,197.44,60.827625,1.0,4.17395,no
26,51,206.0,200.0,72.34639,-8.0,5.9424286,no
26,52,213.0,202.4,61.611687,-17.0,9.426636,no
26,53,216.0,202.52,45.54119,-14.0,13.256256,no
26,54,216.0,199.28,49.396355,-16.0,15.413132,no
26,55,210.0,192.36,93.637596,-23.0,13.654297,no
26,56,194.0,182.08,145.00345,-17.0,6.9890594,no
26,57,171.0,173.04001,166.37909,-1.0,-2.9445496,yes
26,58,149.0,169.72,99.03535,30.0,-10.74379,yes
26,59,146.0,172.32,97.41663,53.0,-10.102966,yes
26,60,170.0,177.72,149.6262,11.0,-1.8939972,yes
26,61,185.0,182.32,65.053825,0.0,5.3283997,yes
26,62,182.0,181.2,79.24645,12.0,5.5806274,yes
26,63,173.0,173.88,113.7717,5.0,-0.42684937,yes
26,64,161.0,165.56,135.15176,-10.0,-8.47374,yes
26,65,149.0,160.8,127.192764,12.0,-12.122925,yes
26,66,160.0,160.24,148.66069,-1.0,-7.5285645,yes
26,67,183.0,164.92,108.461975,-39.0,0.6277313,no
26,68,190.0,172.08,59.093147,-24.0,6.012085,no
26,69,198.0,176.68,47.201694,-37.0,8.262634,no
27,0,132.0,149.72,240.52026,27.0,-6.476486,yes
27,1,125.0,146.72,260.0,32.0,-8.815781,no
27,2,115.0,140.24,277.0415,35.0,-12.546555,yes
27,3,102.0,131.52,310.16125,38.0,-17.682259,yes
27,4,84.0,124.08,333.37668,58.0,-23.901718,yes
27,5,72.0,120.8,276.74176,69.0,-27.51477,no
27,6,78.0,120.48,199.985,68.0,-23.758347,no
27,7,107.0,123.159996,157.68958,15.0,-14.1381,no
27,8,127.0,130.44,130.13838,-5.0,-5.234047,no
27,9,138.0,137.2,161.1521,-2.0,1.1477509,no
27,10,153.0,138.48,92.13034,-29.0,4.505081,no
27,11,148.0,137.4,102.4207,-26.0,-0.04185486,no
27,12,121.0,140.0,131.93938,32.0,-10.952896,no
27,13,108.0,145.31999,150.23315,75.0,-16.077637,yes
27,14,142.0,151.76,307.50934,12.0,-8.817764,yes
27,15,177.0,161.64,192.35384,-40.0,1.0028229,no
27,16,179.0,174.8,54.20332,-1.0,4.529068,no
27,17,183.0,181.76001,56.568542,2.0,5.9580536,no
27,18,193.0,178.56,45.54119,-27.0,7.303482,no
27,19,179.0,172.24,168.90826,-10.0,3.1788025,no
27,20,150.0,163.32,141.00354,34.0,-4.724701,no
27,21,145.0,150.88,95.41489,1.0,-9.714127,no
27,22,141.0,142.88,108.45275,-11.0,-12.541107,no
27,23,132.0,145.04,39.293766,13.0,-13.807175,yes
27,24,143.0,153.28,155.02902,12.0,-8.999695,yes
27,25,170.0,164.84,192.15099,-10.0,1.013092,yes
27,26,191.0,177.08,125.70601,-19.0,8.939728,no
27,27,198.0,185.52,74.24284,-17.0,9.965027,no
27,28,193.0,189.16,77.987175,-13.0,5.3148804,no
27,29,182.0,188.96,43.289722,6.0,0.1943512,no
27,30,177.0,185.84,25.495098,17.0,-1.5003967,no
27,31,175.0,182.48,20.248457,19.0,-0.44799805,no
27,32,175.0,178.08,30.88689,6.0,1.9145203,no
27,33,178.0,168.84,76.36753,-28.0,4.009796,no
27,34,163.0,155.76,162.98466,-11.0,2.1961365,no
27,35,140.0,142.92,193.7937,4.0,-3.9565887,no
27,36,121.0,130.48,144.49913,8.0,-10.026878,no
27,37,111.0,121.16,64.14047,19.0,-12.723068,no
27,38,112.0,120.68,14.56022,6.0,-12.12896,no
27,39,117.0,127.159996,112.60551,16.0,-7.041374,no
27,40,140.0,134.2,164.92422,-8.0,3.0443268,no
27,41,159.0,138.84,80.622574,-28.0,11.666519,no
27,42,160.0,137.12,86.313385,-32.0,11.0685425,no
27,43,143.0,128.92,224.54398,-33.0,-1.8585052,no
27,44,102.0,125.479996,241.00208,20.0,-21.787613,no
27,45,75.0,132.04,90.97253,95.0,-31.143059,yes
27,46,119.0,143.56,413.30377,36.0,-18.327164,yes
27,47,185.0,160.64,291.29022,-62.0,1.8129883,no
27,48,197.0,179.68,43.863426,-22.0,9.596008,no
27,49,194.0,190.24,13.038404,-3.0,6.619934,no
27,50,192.0,191.64,53.009434,5.0,2.6906433,no
27,51,195.0,192.88,113.7717,-7.0,2.0441284,no
27,52,200.0,193.6,140.4564,-11.0,5.346451,no
27,53,206.0,191.52,119.64113,-12.0,10.2621155,no
27,54,205.0,186.92,134.73679,-12.0,12.098801,no
27,55,199.0,180.84,183.19934,-27.0,9.37236,no
27,56,188.0,172.36,152.64337,-30.0,4.8066406,no
27,57,177.0,164.44,64.03124,-14.0,0.5817261,no
27,58,166.0,162.76001,97.097885,4.0,-3.2541962,yes
27,59,163.0,168.04001,90.07774,5.0,-4.0921783,yes
27,60,175.0,174.64,124.0645,-3.0,0.8768921,yes
27,61,189.0,178.76001,65.43699,-18.0,7.0751343,yes
27,62,183.0,178.48,79.81228,8.0,7.540039,no
27,63,171.0,172.92,98.762344,18.0,2.2012024,no
27,64,166.0,165.40001,68.0,-9.0,-4.19722,yes
27,65,165.0,161.32,26.907248,-33.0,-7.4823914,yes
27,66,164.0,161.92,77.89737,-16.0,-6.0177307,yes
27,67,170.0,166.92,117.79643,-2.0,-1.8881531,no
27,68,175.0,174.0,113.22544,7.0,0.77445984,no
27,69,178.0,179.24,138.05795,-2.0,1.0863495,no
28,0,178.0,165.04,300.10666,-23.0,5.6791077,yes
28,1,175.0,162.95999,336.8234,-22.0,5.514847,yes
28,2,166.0,158.4,384.10416,-5.0,4.748535,yes
28,3,159.0,151.68,431.08237,-8.0,2.940857,yes
28,4,152.0,145.0,474.2088,-27.0,-0.56755066,yes
28,5,135.0,140.28,471.0711,-2.0,-4.9353333,yes
28,6,121.0,136.04001,375.70468,31.0,-7.4071655,yes
28,7,123.0,133.04001,203.71059,10.0,-8.444244,yes
28,8,115.0,134.72,44.27189,29.0,-10.382469,yes
28,9,114.0,137.4,121.60592,39.0,-9.208557,yes
28,10,138.0,136.68,149.16434,-13.0,-3.1824188,no
28,11,147.0,134.2,35.35534,-29.0,-1.6336212,no
28,12,130.0,135.24,156.237,-5.0,-10.264603,no
28,13,105.0,139.96,38.078865,53.0,-19.866821,no
28,14,117.0,145.84,216.39316,45.0,-17.81401,yes
28,15,156.0,154.76001,233.01932,-10.0,-7.0506897,no
28,16,174.0,169.64,109.28861,-13.0,1.136734,no
28,17,182.0,181.08,95.35198,4.0,6.49115,no
28,18,197.0,181.48001,52.63079,-21.0,11.118179,no
28,19,192.0,175.84,166.01205,-32.0,9.094971,no
28,20,157.0,166.28,230.63391,26.0,-0.89286804,no
28,21,131.0,153.36,131.85599,47.0,-11.319229,no
28,22,124.0,145.36,52.49762,26.0,-16.836578,no
28,23,125.0,147.28,69.58448,29.0,-15.963013,yes
28,24,143.0,156.36,174.95142,16.0,-8.706299,yes
28,25,166.0,169.56,164.0,11.0,0.508255,no
28,26,180.0,182.32,79.762146,14.0,5.7858887,no
28,27,185.0,189.6,8.602325,15.0,5.584839,no
28,28,182.0,191.88,28.284271,25.0,2.3632202,no
28,29,182.0,190.72,31.016125,14.0,0.26000977,no
28,30,189.0,186.64,58.034473,-18.0,1.0470581,no
28,31,185.0,181.44,74.96666,-12.0,2.2666779,no
28,32,172.0,175.24,61.66036,17.0,2.6863708,no
28,33,167.0,165.2,87.72685,-3.0,2.5276642,no
28,34,151.0,151.88,156.32019,5.0,-0.50634766,no
28,35,127.0,138.8,176.14766,22.0,-7.089569,no
28,36,107.0,127.4,99.95999,37.0,-13.199478,no
28,37,107.0,120.36,22.135944,12.0,-14.948143,no
28,38,115.0,121.6,52.03845,-9.0,-12.46077,no
28,39,122.0,128.8,118.82761,10.0,-5.971863,no
28,40,143.0,136.52,145.27904,-8.0,3.7002106,no
28,41,158.0,142.6,60.083275,-16.0,11.005859,no
28,42,160.0,141.8,48.82622,-25.0,10.733734,no
28,43,150.0,133.44,172.28465,-39.0,0.31774902,no
28,44,112.0,129.76,264.2461,11.0,-18.052376,no
28,45,77.0,136.04,135.09256,108.0,-28.775032,yes
28,46,114.0,146.28,392.2448,64.0,-18.045471,yes
28,47,182.0,161.48,294.06122,-53.0,1.6456909,no
28,48,197.0,178.8,48.104053,-24.0,10.16333,no
28,49,193.0,187.12,40.718548,-2.0,6.837219,no
28,50,186.0,186.24,90.90655,-2.0,-0.1325531,no
28,51,175.0,185.2,142.94754,14.0,-4.972763,no
28,52,175.0,183.12,183.43936,15.0,-3.348175,no
28,53,191.0,178.56,171.9593,-26.0,2.103714,no
28,54,187.0,173.0,220.03636,-25.0,2.294464,no
28,55,166.0,167.56,306.41476,1.0,-4.0642395,no
28,56,152.0,161.40001,298.05032,20.0,-8.643677,no
28,57,169.0,156.48,230.86794,-50.0,-6.6432495,no
28,58,179.0,156.68001,104.78549,-62.0,-3.153946,yes
28,59,170.0,163.68001,49.335587,-9.0,-1.4914551,yes
28,60,175.0,171.52,118.60017,3.0,3.1057892,yes
28,61,195.0,175.16,93.05912,-25.0,10.548157,no
28,62,198.0,174.8,77.987175,-33.0,12.4596405,no
28,63,180.0,171.92,149.93332,-11.0,5.664505,no
28,64,158.0,167.24,114.58621,12.0,-3.7040863,yes
28,65,148.0,164.64,61.400326,21.0,-8.62941,yes
28,66,145.0,166.59999,57.567352,49.0,-7.8166046,yes
28,67,156.0,172.2,92.973114,39.0,-4.338257,yes
28,68,169.0,178.59999,46.238514,4.0,-2.8030548,yes
28,69,159.0,183.2,36.796738,52.0,-4.1382294,yes
29,0,204.0,183.2,90.60905,-28.0,12.484177,no
29,1,209.0,181.96,137.76791,-40.0,15.596207,no
29,2,210.0,178.52,196.1632,-38.0,19.245087,no
29,3,208.0,172.56,229.99565,-43.0,21.056473,no
29,4,203.0,165.92,251.37224,-49.0,20.24405,no
29,5,193.0,159.76,287.78464,-52.0,17.456055,yes
29,6,179.0,152.36,309.31213,-42.0,13.330811,yes
29,7,159.0,144.84,301.16107,-19.0,5.6475525,no
29,8,125.0,141.88,246.17473,36.0,-5.754959,no
29,9,104.0,140.84,67.18631,78.0,-12.136047,yes
29,10,125.0,138.32,124.0645,15.0,-8.005753,yes
29,11,143.0,135.04001,49.497475,-15.0,-2.5298462,no
29,12,142.0,135.0,123.00407,-24.0,-6.364517,no
29,13,118.0,139.52,140.71957,21.0,-16.677689,no
29,14,110.0,145.4,129.1201,62.0,-19.550797,yes
29,15,146.0,153.12,221.02036,1.0,-11.053406,yes
29,16,166.0,167.84,113.534134,7.0,-1.6968536,no
29,17,178.0,182.12,120.26637,12.0,5.6297455,no
29,18,200.0,185.0,95.34149,-20.0,13.346863,no
29,19,203.0,178.64,114.97826,-30.0,15.03421,no
29,20,181.0,167.16,257.72076,-27.0,5.6201324,no
29,21,145.0,154.0,230.22163,9.0,-9.114349,no
29,22,125.0,146.48,55.713554,17.0,-18.140778,yes
29,23,130.0,147.92,142.33763,20.0,-15.250549,yes
29,24,154.0,157.48,226.29184,14.0,-4.5683594,no
29,25,182.0,172.28,172.60939,-23.0,4.680664,no
29,26,192.0,185.08,103.73042,-12.0,8.090256,no
29,27,195.0,191.08,89.106674,-4.0,7.4174805,no
29,28,193.0,192.8,96.10411,3.0,5.279648,no
29,29,189.0,192.08,75.00667,14.0,4.281616,no
29,30,194.0,188.28,50.159744,-7.0,5.6862335,no
29,31,192.0,181.64,78.23043,-15.0,6.6313477,no
29,32,178.0,172.92,115.74109,-2.0,4.882324,no
29,33,164.0,160.88,113.7717,-3.0,1.7262268,no
29,34,152.0,146.52,126.43575,-18.0,-2.2029266,no
29,35,132.0,133.6,148.297,-4.0,-7.757675,no
29,36,110.0,124.28,104.70912,31.0,-13.30732,no
29,37,107.0,121.04,26.683329,12.0,-15.566269,no
29,38,110.0,125.36,67.601776,16.0,-13.032303,no
29,39,123.0,133.36,146.7583,17.0,-5.48291,no
29,40,144.0,140.52,127.12985,2.0,3.538269,no
29,41,154.0,146.44,10.0,-11.0,7.732025,no
29,42,147.0,146.04001,57.00877,13.0,5.9170074,no
29,43,146.0,138.88,80.024994,-12.0,-0.6444702,no
29,44,130.0,137.0,183.98369,-4.0,-11.6698,no
29,45,115.0,144.2,231.6247,34.0,-17.919434,yes
29,46,142.0,153.92,330.90482,12.0,-9.95459,yes
29,47,179.0,167.04001,210.16185,-15.0,3.4756622,no
29,48,192.0,181.44,48.6621,-8.0,9.115372,no
29,49,193.0,187.04,38.470768,-11.0,5.8706055,no
29,50,182.0,184.48,124.45883,-7.0,-2.353531,no
29,51,158.0,181.52,123.00407,33.0,-10.264328,yes
29,52,149.0,176.56,102.69372,59.0,-10.934952,yes
29,53,170.0,169.52,134.93703,-21.0,-6.891159,yes
29,54,161.0,163.28,213.84573,-16.0,-9.204559,yes
29,55,127.0,159.28,237.8571,50.0,-18.581299,yes
29,56,105.0,156.4,166.59532,92.0,-24.145737,yes
29,57,118.0,155.56,225.85837,69.0,-19.36473,yes
29,58,149.0,157.92,174.64249,-1.0,-10.6514435,yes
29,59,154.0,165.04,91.08238,23.0,-5.716385,yes
29,60,163.0,171.6,145.08618,20.0,-0.6120148,yes
29,61,193.0,172.52,163.68262,-46.0,8.23587,yes
29,62,201.0,169.48,69.77106,-46.0,12.528702,no
29,63,182.0,166.84,185.58556,-25.0,5.837036,no
29,64,150.0,164.48,126.69649,31.0,-4.7910156,no
29,65,145.0,163.64,58.258045,33.0,-8.272415,yes
29,66,161.0,167.44,168.29736,7.0,-3.796112,yes
29,67,179.0,174.76001,182.78403,-13.0,1.8543854,yes
29,68,190.0,181.92,153.94154,-27.0,3.4855804,yes
29,69,182.0,186.36,170.83911,7.0,1.7229614,yes
30,0,197.0,200.88,41.231056,17.0,8.249634,no
30,1,207.0,199.52,68.24954,1.0,13.657333,no
30,2,219.0,194.44,18.110771,-28.0,19.81984,no
30,3,217.0,186.12,75.17979,-28.0,21.568954,no
30,4,210.0,178.16,136.0294,-44.0,19.299454,no
30,5,203.0,170.8,115.16944,-52.0,18.186295,no
30,6,201.0,161.52,28.178005,-57.0,19.505844,no
30,7,190.0,152.44,177.45985,-51.0,16.28537,no
30,8,158.0,148.04001,285.2718,-8.0,4.6310883,no
30,9,130.0,145.04001,183.17204,20.0,-6.3731384,no
30,10,130.0,141.68001,99.35794,17.0,-7.074402,yes
30,11,143.0,139.4,94.371605,1.0,-1.7916565,no
30,12,153.0,140.32,84.8646,-30.0,-1.6892395,no
30,13,136.0,145.52,169.91763,3.0,-9.648361,no
30,14,121.0,151.32,143.03146,58.0,-14.4409485,no
30,15,153.0,157.12,219.31712,-6.0,-8.854202,yes
30,16,173.0,169.36,109.07796,-14.0,-1.2822266,no
30,17,176.0,183.44,109.041275,30.0,5.0879517,no
30,18,202.0,187.52,117.03845,-25.0,13.666382,no
30,19,209.0,180.92,49.335587,-32.0,17.969208,no
30,20,192.0,168.59999,236.84595,-36.0,9.737778,no
30,21,152.0,155.92,289.389,-10.0,-7.6187134,no
30,22,118.0,149.36,62.1289,46.0,-18.75035,yes
30,23,136.0,150.16,226.86119,17.0,-12.785065,yes
30,24,175.0,159.28,239.37001,-30.0,1.6493683,no
30,25,193.0,174.16,109.83624,-21.0,10.270142,no
30,26,199.0,186.0,47.010635,-12.0,11.482605,no
30,27,206.0,190.2,37.735924,-22.0,10.624115,no
30,28,209.0,191.36,38.910152,-32.0,9.325455,no
30,29,201.0,191.68001,41.400482,-9.0,7.899994,no
30,30,199.0,188.68001,16.124516,-15.0,8.09935,no
30,31,196.0,180.52,59.413803,-22.0,8.419617,no
30,32,182.0,169.44,147.411,-17.0,5.004242,no
30,33,156.0,156.04,168.23793,15.0,-1.657608,no
30,34,143.0,141.52,139.62808,-4.0,-7.3282013,no
30,35,135.0,130.12,105.3945,-26.0,-10.92366,no
30,36,125.0,124.56,57.271286,-27.0,-13.419167,no
30,37,113.0,126.0,69.58448,18.0,-14.145157,no
30,38,111.0,132.8,134.82582,46.0,-10.618584,no
30,39,133.0,139.56,204.61183,18.0,-1.908371,no
30,40,158.0,143.92,110.88733,-28.0,5.4470673,no
30,41,156.0,148.28,66.75328,-20.0,4.8955383,no
30,42,141.0,148.23999,43.011627,20.0,0.5054779,no
30,43,145.0,144.0,16.552946,-4.0,-2.404892,no
30,44,143.0,145.72,102.70345,4.0,-5.304184,no
30,45,145.0,154.52,194.49422,15.0,-5.727371,yes
30,46,172.0,164.0,226.90967,-32.0,0.02909851,no
30,47,185.0,174.68001,124.40257,-5.0,6.5785065,no
30,48,191.0,185.28,44.407207,3.0,8.5147705,no
30,49,194.0,188.48,35.468296,-11.0,5.863434,no
30,50,184.0,185.56,128.9496,-8.0,-0.6367798,no
30,51,159.0,181.68001,144.36066,42.0,-7.576187,no
30,52,152.0,174.96,100.0,42.0,-9.393112,yes
30,53,158.0,166.08,49.67897,8.0,-8.821747,yes
30,54,144.0,158.84,138.0145,19.0,-13.4301605,yes
30,55,126.0,155.52,130.0846,25.0,-21.318863,yes
30,56,115.0,155.04,176.28386,44.0,-24.063904,yes
30,57,118.0,157.16,250.19193,83.0,-18.043198,yes
30,58,144.0,161.2,205.29977,37.0,-9.371231,yes
30,59,157.0,168.04,90.199776,2.0,-6.124527,yes
30,60,150.0,173.08,38.209946,44.0,-5.3105774,yes
30,61,167.0,171.24,175.23698,9.0,-0.02130127,yes
30,62,185.0,164.68,169.07394,-43.0,4.4030457,yes
30,63,172.0,159.76,208.27866,-30.0,-0.26445007,yes
30,64,146.0,157.92,110.34492,22.0,-8.051285,yes
30,65,154.0,158.88,135.09256,-1.0,-6.747589,yes
30,66,182.0,165.24,188.48872,-35.0,3.027359,no
30,67,196.0,175.8,128.97287,-18.0,11.114975,no
30,68,203.0,186.16,91.09336,-14.0,12.972794,no
30,69,204.0,192.32,102.0784,-17.0,11.544128,no
31,0,197.0,208.76,65.192024,25.0,3.5346832,no
31,1,204.0,207.6,59.933296,16.0,8.363571,no
31,2,214.0,201.28,38.470768,-17.0,12.527145,no
31,3,203.0,191.12,231.49081,-20.0,8.691879,no
31,4,173.0,182.44,363.8901,3.0,-0.9676666,no
31,5,156.0,174.72,365.01233,23.0,-3.4875793,no
31,6,175.0,164.88,289.88272,-18.0,5.9581146,no
31,7,191.0,156.48,89.050545,-45.0,14.050034,no
31,8,179.0,152.84,180.39955,-53.0,9.221603,no
31,9,148.0,149.48,139.17615,-3.0,-1.2872925,yes
31,10,139.0,145.84,51.47815,10.0,-4.5480957,yes
31,11,147.0,145.08,106.47065,10.0,-0.27549744,no
31,12,161.0,147.88,82.219215,-21.0,2.3549042,no
31,13,155.0,154.28,150.71164,-8.0,-1.7497864,no
31,14,143.0,160.08,168.29141,39.0,-5.598709,no
31,15,166.0,164.56,187.87762,-3.0,-2.7611084,yes
31,16,183.0,174.16,77.83315,-28.0,1.1959991,no
31,17,181.0,185.84,71.80529,15.0,4.8857727,no
31,18,198.0,189.28,105.22357,-7.0,12.324661,no
31,19,207.0,182.64,46.8615,-30.0,17.12973,no
31,20,190.0,170.56,243.85242,-33.0,9.46167,no
31,21,143.0,159.08,310.77966,19.0,-8.384216,no
31,22,105.0,153.76,24.33105,98.0,-18.929718,yes
31,23,138.0,154.28,293.09726,22.0,-10.007919,yes
31,24,187.0,162.6,216.6841,-51.0,5.881607,no
31,25,195.0,176.36,29.529646,-18.0,11.719971,no
31,26,193.0,186.28,72.691124,0.0,9.225922,no
31,27,199.0,188.68,108.16654,-15.0,7.0177,no
31,28,204.0,189.0,98.02041,-27.0,6.316971,no
31,29,198.0,189.84,88.10221,-14.0,5.4314117,no
31,30,190.0,188.36,61.400326,8.0,5.6539764,no
31,31,189.0,180.76,56.63921,0.0,6.203125,no
31,32,181.0,169.48,183.13383,-28.0,1.5216827,no
31,33,150.0,156.76,241.35037,-8.0,-9.033752,no
31,34,125.0,144.16,168.58232,12.0,-17.490143,no
31,35,114.0,134.8,80.895,30.0,-18.920776,no
31,36,115.0,131.84,48.373547,37.0,-15.493622,no
31,37,127.0,136.12,135.00371,3.0,-10.5469055,no
31,38,134.0,143.48,204.47493,18.0,-3.8040009,no
31,39,158.0,147.28,200.99751,-18.0,4.83519,no
31,40,171.0,147.56,62.177166,-44.0,7.8545837,no
31,41,151.0,149.08,136.30847,-3.0,1.5094147,no
31,42,136.0,148.96,40.024994,22.0,-4.6669617,no
31,43,146.0,148.16,87.36132,3.0,-3.8614655,yes
31,44,156.0,153.76,117.413795,0.0,-0.48207092,yes
31,45,165.0,164.28,154.38264,6.0,2.628662,yes
31,46,184.0,174.04001,132.0606,-18.0,6.215515,no
31,47,193.0,182.68001,65.802734,-14.0,8.470535,no
31,48,196.0,189.52,38.28838,-5.0,8.655167,no
31,49,197.0,190.8,40.792156,-4.0,7.5670013,no
31,50,193.0,188.12,107.07007,-4.0,5.0788116,no
31,51,184.0,183.44,165.0818,4.0,2.2708893,no
31,52,184.0,175.8,170.01764,-27.0,0.616745,no
31,53,174.0,166.88,163.0276,-20.0,-2.4404602,no
31,54,150.0,159.76,159.8124,29.0,-8.352417,no
31,55,143.0,156.76,157.71494,23.0,-12.3606415,yes
31,56,155.0,158.04001,244.56084,-12.0,-9.86087,no
31,57,178.0,162.12,296.52994,-57.0,-2.03656,no
31,58,189.0,166.24,244.04918,-48.0,4.0982666,no
31,59,182.0,171.32,195.15123,-25.0,2.4234924,no
31,60,157.0,175.04,139.05394,35.0,-3.5531616,no
31,61,149.0,172.24,15.231546,51.0,-5.185562,yes
31,62,157.0,163.4,86.034874,12.0,-4.1661377,yes
31,63,145.0,156.08,182.98088,19.0,-8.587387,yes
31,64,130.0,154.48,141.7392,28.0,-14.681076,yes
31,65,142.0,156.6,225.41074,13.0,-10.7504425,yes
31,66,182.0,163.95999,259.23734,-48.0,2.9295807,no
31,67,202.0,176.84,130.26895,-29.0,14.316895,no
31,68,208.0,190.23999,40.5216,-9.0,17.62056,no
31,69,210.0,197.68,17.720045,-10.0,16.726318,no
32,0,215.0,210.48,58.30952,-21.0,3.5498505,no
32,1,214.0,209.4,39.92493,-10.0,6.594223,no
32,2,213.0,202.76,65.11528,-21.0,7.697998,no
32,3,188.0,192.0,274.46677,-7.0,-1.1209106,no
32,4,126.0,182.72,316.94794,109.0,-17.217773,no
32,5,96.0,174.56,114.07015,156.0,-22.87793,no
32,6,134.0,165.12,264.00757,52.0,-10.288971,no
32,7,175.0,158.2,142.02112,-46.0,3.887741,no
32,8,166.0,156.0,176.64088,-24.0,4.11882,yes
32,9,141.0,153.72,103.58572,26.0,-2.8637848,yes
32,10,141.0,150.72,52.63079,17.0,-4.21904,yes
32,11,155.0,151.28,98.681305,-5.0,0.42982483,no
32,12,168.0,155.76,65.51336,-21.0,4.2499695,no
32,13,172.0,163.04,80.224686,-23.0,3.9960022,no
32,14,169.0,169.16,140.01428,6.0,2.9112854,no
32,15,182.0,173.68001,123.458496,-15.0,3.60495,yes
32,16,184.0,181.40001,35.128338,-3.0,3.4381866,no
32,17,182.0,189.68001,50.358715,14.0,4.7151337,no
32,18,195.0,190.32,82.0975,0.0,11.091278,no
32,19,201.0,181.4,53.66563,-17.0,15.326187,no
32,20,185.0,167.92,237.89914,-26.0,7.885147,no
32,21,144.0,156.8,266.27054,13.0,-8.155823,yes
32,22,119.0,152.48,69.426216,49.0,-15.921143,yes
32,23,146.0,153.68,280.0714,19.0,-6.0944214,yes
32,24,189.0,163.04001,167.07483,-52.0,7.3833313,no
32,25,189.0,177.24,60.41523,-12.0,9.005981,no
32,26,179.0,186.08,100.65784,15.0,2.57576,no
32,27,178.0,187.52,132.74034,12.0,-2.038147,no
32,28,183.0,187.95999,135.79396,-1.0,-2.6432343,no
32,29,183.0,189.16,89.005615,7.0,-1.3408813,no
32,30,182.0,188.72,39.39543,17.0,1.3367004,no
32,31,189.0,182.96,18.0,-21.0,3.5164948,no
32,32,175.0,173.4,183.30849,-12.0,-0.9827423,no
32,33,130.0,162.68001,249.47946,75.0,-12.945908,no
32,34,105.0,153.2,122.31925,86.0,-22.459412,no
32,35,111.0,146.76001,123.16656,44.0,-21.76567,no
32,36,131.0,145.6,202.25232,10.0,-13.320282,no
32,37,149.0,150.36,203.93137,-6.0,-3.876297,no
32,38,158.0,156.04001,184.20097,5.0,4.0870514,no
32,39,176.0,155.76,105.68822,-33.0,9.758926,no
32,40,173.0,151.56,129.03488,-39.0,7.0490875,no
32,41,138.0,149.64,173.66635,36.0,-3.7582703,no
32,42,128.0,149.12,48.02083,37.0,-10.140121,yes
32,43,150.0,150.84,149.08386,-14.0,-5.864807,yes
32,44,170.0,159.04,135.41788,-23.0,2.0478516,yes
32,45,181.0,170.8,105.42296,-13.0,6.7855377,no
32,46,188.0,180.84,61.77378,-5.0,8.034439,no
32,47,193.0,187.8,39.012817,-3.0,7.8911743,no
32,48,198.0,192.08,30.0,-6.0,8.092789,no
32,49,201.0,192.84,21.260292,-6.0,9.008514,no
32,50,203.0,191.0,41.303753,-11.0,9.998627,no
32,51,204.0,185.96,59.682495,-28.0,10.075378,no
32,52,199.0,178.56,85.44004,-35.0,7.8311768,no
32,53,184.0,171.4,115.41231,-25.0,2.8894806,no
32,54,168.0,166.16,97.00516,-3.0,-1.6500244,yes
32,55,164.0,165.0,128.26535,9.0,-2.0783997,yes
32,56,172.0,168.8,147.10541,6.0,2.5231323,no
32,57,193.0,174.56,135.20355,-27.0,9.983475,no
32,58,204.0,177.72,67.08204,-32.0,14.419464,no
32,59,200.0,179.4,124.52309,-29.0,11.289093,no
32,60,182.0,179.84,175.36818,-12.0,3.52948,no
32,61,166.0,175.04,138.57849,9.0,-1.100174,no
32,62,161.0,163.4,138.70833,6.0,-2.417923,no
32,63,140.0,152.88,199.97,40.0,-8.591324,yes
32,64,115.0,150.44,126.14278,59.0,-18.319733,yes
32,65,115.0,152.16,174.5222,57.0,-18.292984,yes
32,66,154.0,158.8,323.06656,11.0,-4.6237183,no
32,67,193.0,172.48,222.61177,-34.0,9.939865,no
32,68,208.0,187.8,94.20191,-30.0,15.782288,no
32,69,208.0,195.68,66.0303,-13.0,15.64296,no
33,0,213.0,213.28,3.1622777,4.0,3.6792908,no
33,1,214.0,211.68001,11.401754,2.0,6.575638,no
33,2,215.0,204.08,63.702435,-11.0,8.583969,no
33,3,203.0,191.96,261.55304,-36.0,2.7835846,no
33,4,156.0,180.8,394.56558,34.0,-10.261063,no
33,5,124.0,170.76,304.82126,86.0,-16.974976,no
33,6,142.0,160.72,194.37077,24.0,-10.255066,no
33,7,163.0,155.0,23.70654,-33.0,-1.9697876,no
33,8,145.0,154.64,120.06665,28.0,-2.6203308,yes
33,9,135.0,153.92,11.401754,35.0,-5.923538,yes
33,10,146.0,152.08,89.89995,7.0,-4.2733,no
33,11,159.0,154.28,63.324562,-10.0,-0.31394958,no
33,12,163.0,160.56,56.302753,4.0,2.4016418,no
33,13,173.0,168.36,80.224686,-2.0,4.9994354,no
33,14,185.0,175.0,100.20978,-13.0,7.7679596,yes
33,15,194.0,180.92,67.72001,-24.0,8.242966,yes
33,16,186.0,187.68001,54.91812,9.0,5.804077,no
33,17,182.0,192.68001,63.89053,32.0,6.2780304,no
33,18,199.0,189.68001,67.54258,-14.0,12.201324,no
33,19,200.0,177.2,92.22798,-22.0,14.576141,no
33,20,179.0,161.0,267.16663,-25.0,5.06131,no
33,21,142.0,149.44,241.6154,0.0,-10.45726,yes
33,22,130.0,145.84,84.8646,3.0,-15.397171,yes
33,23,157.0,148.8,246.08942,-26.0,-4.6475067,yes
33,24,182.0,160.88,134.20134,-26.0,6.7743073,no
33,25,181.0,176.84,26.870058,0.0,6.5483093,no
33,26,171.0,185.6,47.010635,27.0,-0.7152252,no
33,27,163.0,186.72,26.076809,49.0,-6.449539,no
33,28,166.0,187.52,31.400637,38.0,-7.4178314,no
33,29,176.0,189.16,53.14132,14.0,-4.2682953,no
33,30,183.0,189.52,59.413803,12.0,0.8412628,no
33,31,189.0,186.04,51.009804,1.0,4.7085876,no
33,32,188.0,179.36,157.0796,-28.0,3.0279236,no
33,33,165.0,171.48,294.35013,-5.0,-4.73143,no
33,34,140.0,165.04001,326.26675,40.0,-11.731232,no
33,35,138.0,161.8,304.0296,43.0,-10.904831,no
33,36,159.0,162.36,274.5906,0.0,-3.0805511,no
33,37,174.0,166.28,197.34235,-13.0,4.9220734,no
33,38,178.0,168.52,109.041275,-10.0,9.404205,no
33,39,182.0,163.92,39.293766,-31.0,9.5598755,no
33,40,168.0,155.72,174.64249,-26.0,2.3343658,no
33,41,136.0,150.2,163.24828,22.0,-9.49057,no
33,42,125.0,149.28,34.20526,31.0,-14.896912,yes
33,43,142.0,153.24,180.73738,15.0,-8.82048,yes
33,44,170.0,163.04,174.0,-8.0,1.7863464,no
33,45,188.0,174.88,74.215904,-23.0,7.5912323,no
33,46,189.0,184.56,15.297058,-2.0,7.24704,no
33,47,190.0,189.24,31.906113,6.0,5.60437,no
33,48,196.0,191.32,42.638012,-5.0,5.833023,no
33,49,200.0,192.28,39.446167,-7.0,7.5605164,no
33,50,203.0,191.4,43.289722,-15.0,9.545013,no
33,51,202.0,186.68,72.62231,-21.0,9.717987,no
33,52,189.0,180.2,138.39798,-6.0,5.9461823,no
33,53,170.0,174.52,104.89042,24.0,0.711792,yes
33,54,171.0,170.4,26.57066,3.0,-0.5305023,yes
33,55,182.0,170.8,63.655323,-30.0,2.4221497,no
33,56,182.0,176.4,74.404305,2.0,6.913254,no
33,57,191.0,183.4,89.94443,7.0,12.281555,no
33,58,202.0,187.04,39.012817,-8.0,15.799744,no
33,59,203.0,187.95999,50.695168,-15.0,14.118774,no
33,60,193.0,186.64,102.85912,-13.0,9.032242,no
33,61,181.0,180.28,94.24436,10.0,6.705307,no
33,62,187.0,165.6,138.97482,-32.0,6.9254,no
33,63,179.0,149.76,258.3215,-70.0,-0.6039429,no
33,64,134.0,143.24,265.9361,-8.0,-16.887299,no
33,65,106.0,142.84,69.426216,57.0,-24.288025,yes
33,66,137.0,148.04001,295.4116,21.0,-13.3173065,no
33,67,174.0,162.44,234.47815,-10.0,2.2179565,no
33,68,193.0,180.56,142.39381,-22.0,9.456177,no
33,69,193.0,190.04001,117.10679,2.0,10.022263,no
34,0,214.0,216.8,18.867962,3.0,3.4555206,no
34,1,216.0,214.64,31.400637,4.0,7.331131,no
34,2,219.0,206.56,39.849716,-5.0,12.139587,no
34,3,217.0,193.2,136.35982,-23.0,12.804672,no
34,4,205.0,179.12,243.34749,-54.0,7.5300446,no
34,5,188.0,166.48,235.3083,-64.0,1.5537567,no
34,6,171.0,155.2,118.72658,-29.0,-0.8634491,no
34,7,157.0,150.16,75.32596,-3.0,-2.3516998,no
34,8,144.0,151.59999,48.04165,13.0,-4.764267,no
34,9,143.0,152.88,68.41052,18.0,-4.902939,yes
34,10,156.0,152.24,68.8186,-12.0,-2.9083252,no
34,11,162.0,155.6,29.427877,-28.0,-2.9759674,no
34,12,156.0,162.36,80.99383,10.0,-3.277832,no
34,13,170.0,169.32,148.92952,3.0,1.4506989,no
34,14,191.0,175.8,113.110565,-19.0,8.185165,yes
34,15,199.0,182.92,18.973665,-21.0,10.110382,no
34,16,193.0,189.36,38.418747,-2.0,8.014725,no
34,17,193.0,192.28,65.29931,5.0,9.333145,no
34,18,205.0,187.0,38.418747,-24.0,14.831131,no
34,19,199.0,172.31999,165.52945,-30.0,13.853867,no
34,20,164.0,154.28,365.29715,-18.0,-1.1746826,no
34,21,115.0,142.2,321.63644,33.0,-20.40062,no
34,22,105.0,138.88,238.76767,40.0,-24.227943,yes
34,23,144.0,143.52,324.2345,-11.0,-9.578476,yes
34,24,175.0,158.24,163.487,-11.0,5.186386,no
34,25,182.0,176.2,53.009434,6.0,7.805298,no
34,26,188.0,185.68,101.04455,-16.0,3.4314575,no
34,27,186.0,186.95999,140.29256,-10.0,-0.89001465,no
34,28,180.0,187.92,129.31357,17.0,-2.2511292,no
34,29,186.0,189.8,115.97414,8.0,0.5326538,no
34,30,197.0,190.59999,92.574295,-17.0,5.5954437,no
34,31,197.0,188.72,65.192024,-2.0,9.372467,no
34,32,195.0,185.0,80.32434,1.0,10.212433,no
34,33,197.0,180.68001,164.92422,-33.0,8.684753,no
34,34,192.0,177.6,261.39624,-33.0,6.650711,no
34,35,185.0,177.12,272.59494,-5.0,6.8871155,no
34,36,193.0,179.04001,219.79082,-21.0,10.216782,no
34,37,197.0,181.48,146.0,-23.0,13.047623,no
34,38,188.0,179.72,104.019226,-1.0,12.091644,no
34,39,175.0,170.96,128.06248,7.0,6.518585,no
34,40,155.0,159.56,179.7387,7.0,-3.6100922,no
34,41,135.0,151.28,114.62984,9.0,-13.920074,yes
34,42,125.0,149.95999,35.383614,36.0,-17.182709,yes
34,43,138.0,155.31999,185.60712,32.0,-10.298126,yes
34,44,172.0,166.0,197.44873,-9.0,1.2427063,no
34,45,189.0,177.6,61.351448,-16.0,7.263443,no
34,46,188.0,186.52,8.246211,3.0,5.8589478,no
34,47,188.0,188.76,26.683329,1.0,2.87323,no
34,48,191.0,188.32,59.22837,-5.0,1.7588043,no
34,49,193.0,188.64,89.050545,-13.0,2.1547241,no
34,50,192.0,187.64,99.04544,-5.0,3.5117493,no
34,51,191.0,183.08,92.574295,-10.0,3.721527,no
34,52,179.0,178.04,133.29666,-1.0,-0.29161072,no
34,53,160.0,173.8,92.021736,33.0,-5.596878,yes
34,54,167.0,169.88,98.79271,-7.0,-5.7943726,no
34,55,181.0,170.0,112.32987,-35.0,-1.4195709,no
34,56,185.0,174.76,93.723,-18.0,3.6350555,no
34,57,194.0,180.64,93.47727,-18.0,8.470642,no
34,58,202.0,184.96,63.89053,-22.0,11.592606,no
34,59,202.0,188.0,43.266617,-17.0,11.361313,no
34,60,193.0,189.12,45.099888,2.0,9.846512,no
34,61,188.0,185.0,49.0306,15.0,11.326462,no
34,62,195.0,170.92,55.226807,-17.0,12.867126,no
34,63,185.0,152.76,284.45035,-61.0,2.4624023,no
34,64,128.0,142.4,381.87433,8.0,-20.015854,yes
34,65,95.0,138.76,143.69412,51.0,-32.100662,yes
34,66,135.0,141.88,322.0093,-34.0,-21.380997,yes
34,67,163.0,156.04,210.09045,-7.0,-4.479599,no
34,68,175.0,175.0,99.15644,8.0,3.786728,no
34,69,180.0,185.12,57.58472,10.0,5.330826,no
35,0,216.0,218.23999,29.15476,7.0,4.94899,no
35,1,221.0,215.72,25.495098,-6.0,9.149124,no
35,2,223.0,208.2,20.396078,-16.0,14.377548,no
35,3,218.0,195.48,93.03763,-19.0,16.495377,no
35,4,205.0,180.0,174.59096,-25.0,13.007568,no
35,5,188.0,165.48,228.12715,-43.0,5.4437714,no
35,6,168.0,154.24,212.24985,-45.0,-1.9084778,no
35,7,147.0,149.48,104.27847,11.0,-5.3195953,no
35,8,144.0,151.32,53.66563,23.0,-3.8248444,yes
35,9,155.0,154.52,117.413795,4.0,-0.19393921,no
35,10,161.0,155.56,59.933296,-8.0,-0.4095459,no
35,11,149.0,159.16,100.17984,9.0,-6.5934906,no
35,12,139.0,165.44,97.41663,42.0,-10.271271,no
35,13,163.0,170.56,200.56918,6.0,-4.0478973,yes
35,14,191.0,175.12,129.09686,-30.0,5.026596,yes
35,15,197.0,181.96,60.133186,-24.0,7.5854645,no
35,16,192.0,187.76,66.48308,-6.0,6.278595,no
35,17,197.0,189.6,79.19596,-18.0,9.183395,no
35,18,205.0,184.04001,46.06517,-28.0,15.333725,no
35,19,197.0,169.04001,207.96634,-44.0,12.650986,no
35,20,145.0,149.84,434.51352,12.0,-7.1358185,no
35,21,82.0,137.32,325.92636,83.0,-31.559998,no
35,22,71.0,134.12,222.10358,89.0,-36.24164,yes
35,23,128.0,140.0,423.24933,4.0,-16.758545,yes
35,24,181.0,157.12,238.03362,-49.0,4.4172363,no
35,25,190.0,177.92,73.00685,-4.0,11.360901,no
35,26,197.0,188.84,58.412327,-11.0,9.743469,no
35,27,203.0,190.08,64.12488,-28.0,7.3975067,no
35,28,199.0,189.64,76.11833,-10.0,6.065628,no
35,29,199.0,189.56,48.332184,-9.0,6.917633,no
35,30,205.0,188.68001,25.298222,-24.0,9.910355,no
35,31,205.0,186.52,14.0,-21.0,12.446228,no
35,32,199.0,184.52,13.416408,2.0,13.31105,no
35,33,203.0,183.72,29.12044,-13.0,14.130707,no
35,34,213.0,184.16,36.878178,-47.0,15.681595,no
35,35,212.0,186.24,67.18631,-32.0,17.01471,no
35,36,210.0,189.84,66.75328,-17.0,17.892288,no
35,37,210.0,191.84,65.192024,-22.0,17.702332,no
35,38,201.0,187.68,118.40608,-16.0,14.408691,no
35,39,182.0,177.0,192.41621,-9.0,6.1832275,no
35,40,149.0,163.88,196.97716,39.0,-5.67601,yes
35,41,133.0,153.88,85.08819,30.0,-15.111252,yes
35,42,138.0,152.12,59.665737,-10.0,-16.714432,yes
35,43,145.0,157.76,184.88916,29.0,-9.343063,yes
35,44,182.0,168.28,191.80199,-37.0,2.0180817,no
35,45,192.0,179.92,50.77401,-14.0,7.625244,no
35,46,189.0,188.44,29.698484,3.0,5.748123,no
35,47,184.0,189.16,24.083189,13.0,1.5529175,no
35,48,182.0,186.84,61.073727,5.0,-2.3245392,no
35,49,176.0,186.08,109.41663,9.0,-5.1584015,no
35,50,176.0,184.6,111.83023,4.0,-4.701874,no
35,51,181.0,180.28,58.137768,-3.0,-2.546341,no
35,52,175.0,176.64,94.53042,-5.0,-4.500778,yes
35,53,157.0,173.92,91.44397,20.0,-10.018387,yes
35,54,149.0,170.96,64.03124,34.0,-12.672043,yes
35,55,155.0,171.04,129.76903,20.0,-10.188492,no
35,56,165.0,173.76,150.04666,15.0,-4.816971,no
35,57,180.0,176.12,147.58049,-8.0,0.04219055,no
35,58,188.0,179.2,165.7468,-19.0,1.7471924,no
35,59,193.0,183.24,155.72412,-36.0,2.0802155,no
35,60,191.0,186.4,79.61156,-4.0,5.254364,no
35,61,198.0,186.24,58.872746,-8.0,11.550964,no
35,62,203.0,177.44,79.30952,-37.0,12.987793,no
35,63,177.0,162.6,349.2907,-44.0,-1.1615906,no
35,64,106.0,152.08,387.9407,61.0,-26.158966,no
35,65,62.0,145.8,39.293766,167.0,-37.736794,yes
35,66,111.0,145.72,332.72812,53.0,-25.071014,yes
35,67,161.0,157.08,205.18285,-29.0,-6.481903,yes
35,68,172.0,173.2,87.31552,11.0,3.2838898,yes
35,69,182.0,180.95999,55.31727,-2.0,6.3596497,yes
36,0,220.0,218.88,27.856777,3.0,8.223633,no
36,1,223.0,214.24,8.246211,-10.0,11.322998,no
36,2,218.0,204.88,83.23461,-5.0,13.648529,no
36,3,208.0,191.64,195.89793,-24.0,11.288376,no
36,4,184.0,175.52,301.2806,-26.0,3.1520844,no
36,5,148.0,160.68,322.6701,22.0,-7.4995728,no
36,6,121.0,152.31999,217.56837,70.0,-14.057495,yes
36,7,130.0,150.52,124.20145,29.0,-11.240158,yes
36,8,153.0,152.4,149.32515,5.0,-1.8801575,no
36,9,176.0,156.48,100.41912,-49.0,5.018524,no
36,10,176.0,159.56,99.15644,-48.0,3.0421295,no
36,11,143.0,163.40001,158.60013,60.0,-5.8969574,no
36,12,130.0,168.84,102.85912,83.0,-10.812775,yes
36,13,158.0,173.24,189.28285,23.0,-5.1260834,yes
36,14,183.0,176.24,76.15773,-14.0,1.9846954,no
36,15,182.0,181.96,100.17984,-2.0,1.7258759,no
36,16,175.0,186.2,121.103264,12.0,-0.37287903,no
36,17,180.0,186.72,131.82564,15.0,4.2355194,no
36,18,193.0,181.44,87.20092,-6.0,12.863754,no
36,19,195.0,167.16,167.14664,-49.0,12.598404,no
36,20,149.0,147.32,432.2245,-9.0,-6.140732,no
36,21,80.0,134.6,355.31677,79.0,-32.189316,no
36,22,58.0,132.16,147.52628,117.0,-39.121155,yes
36,23,120.0,139.4,463.027,14.0,-18.887848,yes
36,24,182.0,158.4,290.33774,-48.0,5.5909576,no
36,25,196.0,181.68,74.24284,-14.0,15.1310425,no
36,26,196.0,194.48,45.276924,16.0,14.48996,no
36,27,202.0,195.52,21.633308,3.0,12.56723,no
36,28,204.0,192.68,49.396355,-19.0,10.18158,no
36,29,197.0,189.08,104.316826,-14.0,7.475601,no
36,30,195.0,184.72,152.01315,-20.0,6.9214478,no
36,31,198.0,180.2,159.0283,-31.0,7.9917145,no
36,32,195.0,177.56,180.69312,-30.0,7.3476715,no
36,33,190.0,178.44,236.00847,-25.0,5.828964,no
36,34,198.0,181.92,256.78397,-40.0,7.623581,no
36,35,208.0,186.56,171.81386,-37.0,12.326416,no
36,36,208.0,192.16,76.55064,-8.0,16.15358,no
36,37,210.0,195.44,24.33105,-13.0,17.859573,no
36,38,208.0,191.48,65.39113,-18.0,16.636017,no
36,39,194.0,180.76001,184.39088,-20.0,9.848145,no
36,40,165.0,167.6,226.73773,2.0,-2.0153198,yes
36,41,140.0,158.0,127.88276,32.0,-12.54808,yes
36,42,139.0,156.44,49.57822,10.0,-15.095108,yes
36,43,151.0,161.88,179.04749,20.0,-8.008636,no
36,44,182.0,171.68001,170.0647,-17.0,2.7808228,no
36,45,194.0,182.76,53.14132,-13.0,8.367035,no
36,46,195.0,189.88,45.54119,-6.0,7.638977,no
36,47,190.0,189.56,74.431175,4.0,3.839798,no
36,48,182.0,186.59999,102.0,2.0,-2.0579987,no
36,49,162.0,185.56,79.51101,46.0,-8.10936,no
36,50,159.0,184.8,52.153618,50.0,-8.658768,no
36,51,179.0,182.2,72.89719,-8.0,-4.0246735,no
36,52,178.0,179.92,100.95544,3.0,-2.6901093,no
36,53,164.0,177.64,150.33296,18.0,-7.271576,no
36,54,151.0,175.08,120.06665,33.0,-12.308197,yes
36,55,145.0,174.56,77.83315,49.0,-12.673264,yes
36,56,155.0,175.04001,104.00961,37.0,-8.20784,yes
36,57,165.0,174.24,7.2111025,23.0,-5.5691223,yes
36,58,158.0,176.64,142.68848,33.0,-9.3246765,yes
36,59,155.0,181.28,210.28076,30.0,-11.892059,no
36,60,176.0,185.0,225.05554,-1.0,-4.3093567,no
36,61,202.0,186.64,126.30122,-28.0,8.09198,no
36,62,205.0,183.0,98.67117,-36.0,11.351578,no
36,63,170.0,172.92,325.72995,12.0,-1.4248657,no
36,64,118.0,163.72,369.32913,77.0,-20.708862,no
36,65,103.0,156.4,361.35855,78.0,-27.055237,yes
36,66,139.0,153.96,358.70044,12.0,-15.807358,yes
36,67,169.0,161.48,178.04494,-20.0,-1.7385406,yes
36,68,181.0,172.84,94.371605,-11.0,6.4420624,yes
36,69,192.0,177.2,60.876926,-20.0,10.396454,yes
37,0,224.0,217.4,8.944272,-5.0,12.106049,no
37,1,223.0,209.8,54.129475,-13.0,12.801193,no
37,2,213.0,196.72,176.7088,-24.0,9.8776245,no
37,3,188.0,181.36,304.8672,-27.0,0.74183655,no
37,4,149.0,165.12,305.866,18.0,-11.199905,no
37,5,121.0,151.92,171.0263,43.0,-19.953583,yes
37,6,108.0,147.96,13.341664,69.0,-21.118896,yes
37,7,128.0,150.04,193.08029,32.0,-12.488342,yes
37,8,167.0,153.28,171.49344,-47.0,0.12736511,no
37,9,171.0,158.04,25.495098,9.0,5.8415527,no
37,10,176.0,162.6,44.65423,-35.0,3.2593994,no
37,11,177.0,166.76,87.28116,-56.0,-1.2697601,yes
37,12,163.0,171.96,198.91707,24.0,-1.966156,yes
37,13,179.0,175.72,204.68512,-5.0,2.43544,yes
37,14,187.0,177.0,80.523285,-12.0,3.9196625,no
37,15,171.0,180.4,111.54372,18.0,-2.0003357,no
37,16,158.0,182.36,40.04997,42.0,-6.0071716,yes
37,17,170.0,181.48,107.51744,25.0,0.13430786,no
37,18,186.0,176.6,64.7611,1.0,10.763855,no
37,19,192.0,164.48,105.11898,-35.0,13.530212,no
37,20,167.0,146.32,341.03958,-50.0,0.17649841,no
37,21,110.0,134.44,368.3178,17.0,-21.709686,no
37,22,78.0,133.0,202.76587,95.0,-29.515404,yes
37,23,126.0,141.04,420.32605,20.0,-13.133636,yes
37,24,183.0,159.4,290.49612,-36.0,9.181015,no
37,25,202.0,181.8,85.44004,-21.0,19.078003,no
37,26,205.0,194.84,43.56604,-6.0,18.978638,no
37,27,208.0,195.56,23.021729,-18.0,16.45578,no
37,28,199.0,190.52,105.26158,-9.0,11.669998,no
37,29,176.0,183.84,172.28465,27.0,4.2159424,no
37,30,160.0,176.88,190.4206,42.0,-1.3986359,no
37,31,166.0,170.84,219.11185,-5.0,-2.697342,no
37,32,163.0,168.0,217.72,-6.0,-4.3065186,no
37,33,139.0,170.36,234.8872,77.0,-8.267929,no
37,34,141.0,176.6,284.07394,73.0,-8.034668,no
37,35,177.0,183.44,293.4655,-21.0,-0.105270386,no
37,36,196.0,190.08,164.92422,-14.0,9.54747,no
37,37,201.0,194.2,72.8011,7.0,15.686493,no
37,38,209.0,191.4,27.45906,-24.0,17.608429,no
37,39,201.0,181.76,128.56126,-25.0,13.454849,no
37,40,179.0,170.48,188.93915,-18.0,2.9654388,yes
37,41,155.0,163.24,152.84633,-4.0,-8.31308,yes
37,42,137.0,162.52,67.601776,50.0,-12.109436,yes
37,43,158.0,167.64,192.31744,16.0,-5.398651,no
37,44,184.0,176.72,136.68211,-12.0,4.1752625,no
37,45,194.0,185.95999,52.153618,-5.0,9.046722,no
37,46,201.0,190.24,19.646883,-17.0,9.647903,no
37,47,203.0,188.88,35.468296,-28.0,7.681732,no
37,48,196.0,185.88,105.42296,-27.0,2.8101807,no
37,49,177.0,185.24,135.80133,13.0,-3.0225983,no
37,50,169.0,186.16,128.15616,41.0,-3.847763,no
37,51,190.0,186.4,148.82204,-14.0,1.5495605,no
37,52,197.0,185.52,142.22517,-18.0,5.329376,no
37,53,188.0,183.04001,196.17339,0.0,2.7080536,no
37,54,179.0,179.92,201.24612,-10.0,-2.9857025,no
37,55,168.0,178.12,156.01282,15.0,-5.325363,yes
37,56,182.0,176.24,166.70934,-24.0,-1.8997803,yes
37,57,190.0,173.4,146.77875,-55.0,-1.4171143,yes
37,58,157.0,175.96,214.23819,31.0,-10.810303,yes
37,59,123.0,181.76,23.021729,127.0,-18.561386,yes
37,60,155.0,186.16,256.0078,55.0,-10.601364,no
37,61,201.0,189.24,173.34937,-33.0,4.9092255,no
37,62,209.0,189.92,71.063354,-27.0,11.3046875,no
37,63,192.0,184.28,243.5077,-9.0,5.4895935,no
37,64,170.0,176.16,350.38266,13.0,-3.1092224,no
37,65,171.0,167.84,358.52197,-19.0,-4.6245117,no
37,66,185.0,163.36,220.47676,-61.0,-0.12495422,yes
37,67,175.0,166.12,45.099888,6.0,3.4365997,yes
37,68,180.0,171.76,77.201035,-6.0,6.412979,yes
37,69,193.0,173.12,81.84131,-32.0,9.773926,yes
38,0,224.0,213.51999,32.649654,-7.0,15.145752,no
38,1,219.0,203.87999,119.03781,-22.0,12.510696,no
38,2,199.0,188.16,269.43646,-27.0,3.85849,no
38,3,155.0,171.04,327.2308,23.0,-10.022842,no
38,4,121.0,155.2,153.44705,62.0,-20.336197,no
38,5,122.0,144.68001,69.641945,28.0,-21.393341,yes
38,6,131.0,144.32,169.59363,5.0,-16.139404,yes
38,7,139.0,148.72,191.6716,33.0,-7.311905,no
38,8,169.0,153.92,110.35397,-24.0,0.8082733,no
38,9,174.0,160.16,87.86353,-56.0,0.94433594,no
38,10,145.0,165.84,87.69264,85.0,-2.5254517,yes
38,11,170.0,170.32,129.86917,0.0,-0.23965454,yes
38,12,190.0,175.08,136.49908,-27.0,6.3519135,no
38,13,203.0,177.4,110.01818,-34.0,10.987167,yes
38,14,203.0,176.8,109.12378,-50.0,7.668228,no
38,15,175.0,177.76,160.3122,4.0,-2.493805,no
38,16,158.0,177.56,15.297058,38.0,-7.4464874,yes
38,17,181.0,175.64,120.26637,-30.0,-0.5741577,yes
38,18,190.0,171.44,31.241,-24.0,9.176834,no
38,19,185.0,161.84,121.49074,-21.0,11.332993,no
38,20,167.0,146.48,229.51253,-37.0,2.468048,no
38,21,132.0,135.76,227.0947,-6.0,-11.691086,no
38,22,113.0,134.48,152.4336,31.0,-16.710114,yes
38,23,143.0,141.36,301.72836,-3.0,-5.1256256,yes
38,24,186.0,156.56,238.11342,-44.0,11.567841,no
38,25,203.0,175.36,104.40307,-31.0,19.893845,no
38,26,208.0,186.68001,70.88018,-27.0,20.44281,no
38,27,208.0,186.76,72.235725,-28.0,18.248032,no
38,28,199.0,180.6,122.384636,-28.0,13.033524,no
38,29,175.0,171.88,190.70396,-6.0,3.572647,no
38,30,145.0,163.08,157.15598,38.0,-6.1535034,no
38,31,138.0,156.68001,135.18137,26.0,-10.399612,no
38,32,146.0,154.64,81.25269,-11.0,-10.189301,no
38,33,139.0,158.04001,61.741398,17.0,-10.55249,yes
38,34,123.0,166.24,99.849884,105.0,-10.077209,no
38,35,142.0,174.72,188.26576,86.0,-3.3500977,no
38,36,184.0,181.32,156.67801,-16.0,7.157959,no
38,37,196.0,185.68001,74.20242,-7.0,14.143311,no
38,38,202.0,184.96,87.46428,-24.0,15.947479,no
38,39,197.0,177.48,123.32883,-29.0,12.6848755,no
38,40,177.0,169.32,150.0,-3.0,4.163269,yes
38,41,160.0,166.04,109.48972,-7.0,-5.046936,yes
38,42,146.0,166.92,113.85078,54.0,-6.7583466,yes
38,43,176.0,171.64,198.33809,-19.0,0.54086304,no
38,44,190.0,180.32,93.723,-11.0,7.856613,no
38,45,192.0,188.08,20.396078,6.0,10.240372,no
38,46,195.0,189.88,42.426407,0.0,9.965683,no
38,47,197.0,188.24,79.12016,-13.0,8.427536,no
38,48,195.0,185.8,56.462376,-20.0,6.053894,no
38,49,194.0,185.68001,36.687874,-21.0,4.27829,no
38,50,191.0,188.16,92.19544,-3.0,5.1045074,no
38,51,201.0,191.12,116.82465,-6.0,9.74086,no
38,52,214.0,192.16,79.84986,-31.0,13.907791,no
38,53,212.0,190.2,109.28861,-34.0,12.409409,no
38,54,199.0,186.48,140.42792,-23.0,6.144699,no
38,55,181.0,183.16,57.982758,15.0,1.6825256,no
38,56,191.0,179.12,82.28001,-17.0,3.8495483,no
38,57,201.0,174.0,58.821766,-37.0,5.274338,yes
38,58,188.0,176.0,231.49081,-46.0,-2.7195892,yes
38,59,152.0,182.59999,206.7704,63.0,-11.138245,yes
38,60,175.0,187.84,267.2003,9.0,-5.9297943,yes
38,61,205.0,192.64,164.17673,-18.0,6.5077057,yes
38,62,211.0,197.92,51.009804,-4.0,12.841278,no
38,63,210.0,197.64,107.51744,-10.0,12.654587,no
38,64,212.0,191.68001,163.16862,-42.0,11.538422,no
38,65,207.0,182.08,140.57738,-41.0,10.699661,no
38,66,194.0,174.72,121.037186,-23.0,7.223938,no
38,67,172.0,171.40001,111.89281,5.0,1.5310516,yes
38,68,165.0,169.52,110.317726,21.0,-0.46110535,yes
38,69,175.0,166.6,152.19067,-15.0,1.3261871,yes
39,0,222.0,207.8,66.8431,-17.0,17.060165,no
39,1,208.0,197.68,170.84496,-11.0,11.163742,no
39,2,182.0,181.44,278.91934,-16.0,-0.8841553,no
39,3,135.0,165.2,234.1965,61.0,-14.64711,no
39,4,120.0,152.44,52.49762,59.0,-20.300339,yes
39,5,143.0,145.6,137.64447,-25.0,-15.481674,yes
39,6,160.0,148.16,115.80155,-50.0,-7.8118744,no
39,7,161.0,153.48,89.27486,-12.0,-2.4379883,no
39,8,172.0,158.36,24.166092,-43.0,-1.1802979,yes
39,9,155.0,164.72,81.00617,19.0,-5.3909454,yes
39,10,145.0,170.76,51.47815,55.0,-7.944916,yes
39,11,168.0,175.08,164.10362,13.0,-2.2583923,yes
39,12,197.0,179.56,126.84637,-43.0,6.6946564,yes
39,13,206.0,181.72,71.17584,-40.0,10.454102,no
39,14,197.0,180.12,143.22011,-34.0,5.2945557,no
39,15,172.0,179.72,135.59499,7.0,-4.13649,yes
39,16,156.0,178.2,27.313,51.0,-7.250534,yes
39,17,176.0,174.95999,94.53042,-5.0,-0.9264984,yes
39,18,184.0,170.24,72.89719,-25.0,5.1546326,no
39,19,170.0,161.84,180.54362,-11.0,3.6860504,no
39,20,147.0,148.52,195.30489,13.0,-3.4855042,no
39,21,132.0,138.04001,108.25895,3.0,-10.708221,no
39,22,130.0,136.04001,40.792156,-9.0,-11.775314,yes
39,23,144.0,140.88,186.81541,-5.0,-4.151993,yes
39,24,171.0,152.16,229.10696,-28.0,6.500168,no
39,25,185.0,166.56,218.2888,-29.0,12.788773,no
39,26,189.0,175.44,201.10196,-16.0,14.624863,no
39,27,189.0,174.6,182.88794,-9.0,14.191772,no
39,28,186.0,167.88,184.26068,-27.0,10.672684,no
39,29,174.0,157.64,195.60164,-47.0,2.9973297,no
39,30,145.0,146.95999,186.7244,-5.0,-6.7598267,no
39,31,121.0,140.52,98.38699,47.0,-12.491547,no
39,32,133.0,139.16,145.43727,14.0,-9.498795,yes
39,33,165.0,142.48,131.57507,-63.0,-2.0702515,no
39,34,175.0,150.8,148.27676,-65.0,2.3979645,no
39,35,170.0,159.36,117.923706,-9.0,5.1371613,no
39,36,186.0,164.76,98.0816,-31.0,9.257523,no
39,37,190.0,169.04,130.55267,-30.0,10.919907,no
39,38,182.0,170.72,188.28171,-10.0,9.015015,no
39,39,179.0,166.76,170.01764,-16.0,5.797531,yes
39,40,169.0,163.31999,134.46933,-8.0,0.48431396,yes
39,41,155.0,165.12,32.55764,20.0,-4.0941467,yes
39,42,165.0,168.56,141.87318,4.0,-1.2019196,yes
39,43,191.0,173.28,139.71399,-36.0,7.040619,no
39,44,197.0,180.8,28.84441,-20.0,12.0238495,no
39,45,195.0,185.44,10.29563,-11.0,12.187225,no
39,46,190.0,184.36,38.418747,4.0,10.201416,no
39,47,182.0,182.6,89.140335,13.0,7.0133057,no
39,48,173.0,181.08,92.22798,42.0,5.449539,no
39,49,192.0,181.84,91.967384,-25.0,7.5695496,no
39,50,197.0,187.2,53.235325,-14.0,10.870422,no
39,51,203.0,193.56,83.18654,-2.0,14.994461,no
39,52,215.0,196.84,44.27189,-19.0,18.515427,no
39,53,213.0,196.6,54.91812,-16.0,16.96991,no
39,54,201.0,193.56,123.03658,-11.0,9.899292,no
39,55,181.0,189.28,82.219215,21.0,2.8249054,no
39,56,183.0,184.16,90.44335,4.0,2.188324,no
39,57,198.0,178.0,85.08819,-34.0,4.88591,yes
39,58,196.0,178.92,66.27216,-28.0,2.8079376,yes
39,59,185.0,185.31999,94.19129,-8.0,-0.7588196,yes
39,60,197.0,191.24,177.8595,-11.0,3.2674866,yes
39,61,215.0,197.36,114.85643,-23.0,11.216187,yes
39,62,216.0,205.56,43.104523,-1.0,14.969818,yes
39,63,215.0,208.92,28.0,2.0,15.502228,no
39,64,219.0,204.8,26.41969,-24.0,15.804794,no
39,65,210.0,193.96,107.11676,-18.0,13.286331,no
39,66,189.0,182.92,200.04,-7.0,4.7617645,no
39,67,159.0,173.92,166.09033,27.0,-5.878784,no
39,68,154.0,165.88,111.8034,0.0,-10.70491,yes
39,69,152.0,159.0,133.09395,12.0,-10.3276825,yes
40,0,217.0,197.88,93.8616,-22.0,18.157852,no
40,1,198.0,188.72,188.67963,-9.0,10.254944,no
40,2,170.0,174.68001,209.38004,11.0,-1.5323029,no
40,3,144.0,162.2,150.23315,30.0,-11.065689,yes
40,4,140.0,154.96,122.26202,9.0,-13.099548,yes
40,5,145.0,153.68,104.66136,17.0,-8.73996,yes
40,6,155.0,159.16,69.77106,9.0,-3.5239868,yes
40,7,161.0,164.87999,48.414875,3.0,-1.0317993,yes
40,8,160.0,168.36,52.153618,20.0,-2.5290833,yes
40,9,148.0,172.6,82.036575,65.0,-6.385208,yes
40,10,167.0,177.16,132.0606,-23.0,-6.61586,yes
40,11,173.0,180.28,99.04544,12.0,-2.1524048,yes
40,12,181.0,183.24,70.45566,13.0,2.4573822,no
40,13,187.0,185.2,93.39165,-8.0,2.9383698,no
40,14,173.0,184.56,95.131485,34.0,-1.3619843,no
40,15,167.0,184.44,45.453274,27.0,-5.394638,yes
40,16,169.0,183.0,114.58621,20.0,-4.0504456,no
40,17,178.0,179.0,81.596565,4.0,0.78292847,no
40,18,175.0,172.72,98.0,-3.0,1.5432892,yes
40,19,153.0,164.12,176.1136,19.0,-4.302704,no
40,20,132.0,152.24,130.91983,29.0,-11.28978,no
40,21,122.0,141.44,51.47815,28.0,-14.616058,no
40,22,122.0,137.6,41.59327,16.0,-14.10437,yes
40,23,127.0,140.0,135.09256,14.0,-10.408844,yes
40,24,141.0,147.12,204.55318,5.0,-4.529251,no
40,25,148.0,156.68001,211.5136,23.0,1.1842957,no
40,26,158.0,163.08,177.9101,17.0,5.9410553,no
40,27,164.0,162.48,150.20653,5.0,7.75473,no
40,28,155.0,156.76001,210.77477,11.0,4.3872375,no
40,29,143.0,146.28,220.53117,7.0,-2.006958,no
40,30,135.0,134.84,168.58232,-21.0,-8.750992,no
40,31,115.0,130.08,99.24717,22.0,-13.388008,yes
40,32,114.0,130.44,164.5418,47.0,-10.238831,no
40,33,150.0,133.44,249.26291,-21.0,-0.06225586,no
40,34,177.0,140.84,174.88853,-82.0,6.5619507,no
40,35,168.0,148.12001,189.44656,-29.0,6.1261597,no
40,36,169.0,150.44,233.2595,-31.0,3.776291,no
40,37,166.0,152.92,275.07816,-36.0,0.016479492,no
40,38,147.0,156.0,264.1969,23.0,-4.2037506,no
40,39,152.0,155.68,203.96078,2.0,-5.3094788,yes
40,40,157.0,157.08,113.43721,-17.0,-5.7007294,yes
40,41,146.0,162.92,65.43699,45.0,-5.2065277,yes
40,42,172.0,168.08,160.44937,-18.0,1.0502014,no
40,43,190.0,172.28,88.76936,-24.0,8.975143,no
40,44,192.0,177.32,68.117546,-12.0,12.216248,no
40,45,190.0,176.84,82.37718,-8.0,11.733704,no
40,46,192.0,171.44,117.66053,-36.0,8.898483,no
40,47,181.0,168.0,166.81726,-43.0,3.791504,no
40,48,165.0,165.96,143.40154,13.0,1.7914124,no
40,49,179.0,166.88,167.81537,-15.0,5.5838165,no
40,50,188.0,175.24,150.26643,-18.0,10.574356,no
40,51,197.0,185.76,145.69145,-9.0,15.736816,no
40,52,211.0,192.08,84.89994,-22.0,20.259018,no
40,53,208.0,194.72,44.65423,-1.0,19.585205,no
40,54,200.0,193.88,105.04285,-10.0,12.686554,no
40,55,180.0,190.04,117.10679,17.0,3.5473175,no
40,56,166.0,185.68,51.41984,47.0,-1.4890289,no
40,57,178.0,181.28,115.00435,2.0,-0.7945404,no
40,58,185.0,182.04,85.146935,-5.0,0.67118835,no
40,59,187.0,187.76,66.287254,3.0,2.0412292,no
40,60,202.0,193.92,127.88276,-11.0,7.211731,yes
40,61,219.0,199.8,87.05171,-25.0,13.906769,yes
40,62,222.0,207.44,13.341664,-14.0,16.815002,no
40,63,217.0,211.64,20.59126,3.0,16.532745,no
40,64,215.0,208.84,32.06244,-2.0,15.625229,no
40,65,207.0,198.64,108.16654,-5.0,11.844482,no
40,66,186.0,186.64,226.22113,-5.0,1.5786743,no
40,67,148.0,175.44,184.87834,48.0,-11.25029,no
40,68,140.0,165.36,52.63079,19.0,-17.511475,yes
40,69,139.0,157.48,31.400637,22.0,-17.481995,yes
41,0,209.0,183.28,139.31259,-30.0,16.687912,yes
41,1,188.0,176.52,212.46176,-13.0,7.7816467,yes
41,2,167.0,166.68,139.60658,-4.0,-1.8807068,yes
41,3,161.0,159.36,31.906113,-19.0,-5.648407,yes
41,4,160.0,157.96,114.97826,-8.0,-3.9610443,yes
41,5,159.0,161.92,145.7738,15.0,-0.8217621,yes
41,6,163.0,169.68,152.64337,21.0,1.7805481,yes
41,7,171.0,175.16,164.46884,18.0,3.580597,yes
41,8,179.0,178.64,186.0,-4.0,3.3608093,yes
41,9,175.0,181.8,194.04123,10.0,1.6720734,no
41,10,179.0,184.16,166.97903,17.0,1.8000183,no
41,11,188.0,184.68001,114.43776,-16.0,2.6855774,no
41,12,180.0,185.16,66.48308,26.0,1.3766174,no
41,13,180.0,185.4,42.638012,10.0,-1.827713,no
41,14,175.0,185.6,46.840153,16.0,-4.341263,yes
41,15,181.0,186.8,119.03781,6.0,-2.4457703,no
41,16,195.0,187.0,151.00331,-25.0,3.1638947,no
41,17,196.0,183.6,131.93938,-18.0,6.554489,no
41,18,182.0,176.36,177.67386,-6.0,2.7478027,yes
41,19,154.0,167.6,196.86543,22.0,-6.270111,yes
41,20,135.0,157.48,124.52309,26.0,-12.683807,yes
41,21,130.0,146.88,121.597694,18.0,-13.370102,yes
41,22,125.0,140.56,114.49017,22.0,-13.106049,no
41,23,115.0,138.64,28.460499,44.0,-14.279892,yes
41,24,123.0,139.68001,91.58602,8.0,-13.082703,yes
41,25,131.0,143.32,133.30417,19.0,-7.0470886,yes
41,26,148.0,146.64,121.07848,3.0,1.7974854,no
41,27,159.0,146.32,39.698868,-22.0,6.190628,no
41,28,138.0,143.16,172.16852,17.0,1.2643738,no
41,29,115.0,135.48,142.94754,49.0,-6.8595123,yes
41,30,116.0,126.0,109.252,5.0,-11.9034195,yes
41,31,112.0,123.920006,84.40379,-10.0,-14.471619,yes
41,32,105.0,127.76,103.392456,29.0,-12.416687,no
41,33,123.0,132.36,188.28171,18.0,-5.26091,no
41,34,133.0,138.8,195.0282,15.0,-1.4079132,no
41,35,127.0,144.56,223.75433,34.0,-4.3121796,no
41,36,125.0,144.36,233.04077,27.0,-9.31955,no
41,37,122.0,143.88,216.5179,20.0,-13.993118,no
41,38,111.0,146.04001,143.19916,67.0,-16.21753,yes
41,39,127.0,148.2,133.77592,34.0,-13.411026,yes
41,40,144.0,152.92,55.31727,6.0,-9.280869,yes
41,41,145.0,160.24,76.11833,38.0,-5.7668457,yes
41,42,169.0,165.48,125.63439,-15.0,-0.068603516,no
41,43,181.0,168.6,97.6934,-21.0,4.9606323,no
41,44,179.0,170.4,124.73973,-9.0,6.2658234,no
41,45,173.0,164.92,153.80507,3.0,5.1792145,no
41,46,171.0,155.88,246.96964,-34.0,0.8025665,no
41,47,142.0,149.84,310.8215,25.0,-6.483139,no
41,48,140.0,145.4,289.37518,-2.0,-8.653564,yes
41,49,156.0,145.12,288.43372,-32.0,-3.8999176,yes
41,50,161.0,153.96,282.76492,-6.0,2.3847961,no
41,51,177.0,166.12,282.3473,-12.0,10.230576,no
41,52,202.0,174.72,203.65657,-43.0,18.507782,no
41,53,207.0,180.28,85.28775,-26.0,21.089203,yes
41,54,201.0,182.48,71.17584,-17.0,16.187897,yes
41,55,190.0,181.2,105.53672,-21.0,7.3777466,no
41,56,170.0,179.44,76.15773,24.0,-0.22698975,no
41,57,165.0,178.68,23.194826,36.0,-3.0259247,no
41,58,174.0,180.56,48.02083,12.0,-2.2778778,yes
41,59,179.0,184.44,73.661385,17.0,-0.34361267,yes
41,60,194.0,188.56,148.49243,-12.0,3.8476868,yes
41,61,212.0,193.04001,160.3122,-28.0,9.928848,yes
41,62,222.0,198.6,95.63472,-36.0,14.368378,no
41,63,219.0,202.8,45.891174,-14.0,15.919922,no
41,64,215.0,202.84,28.84441,-3.0,15.694656,no
41,65,212.0,196.40001,79.24645,-23.0,12.533188,no
41,66,195.0,186.96,210.60864,-25.0,3.4863129,no
41,67,155.0,177.4,221.57617,42.0,-8.500305,no
41,68,138.0,168.72,139.63524,62.0,-14.382553,yes
41,69,147.0,161.8,153.88307,15.0,-13.6883545,yes
42,0,192.0,168.56,217.83022,-40.0,9.757248,no
42,1,165.0,164.28,260.5993,1.0,0.22576904,no
42,2,145.0,158.56,175.20845,30.0,-7.787079,no
42,3,154.0,155.8,130.29965,-6.0,-6.7039795,no
42,4,172.0,158.68,113.35784,-27.0,0.37904358,no
42,5,183.0,165.8,115.10864,-24.0,6.305771,no
42,6,188.0,174.2,126.31706,-13.0,8.89653,no
42,7,199.0,179.72,119.70798,-36.0,10.4592285,no
42,8,206.0,183.6,112.08925,-39.0,11.68161,no
42,9,204.0,186.44,129.03488,-21.0,11.880829,no
42,10,203.0,187.32,120.26637,-13.0,11.37381,yes
42,11,204.0,186.48,86.162636,-22.0,8.777588,no
42,12,197.0,185.76,80.622574,-25.0,2.7735443,yes
42,13,188.0,185.6,48.04165,-21.0,-3.389511,yes
42,14,182.0,187.28,41.231056,6.0,-4.452957,yes
42,15,193.0,190.48,125.70601,-1.0,1.3494263,no
42,16,209.0,192.44,102.0686,-22.0,9.178345,no
42,17,211.0,189.44,92.086914,-27.0,11.682831,no
42,18,197.0,181.84,184.39088,-27.0,5.861557,no
42,19,168.0,173.2,196.8248,4.0,-3.6693268,yes
42,20,150.0,164.72,145.0655,26.0,-7.644226,yes
42,21,156.0,155.31999,209.38004,-4.0,-4.404434,no
42,22,155.0,147.28,249.23082,-19.0,-3.4380646,no
42,23,129.0,140.23999,216.83635,25.0,-9.899872,yes
42,24,113.0,134.24,58.0517,38.0,-16.195992,yes
42,25,124.0,131.56,148.80861,-10.0,-13.58596,yes
42,26,147.0,130.84,202.54877,-43.0,-2.7234344,no
42,27,164.0,129.6,82.0975,-72.0,5.535202,no
42,28,140.0,128.56,178.21335,-9.0,1.9931793,yes
42,29,112.0,124.88,126.69649,24.0,-7.4724426,yes
42,30,107.0,118.32,44.94441,3.0,-12.919708,yes
42,31,102.0,117.68,1.4142135,20.0,-13.467873,no
42,32,100.0,123.08,103.73042,54.0,-10.008369,no
42,33,122.0,128.8,114.97826,-1.0,-4.436722,no
42,34,120.0,134.0,57.72348,36.0,-3.375885,no
42,35,116.0,138.32,59.464275,30.0,-8.033279,no
42,36,109.0,137.6,46.043457,42.0,-13.690178,no
42,37,106.0,136.48,69.87131,59.0,-16.995438,no
42,38,115.0,138.95999,121.82774,36.0,-16.717575,yes
42,39,135.0,144.31999,137.2953,0.0,-12.738419,yes
42,40,153.0,152.16,104.95713,-24.0,-7.646042,yes
42,41,159.0,160.8,85.146935,-6.0,-3.7568054,yes
42,42,163.0,166.4,34.0,11.0,-1.4986725,yes
42,43,165.0,167.92,93.14505,0.0,-1.6369476,yes
42,44,161.0,165.24,146.1027,-5.0,-3.3773804,yes
42,45,155.0,155.64,168.43396,-5.0,-5.838211,yes
42,46,143.0,144.0,253.16003,-22.0,-11.868118,yes
42,47,101.0,134.52,258.25955,72.0,-20.427383,yes
42,48,95.0,126.64,237.76038,56.0,-23.09349,yes
42,49,112.0,124.32,300.84216,-1.0,-19.122139,yes
42,50,117.0,131.36,335.03732,18.0,-12.712349,no
42,51,136.0,141.84,372.17468,19.0,-2.5030823,yes
42,52,170.0,150.8,349.18192,-26.0,9.255737,yes
42,53,191.0,158.84,274.56512,-56.0,14.790649,yes
42,54,190.0,164.6,237.2172,-39.0,12.091187,yes
42,55,188.0,166.96,166.331,-49.0,6.3176575,yes
42,56,183.0,169.28,51.86521,-35.0,1.7962494,yes
42,57,174.0,173.32,28.178005,7.0,-0.3685608,yes
42,58,179.0,177.84,45.276924,-8.0,-0.65626526,yes
42,59,178.0,180.28,20.0,2.0,-1.5859222,yes
42,60,171.0,180.92,137.09122,35.0,-3.4812012,yes
42,61,185.0,181.88,282.80383,-25.0,-3.1445618,yes
42,62,199.0,184.24,315.80057,-46.0,1.0225067,no
42,63,208.0,187.44,222.04955,-34.0,7.228134,no
42,64,211.0,190.28,113.43721,-20.0,11.745239,no
42,65,208.0,189.44,71.021126,-13.0,11.820374,no
42,66,202.0,185.04,115.73245,-31.0,6.756729,no
42,67,181.0,179.64,169.7292,-5.0,-0.55532837,no
42,68,172.0,173.92,185.06755,-2.0,-3.447174,yes
42,69,179.0,168.36,202.54382,-21.0,-1.5740204,yes
43,0,162.0,156.95999,198.17668,-13.0,0.09275818,no
43,1,136.0,154.2,200.89798,38.0,-9.0568695,no
43,2,124.0,151.68,117.881294,39.0,-16.490036,no
43,3,132.0,153.28,175.64168,34.0,-13.916626,no
43,4,164.0,160.08,221.65288,-17.0,-3.0722961,no
43,5,189.0,169.76,123.69317,-35.0,6.8793335,no
43,6,194.0,178.76,33.286633,-14.0,10.178146,no
43,7,195.0,183.31999,71.568146,-4.0,9.646942,no
43,8,203.0,184.48,113.88591,-27.0,9.795319,no
43,9,211.0,185.44,94.33981,-43.0,11.200287,yes
43,10,212.0,185.8,58.034473,-36.0,11.518311,yes
43,11,206.0,185.64,83.48653,-27.0,7.8984528,yes
43,12,191.0,186.84,120.108284,-10.0,0.19535828,yes
43,13,172.0,189.8,44.407207,42.0,-6.082321,yes
43,14,178.0,193.68,98.23441,35.0,-4.673477,no
43,15,199.0,197.68,131.8484,-1.0,3.2182922,no
43,16,215.0,199.96,55.00909,-22.0,10.592133,no
43,17,215.0,196.96,62.03225,-26.0,11.5858,no
43,18,200.0,189.48,154.01299,-18.0,5.4989624,no
43,19,175.0,182.0,139.17615,12.0,-2.1301727,no
43,20,167.0,175.92,100.16985,17.0,-2.3626862,no
43,21,185.0,168.8,169.59363,-32.0,5.2591553,no
43,22,191.0,160.92,210.23796,-63.0,8.711746,no
43,23,158.0,150.88,320.65558,-13.0,-0.41079712,no
43,24,114.0,138.92,238.9184,45.0,-15.218704,yes
43,25,95.0,130.08,132.96616,52.0,-22.14811,yes
43,26,109.0,125.0,282.9735,19.0,-15.288559,no
43,27,138.0,121.32,228.98909,-38.0,-3.3772278,yes
43,28,137.0,119.840004,128.97287,-34.0,-0.4538269,yes
43,29,110.0,118.24,134.08206,25.0,-7.036125,yes
43,30,101.0,113.8,22.36068,20.0,-12.427528,no
43,31,109.0,113.08,67.6757,-1.0,-11.108093,no
43,32,125.0,117.48,140.47064,-26.0,-4.50914,no
43,33,144.0,123.0,132.93608,-43.0,2.764473,no
43,34,145.0,127.24,124.2578,-23.0,4.395462,no
43,35,138.0,131.08,146.89452,-9.0,-0.3365326,no
43,36,131.0,132.08,136.62357,1.0,-6.247055,no
43,37,137.0,133.23999,138.75157,-25.0,-9.093643,yes
43,38,144.0,138.08,113.71895,-34.0,-9.3424835,yes
43,39,145.0,147.36,81.055534,-8.0,-7.964813,yes
43,40,150.0,157.84,128.69344,25.0,-3.9926147,yes
43,41,169.0,167.04,131.7953,-7.0,0.7754059,yes
43,42,170.0,172.76,119.64113,2.0,1.5061188,yes
43,43,155.0,173.52,121.630585,42.0,-2.5642548,yes
43,44,140.0,167.95999,91.706055,64.0,-7.990158,yes
43,45,138.0,155.8,117.17508,10.0,-13.279572,yes
43,46,123.0,142.2,184.11409,-2.0,-20.170044,yes
43,47,96.0,129.04,137.09122,32.0,-27.082985,yes
43,48,83.0,115.96,53.460266,42.0,-30.121574,yes
43,49,79.0,108.6,118.96218,35.0,-30.211456,yes
43,50,77.0,111.2,216.48094,47.0,-27.153336,yes
43,51,99.0,117.4,313.2092,17.0,-17.616066,yes
43,52,125.0,125.16,339.37,7.0,-5.9791336,yes
43,53,141.0,136.32,347.90802,-5.0,-1.0425415,yes
43,54,141.0,147.84,357.0014,4.0,-3.2224426,no
43,55,140.0,155.64,308.80414,40.0,-4.8081055,no
43,56,165.0,163.48,204.20088,-17.0,-2.0746002,no
43,57,176.0,172.56,81.84131,-12.0,1.5258331,yes
43,58,182.0,179.2,63.245552,-1.0,3.7728271,yes
43,59,185.0,180.36,85.146935,-17.0,2.06044,yes
43,60,162.0,177.59999,158.45505,29.0,-6.460495,yes
43,61,133.0,174.59999,203.57799,90.0,-16.993988,yes
43,62,135.0,173.48,337.0015,63.0,-19.632843,no
43,63,169.0,175.28,379.01187,-22.0,-11.379272,no
43,64,193.0,179.84,257.72076,-43.0,-0.37806702,no
43,65,194.0,184.48,139.44174,-6.0,5.4827576,no
43,66,193.0,185.52,69.079666,-2.0,5.759903,no
43,67,190.0,184.16,41.01219,-13.0,3.7192688,no
43,68,188.0,180.96,43.382023,-10.0,3.7705536,yes
43,69,197.0,176.64,60.464867,-32.0,6.248825,yes
44,0,145.0,147.64,70.837845,11.0,-4.6207886,no
44,1,131.0,145.76,113.004425,19.0,-12.820435,no
44,2,122.0,146.32,42.190044,11.0,-20.736023,no
44,3,120.0,152.04,122.376465,44.0,-19.610687,no
44,4,146.0,162.4,244.08604,36.0,-8.229065,no
44,5,180.0,174.52,157.0796,-5.0,3.7088318,no
44,6,190.0,184.36,13.928389,-11.0,6.6490326,no
44,7,180.0,186.92,102.30347,17.0,1.997467,no
44,8,173.0,184.59999,183.98369,28.0,-2.8994446,yes
44,9,182.0,183.04,260.4995,-12.0,-3.8872528,yes
44,10,192.0,183.12,249.75587,-40.0,-2.2774963,yes
44,11,190.0,184.4,153.08168,-17.0,-1.9260406,yes
44,12,179.0,188.76,41.880783,24.0,-4.497467,yes
44,13,173.0,195.0,94.82616,52.0,-5.8230743,no
44,14,194.0,200.28,171.12569,-3.0,-1.4085083,no
44,15,209.0,203.76,117.37972,-6.0,5.6544495,no
44,16,215.0,205.31999,15.811388,-11.0,9.452652,no
44,17,208.0,202.24,81.596565,-4.0,7.7953186,no
44,18,195.0,195.76,112.0714,0.0,2.4953156,no
44,19,177.0,190.48,94.86833,30.0,-1.9561462,no
44,20,175.0,187.4,92.64988,28.0,0.45625305,no
44,21,194.0,183.48,117.88978,-14.0,9.746094,no
44,22,203.0,177.12,100.31949,-35.0,15.930618,no
44,23,185.0,165.96,295.4082,-40.0,9.727631,no
44,24,135.0,149.56,403.82175,29.0,-7.503586,yes
44,25,85.0,135.36,254.11809,96.0,-24.186722,yes
44,26,75.0,126.24,69.52697,84.0,-27.108223,yes
44,27,104.0,120.24,207.4078,18.0,-16.21199,yes
44,28,126.0,117.96,60.41523,-25.0,-6.4921494,yes
44,29,115.0,118.4,110.63454,0.0,-7.4288483,no
44,30,98.0,116.4,50.0,38.0,-12.3780365,no
44,31,107.0,115.56,78.24321,-5.0,-12.178192,no
44,32,121.0,118.44,156.81836,-13.0,-5.63414,no
44,33,141.0,122.799995,155.80116,-28.0,2.9633408,yes
44,34,155.0,126.24,60.74537,-48.0,6.9799347,no
44,35,151.0,130.88,56.462376,-35.0,3.7352753,yes
44,36,141.0,135.08,21.260292,-15.0,-1.6409149,yes
44,37,142.0,139.52,52.611786,-7.0,-3.5418549,yes
44,38,145.0,147.16,61.073727,5.0,-3.339981,yes
44,39,143.0,159.04,106.78015,43.0,-2.5661469,no
44,40,158.0,169.64,192.25504,34.0,1.6774902,no
44,41,190.0,176.96,181.28983,-38.0,8.118713,yes
44,42,195.0,181.4,169.14491,-23.0,10.427399,yes
44,43,187.0,181.84,239.74153,-15.0,7.1365356,yes
44,44,170.0,175.72,283.2137,1.0,0.93833923,no
44,45,144.0,164.68001,291.56476,42.0,-6.7719727,yes
44,46,113.0,152.04001,268.54422,98.0,-14.59346,yes
44,47,109.0,137.6,243.46252,32.0,-19.691277,yes
44,48,104.0,120.4,234.38857,-6.0,-23.50454,yes
44,49,79.0,106.6,193.49419,32.0,-29.601898,yes
44,50,60.0,101.04,59.464275,56.0,-33.810303,yes
44,51,75.0,99.56,202.94334,9.0,-29.359749,yes
44,52,97.0,103.0,244.37675,-12.0,-20.704391,yes
44,53,102.0,115.04,231.14497,2.0,-16.921494,yes
44,54,97.0,132.04001,174.38463,57.0,-16.594627,yes
44,55,106.0,146.12,195.60164,92.0,-12.378677,no
44,56,144.0,159.76,208.00961,32.0,-3.8985748,no
44,57,171.0,173.68,127.47549,0.0,3.4455414,no
44,58,187.0,182.16,109.004585,-4.0,8.7044525,no
44,59,201.0,182.0,104.019226,-35.0,10.209686,no
44,60,188.0,176.64,262.09158,-39.0,1.624939,no
44,61,140.0,171.12,314.92538,50.0,-15.959595,no
44,62,102.0,167.52,72.691124,121.0,-28.968048,yes
44,63,118.0,167.72,222.80035,77.0,-26.10521,yes
44,64,155.0,173.12,246.00813,17.0,-12.938339,no
44,65,176.0,182.0,124.55521,9.0,-1.53685,no
44,66,184.0,187.44,33.13608,15.0,3.6823273,no
44,67,185.0,187.96,27.202942,16.0,4.1022186,no
44,68,183.0,185.92,25.179358,15.0,3.1368256,yes
44,69,192.0,183.32,74.726166,-21.0,3.3142242,yes
45,0,153.0,143.24,58.60034,-22.0,-3.8806305,no
45,1,140.0,142.44,109.59015,-7.0,-11.095825,no
45,2,124.0,145.84,75.28612,24.0,-19.019852,no
45,3,124.0,154.56,159.22311,44.0,-18.43686,no
45,4,156.0,166.36,280.74542,16.0,-7.0707855,no
45,5,190.0,178.52,182.78403,-24.0,4.6828613,no
45,6,195.0,187.8,86.64872,-12.0,6.3750305,no
45,7,179.0,188.92,141.76741,13.0,-1.5749664,no
45,8,155.0,184.52,130.13838,51.0,-12.449661,no
45,9,140.0,181.6,129.69194,66.0,-19.554535,yes
45,10,144.0,181.88,185.181,60.0,-18.764954,yes
45,11,166.0,184.68,151.182,27.0,-11.916351,yes
45,12,186.0,191.31999,116.01724,1.0,-4.9813232,yes
45,13,199.0,199.68,165.85536,-8.0,0.28027344,no
45,14,213.0,205.4,145.6022,-13.0,5.466751,no
45,15,222.0,207.8,56.920998,-27.0,8.860672,no
45,16,217.0,207.84,57.21888,-15.0,8.119492,no
45,17,203.0,204.04,77.16217,12.0,4.5228577,no
45,18,195.0,198.12,61.77378,11.0,1.1492767,no
45,19,193.0,194.44,84.15462,-9.0,0.0006866455,no
45,20,190.0,193.72,90.47652,8.0,3.0328827,no
45,21,199.0,193.04,84.6286,-2.0,10.648956,no
45,22,207.0,189.4,48.270073,-14.0,18.015335,no
45,23,204.0,178.95999,174.64249,-26.0,18.088623,no
45,24,185.0,160.8,388.1546,-62.0,6.243698,no
45,25,131.0,143.52,450.45755,1.0,-13.878845,yes
45,26,86.0,131.6,194.83327,67.0,-26.900871,yes
45,27,95.0,123.6,158.75768,41.0,-22.113098,yes
45,28,123.0,120.84,117.68602,-10.0,-10.053246,yes
45,29,126.0,123.68,116.284134,-17.0,-6.0939865,yes
45,30,107.0,124.6,145.80124,25.0,-10.017693,yes
45,31,95.0,123.68,67.46851,57.0,-12.982605,yes
45,32,98.0,125.159996,70.34202,55.0,-10.693489,yes
45,33,116.0,128.28,144.20125,27.0,-4.600853,yes
45,34,135.0,131.04001,133.544,-12.0,-0.5129852,yes
45,35,135.0,136.52,131.60547,-13.0,-2.1842957,yes
45,36,125.0,143.0,78.29432,32.0,-4.452423,yes
45,37,138.0,149.08,138.05072,23.0,-1.3969116,no
45,38,156.0,157.36,179.02513,11.0,3.7168732,no
45,39,167.0,168.84,212.72047,12.0,7.0487976,no
45,40,183.0,177.64,197.20041,-4.0,10.699966,no
45,41,200.0,182.88,119.096596,-14.0,15.163132,no
45,42,210.0,186.48,55.569775,-30.0,17.642746,no
45,43,213.0,187.72,97.41663,-37.0,17.711563,no
45,44,210.0,183.64,205.64532,-42.0,15.891037,no
45,45,197.0,176.6,336.93323,-36.0,11.319626,no
45,46,174.0,168.2,403.09305,-16.0,5.1003113,no
45,47,155.0,156.2,390.81708,5.0,0.28277588,no
45,48,139.0,138.92,390.90152,-1.0,-5.3062286,yes
45,49,105.0,121.04,409.25787,26.0,-16.47982,no
45,50,65.0,106.88,269.09106,67.0,-29.414581,no
45,51,53.0,95.52,19.646883,62.0,-34.384674,yes
45,52,74.0,91.4,148.51936,-12.0,-31.03466,yes
45,53,75.0,99.92,136.65285,38.0,-26.0094,yes
45,54,96.0,118.159996,219.31712,23.0,-17.97725,yes
45,55,135.0,136.2,318.3991,-12.0,-5.3606873,yes
45,56,166.0,154.28,227.90349,-18.0,4.8656616,no
45,57,177.0,172.28,95.131485,-2.0,8.538849,no
45,58,190.0,183.23999,114.62984,-9.0,11.6324005,no
45,59,209.0,183.08,73.552704,-36.0,16.171036,no
45,60,210.0,176.84,145.69145,-46.0,13.505905,no
45,61,187.0,170.6,343.8168,-63.0,-1.3347931,no
45,62,136.0,165.44,304.69986,39.0,-18.538513,yes
45,63,123.0,163.6,190.07893,72.0,-22.951889,yes
45,64,150.0,168.48,219.31712,31.0,-13.687347,yes
45,65,180.0,179.2,164.71187,-9.0,-1.5155487,yes
45,66,197.0,187.0,101.91173,-22.0,5.956009,yes
45,67,199.0,187.92,87.46428,-22.0,6.100876,no
45,68,182.0,185.88,99.04544,18.0,0.07070923,yes
45,69,175.0,184.44,121.49074,1.0,-5.8923187,yes
46,0,152.0,147.24,23.323807,-13.0,-4.1295166,no
46,1,145.0,147.48,72.34639,-2.0,-8.591629,no
46,2,134.0,152.96,118.42297,28.0,-13.473419,yes
46,3,140.0,163.08,229.14188,46.0,-11.11026,no
46,4,180.0,174.48,279.54605,-23.0,-0.205719,no
46,5,205.0,185.36,148.82204,-30.0,9.354645,no
46,6,209.0,193.04,87.36132,-26.0,9.992096,no
46,7,199.0,192.36,166.331,-19.0,2.849472,no
46,8,179.0,186.28,247.8911,-11.0,-8.499268,no
46,9,145.0,182.36,224.72205,69.0,-19.01358,no
46,10,138.0,182.76,168.64757,87.0,-20.759964,no
46,11,171.0,186.96,232.93776,14.0,-11.800018,no
46,12,201.0,195.52,189.73666,-18.0,-0.14811707,no
46,13,216.0,205.24,128.8177,-14.0,7.579895,no
46,14,224.0,210.68001,63.134777,-18.0,10.849731,no
46,15,222.0,211.12001,36.496574,-7.0,10.15918,no
46,16,213.0,208.84,79.30952,0.0,6.4408875,no
46,17,204.0,204.0,61.188232,0.0,2.697174,no
46,18,200.0,198.2,21.213203,-3.0,1.4201965,no
46,19,201.0,195.08,11.401754,-15.0,2.2378998,no
46,20,201.0,195.28,12.083046,-17.0,4.6532593,no
46,21,203.0,196.24,41.59327,-8.0,9.677322,no
46,22,208.0,195.04,39.319206,-6.0,16.567688,no
46,23,213.0,187.64,35.35534,-22.0,21.130905,no
46,24,208.0,172.4,214.08409,-57.0,16.31897,no
46,25,169.0,156.92,406.133,-42.0,-0.6503601,no
46,26,110.0,145.48,294.15643,66.0,-17.42189,no
46,27,108.0,136.96,190.39433,43.0,-18.273834,no
46,28,135.0,133.24,175.4138,-16.0,-7.8615417,yes
46,29,142.0,135.68001,139.60658,-16.0,-1.3157806,yes
46,30,134.0,136.04001,202.38577,-6.0,-2.172577,yes
46,31,125.0,132.76,228.74002,2.0,-5.4251404,yes
46,32,115.0,131.12,171.41762,24.0,-7.618599,yes
46,33,117.0,132.0,80.06248,16.0,-7.233864,yes
46,34,122.0,133.72,20.396078,10.0,-6.0611496,yes
46,35,116.0,138.64,16.0,45.0,-6.1518097,yes
46,36,118.0,145.04,136.48444,69.0,-3.7317963,yes
46,37,152.0,151.36,228.47319,4.0,4.0636444,no
46,38,185.0,159.44,170.0,-53.0,12.092377,no
46,39,198.0,169.28,96.17692,-51.0,15.881241,no
46,40,203.0,176.88,47.434166,-41.0,16.6324,no
46,41,203.0,182.28,51.47815,-19.0,16.153656,no
46,42,202.0,186.16,100.97524,-4.0,15.450226,no
46,43,208.0,188.16,120.8139,-20.0,16.484238,no
46,44,218.0,187.48,75.60423,-39.0,19.735794,no
46,45,224.0,186.0,54.91812,-57.0,22.433792,no
46,46,215.0,183.52,190.15782,-36.0,22.250214,no
46,47,203.0,176.8,272.63528,-30.0,20.027893,no
46,48,191.0,163.32,348.94125,-44.0,15.31926,no
46,49,163.0,145.0,471.20273,-44.0,4.15979,yes
46,50,109.0,124.96,505.07227,21.0,-13.160873,yes
46,51,60.0,104.56,292.83783,95.0,-27.98787,yes
46,52,59.0,92.04,54.405884,39.0,-33.653976,yes
46,53,66.0,95.08,123.55566,34.0,-29.950912,yes
46,54,100.0,111.08,336.00595,14.0,-15.257515,yes
46,55,160.0,130.16,354.4517,-63.0,5.1204376,yes
46,56,190.0,150.8,127.02756,-63.0,16.019775,yes
46,57,179.0,170.88,29.017237,7.0,13.16214,yes
46,58,178.0,182.76,110.34492,19.0,9.930878,yes
46,59,199.0,183.52,150.86418,-17.0,14.19635,no
46,60,210.0,178.52,47.07441,-35.0,17.222885,no
46,61,199.0,173.56,174.1838,-34.0,10.076981,no
46,62,171.0,168.88,219.42653,-8.0,-2.810669,no
46,63,160.0,166.04,173.48775,1.0,-9.311951,no
46,64,173.0,169.12,161.61684,-18.0,-5.7221527,yes
46,65,188.0,178.88,133.15405,-13.0,2.219925,yes
46,66,203.0,187.0,90.255196,-19.0,8.702087,yes
46,67,210.0,187.8,56.85068,-40.0,8.385147,yes
46,68,189.0,185.72,195.92346,-15.0,-1.7265625,yes
46,69,152.0,185.12,132.96616,62.0,-13.634827,no
47,0,145.0,154.72,34.4093,23.0,-5.6876984,no
47,1,152.0,156.0,93.680305,4.0,-5.920456,no
47,2,155.0,162.96,166.37909,12.0,-5.888611,no
47,3,168.0,173.72,232.0862,8.0,-1.6685638,yes
47,4,196.0,184.68001,212.46176,-17.0,6.8681335,no
47,5,211.0,195.0,86.55634,-16.0,12.654221,no
47,6,211.0,201.68001,41.59327,1.0,12.415924,no
47,7,210.0,199.56,90.07774,-7.0,8.712677,no
47,8,206.0,191.88,191.4001,-23.0,2.3410645,no
47,9,192.0,186.88,258.5034,-28.0,-5.953293,no
47,10,179.0,187.0,214.93254,4.0,-9.676193,no
47,11,193.0,191.28,202.47469,-7.0,-4.1351166,no
47,12,213.0,199.8,149.83324,-16.0,5.2984924,no
47,13,226.0,209.76,68.0,-24.0,11.400101,no
47,14,227.0,214.48,10.0,-11.0,12.354187,no
47,15,222.0,212.72,69.856995,-12.0,9.243027,no
47,16,209.0,208.28,95.63472,3.0,4.226349,no
47,17,200.0,203.08,62.369865,1.0,0.9403534,no
47,18,197.0,197.52,31.04835,1.0,1.1772308,no
47,19,195.0,194.36,30.463093,7.0,2.7474976,no
47,20,193.0,194.16,44.181442,9.0,4.035736,no
47,21,196.0,194.88,66.211784,3.0,6.6539154,no
47,22,203.0,194.92,83.00603,-8.0,11.735306,no
47,23,210.0,191.40001,71.80529,-23.0,17.190598,no
47,24,208.0,181.88,96.10411,-33.0,17.356995,no
47,25,185.0,171.84,263.5185,-27.0,7.9676666,yes
47,26,143.0,164.08,301.8079,43.0,-4.0263214,no
47,27,135.0,156.88,274.92545,44.0,-6.201233,no
47,28,151.0,152.23999,222.04955,7.0,0.48217773,no
47,29,157.0,152.12,164.0,0.0,6.2367096,no
47,30,156.0,149.12,170.0647,0.0,7.9764404,no
47,31,158.0,141.68,191.65073,-32.0,6.4267883,no
47,32,144.0,135.84,179.02513,-17.0,1.4850769,no
47,33,131.0,133.52,93.03763,-1.0,-2.9562836,no
47,34,130.0,133.08,87.92042,3.0,-3.0065765,no
47,35,134.0,136.04001,161.54875,14.0,0.23965454,yes
47,36,148.0,141.04001,181.81859,2.0,4.662674,yes
47,37,171.0,147.84,92.0,-50.0,8.478455,no
47,38,181.0,155.76,177.34148,-52.0,10.628296,no
47,39,186.0,164.36,216.37468,-36.0,12.00647,no
47,40,187.0,172.0,174.54512,-8.0,12.089188,no
47,41,188.0,178.64,156.81836,-11.0,9.4627075,no
47,42,183.0,180.95999,193.38045,-7.0,5.218231,no
47,43,179.0,181.72,246.81168,11.0,3.2980652,no
47,44,191.0,184.44,283.5948,-14.0,6.9649353,no
47,45,209.0,188.28,226.88322,-28.0,15.408524,no
47,46,223.0,191.72,74.96666,-40.0,23.648636,no
47,47,221.0,192.68,63.560993,-22.0,27.553436,no
47,48,215.0,186.52,153.701,-24.0,27.03238,no
47,49,203.0,170.6,298.1979,-50.0,21.192047,no
47,50,169.0,148.31999,479.88748,-46.0,7.830551,no
47,51,114.0,122.159996,496.679,20.0,-10.812485,yes
47,52,75.0,102.079994,283.43958,40.0,-27.40741,yes
47,53,64.0,98.6,41.785164,30.0,-32.580666,no
47,54,92.0,110.2,363.71692,15.0,-19.178375,yes
47,55,152.0,127.6,417.40387,-34.0,5.2141266,yes
47,56,192.0,148.24,129.09686,-66.0,19.28189,yes
47,57,178.0,168.48,97.52948,2.0,14.343964,yes
47,58,163.0,179.48,75.802376,44.0,5.640991,yes
47,59,182.0,180.16,172.6789,-6.0,6.546112,yes
47,60,197.0,177.0,136.30847,-27.0,11.092087,no
47,61,194.0,175.2,116.275536,-26.0,9.68454,no
47,62,181.0,173.48,75.802376,-15.0,3.5630798,no
47,63,174.0,172.2,43.289722,-2.0,-0.37675476,no
47,64,176.0,175.04,59.682495,9.0,-0.013076782,no
47,65,183.0,183.44,80.80842,12.0,2.9240723,no
47,66,198.0,190.68,103.315056,-9.0,7.0319977,no
47,67,209.0,190.96,18.0,-30.0,7.6634827,no
47,68,197.0,189.16,192.4422,-32.0,-1.0779266,yes
47,69,154.0,189.52,181.02486,71.0,-13.2478485,no
48,0,154.0,161.48001,102.528046,20.0,-4.541855,no
48,1,167.0,163.0,107.415085,-11.0,-2.8308105,no
48,2,178.0,170.32,110.39022,-26.0,-0.5767212,no
48,3,189.0,180.92,152.11838,-14.0,3.880844,yes
48,4,208.0,191.4,140.76932,-23.0,10.161179,no
48,5,216.0,201.56,59.39697,-9.0,13.417313,no
48,6,215.0,208.76,39.012817,5.0,12.558456,no
48,7,217.0,207.8,38.0,-4.0,10.800095,no
48,8,220.0,201.08,62.241467,-31.0,8.1698,no
48,9,210.0,195.88,111.13955,-23.0,2.7285004,no
48,10,197.0,195.12,53.535034,-4.0,-1.9923401,no
48,11,202.0,197.64,91.08238,-8.0,-0.31632996,no
48,12,216.0,203.56,101.597244,-14.0,5.8615417,no
48,13,224.0,211.2,47.707443,-11.0,10.353119,no
48,14,225.0,214.52,34.98571,-12.0,10.702454,no
48,15,218.0,211.16,82.8734,-5.0,7.41214,no
48,16,204.0,204.72,113.216606,3.0,2.1576538,no
48,17,191.0,198.2,67.89698,19.0,-1.0997772,no
48,18,194.0,192.28,41.109608,-6.0,0.10334778,no
48,19,196.0,188.48,23.323807,-13.0,2.6268158,no
48,20,189.0,187.44,41.01219,9.0,3.1463776,no
48,21,188.0,188.12,72.249565,2.0,2.9709625,no
48,22,190.0,188.92,123.911255,-6.0,4.631668,no
48,23,193.0,188.0,141.99295,-6.0,8.694244,no
48,24,196.0,183.72,82.0,-8.0,12.482101,no
48,25,193.0,179.52,85.276024,-11.0,12.285019,no
48,26,185.0,176.24,210.72256,-19.0,9.591766,no
48,27,182.0,172.2,256.0703,-17.0,9.709061,no
48,28,184.0,168.8,214.03738,-21.0,12.7258,no
48,29,179.0,167.08,160.03125,-5.0,15.114975,no
48,30,175.0,160.48,113.32255,-5.0,15.841263,no
48,31,175.0,149.0,109.59015,-41.0,13.013641,no
48,32,155.0,140.2,170.423,-29.0,4.9366302,no
48,33,132.0,135.52,72.718636,8.0,-1.5123138,no
48,34,136.0,132.6,95.257545,4.0,1.1989594,yes
48,35,156.0,132.72,120.34118,-25.0,8.383667,yes
48,36,171.0,135.8,32.649654,-76.0,9.475937,no
48,37,153.0,141.40001,243.01852,-28.0,1.9666443,no
48,38,130.0,147.72,311.19446,39.0,-4.530304,no
48,39,142.0,155.44,279.63547,41.0,-2.1280518,no
48,40,163.0,164.36,157.4103,6.0,3.0424652,no
48,41,168.0,172.4,82.036575,4.0,3.0090485,no
48,42,156.0,173.0,101.98039,38.0,-2.4886475,no
48,43,145.0,171.04,150.30635,55.0,-9.414444,no
48,44,144.0,174.0,265.03586,48.0,-11.819473,no
48,45,170.0,180.88,374.31805,-4.0,-3.5769043,no
48,46,207.0,188.95999,285.95453,-37.0,11.895294,no
48,47,221.0,197.48,85.04117,-22.0,23.554062,no
48,48,221.0,200.84,31.241,-12.0,28.001434,no
48,49,215.0,192.04,120.21647,-13.0,28.021698,no
48,50,204.0,172.48,274.36108,-45.0,22.771744,no
48,51,172.0,145.56,464.49112,-68.0,7.8269653,no
48,52,103.0,120.56,474.80524,33.0,-15.476685,yes
48,53,53.0,108.8,159.39886,97.0,-33.063004,yes
48,54,67.0,112.32,295.61124,55.0,-28.763313,yes
48,55,130.0,124.72,477.69864,-21.0,-5.446213,yes
48,56,182.0,142.56,239.06903,-68.0,13.674957,no
48,57,180.0,161.96,84.53402,-25.0,13.1237335,yes
48,58,158.0,173.6,60.74537,34.0,3.2143402,yes
48,59,163.0,174.40001,114.85643,19.0,-0.39060974,yes
48,60,175.0,171.88,148.66069,-9.0,1.2677307,yes
48,61,173.0,172.0,152.97058,-1.0,1.0634308,no
48,62,170.0,172.6,100.17984,5.0,-0.27046204,no
48,63,177.0,173.2,57.706154,-11.0,0.31974792,no
48,64,183.0,177.8,36.769554,-13.0,1.3536835,no
48,65,182.0,186.64,38.209946,11.0,1.7658691,no
48,66,188.0,194.04,84.40379,19.0,3.776062,no
48,67,201.0,195.04,54.147945,0.0,5.893219,no
48,68,204.0,194.68,116.0,-21.0,2.329544,no
48,69,184.0,196.36,198.56485,14.0,-4.926132,no
49,0,170.0,169.8,93.904205,-1.0,-1.2363739,no
49,1,173.0,170.8,34.43835,-4.0,-1.5930328,no
49,2,175.0,176.76,60.827625,2.0,-1.8557892,no
49,3,188.0,185.92,147.49237,-14.0,1.1167755,yes
49,4,208.0,195.12,151.2217,-21.0,7.344742,no
49,5,221.0,204.16,59.22837,-24.0,11.469894,no
49,6,221.0,211.4,5.656854,-10.0,11.080551,no
49,7,219.0,212.92,18.439089,-8.0,8.977905,no
49,8,216.0,208.76,44.407207,-7.0,6.551422,yes
49,9,208.0,204.08,88.29496,-6.0,2.0692139,no
49,10,193.0,202.6,64.40497,20.0,-3.160019,no
49,11,194.0,203.64,82.13403,15.0,-3.6566315,no
49,12,211.0,206.6,115.10864,-17.0,1.1762085,no
49,13,218.0,211.28,68.60029,-8.0,6.022873,no
49,14,219.0,213.16,39.623226,-2.0,7.7918396,no
49,15,216.0,208.88,74.63243,-13.0,6.001938,no
49,16,201.0,200.8,128.65457,2.0,1.0027466,no
49,17,185.0,192.24,110.751976,14.0,-3.674179,no
49,18,186.0,184.84,125.19585,-16.0,-3.7294617,no
49,19,193.0,180.0,123.911255,-40.0,-0.5259094,no
49,20,188.0,177.96,94.24436,-19.0,0.9667511,no
49,21,179.0,178.4,102.0,-3.0,-0.5536041,no
49,22,170.0,179.68,113.137085,18.0,-1.8393402,no
49,23,170.0,179.84,120.33287,29.0,0.62971497,no
49,24,182.0,178.4,110.4355,6.0,6.205185,no
49,25,195.0,177.88,68.24954,-24.0,11.427307,no
49,26,203.0,178.16,28.284271,-40.0,15.080078,no
49,27,207.0,177.6,34.20526,-47.0,18.097595,no
49,28,203.0,176.68,54.20332,-31.0,20.277344,no
49,29,195.0,174.24,73.661385,-20.0,20.85785,no
49,30,185.0,164.8,91.92388,-14.0,18.693237,no
49,31,171.0,150.6,205.62587,-30.0,10.624741,no
49,32,140.0,140.84,277.61844,-14.0,-2.1907806,no
49,33,114.0,136.04001,147.97972,33.0,-7.988693,no
49,34,130.0,132.28,189.76302,16.0,0.19145203,yes
49,35,158.0,130.68001,93.60555,-41.0,9.362091,no
49,36,151.0,132.12,248.91766,-41.0,3.6250153,no
49,37,112.0,135.04,337.54407,14.0,-12.95417,no
49,38,83.0,138.16,208.0,119.0,-20.729095,no
49,39,130.0,144.92,282.41812,-4.0,-11.66658,no
49,40,161.0,155.92,149.16434,-20.0,0.71635437,no
49,41,169.0,165.6,41.18252,-6.0,5.14299,no
49,42,166.0,165.28,95.131485,-4.0,1.3077393,no
49,43,156.0,161.12,168.43396,-24.0,-9.355713,no
49,44,118.0,162.64,134.23859,74.0,-21.12973,no
49,45,116.0,169.8,280.24274,109.0,-19.696732,no
49,46,177.0,179.68001,385.40628,-17.0,-2.2372894,no
49,47,213.0,192.64,189.74721,-33.0,15.391632,no
49,48,221.0,203.31999,42.941822,-18.0,23.768509,no
49,49,219.0,202.64,28.0,-11.0,27.018723,no
49,50,215.0,188.84,103.4698,-24.0,28.026138,no
49,51,199.0,164.95999,319.5309,-52.0,20.8833,no
49,52,145.0,138.92,531.8139,-16.0,0.15635681,no
49,53,75.0,120.4,419.80234,76.0,-24.433449,yes
49,54,48.0,114.84,88.40814,130.0,-32.835144,yes
49,55,98.0,120.96,404.816,21.0,-18.341476,yes
49,56,158.0,135.52,349.58832,-52.0,2.4024658,no
49,57,177.0,154.08,78.79086,-45.0,10.047485,no
49,58,160.0,167.8,58.30952,26.0,5.065277,no
49,59,156.0,170.6,32.55764,31.0,-0.5319519,yes
49,60,158.0,167.92,38.28838,19.0,-3.813736,yes
49,61,152.0,167.16,97.98979,24.0,-7.2689514,yes
49,62,154.0,167.56,117.68602,16.0,-8.039185,yes
49,63,170.0,168.76,134.01492,-9.0,-4.3216095,no
49,64,184.0,174.8,74.431175,-25.0,-0.44944763,no
49,65,185.0,185.08,45.891174,1.0,1.2025146,no
49,66,190.0,194.4,93.914856,17.0,3.52417,no
49,67,203.0,198.68,96.519424,6.0,6.8760986,no
49,68,213.0,201.52,75.16648,-18.0,7.18515,no
49,69,208.0,204.68,115.80155,-11.0,4.4019165,no
50,0,182.0,178.31999,78.91768,-9.0,2.3757324,no
50,1,176.0,178.2,70.93659,2.0,-0.84191895,no
50,2,163.0,181.76,23.194826,43.0,-5.2315674,no
50,3,166.0,188.64,116.3615,51.0,-5.294632,yes
50,4,194.0,196.6,185.71483,-2.0,0.8280945,yes
50,5,215.0,204.88,110.01818,-18.0,7.1706696,no
50,6,219.0,212.0,19.235384,-6.0,8.480255,no
50,7,214.0,214.88,36.249138,7.0,6.0004883,no
50,8,210.0,212.31999,30.463093,7.0,3.0136871,no
50,9,207.0,207.8,63.560993,-5.0,-0.63838196,no
50,10,193.0,205.68,80.411446,18.0,-5.5222473,no
50,11,185.0,206.0,24.083189,41.0,-7.405258,no
50,12,199.0,207.8,94.24436,9.0,-3.5959015,no
50,13,210.0,210.92,65.29931,2.0,2.1809082,no
50,14,215.0,212.0,15.811388,-1.0,6.013794,no
50,15,213.0,207.12,62.1289,-5.0,6.051117,no
50,16,201.0,197.64,141.17365,-13.0,1.3378296,no
50,17,176.0,187.24,159.48041,17.0,-5.927292,no
50,18,156.0,178.64,134.23859,53.0,-10.044983,no
50,19,162.0,172.8,168.34488,16.0,-7.9851227,no
50,20,172.0,169.6,127.27922,-14.0,-3.955841,no
50,21,167.0,169.28,83.00603,7.0,-3.2816315,no
50,22,159.0,170.16,52.0,23.0,-4.637314,no
50,23,164.0,170.2,68.117546,6.0,-3.3712006,no
50,24,173.0,169.72,103.315056,-6.0,0.43710327,no
50,25,178.0,171.16,168.0238,-7.0,3.879013,no
50,26,185.0,174.08,223.6068,-23.0,7.0427856,no
50,27,193.0,176.32,211.51833,-35.0,11.524246,no
50,28,195.0,177.2,134.64769,-20.0,16.668823,no
50,29,193.0,173.88,68.8767,-14.0,19.763596,no
50,30,185.0,161.76001,155.08063,-29.0,16.362549,no
50,31,154.0,145.88,320.15622,-14.0,2.6502686,no
50,32,106.0,136.44,297.8926,43.0,-14.24604,no
50,33,87.0,132.16,134.82582,85.0,-16.735886,no
50,34,128.0,127.840004,251.24092,-2.0,-2.2113647,yes
50,35,154.0,125.6,34.98571,-50.0,6.7730865,no
50,36,122.0,126.36,302.69458,4.0,-5.1061707,no
50,37,75.0,127.28,170.85666,93.0,-23.155388,no
50,38,79.0,128.44,200.87807,84.0,-24.749283,no
50,39,130.0,135.59999,304.90982,-1.0,-9.627487,no
50,40,162.0,148.88,156.89487,-17.0,5.381607,no
50,41,175.0,159.95999,62.609905,-17.0,12.044388,no
50,42,179.0,159.16,58.821766,-22.0,11.0433655,no
50,43,171.0,153.31999,200.94278,-43.0,0.5832367,no
50,44,130.0,153.2,229.00218,22.0,-16.051376,no
50,45,108.0,159.76,116.6619,100.0,-21.975067,no
50,46,155.0,169.64,345.9711,14.0,-8.797592,no
50,47,200.0,183.84,233.4652,-29.0,9.186829,no
50,48,213.0,197.72,87.46428,-13.0,18.613403,no
50,49,214.0,201.92,69.58448,-9.0,22.038116,no
50,50,214.0,193.16,59.05929,-16.0,25.309738,no
50,51,212.0,173.52,135.32922,-51.0,25.391846,no
50,52,187.0,149.48,370.30258,-71.0,14.051346,no
50,53,130.0,128.6,469.66583,-21.0,-7.872856,yes
50,54,82.0,117.32,247.24481,39.0,-25.470497,yes
50,55,77.0,118.439995,182.16476,76.0,-25.013054,yes
50,56,123.0,130.2,362.73682,8.0,-9.401985,yes
50,57,165.0,147.4,207.46565,-32.0,5.557205,no
50,58,175.0,162.08,68.96376,-16.0,9.967102,no
50,59,174.0,167.08,119.36499,-7.0,6.680542,no
50,60,168.0,164.92,127.28708,-10.0,-0.5313263,no
50,61,147.0,163.52,105.26158,31.0,-9.339371,yes
50,62,140.0,163.84,49.193497,38.0,-13.551651,yes
50,63,156.0,165.68,144.01389,4.0,-10.465286,no
50,64,173.0,172.92,133.6862,-8.0,-4.912857,no
50,65,185.0,184.16,107.51744,-5.0,-0.122161865,no
50,66,201.0,194.32,118.06778,-16.0,5.127243,no
50,67,214.0,201.12,93.05912,-17.0,9.994537,no
50,68,219.0,206.92,44.922153,-11.0,11.518387,no
50,69,216.0,211.32,46.840153,-1.0,10.273788,no
51,0,191.0,183.24,54.571056,-9.0,5.775284,no
51,1,188.0,181.76,87.41853,-14.0,2.130127,no
51,2,178.0,182.72,100.43903,-3.0,-3.8181305,no
51,3,170.0,187.44,62.289646,30.0,-6.894943,yes
51,4,185.0,194.76,147.76332,17.0,-3.1585846,yes
51,5,208.0,203.32,134.61798,-9.0,3.6566467,no
51,6,220.0,211.16,34.058773,-17.0,6.978409,no
51,7,215.0,215.32,44.04543,8.0,5.344223,no
51,8,210.0,213.88,37.202152,13.0,2.3200226,no
51,9,212.0,209.44,51.224995,-11.0,-0.41241455,no
51,10,205.0,206.88,91.93476,-9.0,-4.0226135,no
51,11,195.0,206.92,74.24284,16.0,-6.1386414,no
51,12,199.0,208.24,85.276024,19.0,-3.4284058,no
51,13,210.0,210.4,70.71068,4.0,2.2423248,no
51,14,217.0,210.88,24.166092,-7.0,6.8132324,no
51,15,215.0,205.92,65.11528,-14.0,7.637924,no
51,16,201.0,195.36,141.59802,-6.0,3.4455261,no
51,17,179.0,183.36,190.51509,-3.0,-5.0008087,no
51,18,153.0,174.36,127.01181,20.0,-12.669434,no
51,19,143.0,168.4,61.741398,43.0,-12.975845,yes
51,20,157.0,164.32,88.60023,8.0,-7.1030273,yes
51,21,165.0,163.16,24.166092,-13.0,-3.1674805,yes
51,22,158.0,163.68001,37.202152,9.0,-3.7422028,yes
51,23,160.0,163.2,61.983868,-8.0,-4.6029205,yes
51,24,162.0,162.52,103.121284,-17.0,-4.5314026,yes
51,25,152.0,163.96,146.49232,20.0,-5.44075,yes
51,26,143.0,167.24,186.043,51.0,-5.8895874,yes
51,27,150.0,170.0,216.39316,45.0,-2.0073395,yes
51,28,171.0,170.68,187.6646,-1.0,6.086075,no
51,29,183.0,165.84,120.59851,-24.0,12.793045,no
51,30,179.0,152.0,190.05789,-47.0,10.228104,no
51,31,140.0,136.56,360.16107,-12.0,-5.6115723,yes
51,32,86.0,129.52,224.52171,67.0,-22.755714,no
51,33,85.0,126.6,194.04123,65.0,-20.310562,yes
51,34,139.0,122.0,274.92545,-39.0,-1.3409653,yes
51,35,158.0,120.56,101.04455,-75.0,5.8263702,no
51,36,112.0,122.56,296.6749,17.0,-8.889839,no
51,37,80.0,122.840004,65.78754,70.0,-22.736832,no
51,38,112.0,123.4,284.4785,-15.0,-17.33142,no
51,39,148.0,131.84,234.917,-33.0,-1.5021515,no
51,40,165.0,146.04,98.50888,-21.0,9.864258,no
51,41,173.0,156.16,85.146935,-15.0,14.734207,no
51,42,182.0,154.52,70.256676,-40.0,15.230896,no
51,43,176.0,147.76001,140.81194,-47.0,8.039932,no
51,44,145.0,146.32,181.91206,2.0,-6.1222687,no
51,45,131.0,152.2,74.793045,14.0,-14.197037,no
51,46,149.0,161.6,257.00195,29.0,-6.818039,no
51,47,190.0,175.36,221.72055,-24.0,7.205765,no
51,48,204.0,189.96,89.005615,-17.0,14.660233,no
51,49,201.0,196.16,111.5706,1.0,15.636154,no
51,50,199.0,190.68001,156.20499,-8.0,16.863297,no
51,51,197.0,175.8,172.06975,-25.0,19.240662,no
51,52,190.0,155.48,194.3399,-58.0,16.512222,no
51,53,155.0,135.08,303.19962,-38.0,3.4620514,yes
51,54,112.0,121.4,284.05984,-3.0,-14.309975,yes
51,55,81.0,119.24,66.287254,65.0,-23.721718,yes
51,56,100.0,128.12,278.0971,54.0,-16.394478,yes
51,57,153.0,143.08,311.95514,-21.0,0.75772095,no
51,58,185.0,157.44,125.19585,-43.0,12.555954,no
51,59,190.0,164.2,31.144823,-35.0,12.537109,no
51,60,183.0,163.72,119.36499,-46.0,3.6845245,no
51,61,159.0,162.59999,128.06248,-11.0,-7.6003723,yes
51,62,141.0,163.12,59.008472,37.0,-13.358154,yes
51,63,145.0,165.36,102.92716,50.0,-11.60791,yes
51,64,159.0,172.76,88.362885,33.0,-7.3596344,no
51,65,176.0,183.48,127.12985,10.0,-2.5673218,no
51,66,199.0,193.0,153.73354,-15.0,4.3579407,no
51,67,216.0,200.36,97.015465,-20.0,11.145248,no
51,68,222.0,207.64,18.384777,-15.0,13.88707,no
51,69,220.0,213.12,9.055386,-6.0,13.323441,no
52,0,194.0,185.16,11.661903,-5.0,7.4203186,no
52,1,193.0,182.48,37.336308,-14.0,4.4830017,no
52,2,188.0,181.4,55.31727,-19.0,-0.8600769,no
52,3,181.0,184.4,12.165525,-5.0,-5.0345154,yes
52,4,185.0,191.36,107.22873,11.0,-3.6184082,yes
52,5,203.0,200.56,145.99315,3.0,2.4822235,no
52,6,221.0,209.76,75.16648,-17.0,7.3964844,no
52,7,224.0,215.6,41.785164,-17.0,7.380127,no
52,8,216.0,215.68001,56.0357,10.0,4.4408417,no
52,9,215.0,211.84,41.036568,-5.0,1.3943481,no
52,10,211.0,209.08,48.82622,-7.0,-1.4591675,no
52,11,207.0,208.76001,49.010204,-2.0,-2.5910797,no
52,12,211.0,209.36,76.57676,-5.0,0.09701538,no
52,13,218.0,210.04001,59.39697,-8.0,4.9721375,no
52,14,221.0,209.12,17.888544,-15.0,8.358078,no
52,15,215.0,203.72,77.36925,-14.0,8.455307,no
52,16,203.0,192.32,119.33985,-17.0,5.207794,yes
52,17,183.0,178.68001,178.75682,-8.0,-1.687851,yes
52,18,154.0,169.16,159.11003,28.0,-9.709869,yes
52,19,143.0,163.68001,38.600517,31.0,-11.339996,yes
52,20,156.0,159.44,101.636604,9.0,-4.8741302,yes
52,21,165.0,157.76,42.0,-5.0,0.57743835,yes
52,22,157.0,158.6,73.552704,8.0,-0.8450012,yes
52,23,148.0,158.56,63.780876,14.0,-4.8262634,yes
52,24,146.0,157.44,52.03845,12.0,-6.514328,yes
52,25,145.0,157.56,21.954498,13.0,-6.959778,yes
52,26,136.0,159.44,68.41052,51.0,-8.070679,yes
52,27,138.0,161.44,41.761227,46.0,-7.4311066,yes
52,28,155.0,161.64,116.24973,-3.0,-2.72435,yes
52,29,165.0,156.48,163.51758,-24.0,2.7932587,yes
52,30,161.0,143.6,199.90498,-35.0,1.3661957,yes
52,31,129.0,131.28,314.35013,-14.0,-11.846283,yes
52,32,80.0,127.96,146.0,75.0,-25.036415,yes
52,33,93.0,126.84,256.91245,41.0,-18.29335,yes
52,34,146.0,122.56,243.3105,-46.0,1.5517731,yes
52,35,152.0,122.32,153.00327,-48.0,5.9897614,no
52,36,105.0,126.08,246.39806,45.0,-8.853806,no
52,37,91.0,125.560005,91.967384,52.0,-17.879326,no
52,38,126.0,125.0,236.47833,-18.0,-9.422142,no
52,39,152.0,132.96,125.48307,-34.0,3.1564178,no
52,40,156.0,144.64,86.023254,-9.0,8.883896,no
52,41,155.0,150.08,141.59802,8.0,9.84256,no
52,42,160.0,147.16,190.09471,-13.0,9.186249,no
52,43,159.0,141.12,193.31322,-33.0,4.9559937,no
52,44,145.0,139.44,130.38405,-15.0,-3.062973,no
52,45,136.0,145.31999,45.254833,8.0,-7.8665466,no
52,46,149.0,154.95999,206.28621,17.0,-2.6617432,no
52,47,183.0,167.52,193.08029,-19.0,7.7544403,no
52,48,195.0,180.6,68.54196,-19.0,12.649445,no
52,49,188.0,186.88,86.023254,5.0,11.157288,no
52,50,176.0,183.0,123.32883,24.0,8.892456,no
52,51,162.0,171.76,157.86703,48.0,8.651642,no
52,52,163.0,155.8,173.5569,-7.0,8.601608,no
52,53,150.0,138.0,175.4822,-18.0,3.6704712,no
52,54,127.0,125.0,201.37527,-16.0,-7.3460617,yes
52,55,100.0,122.36,135.88231,22.0,-17.635902,yes
52,56,97.0,130.32,179.7387,63.0,-16.405174,yes
52,57,141.0,143.72,310.9759,3.0,-2.67836,no
52,58,179.0,157.68,166.23477,-37.0,9.885544,no
52,59,183.0,165.96,92.19544,-24.0,10.3437195,yes
52,60,169.0,167.76,146.49232,-2.0,1.2941589,yes
52,61,154.0,167.6,57.306194,14.0,-7.4655,yes
52,62,157.0,168.16,122.28655,11.0,-8.4140625,no
52,63,174.0,169.6,184.74306,-23.0,-4.3505554,no
52,64,175.0,174.64,118.0,-1.0,-3.0271454,yes
52,65,171.0,182.12,36.138622,26.0,-3.8431396,yes
52,66,188.0,188.84,168.2201,-9.0,-0.28538513,no
52,67,209.0,194.52,164.65723,-26.0,7.3640137,no
52,68,218.0,201.2,78.892334,-18.0,12.863953,no
52,69,216.0,206.95999,45.099888,0.0,14.179352,no
53,0,193.0,186.08,31.112698,-6.0,7.0997314,no
53,1,188.0,183.2,73.593475,-5.0,3.5804138,no
53,2,181.0,180.84,87.41853,-5.0,-1.7293701,no
53,3,176.0,182.52,60.827625,5.0,-5.2816772,no
53,4,182.0,189.28,111.31936,12.0,-3.6482086,yes
53,5,201.0,199.08,153.94154,0.0,2.603714,no
53,6,220.0,209.12,101.12369,-12.0,8.5190735,no
53,7,227.0,216.2,19.849434,-12.0,9.867767,no
53,8,225.0,217.76,48.414875,-14.0,7.0609894,no
53,9,216.0,215.12,56.302753,6.0,2.7454834,no
53,10,210.0,212.52,35.014282,5.0,-0.7728424,no
53,11,209.0,211.96,15.033297,3.0,-1.2152557,no
53,12,215.0,212.08,50.635956,-4.0,2.09964,no
53,13,222.0,211.36,17.029387,-16.0,6.3016815,no
53,14,219.0,208.28,67.23094,-13.0,7.634506,no
53,15,207.0,201.64,121.60592,-3.0,5.853882,no
53,16,196.0,189.76,114.97826,-7.0,3.2810059,yes
53,17,188.0,175.48,125.13193,-31.0,-0.39343262,yes
53,18,165.0,166.12001,148.78844,-1.0,-5.952423,yes
53,19,150.0,161.92,17.720045,22.0,-7.4396515,yes
53,20,168.0,157.72,99.04544,-35.0,-1.0048981,no
53,21,177.0,153.92,7.071068,-41.0,4.6818085,no
53,22,165.0,153.0,116.06895,-25.0,1.7251282,no
53,23,143.0,152.40001,77.201035,20.0,-4.5626373,no
53,24,141.0,150.88,63.953106,27.0,-4.7832794,no
53,25,159.0,150.8,128.97287,-9.0,0.21520996,yes
53,26,169.0,153.32,144.53374,-42.0,1.8485718,yes
53,27,157.0,156.56,108.93117,-16.0,-2.256607,yes
53,28,143.0,157.76,56.63921,13.0,-5.856369,yes
53,29,137.0,153.6,86.209045,33.0,-4.7897797,yes
53,30,136.0,142.8,73.061615,25.0,-4.37677,yes
53,31,121.0,133.72,216.83173,10.0,-12.078262,yes
53,32,87.0,132.8,153.00327,74.0,-20.274971,yes
53,33,102.0,132.44,274.5906,51.0,-12.137665,yes
53,34,154.0,128.16,217.70622,-52.0,5.6779785,yes
53,35,151.0,128.92,180.75398,-20.0,8.012222,no
53,36,110.0,133.64,221.84679,51.0,-5.8033524,no
53,37,105.0,132.76,120.20815,33.0,-12.586067,no
53,38,131.0,131.12,169.6408,-11.0,-5.2065887,no
53,39,144.0,137.0,60.876926,-5.0,3.3736877,no
53,40,143.0,143.4,54.405884,10.0,5.340271,no
53,41,139.0,142.6,111.364265,9.0,2.6952057,no
53,42,131.0,137.24,193.86594,9.0,-1.7792358,no
53,43,122.0,131.68001,225.22878,21.0,-6.108719,no
53,44,125.0,130.32,173.23395,-5.0,-8.683456,no
53,45,127.0,136.68001,124.8439,14.0,-7.8331757,no
53,46,145.0,147.2,204.9195,13.0,-1.4487457,no
53,47,179.0,159.04001,178.73444,-43.0,6.92572,no
53,48,186.0,170.36,104.40307,-20.0,10.484375,no
53,49,185.0,175.88,64.513565,-15.0,9.582779,no
53,50,179.0,172.44,87.13208,-18.0,7.106659,no
53,51,160.0,162.6,134.61798,6.0,3.592926,no
53,52,143.0,148.88,151.38031,19.0,0.10954285,no
53,53,137.0,134.12,153.39491,-15.0,-3.0854492,no
53,54,130.0,123.68,89.587944,-29.0,-7.214897,no
53,55,117.0,122.72,85.08819,-3.0,-11.533623,yes
53,56,110.0,131.84,159.90622,50.0,-10.808998,yes
53,57,138.0,145.92,242.09915,20.0,-2.0895996,yes
53,58,170.0,159.56,134.23859,-21.0,6.740097,yes
53,59,170.0,168.6,40.024994,6.0,6.286484,yes
53,60,154.0,172.68,91.214035,43.0,-1.4837341,yes
53,61,145.0,174.6,72.498276,68.0,-6.234787,no
53,62,170.0,176.08,189.15602,3.0,-1.5836334,no
53,63,196.0,177.0,154.61565,-39.0,5.7552032,no
53,64,195.0,179.04,133.45412,-30.0,4.9398346,no
53,65,171.0,181.64,109.17875,28.0,-3.1718597,yes
53,66,164.0,183.44,130.29965,40.0,-7.2894287,yes
53,67,188.0,185.12,239.61636,-19.0,-1.9733124,yes
53,68,207.0,188.88,182.6034,-33.0,6.2996216,no
53,69,210.0,193.12,117.95762,-17.0,10.69725,no
54,0,191.0,185.04,46.389652,-5.0,7.7724915,no
54,1,180.0,181.68,104.27847,2.0,2.1595764,no
54,2,167.0,178.12,89.498604,18.0,-4.5147247,no
54,3,165.0,178.72,69.339745,22.0,-7.1236877,no
54,4,178.0,185.59999,131.73459,9.0,-3.7747955,yes
54,5,199.0,196.88,160.95341,-3.0,3.3593445,no
54,6,219.0,208.24,114.58621,-16.0,9.690659,no
54,7,227.0,216.16,33.734257,-9.0,11.577164,no
54,8,227.0,218.56,32.24903,-10.0,8.756882,no
54,9,220.0,216.92,67.36468,-9.0,3.398346,no
54,10,209.0,214.72,42.190044,11.0,-1.1274567,no
54,11,207.0,214.24,20.09975,14.0,-1.618927,no
54,12,214.0,214.40001,49.010204,1.0,1.9564667,no
54,13,220.0,213.08,8.246211,-11.0,5.7466736,no
54,14,213.0,208.6,92.64988,-3.0,5.546936,no
54,15,195.0,200.2,143.73587,14.0,1.6040802,no
54,16,179.0,187.12,124.45883,24.0,-2.0135345,no
54,17,177.0,172.84,115.10864,-13.0,-4.136673,yes
54,18,167.0,164.48,126.625435,-26.0,-6.8955383,yes
54,19,146.0,161.36,34.669872,33.0,-6.9125366,yes
54,20,154.0,157.88,101.8332,25.0,-0.22540283,yes
54,21,169.0,153.28,44.72136,-17.0,5.125183,yes
54,22,158.0,150.24,176.66353,-15.0,0.44955444,no
54,23,138.0,147.92,144.40222,1.0,-7.424286,no
54,24,143.0,146.08,159.45532,-8.0,-5.611145,no
54,25,172.0,147.08,174.95714,-54.0,4.9145203,no
54,26,182.0,151.28,26.076809,-47.0,10.7331085,no
54,27,162.0,156.36,150.78462,1.0,5.5663757,no
54,28,136.0,158.92,106.30146,54.0,-1.9892426,yes
54,29,137.0,156.08,122.384636,39.0,-2.109909,yes
54,30,150.0,146.56,170.01176,-3.0,1.1949005,no
54,31,142.0,138.24,252.42029,-6.0,-2.540329,no
54,32,119.0,137.44,205.76686,17.0,-9.574219,yes
54,33,125.0,137.24,210.62288,15.0,-4.7456665,yes
54,34,165.0,132.88,184.69434,-54.0,9.179245,yes
54,35,168.0,133.76,151.71684,-56.0,11.1732025,no
54,36,130.0,138.88,206.82843,19.0,-0.77323914,no
54,37,121.0,138.44,108.461975,22.0,-7.229477,no
54,38,138.0,136.24,123.82246,-10.0,-2.094925,no
54,39,145.0,139.6,47.201694,-3.0,4.2747955,no
54,40,143.0,140.44,42.80187,3.0,5.177307,no
54,41,136.0,133.96,120.8139,-9.0,-0.13101196,no
54,42,112.0,125.520004,184.93782,18.0,-9.77758,no
54,43,94.0,119.08,148.08105,40.0,-16.952805,no
54,44,101.0,118.2,148.51936,22.0,-16.772453,no
54,45,116.0,126.04,157.54364,11.0,-11.309822,no
54,46,138.0,139.04,190.18413,-3.0,-3.7590332,no
54,47,159.0,152.2,177.88199,-16.0,2.53685,no
54,48,165.0,162.92,159.38005,2.0,5.6679535,no
54,49,172.0,167.16,113.46365,-4.0,7.709961,no
54,50,177.0,163.6,50.931328,-24.0,8.398102,no
54,51,162.0,154.0,163.00307,-13.0,4.1960297,no
54,52,131.0,140.48,202.529,27.0,-4.3806763,no
54,53,110.0,127.96,174.91713,35.0,-11.989861,no
54,54,110.0,120.8,146.8128,6.0,-14.05323,no
54,55,125.0,121.72,101.8332,-25.0,-10.75589,yes
54,56,138.0,131.64,140.66272,-24.0,-5.243347,yes
54,57,151.0,146.56,171.49344,0.0,1.2846222,yes
54,58,172.0,159.68,128.39003,-17.0,6.956482,yes
54,59,179.0,167.88,80.895,-9.0,7.46257,yes
54,60,175.0,173.16,146.10954,-4.0,2.7297058,no
54,61,170.0,177.8,140.46352,10.0,-0.22021484,no
54,62,185.0,181.68001,164.98485,-6.0,4.7276917,no
54,63,206.0,183.88,107.82393,-31.0,12.422272,no
54,64,208.0,185.08,104.99524,-37.0,11.725662,no
54,65,182.0,184.16,208.73428,-3.0,0.32414246,no
54,66,149.0,180.96,100.43903,67.0,-11.336578,no
54,67,153.0,177.96,179.35997,44.0,-12.665268,yes
54,68,179.0,177.76,254.4838,-22.0,-5.671219,no
54,69,190.0,179.32,230.82462,-26.0,0.41363525,no
55,0,195.0,181.68,79.30952,-16.0,12.384033,no
55,1,176.0,177.32,146.34207,9.0,3.8290253,no
55,2,160.0,171.68001,91.836815,14.0,-5.542816,no
55,3,161.0,170.48,84.95882,4.0,-8.404465,no
55,4,175.0,177.32,153.68799,0.0,-3.9493713,yes
55,5,195.0,190.16,169.0562,0.0,4.0057983,no
55,6,214.0,203.40001,123.967735,-3.0,10.669937,no
55,7,226.0,213.0,43.863426,-13.0,12.565857,no
55,8,226.0,217.04001,37.44329,-11.0,9.260147,no
55,9,219.0,216.72,63.324562,-6.0,3.3407593,no
55,10,210.0,215.28,32.06244,8.0,-1.2387695,no
55,11,210.0,215.08,28.600698,5.0,-1.4925537,no
55,12,215.0,215.32,46.238514,2.0,2.106903,no
55,13,220.0,213.68001,17.029387,-7.0,5.841507,no
55,14,215.0,208.52,96.84007,-12.0,5.5317383,no
55,15,195.0,199.36,159.24823,7.0,0.620697,no
55,16,172.0,185.96,137.03284,31.0,-5.4128113,no
55,17,161.0,172.32,120.0,13.0,-9.813629,no
55,18,154.0,164.76,109.48059,-6.0,-11.814545,yes
55,19,146.0,161.72,33.61547,20.0,-8.630539,yes
55,20,158.0,158.04,108.461975,10.0,0.05908203,yes
55,21,170.0,152.95999,48.76474,-33.0,4.657791,yes
55,22,145.0,148.59999,206.28621,8.0,-2.3341217,yes
55,23,109.0,144.88,136.19104,83.0,-12.409729,no
55,24,113.0,142.76,171.21332,62.0,-11.640366,no
55,25,150.0,144.44,260.19223,-13.0,0.016921997,no
55,26,178.0,149.6,141.60509,-61.0,9.957443,no
55,27,174.0,155.68,61.983868,-30.0,10.46286,no
55,28,156.0,159.28,134.89255,26.0,7.15831,no
55,29,164.0,157.84,175.80103,-2.0,9.05722,no
55,30,182.0,150.12,145.99315,-57.0,13.091812,yes
55,31,172.0,141.88,203.21417,-50.0,8.773544,no
55,32,139.0,140.2,177.7245,2.0,-1.9708252,no
55,33,129.0,140.52,94.847244,16.0,-3.756546,yes
55,34,159.0,137.48,196.86543,-34.0,6.3576202,yes
55,35,170.0,138.4,67.08204,-45.0,10.461105,no
55,36,140.0,143.56,160.16241,18.0,1.8549652,no
55,37,133.0,143.64,54.42426,9.0,-4.2134705,no
55,38,145.0,140.8,95.257545,-11.0,-0.23892212,no
55,39,152.0,141.4,61.05735,-9.0,6.4129333,no
55,40,151.0,138.0,72.47068,-7.0,8.235687,no
55,41,141.0,127.68,186.86894,-29.0,1.0750275,no
55,42,105.0,117.16,241.6154,12.0,-13.368927,no
55,43,81.0,109.96,106.78015,34.0,-23.969635,no
55,44,91.0,109.24,141.82384,5.0,-22.930313,no
55,45,109.0,117.64,173.95401,5.0,-14.577568,no
55,46,129.0,132.2,144.92067,0.0,-6.2819977,no
55,47,138.0,146.8,97.52948,24.0,-1.2446136,no
55,48,145.0,157.48,82.764725,38.0,2.299469,no
55,49,157.0,161.04,73.43024,27.0,6.4057465,no
55,50,171.0,157.92,58.855755,-25.0,8.771912,no
55,51,167.0,149.28,139.84277,-52.0,5.249237,no
55,52,136.0,136.0,224.1428,-9.0,-4.9557037,no
55,53,97.0,124.84,188.17014,54.0,-17.012337,no
55,54,81.0,120.64,81.0432,76.0,-22.043625,yes
55,55,110.0,123.88,218.81956,4.0,-15.9496155,yes
55,56,142.0,134.44,177.05367,-32.0,-5.762741,yes
55,57,156.0,149.72,125.89678,-10.0,1.5937195,yes
55,58,171.0,162.36,128.56126,-1.0,6.571594,yes
55,59,190.0,168.56,67.601776,-35.0,8.994705,no
55,60,193.0,172.2,38.600517,-37.0,6.6246643,no
55,61,185.0,176.88,18.384777,-19.0,2.7898407,no
55,62,188.0,182.08,107.78683,-10.0,4.9154816,no
55,63,204.0,185.72,120.8139,-17.0,12.410889,no
55,64,212.0,187.40001,29.698484,-28.0,15.259079,no
55,65,197.0,185.56,202.80533,-20.0,6.938629,no
55,66,164.0,180.32,226.50386,19.0,-7.368881,no
55,67,140.0,174.64,54.91812,56.0,-16.25502,no
55,68,144.0,171.31999,121.20231,43.0,-14.994751,yes
55,69,155.0,170.36,145.49915,24.0,-10.238663,no
56,0,202.0,173.32,96.18732,-34.0,18.96489,no
56,1,178.0,168.8,199.97,-14.0,6.9898376,no
56,2,150.0,161.56,134.23859,26.0,-6.19635,no
56,3,148.0,158.56,121.630585,18.0,-11.11499,yes
56,4,166.0,165.64,202.63268,-11.0,-7.2099304,yes
56,5,192.0,180.12001,225.36194,-31.0,1.28125,no
56,6,213.0,194.96,165.94577,-25.0,9.102585,no
56,7,224.0,206.32,67.941154,-21.0,11.706863,no
56,8,221.0,212.72,52.801514,-5.0,8.328903,no
56,9,214.0,214.8,49.09175,4.0,2.614975,no
56,10,210.0,215.08,5.0990195,9.0,-0.9521942,no
56,11,213.0,215.8,36.05551,2.0,-0.37374878,no
56,12,218.0,216.2,43.908997,0.0,3.291397,no
56,13,223.0,214.36,17.029387,-10.0,7.0147247,no
56,14,220.0,208.68,80.36168,-19.0,7.440796,no
56,15,205.0,198.72,147.47203,-13.0,3.4817505,no
56,16,184.0,185.56,184.61853,-10.0,-3.5301971,no
56,17,154.0,173.48001,163.88411,39.0,-10.991577,no
56,18,136.0,166.76001,52.554733,62.0,-14.056152,yes
56,19,146.0,163.36,97.41663,26.0,-8.548798,yes
56,20,172.0,158.96,87.555695,-40.0,1.329773,yes
56,21,175.0,152.32,82.036575,-48.0,4.46579,yes
56,22,151.0,145.2,190.26297,-18.0,-3.2044678,yes
56,23,123.0,139.08,140.89003,14.0,-13.299362,yes
56,24,112.0,135.56,40.0,38.0,-15.428169,no
56,25,124.0,137.08,160.0,34.0,-8.389709,no
56,26,145.0,143.2,216.46246,15.0,1.2320251,no
56,27,170.0,150.84,138.80922,-44.0,8.082779,no
56,28,176.0,156.24,38.078865,-34.0,11.938812,no
56,29,179.0,157.04,44.181442,-21.0,15.492249,no
56,30,185.0,152.04,52.554733,-39.0,16.916458,no
56,31,175.0,144.88,187.55266,-54.0,9.826172,no
56,32,138.0,142.23999,230.93289,-1.0,-4.0878754,no
56,33,109.0,143.16,91.44397,74.0,-10.410294,no
56,34,138.0,142.76,238.65038,13.0,-1.8604889,yes
56,35,168.0,144.88,28.635643,-50.0,6.30484,no
56,36,145.0,149.96,139.78555,23.0,2.0171356,no
56,37,135.0,150.72,31.304953,24.0,-4.039688,no
56,38,146.0,147.16,73.552704,-7.0,-1.6745453,no
56,39,158.0,144.4,54.589375,-25.0,5.5556946,no
56,40,161.0,137.52,48.6621,-35.0,8.992523,no
56,41,143.0,125.799995,226.0354,-31.0,1.4149017,no
56,42,98.0,115.32,275.14725,27.0,-15.218857,no
56,43,68.0,108.96,69.426216,61.0,-27.273155,no
56,44,78.0,108.96,144.0,41.0,-25.366875,no
56,45,105.0,116.48,195.73451,16.0,-14.923454,no
56,46,131.0,129.64,130.72873,-8.0,-5.885956,no
56,47,143.0,142.76,84.40379,-5.0,-1.1377563,no
56,48,158.0,151.31999,98.23441,-26.0,3.1520996,no
56,49,167.0,153.64,34.928497,-27.0,7.3257294,no
56,50,158.0,151.92,79.81228,10.0,7.6151123,no
56,51,147.0,145.23999,127.66362,12.0,3.454605,no
56,52,140.0,133.56,139.29106,-31.0,-4.174713,no
56,53,115.0,124.36,208.84923,-10.0,-14.869316,no
56,54,83.0,122.88,109.56277,73.0,-22.429893,yes
56,55,96.0,128.36,195.0282,56.0,-18.902367,yes
56,56,132.0,140.16,206.9686,4.0,-8.359238,yes
56,57,150.0,156.44,129.07362,20.0,-0.1091156,yes
56,58,165.0,169.59999,109.22454,18.0,4.470978,yes
56,59,182.0,174.31999,71.84706,-10.0,6.290161,no
56,60,185.0,174.68,104.307236,-23.0,2.8612213,no
56,61,170.0,176.56,151.61134,9.0,-3.753418,no
56,62,168.0,180.44,180.2942,21.0,-4.09021,no
56,63,193.0,184.12,209.48032,-18.0,5.1704407,no
56,64,211.0,186.64,76.15773,-26.0,14.262161,no
56,65,210.0,185.6,110.01818,-33.0,12.982254,no
56,66,189.0,180.31999,233.52943,-30.0,1.5548553,no
56,67,155.0,173.4,181.95055,25.0,-10.337448,no
56,68,145.0,167.36,95.34149,38.0,-13.424591,yes
56,69,155.0,163.51999,96.60228,12.0,-10.386353,no
57,0,199.0,160.64,169.29265,-43.0,20.660141,no
57,1,170.0,157.2,291.29367,-31.0,5.192398,no
57,2,140.0,150.6,204.83163,-1.0,-10.865021,yes
57,3,133.0,148.2,147.70917,10.0,-16.86023,yes
57,4,138.0,156.24,199.72481,41.0,-13.922195,yes
57,5,163.0,171.88,266.83328,20.0,-6.1865845,yes
57,6,197.0,187.52,246.4792,-27.0,2.240036,no
57,7,215.0,199.68,144.50606,-31.0,6.612259,no
57,8,215.0,207.52,68.117546,-9.0,5.3365936,no
57,9,210.0,212.2,24.698177,10.0,1.6564941,no
57,10,212.0,214.92,22.135944,1.0,-0.18804932,no
57,11,216.0,216.92,42.544094,1.0,1.2496338,no
57,12,221.0,217.64,37.735924,-2.0,4.7739563,no
57,13,224.0,215.68,13.416408,-9.0,7.909836,no
57,14,218.0,209.64,70.256676,-4.0,8.426422,no
57,15,208.0,199.04,105.11898,-9.0,5.8627167,no
57,16,195.0,186.2,152.61061,-21.0,0.33758545,no
57,17,174.0,176.08,179.04749,-18.0,-6.5299683,no
57,18,152.0,170.64,143.33876,32.0,-8.992264,yes
57,19,156.0,167.24,156.77373,29.0,-3.4801636,no
57,20,169.0,163.2,61.611687,-2.0,3.4666748,no
57,21,159.0,156.52,125.60255,16.0,2.790039,yes
57,22,143.0,147.0,161.91356,8.0,-5.1682434,yes
57,23,134.0,137.48,108.26819,-31.0,-13.410812,yes
57,24,126.0,131.48,28.84441,-27.0,-16.601097,yes
57,25,123.0,131.04,56.586216,-1.0,-14.304695,yes
57,26,123.0,135.6,131.7118,39.0,-8.836121,yes
57,27,141.0,143.04,201.53412,18.0,-1.7259216,yes
57,28,165.0,150.12,181.64801,-36.0,4.973114,no
57,29,170.0,153.59999,156.46086,-28.0,8.866165,no
57,30,165.0,151.4,179.6274,-14.0,8.15921,no
57,31,151.0,145.95999,205.23645,-6.0,0.8078308,no
57,32,128.0,142.92,176.61823,4.0,-10.8762665,no
57,33,105.0,144.0,18.867962,69.0,-16.200836,no
57,34,129.0,145.92,234.3075,32.0,-7.5928955,yes
57,35,169.0,150.28,125.25175,-49.0,4.0764465,no
57,36,160.0,156.72,148.22281,-1.0,4.4940033,no
57,37,140.0,159.31999,137.01096,44.0,-1.9081116,no
57,38,139.0,155.84,30.463093,28.0,-3.847412,no
57,39,148.0,149.59999,62.241467,5.0,0.3759613,no
57,40,157.0,139.31999,74.88658,-34.0,3.4952087,no
57,41,141.0,126.84,208.47063,-31.0,-2.751892,no
57,42,103.0,117.4,233.77339,12.0,-16.472816,no
57,43,76.0,113.6,137.76791,62.0,-25.042267,no
57,44,89.0,116.32,240.566,41.0,-20.622307,no
57,45,118.0,123.520004,241.01453,10.0,-9.558594,no
57,46,139.0,133.32,106.52699,-13.0,-2.703125,no
57,47,140.0,142.2,35.77709,8.0,-1.5553894,no
57,48,151.0,146.2,118.22859,-3.0,0.7909546,no
57,49,168.0,145.8,75.272835,-49.0,4.5382233,no
57,50,157.0,145.16,107.33126,-19.0,3.9835663,no
57,51,135.0,141.59999,90.62009,33.0,-0.020446777,no
57,52,131.0,133.0,45.01111,15.0,-4.0415344,no
57,53,130.0,126.28,126.06348,-26.0,-9.677895,no
57,54,113.0,126.479996,166.37909,9.0,-15.653397,yes
57,55,115.0,133.12,202.63268,28.0,-14.608582,yes
57,56,144.0,145.52,241.13896,-6.0,-5.947891,yes
57,57,167.0,162.28,188.22327,-14.0,2.5511475,yes
57,58,175.0,175.88,136.565,9.0,6.336136,no
57,59,178.0,180.16,66.0,15.0,5.2115326,no
57,60,172.0,177.95999,110.0,11.0,-1.8977356,no
57,61,151.0,176.84,142.66745,34.0,-12.329498,no
57,62,142.0,178.76,136.0,57.0,-15.356415,no
57,63,171.0,182.08,255.53865,9.0,-5.082535,no
57,64,203.0,185.52,167.38579,-30.0,8.964401,no
57,65,210.0,185.84,42.426407,-27.0,13.915222,no
57,66,197.0,181.44,164.3472,-24.0,7.177307,no
57,67,171.0,174.64,151.79591,5.0,-3.032364,no
57,68,164.0,167.40001,78.08969,2.0,-6.4085846,yes
57,69,177.0,161.6,89.1852,-38.0,-3.6900635,no
58,0,182.0,145.4,279.43158,-68.0,12.905746,no
58,1,132.0,143.95999,357.2898,35.0,-4.4580994,yes
58,2,106.0,140.36,193.58203,52.0,-19.605057,yes
58,3,116.0,141.0,131.46863,23.0,-21.666656,yes
58,4,131.0,151.12,141.79562,25.0,-16.313385,no
58,5,145.0,167.40001,155.02902,54.0,-10.255936,yes
58,6,170.0,183.2,178.73444,23.0,-5.069336,yes
58,7,193.0,195.36,169.71152,-5.0,-1.039856,yes
58,8,205.0,203.72,92.021736,-4.0,0.96795654,no
58,9,209.0,210.04,31.04835,4.0,1.0295715,no
58,10,213.0,215.04,38.078865,4.0,1.1502686,no
58,11,219.0,218.2,43.863426,-2.0,3.0058594,no
58,12,224.0,218.76,26.41969,-6.0,6.076126,no
58,13,225.0,216.2,31.016125,-12.0,8.176819,no
58,14,216.0,209.8,83.198555,-3.0,7.7214966,no
58,15,205.0,199.2,103.73042,-4.0,5.124939,no
58,16,193.0,187.52,121.5648,-11.0,1.025177,no
58,17,177.0,179.72,86.833176,5.0,-2.5574188,yes
58,18,174.0,175.72,93.8616,-2.0,-1.1940308,yes
58,19,186.0,172.36,137.08392,-32.0,4.8496857,no
58,20,187.0,168.88,113.20777,-38.0,7.8779144,no
58,21,165.0,163.4,170.98538,-4.0,3.1478882,no
58,22,136.0,154.04,168.34488,39.0,-5.6614227,yes
58,23,113.0,144.0,116.76472,75.0,-13.105606,yes
58,24,108.0,137.4,38.183765,57.0,-16.518211,yes
58,25,118.0,134.88,19.697716,4.0,-16.282692,yes
58,26,122.0,135.64,31.241,2.0,-14.760391,yes
58,27,124.0,139.52,116.76472,21.0,-12.702087,yes
58,28,137.0,145.16,200.025,-8.0,-9.353806,yes
58,29,143.0,149.36,181.68654,-4.0,-5.4526215,yes
58,30,140.0,149.52,93.05912,21.0,-3.5758362,yes
58,31,130.0,146.4,72.11102,45.0,-6.4082184,no
58,32,122.0,143.95999,99.03535,37.0,-12.616211,no
58,33,123.0,145.04,98.95454,11.0,-15.356262,no
58,34,136.0,148.59999,189.97368,17.0,-8.340256,yes
58,35,170.0,154.64,192.20822,-25.0,4.187454,no
58,36,185.0,162.64,134.23859,-42.0,10.050827,no
58,37,170.0,167.8,233.46092,-3.0,6.030609,no
58,38,150.0,165.84,193.68532,39.0,-0.18011475,no
58,39,143.0,157.48,77.52419,35.0,-2.9270782,no
58,40,144.0,144.8,89.050545,-4.0,-4.929413,no
58,41,130.0,131.76,168.30923,-9.0,-11.261139,no
58,42,109.0,123.28,111.31936,11.0,-19.145485,no
58,43,106.0,122.0,168.90826,10.0,-19.976707,no
58,44,125.0,127.96,290.02414,-9.0,-10.880821,no
58,45,149.0,136.36,271.8235,-20.0,0.4321289,no
58,46,154.0,143.44,168.34488,-6.0,2.858429,no
58,47,135.0,147.16,104.34558,36.0,-4.0584717,no
58,48,135.0,145.64,130.39172,5.0,-9.094055,no
58,49,148.0,141.76,188.93915,-29.0,-7.4711914,no
58,50,148.0,140.76,112.17843,-23.0,-4.6320343,no
58,51,138.0,140.0,34.0,8.0,-3.5870361,no
58,52,134.0,136.0,46.518814,14.0,-3.9801025,no
58,53,135.0,132.8,53.75872,-9.0,-6.8777466,yes
58,54,133.0,134.6,54.571056,-22.0,-10.8526,yes
58,55,135.0,141.6,132.8533,0.0,-9.966858,yes
58,56,156.0,153.52,226.73773,1.0,-1.8005981,yes
58,57,185.0,168.6,199.42416,-23.0,7.885956,yes
58,58,199.0,180.84,139.28389,-27.0,12.210022,no
58,59,198.0,184.08,129.09686,-22.0,9.393234,no
58,60,185.0,180.04,179.44916,-19.0,0.14155579,no
58,61,154.0,176.6,195.81624,37.0,-12.102341,no
58,62,135.0,177.16,76.655075,76.0,-17.682465,no
58,63,155.0,180.28,194.09276,46.0,-9.930237,no
58,64,190.0,184.24,166.48123,-11.0,3.6849213,no
58,65,203.0,185.76001,58.034473,-23.0,10.333847,no
58,66,194.0,183.04001,134.73679,-19.0,6.248398,no
58,67,173.0,178.0,111.8034,5.0,-1.4745483,no
58,68,165.0,171.88,15.231546,16.0,-3.6128998,yes
58,69,174.0,166.36,40.5216,-7.0,-0.76838684,no
59,0,147.0,129.2,279.5711,-37.0,-0.8926239,yes
59,1,105.0,130.92,260.19223,42.0,-15.809334,yes
59,2,88.0,131.8,59.413803,73.0,-25.391617,yes
59,3,117.0,136.52,231.89653,16.0,-20.013008,yes
59,4,150.0,149.36,244.82646,-10.0,-9.303131,no
59,5,170.0,166.08,175.63599,-24.0,-4.2215424,no
59,6,168.0,181.32,80.0,30.0,-5.113922,no
59,7,177.0,192.8,112.61439,31.0,-5.242798,yes
59,8,199.0,201.32,124.45883,-3.0,-1.9035645,no
59,9,212.0,208.8,65.96969,-8.0,1.4271545,no
59,10,216.0,215.48,42.80187,3.0,3.0338287,no
59,11,221.0,219.36,36.249138,-2.0,4.69368,no
59,12,225.0,219.24,12.165525,-6.0,7.0323334,no
59,13,224.0,215.28,50.695168,-11.0,8.055267,no
59,14,213.0,207.56,106.25441,-5.0,6.174576,no
59,15,199.0,197.12,126.14278,-3.0,2.2864685,no
59,16,184.0,187.64,116.3615,3.0,-1.54039,no
59,17,172.0,182.52,26.870058,23.0,-1.8889008,yes
59,18,179.0,180.08,85.3815,10.0,3.6978607,yes
59,19,195.0,177.56,53.814495,-28.0,10.742584,no
59,20,190.0,174.28,89.84431,-14.0,11.671249,no
59,21,174.0,168.6,138.92444,-5.0,6.178894,no
59,22,162.0,159.72,169.29265,-20.0,-0.4270172,no
59,23,149.0,151.24,225.32199,-19.0,-5.360718,yes
59,24,132.0,146.2,232.99785,20.0,-8.268677,yes
59,25,123.0,143.48,207.00241,52.0,-9.386871,yes
59,26,125.0,142.48,165.55966,29.0,-11.317551,yes
59,27,117.0,143.95999,97.8366,35.0,-15.743027,yes
59,28,108.0,147.4,23.70654,65.0,-18.356247,yes
59,29,121.0,150.2,117.09825,40.0,-14.293808,yes
59,30,143.0,151.0,130.38405,6.0,-6.688965,yes
59,31,152.0,149.76,171.35344,-12.0,-3.353485,yes
59,32,144.0,147.68001,184.0489,8.0,-6.312088,yes
59,33,140.0,148.2,114.97826,-1.0,-10.335541,yes
59,34,139.0,152.88,99.24717,25.0,-8.3897705,yes
59,35,165.0,160.28,216.68872,0.0,1.8376007,yes
59,36,198.0,168.95999,129.43724,-52.0,12.387314,no
59,37,202.0,175.95999,138.05072,-47.0,14.446045,no
59,38,187.0,176.36,233.52943,-23.0,9.118927,no
59,39,165.0,168.64,234.64867,9.0,1.3406067,no
59,40,142.0,156.44,205.80574,30.0,-7.7783966,no
59,41,117.0,144.84,164.46884,48.0,-17.681503,no
59,42,108.0,138.52,50.596443,36.0,-22.836449,no
59,43,124.0,139.52,164.195,-5.0,-17.771759,no
59,44,147.0,146.92,256.3201,0.0,-4.1799316,no
59,45,179.0,154.95999,232.36179,-40.0,8.910339,no
59,46,187.0,159.08,212.04716,-63.0,9.691071,no
59,47,147.0,158.31999,283.64767,26.0,-3.921051,no
59,48,111.0,153.36,142.86357,76.0,-18.790863,no
59,49,112.0,147.76,146.0137,34.0,-22.329407,no
59,50,126.0,145.68,146.1027,16.0,-15.121765,no
59,51,143.0,145.24,89.005615,-6.0,-5.7424927,no
59,52,146.0,143.84,107.00467,-3.0,-2.3482208,no
59,53,134.0,142.88,97.74457,20.0,-6.2599945,yes
59,54,127.0,145.28,28.0,31.0,-11.00264,yes
59,55,136.0,152.96,131.04198,23.0,-9.477341,yes
59,56,161.0,165.32,229.21169,14.0,-0.35324097,no
59,57,195.0,178.72,189.84204,-24.0,10.514206,no
59,58,211.0,188.48,59.413803,-32.0,15.455444,no
59,59,208.0,190.12,65.74192,-23.0,12.568619,no
59,60,197.0,184.31999,123.878975,-20.0,4.6237335,no
59,61,182.0,178.44,175.38528,-24.0,-4.7867126,no
59,62,165.0,177.04,166.04819,12.0,-9.922974,no
59,63,170.0,179.08,154.17523,13.0,-6.100128,no
59,64,188.0,182.64,107.07941,-6.0,2.519165,no
59,65,195.0,185.08,38.078865,-13.0,6.602295,no
59,66,184.0,184.36,119.77479,0.0,2.8052826,no
59,67,167.0,181.32,83.52245,21.0,-3.0765991,no
59,68,165.0,176.84,24.083189,12.0,-3.835144,yes
59,69,173.0,172.6,38.626415,-2.0,-0.7766113,yes
60,0,117.0,118.32,165.23923,-1.0,-13.14283,yes
60,1,95.0,123.4,112.72977,31.0,-22.434242,yes
60,2,97.0,129.68,138.51353,30.0,-24.676949,yes
60,3,130.0,139.24,307.37924,7.0,-13.287491,no
60,4,172.0,154.2,267.4472,-31.0,1.0895386,no
60,5,193.0,170.36,132.91351,-45.0,5.8008423,no
60,6,185.0,183.92,101.8332,-5.0,0.6101074,no
60,7,179.0,193.44,83.737686,35.0,-3.966278,yes
60,8,199.0,200.64,135.20355,-2.0,-1.9263,no
60,9,216.0,208.28,84.0119,-17.0,2.3871155,no
60,10,221.0,215.72,34.98571,-8.0,4.684967,no
60,11,222.0,219.88,24.698177,3.0,6.079788,no
60,12,225.0,219.08,1.4142135,-5.0,7.833496,no
60,13,222.0,213.59999,69.856995,-11.0,8.019699,no
60,14,208.0,203.72,130.94273,-2.0,4.7410736,no
60,15,191.0,192.08,151.63773,0.0,-0.83638,yes
60,16,175.0,183.56,106.66771,8.0,-4.803772,yes
60,17,171.0,180.24,48.02083,14.0,-2.3499908,yes
60,18,185.0,179.52,106.92053,-5.0,6.374069,yes
60,19,197.0,179.36,23.70654,-21.0,13.618851,no
60,20,190.0,178.08,90.02222,-11.0,13.179596,no
60,21,174.0,172.92,90.088844,11.0,8.184845,no
60,22,169.0,164.6,49.57822,-2.0,4.8209534,no
60,23,170.0,157.68,94.371605,-24.0,4.083435,no
60,24,168.0,154.31999,164.10362,-26.0,4.110428,no
60,25,169.0,152.28,213.00235,-39.0,3.8478851,no
60,26,167.0,150.92,242.01239,-45.0,0.96432495,yes
60,27,146.0,151.68,281.7836,4.0,-6.071991,yes
60,28,122.0,154.36,269.4587,75.0,-11.7300415,yes
60,29,130.0,156.32,267.1217,70.0,-8.830734,yes
60,30,165.0,157.16,211.81596,-23.0,-0.3710327,yes
60,31,179.0,157.4,116.275536,-51.0,3.8022156,yes
60,32,170.0,155.6,121.69634,-38.0,0.25610352,yes
60,33,153.0,154.6,107.71258,-3.0,-6.5921936,no
60,34,140.0,158.56,36.05551,35.0,-9.790573,no
60,35,153.0,166.44,183.98369,35.0,-3.867218,yes
60,36,188.0,175.48001,195.43797,-19.0,7.674057,yes
60,37,206.0,184.0,66.27216,-29.0,15.539764,no
60,38,208.0,187.24,104.40307,-29.0,16.01384,no
60,39,197.0,181.96,228.56071,-27.0,10.179001,no
60,40,172.0,172.04001,319.2491,-7.0,-0.6352844,no
60,41,136.0,163.04001,325.65625,53.0,-12.892914,no
60,42,118.0,158.8,249.15858,74.0,-19.200745,no
60,43,130.0,161.2,245.52393,53.0,-14.3381195,no
60,44,160.0,168.8,270.2036,20.0,-0.7981415,no
60,45,193.0,175.6,198.97739,-21.0,12.549072,no
60,46,205.0,176.96,153.21227,-45.0,14.942703,no
60,47,181.0,173.04,344.59543,-38.0,2.4771423,no
60,48,126.0,166.16,362.4362,72.0,-15.153839,no
60,49,97.0,159.87999,234.54637,134.0,-22.44458,no
60,50,117.0,156.4,258.04263,85.0,-14.491089,no
60,51,156.0,154.24,212.4241,-7.0,-1.8072205,no
60,52,170.0,152.84,139.55644,-52.0,1.8411407,no
60,53,148.0,152.4,147.0034,0.0,-4.676941,yes
60,54,136.0,154.24,92.541885,23.0,-10.518845,yes
60,55,144.0,161.68,181.02486,35.0,-8.149948,yes
60,56,171.0,174.48,226.43321,7.0,1.0478058,no
60,57,199.0,187.16,161.30716,-15.0,10.689301,no
60,58,210.0,195.64,23.70654,-14.0,14.3307495,no
60,59,203.0,197.12001,66.27216,4.0,11.167221,no
60,60,193.0,191.28,76.105194,11.0,5.2561493,no
60,61,188.0,184.0,66.48308,-7.0,-0.19558716,no
60,62,185.0,180.24,47.010635,-23.0,-3.0893707,no
60,63,185.0,180.16,51.40039,-14.0,-1.4776001,no
60,64,191.0,182.24,52.03845,-14.0,3.064209,no
60,65,192.0,184.44,17.262676,-9.0,5.500305,no
60,66,180.0,184.52,91.235954,17.0,3.1433105,no
60,67,167.0,182.12,91.04944,35.0,-0.6857605,no
60,68,167.0,177.88,64.56005,24.0,-1.2162018,yes
60,69,178.0,174.16,44.20407,-15.0,0.7846985,yes
61,0,108.0,117.72,55.713554,1.0,-18.218872,yes
61,1,92.0,125.04,86.09297,58.0,-21.87371,yes
61,2,105.0,135.68,228.03508,48.0,-18.469414,no
61,3,141.0,149.12,312.83542,20.0,-5.3216095,no
61,4,184.0,164.72,230.93289,-33.0,8.142929,no
61,5,200.0,179.04001,63.702435,-27.0,11.609375,no
61,6,195.0,190.32,64.899925,-7.0,5.5604706,no
61,7,190.0,197.68001,66.64833,13.0,-0.37034607,yes
61,8,200.0,203.04,105.080925,9.0,-0.2922821,no
61,9,215.0,209.52,78.10249,-9.0,2.771347,no
61,10,222.0,216.28,34.176014,-11.0,4.878952,no
61,11,224.0,219.84,20.248457,-5.0,6.5171967,no
61,12,226.0,218.23999,8.944272,-11.0,8.560928,no
61,13,220.0,211.12,81.3019,-7.0,8.716827,no
61,14,204.0,199.08,155.02902,-2.0,4.3632965,no
61,15,182.0,186.04,186.68155,4.0,-3.3602905,yes
61,16,162.0,176.8,126.50692,21.0,-8.397644,yes
61,17,166.0,172.88,125.865005,4.0,-4.2377014,yes
61,18,188.0,172.04001,140.52757,-31.0,6.6838684,no
61,19,197.0,173.04001,44.38468,-28.0,13.996582,no
61,20,188.0,173.8,94.54099,-12.0,12.614349,no
61,21,174.0,171.52,77.7946,3.0,7.6938934,no
61,22,168.0,166.64,18.384777,7.0,5.7126007,no
61,23,170.0,163.08,18.439089,1.0,7.161316,no
61,24,175.0,162.32,22.135944,-12.0,9.236496,no
61,25,179.0,161.88,25.495098,-17.0,10.232742,no
61,26,183.0,160.76,54.589375,-29.0,9.169708,no
61,27,182.0,161.44,150.86418,-39.0,5.7366486,no
61,28,179.0,164.6,238.0,-40.0,2.9650116,no
61,29,182.0,167.28,239.63306,-37.0,4.30748,no
61,30,185.0,168.44,132.57451,-20.0,7.2265778,no
61,31,178.0,168.96,68.60029,0.0,6.2388763,no
61,32,166.0,166.8,80.411446,12.0,0.8905792,no
61,33,159.0,163.88,84.40379,0.0,-5.6646423,no
61,34,150.0,165.2,69.856995,16.0,-10.090424,no
61,35,154.0,171.28,112.587746,24.0,-8.080536,yes
61,36,176.0,179.84,174.54512,8.0,0.6203003,yes
61,37,197.0,189.28,136.68211,0.0,10.380112,no
61,38,213.0,195.24,57.72348,-21.0,16.29689,no
61,39,216.0,193.96,104.0,-28.0,16.26091,no
61,40,206.0,188.0,230.49512,-26.0,10.201645,no
61,41,190.0,181.64,327.47824,-31.0,1.1861572,no
61,42,172.0,178.32,354.13275,4.0,-4.9168854,no
61,43,171.0,180.44,321.60223,20.0,-3.521286,no
61,44,190.0,187.08,252.66974,-9.0,4.5216675,no
61,45,207.0,192.76,148.82204,-15.0,13.491989,no
61,46,214.0,192.88,87.28116,-18.0,16.882141,no
61,47,208.0,187.92,224.61078,-31.0,11.610916,no
61,48,187.0,180.72,379.2466,-29.0,1.6574249,no
61,49,167.0,174.0,416.54773,3.0,-3.2929535,no
61,50,174.0,168.76,347.0706,-18.0,1.4127808,no
61,51,187.0,164.6,179.35997,-43.0,7.947647,no
61,52,178.0,162.08,133.75351,-28.0,5.8883514,no
61,53,152.0,160.96,117.65203,20.0,-2.9465332,yes
61,54,148.0,162.0,98.79271,22.0,-7.650055,yes
61,55,168.0,168.56,184.20097,-15.0,-3.9688568,no
61,56,187.0,180.24,176.23848,-12.0,3.8403473,no
61,57,205.0,191.4,113.88591,-16.0,10.432114,no
61,58,213.0,198.76,8.944272,-22.0,11.949982,no
61,59,205.0,200.64,61.611687,-4.0,8.642029,no
61,60,195.0,196.08,71.17584,6.0,4.1289215,no
61,61,185.0,189.44,66.48308,17.0,0.2033844,no
61,62,179.0,184.8,41.59327,13.0,-2.5205688,no
61,63,180.0,182.72,54.91812,0.0,-2.454712,no
61,64,185.0,182.64,76.57676,-5.0,0.9312897,no
61,65,193.0,183.28,40.1995,-13.0,5.5688934,no
61,66,194.0,182.12,81.25269,-10.0,7.891098,no
61,67,189.0,178.76,124.77981,-11.0,6.5032806,no
61,68,182.0,174.12,72.138756,-9.0,3.3662872,yes
61,69,179.0,170.44,38.470768,-16.0,1.1509094,yes
62,0,116.0,127.28,129.03488,12.0,-15.031372,yes
62,1,118.0,134.52,201.31567,17.0,-13.95726,yes
62,2,138.0,146.08,280.81668,1.0,-7.570343,no
62,3,165.0,159.40001,259.23734,-8.0,2.9711914,no
62,4,190.0,172.92,151.2217,-18.0,11.118683,no
62,5,201.0,184.64,32.06244,-22.0,11.765335,no
62,6,198.0,194.2,14.142136,0.0,6.9453735,no
62,7,199.0,200.76,61.400326,3.0,2.9731445,yes
62,8,205.0,206.04,78.60026,7.0,2.4772034,no
62,9,213.0,211.88,48.270073,1.0,3.3632355,no
62,10,217.0,217.40001,31.622776,4.0,4.112976,no
62,11,221.0,219.76001,34.058773,-2.0,5.8479004,no
62,12,224.0,217.08,19.026299,-8.0,8.858185,no
62,13,221.0,207.96,79.30952,-16.0,9.93808,no
62,14,204.0,193.24,183.78792,-13.0,4.952011,no
62,15,175.0,178.24,230.89392,-1.0,-5.361618,yes
62,16,146.0,167.72,137.2953,37.0,-12.717773,yes
62,17,147.0,162.4,150.86418,35.0,-8.948059,yes
62,18,173.0,161.28,192.46298,-19.0,2.2287445,no
62,19,187.0,162.92,157.15598,-41.0,9.090027,no
62,20,179.0,163.96,177.54436,-26.0,7.1044464,no
62,21,169.0,162.48,141.039,-19.0,2.4882507,no
62,22,166.0,160.12,85.90693,-11.0,1.6013641,no
62,23,168.0,159.88,57.00877,-3.0,3.9872742,no
62,24,171.0,162.6,46.818798,-3.0,5.9300385,no
62,25,172.0,166.56,68.73136,-2.0,6.105713,no
62,26,175.0,169.84,78.714676,-4.0,6.225281,no
62,27,181.0,173.24,62.03225,-1.0,7.6655884,no
62,28,190.0,177.4,66.287254,-11.0,9.881744,no
62,29,197.0,180.28,60.083275,-22.0,11.25853,no
62,30,195.0,180.88,65.06919,-21.0,9.69725,no
62,31,182.0,180.04,93.914856,0.0,4.9271545,no
62,32,169.0,176.76,82.800964,21.0,-0.17807007,no
62,33,167.0,172.52,104.54664,8.0,-3.8763428,no
62,34,163.0,171.56,117.68602,9.0,-6.8951416,no
62,35,161.0,174.68,86.764046,23.0,-7.578659,no
62,36,173.0,180.95999,115.35164,13.0,-3.4786835,yes
62,37,193.0,189.72,141.20906,-7.0,4.113846,yes
62,38,210.0,197.68,109.004585,-14.0,11.539124,no
62,39,220.0,201.16,32.55764,-21.0,15.550217,no
62,40,220.0,200.76,60.41523,-20.0,14.93634,no
62,41,215.0,198.36,131.57507,-17.0,11.418289,no
62,42,213.0,196.4,184.4397,-30.0,8.167786,no
62,43,212.0,197.04,181.46625,-29.0,7.2986145,no
62,44,213.0,200.76,123.32883,-16.0,9.080399,no
62,45,216.0,204.8,64.899925,-9.0,12.296112,no
62,46,218.0,205.31999,36.687874,-3.0,15.1675415,no
62,47,219.0,201.44,70.38466,-11.0,16.210953,no
62,48,218.0,195.36,140.0357,-33.0,15.460861,no
62,49,213.0,188.48,169.6408,-45.0,15.115341,no
62,50,207.0,180.72,126.649124,-36.0,16.072891,no
62,51,197.0,173.52,101.98039,-26.0,14.481033,yes
62,52,175.0,169.08,145.38225,5.0,7.2031097,yes
62,53,154.0,167.16,89.37561,39.0,-1.338562,yes
62,54,158.0,168.52,104.69002,20.0,-4.0588074,yes
62,55,178.0,175.36,134.83324,-16.0,-0.43818665,no
62,56,192.0,185.88,119.36499,-7.0,5.215988,no
62,57,205.0,194.8,77.05842,-8.0,9.229507,no
62,58,210.0,200.31999,20.880613,-11.0,9.2379,no
62,59,205.0,201.36,40.496914,-3.0,6.333145,no
62,60,203.0,197.12,43.863426,-17.0,3.5141754,no
62,61,195.0,191.28,87.23531,-14.0,0.5394592,no
62,62,179.0,186.88,79.12016,16.0,-3.1117706,no
62,63,171.0,183.59999,30.463093,24.0,-5.128952,no
62,64,171.0,181.84,69.641945,29.0,-3.2523499,no
62,65,188.0,181.4,117.923706,-16.0,2.7604828,no
62,66,204.0,178.88,62.289646,-47.0,8.971771,no
62,67,202.0,173.8,89.44272,-45.0,9.080368,no
62,68,184.0,168.72,181.13531,-34.0,1.8017273,yes
62,69,161.0,165.8,191.19101,9.0,-5.9589844,yes
63,0,134.0,142.08,173.76996,12.0,-6.928589,no
63,1,143.0,147.12001,215.08138,16.0,-3.156433,no
63,2,165.0,156.2,203.88722,-17.0,2.8335876,no
63,3,183.0,166.24,125.53884,-29.0,7.8281097,no
63,4,192.0,175.68001,59.05929,-20.0,9.109222,no
63,5,194.0,184.68001,79.30952,-11.0,6.702469,no
63,6,197.0,193.36,73.593475,-8.0,4.241516,yes
63,7,206.0,200.32,81.3019,-10.0,4.577011,yes
63,8,215.0,206.64,69.656296,-13.0,5.911087,no
63,9,216.0,212.92,39.217342,3.0,5.587677,no
63,10,216.0,217.59999,13.416408,5.0,4.570633,no
63,11,217.0,218.88,17.088007,8.0,5.614044,no
63,12,220.0,215.16,16.124516,1.0,8.898544,no
63,13,220.0,204.31999,80.36168,-21.0,10.350601,no
63,14,203.0,187.64,219.25784,-24.0,4.4253235,no
63,15,167.0,171.04,284.67526,-1.0,-8.380737,yes
63,16,137.0,159.2,165.51736,18.0,-17.843765,yes
63,17,138.0,152.8,146.49232,1.0,-15.153961,yes
63,18,151.0,151.72,177.20045,3.0,-5.182144,yes
63,19,158.0,154.16,164.10973,-4.0,0.3088684,yes
63,20,146.0,156.04,194.65353,27.0,-2.595642,yes
63,21,138.0,155.24,192.35384,32.0,-7.4888153,no
63,22,148.0,153.84,197.52469,-11.0,-7.9230347,no
63,23,162.0,154.44,172.81204,-38.0,-4.695099,no
63,24,166.0,158.2,116.92733,-26.0,-2.408722,yes
63,25,161.0,164.84,83.294655,6.0,-2.3443298,no
63,26,160.0,172.56,85.42833,31.0,-0.92640686,no
63,27,176.0,180.04001,117.51595,9.0,4.1554413,no
63,28,192.0,186.6,84.723076,-6.0,9.695587,no
63,29,199.0,190.44,20.248457,-11.0,11.4657135,no
63,30,195.0,190.56,53.75872,-3.0,8.615677,no
63,31,186.0,188.36,71.21797,6.0,3.9491882,no
63,32,182.0,184.28,85.98837,5.0,1.1577606,no
63,33,185.0,180.08,108.16654,-13.0,0.27313232,no
63,34,183.0,178.16,113.32255,-16.0,-1.433075,no
63,35,177.0,178.96,86.683334,-3.0,-3.9084625,no
63,36,175.0,182.16,45.276924,15.0,-4.40007,yes
63,37,185.0,188.44,104.70912,5.0,-1.3458252,yes
63,38,200.0,196.32,136.49908,-7.0,4.1246796,no
63,39,213.0,203.16,104.69002,-13.0,9.296188,no
63,40,219.0,207.96,41.109608,-10.0,11.922699,no
63,41,220.0,210.32,12.806249,-5.0,12.121994,no
63,42,223.0,210.84,30.265491,-15.0,11.274765,no
63,43,222.0,210.72,34.0,-14.0,9.737228,no
63,44,218.0,211.44,18.439089,-4.0,8.186447,no
63,45,217.0,212.68,10.0,-1.0,8.315964,no
63,46,220.0,213.0,19.697716,-9.0,10.983582,no
63,47,221.0,210.52,3.1622777,-5.0,15.107162,no
63,48,220.0,204.72,30.265491,-8.0,18.535172,no
63,49,215.0,195.8,71.17584,-11.0,19.502655,no
63,50,208.0,184.84,124.61942,-29.0,17.078674,no
63,51,193.0,174.28,161.20795,-24.0,11.27417,yes
63,52,176.0,167.44,107.37784,-10.0,4.3068542,yes
63,53,170.0,165.88,20.880613,-13.0,-0.2585144,yes
63,54,172.0,170.0,69.52697,-7.0,-1.0356445,no
63,55,178.0,179.28,91.78235,7.0,1.1095123,no
63,56,191.0,190.2,115.35164,4.0,5.070175,no
63,57,205.0,198.16,70.34202,-6.0,8.221115,no
63,58,206.0,202.31999,25.298222,3.0,7.3535767,no
63,59,199.0,202.23999,42.544094,15.0,3.900177,no
63,60,200.0,197.68,31.906113,-6.0,1.7221985,no
63,61,199.0,192.04,53.08484,-21.0,0.41764832,no
63,62,187.0,187.72,78.54935,-2.0,-1.7009583,no
63,63,178.0,183.88,83.23461,7.0,-3.7940369,no
63,64,169.0,181.12,41.617306,27.0,-4.828644,no
63,65,168.0,180.36,95.51963,31.0,-3.057724,no
63,66,185.0,177.76,174.56232,-29.0,1.4101562,no
63,67,186.0,171.95999,173.52809,-35.0,2.0039673,no
63,68,157.0,167.08,232.99785,24.0,-6.3199005,yes
63,69,129.0,165.88,166.48123,59.0,-16.377151,yes
64,0,155.0,155.95999,160.11246,10.0,1.2502289,no
64,1,171.0,158.16,163.0828,-22.0,4.834076,no
64,2,179.0,163.72,68.8186,-18.0,6.806946,no
64,3,181.0,170.24,50.695168,-16.0,5.0068207,no
64,4,181.0,175.64,106.01887,-13.0,1.1115417,no
64,5,175.0,181.88,114.27161,21.0,-2.3788757,no
64,6,182.0,189.68,133.12401,20.0,-2.0271912,yes
64,7,203.0,197.24,141.7392,-9.0,2.6577759,no
64,8,220.0,204.24,73.756355,-27.0,7.0328827,no
64,9,223.0,211.16,5.0990195,-20.0,7.545746,no
64,10,219.0,216.0,9.486833,0.0,6.241638,no
64,11,219.0,216.92,12.806249,1.0,6.7515564,no
64,12,220.0,212.32,19.697716,-6.0,8.981628,no
64,13,215.0,200.68,109.252,-15.0,8.734055,no
64,14,197.0,183.95999,253.06126,-35.0,1.0552216,no
64,15,152.0,167.24,297.85904,16.0,-12.602493,no
64,16,115.0,154.04,129.69194,72.0,-21.653442,no
64,17,118.0,146.16,87.92042,45.0,-18.83281,yes
64,18,138.0,144.16,104.316826,-1.0,-9.852753,yes
64,19,144.0,145.95999,40.04997,1.0,-5.0206604,yes
64,20,136.0,148.4,67.601776,12.0,-7.478302,yes
64,21,121.0,149.84,40.792156,49.0,-12.384552,yes
64,22,115.0,151.4,40.496914,82.0,-14.276123,yes
64,23,128.0,154.48,101.8332,49.0,-12.608551,yes
64,24,144.0,159.32,103.94229,10.0,-10.194534,yes
64,25,152.0,166.2,72.34639,1.0,-8.048294,yes
64,26,159.0,174.4,115.03912,19.0,-3.4658203,yes
64,27,180.0,182.32,153.31015,1.0,4.42717,no
64,28,197.0,188.96,89.44272,-12.0,10.929794,no
64,29,201.0,193.48,27.018513,-7.0,11.975494,no
64,30,197.0,194.92,48.414875,0.0,8.643967,no
64,31,191.0,193.92,55.154327,11.0,5.027176,no
64,32,193.0,191.12,66.48308,-3.0,3.8778229,no
64,33,195.0,187.96,60.827625,-11.0,3.835144,no
64,34,191.0,185.44,61.611687,-6.0,2.325348,no
64,35,186.0,183.96,60.959003,-6.0,-0.80229187,no
64,36,180.0,183.96,32.649654,2.0,-3.9579468,no
64,37,177.0,187.16,38.28838,21.0,-5.096939,yes
64,38,185.0,193.6,111.94642,15.0,-2.931778,yes
64,39,200.0,201.16,132.43866,0.0,1.7483215,no
64,40,213.0,208.56,87.20092,-8.0,6.1506195,no
64,41,218.0,214.36,42.190044,-1.0,8.280899,no
64,42,222.0,217.2,15.556349,-5.0,8.31134,no
64,43,221.0,217.28,26.832815,-5.0,6.4882355,no
64,44,216.0,216.8,36.359318,2.0,3.9364014,no
64,45,213.0,216.08,30.265491,5.0,3.3306122,no
64,46,215.0,214.8,41.880783,3.0,6.4608917,no
64,47,220.0,210.84,34.525352,-12.0,11.875259,no
64,48,218.0,201.72,80.622574,-14.0,15.296082,no
64,49,208.0,188.4,196.62146,-25.0,12.686447,no
64,50,188.0,175.12,306.4376,-29.0,4.3642426,no
64,51,167.0,164.59999,308.4445,-21.0,-3.772766,no
64,52,156.0,158.59999,211.28653,7.0,-6.1274567,yes
64,53,165.0,159.59999,128.80994,-11.0,-3.7560883,yes
64,54,175.0,168.0,72.718636,-20.0,-1.3458099,yes
64,55,178.0,179.64,84.38009,10.0,0.63656616,no
64,56,193.0,190.31999,132.54433,3.0,4.766739,no
64,57,212.0,198.28,87.46428,-24.0,8.915665,no
64,58,213.0,203.44,57.00877,-14.0,8.187378,no
64,59,200.0,204.16,78.44743,13.0,3.2739563,no
64,60,193.0,200.24,46.32494,12.0,-0.5806885,no
64,61,193.0,195.12,41.59327,-7.0,-1.1915131,no
64,62,190.0,190.88,15.231546,3.0,0.1373291,no
64,63,192.0,186.40001,79.30952,-14.0,1.1110992,no
64,64,186.0,182.04001,130.23056,-24.0,-1.294693,no
64,65,161.0,180.0,98.50888,39.0,-5.953781,no
64,66,153.0,177.0,84.34453,49.0,-7.0150604,no
64,67,165.0,171.04001,54.037025,-3.0,-5.312317,no
64,68,153.0,166.68001,143.56183,18.0,-8.744232,no
64,69,128.0,166.84,164.46884,65.0,-15.641632,yes
65,0,170.0,162.28,70.724815,0.0,3.5601501,no
65,1,185.0,163.48,38.470768,-43.0,4.9241943,no
65,2,181.0,167.8,77.89737,-33.0,2.2581482,no
65,3,165.0,172.88,103.24728,18.0,-3.609848,no
65,4,163.0,176.76,76.11833,16.0,-8.03511,yes
65,5,164.0,181.56,50.0,29.0,-9.551834,yes
65,6,173.0,187.8,100.65784,26.0,-7.6909637,yes
65,7,195.0,194.36,154.48625,-14.0,-2.5312805,no
65,8,212.0,201.16,137.53545,-26.0,2.8583832,no
65,9,217.0,208.36,81.437096,-11.0,5.563263,no
65,10,218.0,213.92,35.608986,-2.0,6.5980377,no
65,11,221.0,215.40001,10.198039,-5.0,8.02739,no
65,12,220.0,210.64,53.160137,-13.0,8.693802,no
65,13,208.0,198.8,154.50566,-13.0,5.3738403,no
65,14,183.0,183.2,245.7519,-11.0,-3.520813,no
65,15,145.0,167.64,210.95023,33.0,-13.844971,no
65,16,125.0,153.64,144.13882,45.0,-17.997543,no
65,17,126.0,143.64,117.68602,32.0,-14.692291,no
65,18,138.0,139.68001,38.626415,-8.0,-9.3497925,no
65,19,145.0,139.4,39.217342,-26.0,-6.389908,no
65,20,145.0,141.28,17.262676,-19.0,-6.121063,yes
65,21,144.0,145.2,124.78782,-10.0,-6.8467407,yes
65,22,145.0,151.04001,191.75505,-10.0,-7.4624176,no
65,23,140.0,157.32,183.00273,26.0,-7.5714417,no
65,24,140.0,162.84,160.0125,48.0,-6.381363,no
65,25,145.0,167.96,158.77657,64.0,-3.3292694,no
65,26,163.0,173.24,162.6899,32.0,2.196991,no
65,27,189.0,178.4,131.30879,-19.0,9.163483,no
65,28,203.0,183.44,57.00877,-28.0,13.645966,no
65,29,204.0,188.6,11.045361,-14.0,13.307846,no
65,30,201.0,192.84,16.124516,-7.0,10.084991,no
65,31,199.0,195.2,39.623226,0.0,7.5049896,no
65,32,201.0,195.31999,51.47815,-4.0,6.610794,no
65,33,200.0,194.2,47.434166,-6.0,5.5750275,no
65,34,194.0,191.8,49.09175,2.0,3.3600922,no
65,35,190.0,188.32,48.373547,-4.0,0.4503479,no
65,36,184.0,185.36,47.010635,-1.0,-2.94458,no
65,37,179.0,185.68001,17.492855,5.0,-6.0093384,no
65,38,178.0,190.24,52.3259,19.0,-6.576248,yes
65,39,189.0,197.36,122.702896,15.0,-3.0367737,no
65,40,207.0,205.72,106.733315,-2.0,2.3394775,no
65,41,216.0,213.52,51.24451,0.0,5.5632477,no
65,42,221.0,218.36,13.038404,-5.0,5.7413483,no
65,43,219.0,219.31999,24.33105,2.0,3.7315826,no
65,44,214.0,218.6,36.496574,6.0,1.1506195,no
65,45,209.0,216.92,15.033297,15.0,0.6051636,no
65,46,210.0,213.88,20.0,10.0,3.819931,no
65,47,214.0,206.6,46.32494,-7.0,8.80217,no
65,48,210.0,192.72,156.08331,-24.0,9.278717,no
65,49,186.0,175.36,342.0526,-28.0,-0.4491272,no
65,50,140.0,161.32,424.09906,22.0,-16.481232,yes
65,51,110.0,153.36,311.97757,65.0,-25.100449,yes
65,52,123.0,151.08,230.51682,43.0,-19.421936,yes
65,53,148.0,155.95999,151.2217,25.0,-8.992096,yes
65,54,165.0,167.92,80.80842,-1.0,-4.2381897,yes
65,55,176.0,180.72,120.432556,-11.0,-2.5049744,no
65,56,194.0,190.44,166.37909,-12.0,2.6925964,no
65,57,213.0,198.16,110.02727,-19.0,9.118103,no
65,58,220.0,204.4,26.832815,-27.0,10.422913,no
65,59,208.0,205.84,104.62313,-4.0,5.8294067,no
65,60,191.0,202.2,91.60786,28.0,0.47346497,no
65,61,183.0,197.0,38.626415,43.0,-1.0606232,no
65,62,191.0,192.8,42.520584,6.0,1.708664,no
65,63,200.0,187.88,36.05551,-20.0,5.255844,no
65,64,198.0,182.28,107.647575,-31.0,4.097748,no
65,65,176.0,178.92,181.2457,-5.0,-2.7263641,no
65,66,150.0,175.24,78.29432,63.0,-7.3130035,no
65,67,165.0,168.96,110.45361,10.0,-4.3556824,no
65,68,180.0,164.92,148.22281,-44.0,-1.2908173,no
65,69,167.0,165.76,227.26636,-4.0,-2.696289,yes
66,0,170.0,168.88,89.84431,-13.0,-3.034912,no
66,1,175.0,169.44,109.041275,-30.0,-3.428772,no
66,2,162.0,173.16,86.833176,15.0,-6.555237,yes
66,3,153.0,177.59999,29.15476,48.0,-9.51265,yes
66,4,158.0,180.59999,129.65338,53.0,-9.298447,yes
66,5,174.0,184.2,136.70406,4.0,-7.9394226,yes
66,6,177.0,188.4,67.18631,12.0,-7.7530365,yes
66,7,178.0,192.52,65.053825,29.0,-7.334854,yes
66,8,190.0,197.8,142.43594,10.0,-4.637787,yes
66,9,204.0,204.68,125.872955,-3.0,-0.08306885,yes
66,10,213.0,210.84,78.79086,4.0,4.942276,no
66,11,222.0,213.56,22.36068,-11.0,8.784943,no
66,12,218.0,210.16,74.24284,-7.0,8.716751,no
66,13,201.0,199.40001,173.07224,-1.0,3.1768951,no
66,14,171.0,185.16,200.35968,33.0,-5.342209,no
66,15,153.0,170.76,123.10971,28.0,-9.949402,no
66,16,159.0,156.6,174.10342,-25.0,-7.608139,no
66,17,155.0,145.08,166.81126,-26.0,-5.0567017,no
66,18,135.0,139.44,101.8332,18.0,-7.2903748,no
66,19,127.0,137.76,95.42536,18.0,-9.85788,no
66,20,136.0,139.31999,123.4342,3.0,-7.4285583,yes
66,21,155.0,144.95999,130.39172,-20.0,-0.97579956,yes
66,22,171.0,153.84,149.8933,-32.0,4.831787,no
66,23,173.0,161.48,207.63911,-7.0,7.6172028,no
66,24,179.0,165.04001,227.70595,-13.0,8.849762,no
66,25,189.0,165.84,166.97305,-48.0,9.345032,no
66,26,191.0,165.92,27.45906,-49.0,9.0737,no
66,27,191.0,166.44,129.25943,-40.0,8.861893,no
66,28,194.0,169.59999,205.99515,-41.0,8.823044,no
66,29,197.0,176.8,179.64409,-35.0,8.378128,no
66,30,197.0,185.52,109.252,-11.0,7.9299316,no
66,31,203.0,192.8,59.933296,-13.0,8.36618,no
66,32,208.0,197.2,19.849434,-16.0,8.467834,no
66,33,204.0,198.64,44.72136,-6.0,6.474762,no
66,34,197.0,196.64,48.08326,-1.0,3.3995361,no
66,35,192.0,191.76,42.379242,-2.0,0.84635925,no
66,36,186.0,186.2,44.94441,3.0,-1.7527008,no
66,37,182.0,183.92,37.65634,-3.0,-5.1375885,yes
66,38,178.0,186.88,21.633308,8.0,-7.287964,yes
66,39,186.0,193.28,121.65525,13.0,-4.6567993,yes
66,40,208.0,201.92,129.18979,-16.0,1.3891449,no
66,41,218.0,211.28,63.953106,-6.0,5.4568176,no
66,42,222.0,218.04,27.018513,-1.0,5.790619,no
66,43,222.0,220.16,34.0,-3.0,3.9422302,no
66,44,218.0,219.76,51.86521,3.0,1.9888763,no
66,45,214.0,217.52,51.884487,6.0,1.8839569,no
66,46,212.0,212.84,29.732138,2.0,4.377716,no
66,47,209.0,202.28,63.07139,-4.0,6.9296265,no
66,48,198.0,184.48,217.37524,-27.0,2.727295,no
66,49,158.0,164.72,394.7075,-8.0,-13.289078,no
66,50,98.0,151.2,325.1492,76.0,-32.75209,yes
66,51,75.0,145.76,95.131485,124.0,-37.23426,yes
66,52,121.0,147.04,316.61017,23.0,-22.433762,yes
66,53,164.0,155.2,194.20093,-39.0,-6.58696,no
66,54,160.0,168.88,58.463665,25.0,-3.6181793,yes
66,55,156.0,181.44,76.55064,57.0,-5.537094,yes
66,56,182.0,190.48,187.36061,8.0,-1.0045929,no
66,57,207.0,198.2,144.81023,-10.0,7.457901,no
66,58,219.0,204.84,32.24903,-12.0,11.901581,no
66,59,217.0,206.31999,75.073296,-12.0,9.99617,no
66,60,208.0,202.2,111.73182,-9.0,5.184372,no
66,61,200.0,196.28,73.53911,-12.0,1.743515,no
66,62,197.0,192.12,17.088007,-13.0,1.8758392,no
66,63,199.0,187.96,59.665737,-21.0,4.650818,no
66,64,199.0,182.56,42.520584,-21.0,5.810898,no
66,65,190.0,179.48,125.93649,-27.0,1.9163666,no
66,66,169.0,176.52,96.26006,17.0,-2.352478,no
66,67,175.0,170.31999,83.00603,0.0,-0.2004242,no
66,68,191.0,166.12,25.179358,-45.0,4.202484,no
66,69,189.0,167.56,22.36068,-39.0,5.1709137,no
67,0,152.0,177.88,14.422205,39.0,-9.492279,yes
67,1,153.0,178.16,31.622776,46.0,-9.408264,yes
67,2,154.0,181.2,108.25895,60.0,-8.796936,yes
67,3,175.0,185.28,206.82843,3.0,-5.3866577,no
67,4,195.0,188.12,222.17111,-31.0,-0.39567566,no
67,5,201.0,190.8,173.48775,-24.0,1.648529,no
67,6,195.0,192.72,138.22446,-14.0,-1.4211273,no
67,7,179.0,193.56,80.919716,30.0,-6.8293457,no
67,8,176.0,195.92,41.880783,40.0,-9.284119,yes
67,9,193.0,201.08,134.52881,-2.0,-5.8154144,yes
67,10,212.0,207.0,135.77187,-17.0,1.9388733,no
67,11,225.0,210.88,51.47815,-23.0,8.850311,no
67,12,222.0,209.8,69.77106,-13.0,10.147278,no
67,13,206.0,201.88,172.81204,-3.0,5.1157837,no
67,14,180.0,190.6,196.22437,21.0,-1.9933319,no
67,15,165.0,178.24,102.156746,29.0,-3.6500244,no
67,16,178.0,164.4,76.48529,-39.0,1.208847,no
67,17,174.0,151.6,147.64822,-52.0,2.2996063,no
67,18,138.0,143.36,214.70445,12.0,-5.965637,no
67,19,110.0,139.56,72.89719,61.0,-14.424988,yes
67,20,120.0,140.96,147.13939,30.0,-12.731628,yes
67,21,149.0,148.64,217.70163,-1.0,-1.6412659,yes
67,22,179.0,160.16,169.1863,-26.0,10.979996,no
67,23,195.0,168.28,108.89445,-28.0,18.873917,no
67,24,201.0,168.44,48.76474,-37.0,19.710281,no
67,25,193.0,163.6,169.29265,-46.0,13.013107,no
67,26,172.0,157.4,314.6967,-40.0,2.2821503,no
67,27,150.0,152.52,370.29718,2.0,-5.985794,no
67,28,144.0,154.08,368.6353,25.0,-8.574997,no
67,29,158.0,164.24,323.6696,2.0,-6.1609497,no
67,30,176.0,177.64,239.94167,-3.0,-0.36476135,no
67,31,195.0,189.76001,151.63773,-2.0,6.2864075,no
67,32,208.0,198.56,45.891174,-11.0,9.712662,no
67,33,205.0,202.52,53.740116,4.0,8.181747,no
67,34,197.0,200.56,66.0303,15.0,4.5307617,no
67,35,193.0,194.12,51.47815,3.0,1.6889648,no
67,36,189.0,185.72,49.47727,-5.0,-0.909317,no
67,37,182.0,181.12,63.953106,-2.0,-5.0735016,yes
67,38,174.0,182.96,40.1995,11.0,-8.642426,yes
67,39,182.0,189.12001,134.83324,10.0,-6.3623657,yes
67,40,205.0,198.40001,155.33191,-11.0,0.7149048,no
67,41,220.0,209.68001,83.294655,-14.0,5.987854,no
67,42,226.0,218.24,27.313,-10.0,6.920166,no
67,43,226.0,221.44,20.880613,-5.0,5.52861,no
67,44,225.0,221.32,34.928497,-7.0,4.5243835,no
67,45,223.0,218.36,50.537113,-10.0,5.250061,no
67,46,217.0,212.08,64.202805,0.0,6.9916687,no
67,47,208.0,199.4,114.0,-8.0,6.582657,no
67,48,188.0,180.16,256.164,-21.0,-1.3622742,no
67,49,142.0,160.68,351.11823,14.0,-18.428864,no
67,50,95.0,149.24,200.35968,74.0,-33.45643,yes
67,51,95.0,146.16,273.38617,73.0,-30.61724,yes
67,52,145.0,149.12,393.1539,2.0,-11.434631,no
67,53,188.0,157.48,189.28285,-67.0,3.446228,no
67,54,180.0,169.52,130.72873,-22.0,1.9024353,yes
67,55,163.0,179.8,55.31727,34.0,-4.916992,yes
67,56,179.0,187.8,163.0276,12.0,-3.0798492,yes
67,57,204.0,195.88,156.16017,-9.0,5.532852,no
67,58,220.0,203.24,59.48109,-21.0,11.807709,no
67,59,221.0,205.24,36.249138,-18.0,11.784164,no
67,60,215.0,201.08,88.60023,-28.0,7.2601776,no
67,61,200.0,194.44,116.76472,-12.0,1.4594116,no
67,62,185.0,189.92,112.60551,7.0,-2.1438446,no
67,63,179.0,187.0,102.3914,25.0,-0.90756226,no
67,64,188.0,183.24,66.24198,0.0,2.9094543,no
67,65,189.0,181.6,56.142673,-10.0,3.403534,no
67,66,178.0,180.68,60.166435,0.0,0.87924194,no
67,67,175.0,176.16,11.401754,5.0,0.53881836,no
67,68,175.0,172.36,93.680305,2.0,1.0358734,no
67,69,170.0,174.04,154.14928,1.0,-0.18243408,no
68,0,172.0,184.48,233.36238,23.0,-2.7669525,yes
68,1,177.0,185.68001,236.1779,15.0,-1.9827728,yes
68,2,186.0,189.36,227.05505,0.0,0.3257141,no
68,3,201.0,194.12,193.59752,-13.0,5.061493,no
68,4,215.0,197.72,124.53112,-29.0,9.827805,no
68,5,216.0,199.88,88.814415,-18.0,10.7799835,no
68,6,209.0,199.2,122.588745,-9.0,6.688858,no
68,7,197.0,196.28,147.62791,-5.0,-0.9086304,no
68,8,182.0,195.32,84.89994,20.0,-8.076492,yes
68,9,178.0,198.32,72.235725,42.0,-9.141815,yes
68,10,200.0,203.68001,165.71059,3.0,-2.09552,no
68,11,221.0,208.68001,102.9563,-20.0,7.1319275,no
68,12,226.0,210.24,18.384777,-19.0,11.497025,no
68,13,218.0,205.4,125.89678,-20.0,9.4756775,no
68,14,199.0,196.76,181.60396,-9.0,4.515686,no
68,15,178.0,186.12,125.25175,23.0,2.5941162,no
68,16,175.0,172.32,46.647614,12.0,5.3847656,no
68,17,173.0,157.64,132.09845,-25.0,5.046753,no
68,18,145.0,146.16,229.07204,-1.0,-4.3625946,no
68,19,116.0,139.72,122.09013,32.0,-15.400238,yes
68,20,115.0,140.08,99.24717,32.0,-16.470795,yes
68,21,141.0,149.31999,234.17088,11.0,-5.5402374,yes
68,22,175.0,163.68,222.80484,-15.0,9.964813,no
68,23,199.0,172.92,101.390335,-33.0,20.724487,no
68,24,200.0,170.44,140.65561,-44.0,19.112427,no
68,25,164.0,160.8,359.55527,-6.0,3.5817108,no
68,26,114.0,148.56,361.84528,64.0,-15.617035,no
68,27,95.0,138.0,245.61758,73.0,-26.041023,yes
68,28,99.0,137.52,197.23083,65.0,-26.449821,yes
68,29,117.0,150.48,236.78261,54.0,-20.241013,yes
68,30,151.0,168.6,284.176,28.0,-8.487274,no
68,31,191.0,185.6,228.56071,-10.0,4.7595215,no
68,32,213.0,198.8,97.04638,-18.0,12.371689,no
68,33,215.0,205.28,72.235725,-10.0,12.113068,no
68,34,208.0,203.52,93.723,-9.0,7.7844086,no
68,35,197.0,195.76,77.83315,3.0,3.282486,no
68,36,190.0,185.0,80.04999,-8.0,-1.3583221,no
68,37,181.0,178.64,127.3185,-22.0,-7.9859924,no
68,38,165.0,179.76,97.3242,11.0,-13.236893,yes
68,39,173.0,185.92,170.48753,19.0,-10.197052,yes
68,40,199.0,195.96,180.85353,-2.0,-1.0884552,no
68,41,217.0,208.96,102.70345,-6.0,5.727005,no
68,42,226.0,218.96,34.058773,-9.0,7.37648,no
68,43,226.0,223.16,3.1622777,1.0,6.3391724,no
68,44,226.0,223.44,7.2111025,-1.0,5.9680786,no
68,45,226.0,219.96,18.601076,-4.0,7.4523315,no
68,46,225.0,212.31999,67.601776,-26.0,8.925354,no
68,47,210.0,198.31999,150.05333,-18.0,6.865738,no
68,48,183.0,179.4,245.34465,-9.0,-1.4514465,no
68,49,141.0,162.28,264.84714,45.0,-13.692505,no
68,50,119.0,154.0,250.8944,63.0,-19.697525,yes
68,51,138.0,153.64,349.75705,20.0,-11.436768,yes
68,52,178.0,157.8,286.681,-39.0,4.387497,no
68,53,196.0,164.52,57.428215,-41.0,11.736954,no
68,54,187.0,172.6,105.801704,-27.0,4.914612,no
68,55,171.0,179.24,36.769554,5.0,-4.8705444,no
68,56,179.0,185.24,140.42792,0.0,-5.084976,yes
68,57,201.0,192.96,165.93974,-13.0,3.0502472,yes
68,58,215.0,201.04001,70.45566,-13.0,9.741837,no
68,59,214.0,204.0,73.756355,-9.0,9.521362,no
68,60,203.0,199.8,129.80756,-2.0,3.9516602,no
68,61,188.0,192.40001,142.30249,0.0,-3.190155,no
68,62,171.0,187.36,86.37129,28.0,-7.712311,no
68,63,169.0,185.0,54.91812,32.0,-5.943527,no
68,64,185.0,182.6,71.568146,-8.0,0.15718079,no
68,65,190.0,182.44,28.284271,-15.0,3.3479004,no
68,66,179.0,182.8,52.17279,8.0,2.0088654,no
68,67,177.0,178.88,32.526913,-7.0,0.42730713,no
68,68,166.0,174.52,80.95678,20.0,-2.1357727,no
68,69,147.0,175.24,59.413803,64.0,-6.0640106,no
69,0,210.0,185.76,149.40549,-36.0,9.931381,no
69,1,212.0,188.8,135.48431,-37.0,10.157486,no
69,2,212.0,194.68,106.25441,-23.0,10.875748,no
69,3,215.0,201.04,76.57676,-13.0,12.791626,no
69,4,219.0,205.84,42.638012,-6.0,14.866074,no
69,5,221.0,207.8,24.738634,-9.0,14.954697,no
69,6,219.0,204.88,59.413803,-14.0,11.86586,no
69,7,213.0,198.64,109.07796,-26.0,4.936432,no
69,8,197.0,195.48,129.80756,-17.0,-4.5248566,no
69,9,179.0,197.16,9.486833,30.0,-9.78421,yes
69,10,192.0,202.08,146.8128,16.0,-5.050125,yes
69,11,213.0,208.08,124.73973,-2.0,4.84198,no
69,12,224.0,211.8,22.847319,-12.0,11.543655,no
69,13,221.0,208.48,67.911705,-10.0,12.359879,no
69,14,211.0,200.52,123.49089,-17.0,9.5516815,no
69,15,196.0,190.28,121.65525,-16.0,7.231964,no
69,16,183.0,176.2,81.437096,-5.0,7.5147247,no
69,17,173.0,159.96,123.911255,-11.0,6.0006256,no
69,18,152.0,146.64,199.44925,-12.0,-2.5970917,no
69,19,126.0,139.0,143.56183,5.0,-13.9335785,yes
69,20,115.0,138.8,55.226807,32.0,-17.375504,yes
69,21,136.0,148.68001,213.84573,14.0,-8.438629,yes
69,22,166.0,164.32,230.82893,6.0,7.0179443,no
69,23,193.0,173.4,107.00467,-22.0,18.387558,no
69,24,192.0,168.4,189.93156,-40.0,14.70993,no
69,25,143.0,154.76,402.05722,16.0,-5.90744,no
69,26,89.0,137.68,240.3331,80.0,-28.03476,yes
69,27,90.0,123.08,43.931767,19.0,-36.165176,yes
69,28,105.0,121.76,94.08507,-12.0,-33.132866,yes
69,29,114.0,137.32,181.02486,28.0,-25.146782,yes
69,30,148.0,159.48,317.03943,16.0,-11.081589,yes
69,31,195.0,180.72,278.25888,-26.0,5.4865723,no
69,32,220.0,197.56,114.236595,-28.0,15.465149,no
69,33,224.0,206.08,38.600517,-23.0,15.899109,no
69,34,214.0,204.96,93.14505,-10.0,10.784821,no
69,35,200.0,196.96,105.23308,-4.0,4.3765564,no
69,36,185.0,185.24,123.16656,0.0,-2.9088898,no
69,37,165.0,177.92,162.11725,14.0,-12.314468,no
69,38,143.0,178.48,68.46897,66.0,-18.696747,yes
69,39,165.0,184.44,205.54318,20.0,-14.040909,yes
69,40,199.0,194.68001,200.15994,-16.0,-2.6312408,no
69,41,217.0,208.36,108.0,-9.0,5.3824615,no
69,42,226.0,219.2,39.012817,-8.0,7.3894043,no
69,43,227.0,224.24,2.0,-3.0,6.431671,no
69,44,226.0,225.08,3.1622777,1.0,6.1700745,no
69,45,226.0,221.48,16.492422,-5.0,7.8007355,no
69,46,221.0,213.08,76.941536,-6.0,9.07048,no
69,47,206.0,198.08,153.39491,-3.0,6.8165283,no
69,48,184.0,179.52,193.2563,2.0,0.52160645,no
69,49,165.0,164.4,153.83757,-5.0,-5.6202087,yes
69,50,165.0,158.36,163.487,-31.0,-4.555954,yes
69,51,180.0,159.88,206.47517,-43.0,5.095871,no
69,52,194.0,165.8,111.21151,-34.0,14.761536,no
69,53,190.0,172.28,51.78803,-6.0,14.174789,no
69,54,174.0,177.72,122.77622,15.0,3.1924438,no
69,55,160.0,181.84,60.216278,30.0,-7.7230225,no
69,56,165.0,186.4,137.2953,37.0,-8.302567,yes
69,57,193.0,192.92,180.04999,-1.0,0.236969,yes
69,58,212.0,200.2,61.351448,-20.0,7.3793793,yes
69,59,208.0,202.8,73.38937,-5.0,6.558258,no
69,60,193.0,197.8,121.45781,10.0,-0.027282715,no
69,61,178.0,189.36,105.65037,17.0,-7.2144165,no
69,62,170.0,183.88,34.928497,12.0,-10.585281,no
69,63,173.0,181.72,59.413803,5.0,-7.4300385,no
69,64,185.0,180.2,78.23043,-5.0,-0.31596375,no
69,65,192.0,181.16,24.33105,-22.0,3.5977936,no
69,66,179.0,181.72,46.389652,15.0,2.7966766,no
69,67,181.0,176.68,27.45906,-2.0,1.9434052,no
69,68,185.0,170.64,91.93476,-39.0,-0.14056396,no
69,69,169.0,169.95999,108.23123,-6.0,-4.3172455,no
