pi_name,station,depth_m,analysis,sample_name,metabolite,concentration_ppb,notes
Doubek,Whitefish_Bay_WB-LS,1,wholewater_cyanotoxins,Doubek_Whitefish_Bay_WB-LS_22.02.2022_1_wholewater_cyanotoxins_A,D-Asp3-Dhb7-RR_ppb,ND,
Doubek,Whitefish_Bay_WB-LS,1,wholewater_cyanotoxins,Doubek_Whitefish_Bay_WB-LS_22.02.2022_1_wholewater_cyanotoxins_A,MC-RR_ppb,ND,
Doubek,Whitefish_Bay_WB-LS,1,wholewater_cyanotoxins,Doubek_Whitefish_Bay_WB-LS_22.02.2022_1_wholewater_cyanotoxins_A,MC-YR_ppb,ND,
Doubek,Whitefish_Bay_WB-LS,1,wholewater_cyanotoxins,Doubek_Whitefish_Bay_WB-LS_22.02.2022_1_wholewater_cyanotoxins_A,MC-HtyR_ppb,ND,
Doubek,Whitefish_Bay_WB-LS,1,wholewater_cyanotoxins,Doubek_Whitefish_Bay_WB-LS_22.02.2022_1_wholewater_cyanotoxins_A,MC-LR_ppb,ND,
Doubek,Whitefish_Bay_WB-LS,1,wholewater_cyanotoxins,Doubek_Whitefish_Bay_WB-LS_22.02.2022_1_wholewater_cyanotoxins_A,MC-Dha-LR_ppb,ND,
Doubek,Whitefish_Bay_WB-LS,1,wholewater_cyanotoxins,Doubek_Whitefish_Bay_WB-LS_22.02.2022_1_wholewater_cyanotoxins_A,MC-D-Asp3-LR_ppb,ND,
Doubek,Whitefish_Bay_WB-LS,1,wholewater_cyanotoxins,Doubek_Whitefish_Bay_WB-LS_22.02.2022_1_wholewater_cyanotoxins_A,MC-Leu1-LR_ppb,ND,
Doubek,Whitefish_Bay_WB-LS,1,wholewater_cyanotoxins,Doubek_Whitefish_Bay_WB-LS_22.02.2022_1_wholewater_cyanotoxins_A,MC-HilR_ppb,ND,
Doubek,Whitefish_Bay_WB-LS,1,wholewater_cyanotoxins,Doubek_Whitefish_Bay_WB-LS_22.02.2022_1_wholewater_cyanotoxins_A,MC-WR_ppb,ND,
Doubek,Whitefish_Bay_WB-LS,1,wholewater_cyanotoxins,Doubek_Whitefish_Bay_WB-LS_22.02.2022_1_wholewater_cyanotoxins_A,MC-LA_ppb,ND,
Doubek,Whitefish_Bay_WB-LS,1,wholewater_cyanotoxins,Doubek_Whitefish_Bay_WB-LS_22.02.2022_1_wholewater_cyanotoxins_A,MC-LY_ppb,ND,
Doubek,Whitefish_Bay_WB-LS,1,wholewater_cyanotoxins,Doubek_Whitefish_Bay_WB-LS_22.02.2022_1_wholewater_cyanotoxins_A,MC-LW_ppb,ND,
Doubek,Whitefish_Bay_WB-LS,1,wholewater_cyanotoxins,Doubek_Whitefish_Bay_WB-LS_22.02.2022_1_wholewater_cyanotoxins_A,MC-LF_ppb,ND,
Doubek,Whitefish_Bay_WB-LS,1,wholewater_cyanotoxins,Doubek_Whitefish_Bay_WB-LS_22.02.2022_1_wholewater_cyanotoxins_A,AnabaenopeptinB_ppb,ND,
Doubek,Whitefish_Bay_WB-LS,1,wholewater_cyanotoxins,Doubek_Whitefish_Bay_WB-LS_22.02.2022_1_wholewater_cyanotoxins_A,AnabaenopeptinF_ppb,ND,
Doubek,Whitefish_Bay_WB-LS,1,wholewater_cyanotoxins,Doubek_Whitefish_Bay_WB-LS_22.02.2022_1_wholewater_cyanotoxins_A,AnabaenopeptinA_ppb,ND,
Doubek,Whitefish_Bay_WB-LS,1,wholewater_cyanotoxins,Doubek_Whitefish_Bay_WB-LS_22.02.2022_1_wholewater_cyanotoxins_A,OscillamideY_ppb,ND,
Doubek,Whitefish_Bay_WB-LS,1,wholewater_cyanotoxins,Doubek_Whitefish_Bay_WB-LS_22.02.2022_1_wholewater_cyanotoxins_A,Nodularin_ppb,ND,
Doubek,Whitefish_Bay_WB-LS,1,wholewater_cyanotoxins,Doubek_Whitefish_Bay_WB-LS_22.02.2022_1_wholewater_cyanotoxins_A,Dihydroanatoxin_ppb,ND,
Doubek,Whitefish_Bay_WB-LS,1,wholewater_cyanotoxins,Doubek_Whitefish_Bay_WB-LS_22.02.2022_1_wholewater_cyanotoxins_A,Anatoxin-a_ppb,ND,
Doubek,Whitefish_Bay_WB-LS,1,wholewater_cyanotoxins,Doubek_Whitefish_Bay_WB-LS_22.02.2022_1_wholewater_cyanotoxins_A,Homoanatoxin-a_ppb,ND,
Doubek,Whitefish_Bay_WB-LS,1,wholewater_cyanotoxins,Doubek_Whitefish_Bay_WB-LS_22.02.2022_1_wholewater_cyanotoxins_A,Cylindrospermopsin_ppb,ND,
Doubek,Whitefish_Bay_WB-LS,1,wholewater_cyanotoxins,Doubek_Whitefish_Bay_WB-LS_22.02.2022_1_wholewater_cyanotoxins_A,7-epi-Cylindrospermopsin_ppb,ND,
Doubek,Whitefish_Bay_WB-LS,1,wholewater_cyanotoxins,Doubek_Whitefish_Bay_WB-LS_22.02.2022_1_wholewater_cyanotoxins_A,7-deoxy-Cylindrospermopsin_ppb,ND,
Doubek,Whitefish_Bay_WB-LS,9,wholewater_cyanotoxins,Doubek_Whitefish_Bay_WB-LS_22.02.2022_9_wholewater_cyanotoxins_A,D-Asp3-Dhb7-RR_ppb,ND,
Doubek,Whitefish_Bay_WB-LS,9,wholewater_cyanotoxins,Doubek_Whitefish_Bay_WB-LS_22.02.2022_9_wholewater_cyanotoxins_A,MC-RR_ppb,ND,
Doubek,Whitefish_Bay_WB-LS,9,wholewater_cyanotoxins,Doubek_Whitefish_Bay_WB-LS_22.02.2022_9_wholewater_cyanotoxins_A,MC-YR_ppb,ND,
Doubek,Whitefish_Bay_WB-LS,9,wholewater_cyanotoxins,Doubek_Whitefish_Bay_WB-LS_22.02.2022_9_wholewater_cyanotoxins_A,MC-HtyR_ppb,ND,
Doubek,Whitefish_Bay_WB-LS,9,wholewater_cyanotoxins,Doubek_Whitefish_Bay_WB-LS_22.02.2022_9_wholewater_cyanotoxins_A,MC-LR_ppb,ND,
Doubek,Whitefish_Bay_WB-LS,9,wholewater_cyanotoxins,Doubek_Whitefish_Bay_WB-LS_22.02.2022_9_wholewater_cyanotoxins_A,MC-Dha-LR_ppb,ND,
Doubek,Whitefish_Bay_WB-LS,9,wholewater_cyanotoxins,Doubek_Whitefish_Bay_WB-LS_22.02.2022_9_wholewater_cyanotoxins_A,MC-D-Asp3-LR_ppb,ND,
Doubek,Whitefish_Bay_WB-LS,9,wholewater_cyanotoxins,Doubek_Whitefish_Bay_WB-LS_22.02.2022_9_wholewater_cyanotoxins_A,MC-Leu1-LR_ppb,ND,
Doubek,Whitefish_Bay_WB-LS,9,wholewater_cyanotoxins,Doubek_Whitefish_Bay_WB-LS_22.02.2022_9_wholewater_cyanotoxins_A,MC-HilR_ppb,ND,
Doubek,Whitefish_Bay_WB-LS,9,wholewater_cyanotoxins,Doubek_Whitefish_Bay_WB-LS_22.02.2022_9_wholewater_cyanotoxins_A,MC-WR_ppb,ND,
Doubek,Whitefish_Bay_WB-LS,9,wholewater_cyanotoxins,Doubek_Whitefish_Bay_WB-LS_22.02.2022_9_wholewater_cyanotoxins_A,MC-LA_ppb,ND,
Doubek,Whitefish_Bay_WB-LS,9,wholewater_cyanotoxins,Doubek_Whitefish_Bay_WB-LS_22.02.2022_9_wholewater_cyanotoxins_A,MC-LY_ppb,ND,
Doubek,Whitefish_Bay_WB-LS,9,wholewater_cyanotoxins,Doubek_Whitefish_Bay_WB-LS_22.02.2022_9_wholewater_cyanotoxins_A,MC-LW_ppb,ND,
Doubek,Whitefish_Bay_WB-LS,9,wholewater_cyanotoxins,Doubek_Whitefish_Bay_WB-LS_22.02.2022_9_wholewater_cyanotoxins_A,MC-LF_ppb,ND,
Doubek,Whitefish_Bay_WB-LS,9,wholewater_cyanotoxins,Doubek_Whitefish_Bay_WB-LS_22.02.2022_9_wholewater_cyanotoxins_A,AnabaenopeptinB_ppb,ND,
Doubek,Whitefish_Bay_WB-LS,9,wholewater_cyanotoxins,Doubek_Whitefish_Bay_WB-LS_22.02.2022_9_wholewater_cyanotoxins_A,AnabaenopeptinF_ppb,ND,
Doubek,Whitefish_Bay_WB-LS,9,wholewater_cyanotoxins,Doubek_Whitefish_Bay_WB-LS_22.02.2022_9_wholewater_cyanotoxins_A,AnabaenopeptinA_ppb,ND,
Doubek,Whitefish_Bay_WB-LS,9,wholewater_cyanotoxins,Doubek_Whitefish_Bay_WB-LS_22.02.2022_9_wholewater_cyanotoxins_A,OscillamideY_ppb,ND,
Doubek,Whitefish_Bay_WB-LS,9,wholewater_cyanotoxins,Doubek_Whitefish_Bay_WB-LS_22.02.2022_9_wholewater_cyanotoxins_A,Nodularin_ppb,ND,
Doubek,Whitefish_Bay_WB-LS,9,wholewater_cyanotoxins,Doubek_Whitefish_Bay_WB-LS_22.02.2022_9_wholewater_cyanotoxins_A,Dihydroanatoxin_ppb,ND,
Doubek,Whitefish_Bay_WB-LS,9,wholewater_cyanotoxins,Doubek_Whitefish_Bay_WB-LS_22.02.2022_9_wholewater_cyanotoxins_A,Anatoxin-a_ppb,ND,
Doubek,Whitefish_Bay_WB-LS,9,wholewater_cyanotoxins,Doubek_Whitefish_Bay_WB-LS_22.02.2022_9_wholewater_cyanotoxins_A,Homoanatoxin-a_ppb,ND,
Doubek,Whitefish_Bay_WB-LS,9,wholewater_cyanotoxins,Doubek_Whitefish_Bay_WB-LS_22.02.2022_9_wholewater_cyanotoxins_A,Cylindrospermopsin_ppb,ND,
Doubek,Whitefish_Bay_WB-LS,9,wholewater_cyanotoxins,Doubek_Whitefish_Bay_WB-LS_22.02.2022_9_wholewater_cyanotoxins_A,7-epi-Cylindrospermopsin_ppb,ND,
Doubek,Whitefish_Bay_WB-LS,9,wholewater_cyanotoxins,Doubek_Whitefish_Bay_WB-LS_22.02.2022_9_wholewater_cyanotoxins_A,7-deoxy-Cylindrospermopsin_ppb,ND,
Vanderploeg,WE6,0,wholewater_cyanotoxins,Vanderploeg_WE6_14.02.2022_0_wholewater_cyanotoxins_A,D-Asp3-Dhb7-RR_ppb,ND,
Vanderploeg,WE6,0,wholewater_cyanotoxins,Vanderploeg_WE6_14.02.2022_0_wholewater_cyanotoxins_A,MC-RR_ppb,ND,
Vanderploeg,WE6,0,wholewater_cyanotoxins,Vanderploeg_WE6_14.02.2022_0_wholewater_cyanotoxins_A,MC-YR_ppb,ND,
Vanderploeg,WE6,0,wholewater_cyanotoxins,Vanderploeg_WE6_14.02.2022_0_wholewater_cyanotoxins_A,MC-HtyR_ppb,ND,
Vanderploeg,WE6,0,wholewater_cyanotoxins,Vanderploeg_WE6_14.02.2022_0_wholewater_cyanotoxins_A,MC-LR_ppb,ND,
Vanderploeg,WE6,0,wholewater_cyanotoxins,Vanderploeg_WE6_14.02.2022_0_wholewater_cyanotoxins_A,MC-Dha-LR_ppb,ND,
Vanderploeg,WE6,0,wholewater_cyanotoxins,Vanderploeg_WE6_14.02.2022_0_wholewater_cyanotoxins_A,MC-D-Asp3-LR_ppb,ND,
Vanderploeg,WE6,0,wholewater_cyanotoxins,Vanderploeg_WE6_14.02.2022_0_wholewater_cyanotoxins_A,MC-Leu1-LR_ppb,ND,
Vanderploeg,WE6,0,wholewater_cyanotoxins,Vanderploeg_WE6_14.02.2022_0_wholewater_cyanotoxins_A,MC-HilR_ppb,ND,
Vanderploeg,WE6,0,wholewater_cyanotoxins,Vanderploeg_WE6_14.02.2022_0_wholewater_cyanotoxins_A,MC-WR_ppb,ND,
Vanderploeg,WE6,0,wholewater_cyanotoxins,Vanderploeg_WE6_14.02.2022_0_wholewater_cyanotoxins_A,MC-LA_ppb,ND,
Vanderploeg,WE6,0,wholewater_cyanotoxins,Vanderploeg_WE6_14.02.2022_0_wholewater_cyanotoxins_A,MC-LY_ppb,ND,
Vanderploeg,WE6,0,wholewater_cyanotoxins,Vanderploeg_WE6_14.02.2022_0_wholewater_cyanotoxins_A,MC-LW_ppb,ND,
Vanderploeg,WE6,0,wholewater_cyanotoxins,Vanderploeg_WE6_14.02.2022_0_wholewater_cyanotoxins_A,MC-LF_ppb,ND,
Vanderploeg,WE6,0,wholewater_cyanotoxins,Vanderploeg_WE6_14.02.2022_0_wholewater_cyanotoxins_A,AnabaenopeptinB_ppb,ND,
Vanderploeg,WE6,0,wholewater_cyanotoxins,Vanderploeg_WE6_14.02.2022_0_wholewater_cyanotoxins_A,AnabaenopeptinF_ppb,ND,
Vanderploeg,WE6,0,wholewater_cyanotoxins,Vanderploeg_WE6_14.02.2022_0_wholewater_cyanotoxins_A,AnabaenopeptinA_ppb,ND,
Vanderploeg,WE6,0,wholewater_cyanotoxins,Vanderploeg_WE6_14.02.2022_0_wholewater_cyanotoxins_A,OscillamideY_ppb,ND,
Vanderploeg,WE6,0,wholewater_cyanotoxins,Vanderploeg_WE6_14.02.2022_0_wholewater_cyanotoxins_A,Nodularin_ppb,ND,
Vanderploeg,WE6,0,wholewater_cyanotoxins,Vanderploeg_WE6_14.02.2022_0_wholewater_cyanotoxins_A,Dihydroanatoxin_ppb,ND,
Vanderploeg,WE6,0,wholewater_cyanotoxins,Vanderploeg_WE6_14.02.2022_0_wholewater_cyanotoxins_A,Anatoxin-a_ppb,ND,
Vanderploeg,WE6,0,wholewater_cyanotoxins,Vanderploeg_WE6_14.02.2022_0_wholewater_cyanotoxins_A,Homoanatoxin-a_ppb,ND,
Vanderploeg,WE6,0,wholewater_cyanotoxins,Vanderploeg_WE6_14.02.2022_0_wholewater_cyanotoxins_A,Cylindrospermopsin_ppb,ND,
Vanderploeg,WE6,0,wholewater_cyanotoxins,Vanderploeg_WE6_14.02.2022_0_wholewater_cyanotoxins_A,7-epi-Cylindrospermopsin_ppb,ND,
Vanderploeg,WE6,0,wholewater_cyanotoxins,Vanderploeg_WE6_14.02.2022_0_wholewater_cyanotoxins_A,7-deoxy-Cylindrospermopsin_ppb,ND,
Vanderploeg,WE6,2.8,wholewater_cyanotoxins,Vanderploeg_WE6_14.02.2022_2.8_wholewater_cyanotoxins_A,D-Asp3-Dhb7-RR_ppb,ND,
Vanderploeg,WE6,2.8,wholewater_cyanotoxins,Vanderploeg_WE6_14.02.2022_2.8_wholewater_cyanotoxins_A,MC-RR_ppb,ND,
Vanderploeg,WE6,2.8,wholewater_cyanotoxins,Vanderploeg_WE6_14.02.2022_2.8_wholewater_cyanotoxins_A,MC-YR_ppb,ND,
Vanderploeg,WE6,2.8,wholewater_cyanotoxins,Vanderploeg_WE6_14.02.2022_2.8_wholewater_cyanotoxins_A,MC-HtyR_ppb,ND,
Vanderploeg,WE6,2.8,wholewater_cyanotoxins,Vanderploeg_WE6_14.02.2022_2.8_wholewater_cyanotoxins_A,MC-LR_ppb,ND,
Vanderploeg,WE6,2.8,wholewater_cyanotoxins,Vanderploeg_WE6_14.02.2022_2.8_wholewater_cyanotoxins_A,MC-Dha-LR_ppb,ND,
Vanderploeg,WE6,2.8,wholewater_cyanotoxins,Vanderploeg_WE6_14.02.2022_2.8_wholewater_cyanotoxins_A,MC-D-Asp3-LR_ppb,ND,
Vanderploeg,WE6,2.8,wholewater_cyanotoxins,Vanderploeg_WE6_14.02.2022_2.8_wholewater_cyanotoxins_A,MC-Leu1-LR_ppb,ND,
Vanderploeg,WE6,2.8,wholewater_cyanotoxins,Vanderploeg_WE6_14.02.2022_2.8_wholewater_cyanotoxins_A,MC-HilR_ppb,ND,
Vanderploeg,WE6,2.8,wholewater_cyanotoxins,Vanderploeg_WE6_14.02.2022_2.8_wholewater_cyanotoxins_A,MC-WR_ppb,ND,
Vanderploeg,WE6,2.8,wholewater_cyanotoxins,Vanderploeg_WE6_14.02.2022_2.8_wholewater_cyanotoxins_A,MC-LA_ppb,ND,
Vanderploeg,WE6,2.8,wholewater_cyanotoxins,Vanderploeg_WE6_14.02.2022_2.8_wholewater_cyanotoxins_A,MC-LY_ppb,ND,
Vanderploeg,WE6,2.8,wholewater_cyanotoxins,Vanderploeg_WE6_14.02.2022_2.8_wholewater_cyanotoxins_A,MC-LW_ppb,ND,
Vanderploeg,WE6,2.8,wholewater_cyanotoxins,Vanderploeg_WE6_14.02.2022_2.8_wholewater_cyanotoxins_A,MC-LF_ppb,ND,
Vanderploeg,WE6,2.8,wholewater_cyanotoxins,Vanderploeg_WE6_14.02.2022_2.8_wholewater_cyanotoxins_A,AnabaenopeptinB_ppb,ND,
Vanderploeg,WE6,2.8,wholewater_cyanotoxins,Vanderploeg_WE6_14.02.2022_2.8_wholewater_cyanotoxins_A,AnabaenopeptinF_ppb,ND,
Vanderploeg,WE6,2.8,wholewater_cyanotoxins,Vanderploeg_WE6_14.02.2022_2.8_wholewater_cyanotoxins_A,AnabaenopeptinA_ppb,ND,
Vanderploeg,WE6,2.8,wholewater_cyanotoxins,Vanderploeg_WE6_14.02.2022_2.8_wholewater_cyanotoxins_A,OscillamideY_ppb,ND,
Vanderploeg,WE6,2.8,wholewater_cyanotoxins,Vanderploeg_WE6_14.02.2022_2.8_wholewater_cyanotoxins_A,Nodularin_ppb,ND,
Vanderploeg,WE6,2.8,wholewater_cyanotoxins,Vanderploeg_WE6_14.02.2022_2.8_wholewater_cyanotoxins_A,Dihydroanatoxin_ppb,ND,
Vanderploeg,WE6,2.8,wholewater_cyanotoxins,Vanderploeg_WE6_14.02.2022_2.8_wholewater_cyanotoxins_A,Anatoxin-a_ppb,ND,
Vanderploeg,WE6,2.8,wholewater_cyanotoxins,Vanderploeg_WE6_14.02.2022_2.8_wholewater_cyanotoxins_A,Homoanatoxin-a_ppb,ND,
Vanderploeg,WE6,2.8,wholewater_cyanotoxins,Vanderploeg_WE6_14.02.2022_2.8_wholewater_cyanotoxins_A,Cylindrospermopsin_ppb,ND,
Vanderploeg,WE6,2.8,wholewater_cyanotoxins,Vanderploeg_WE6_14.02.2022_2.8_wholewater_cyanotoxins_A,7-epi-Cylindrospermopsin_ppb,ND,
Vanderploeg,WE6,2.8,wholewater_cyanotoxins,Vanderploeg_WE6_14.02.2022_2.8_wholewater_cyanotoxins_A,7-deoxy-Cylindrospermopsin_ppb,ND,
Godwin,SB14,0,wholewater_cyanotoxins,Godwin_SB14_15.02.2022_0_wholewater_cyanotoxins_A,D-Asp3-Dhb7-RR_ppb,ND,
Godwin,SB14,0,wholewater_cyanotoxins,Godwin_SB14_15.02.2022_0_wholewater_cyanotoxins_A,MC-RR_ppb,ND,
Godwin,SB14,0,wholewater_cyanotoxins,Godwin_SB14_15.02.2022_0_wholewater_cyanotoxins_A,MC-YR_ppb,ND,
Godwin,SB14,0,wholewater_cyanotoxins,Godwin_SB14_15.02.2022_0_wholewater_cyanotoxins_A,MC-HtyR_ppb,ND,
Godwin,SB14,0,wholewater_cyanotoxins,Godwin_SB14_15.02.2022_0_wholewater_cyanotoxins_A,MC-LR_ppb,ND,
Godwin,SB14,0,wholewater_cyanotoxins,Godwin_SB14_15.02.2022_0_wholewater_cyanotoxins_A,MC-Dha-LR_ppb,ND,
Godwin,SB14,0,wholewater_cyanotoxins,Godwin_SB14_15.02.2022_0_wholewater_cyanotoxins_A,MC-D-Asp3-LR_ppb,ND,
Godwin,SB14,0,wholewater_cyanotoxins,Godwin_SB14_15.02.2022_0_wholewater_cyanotoxins_A,MC-Leu1-LR_ppb,ND,
Godwin,SB14,0,wholewater_cyanotoxins,Godwin_SB14_15.02.2022_0_wholewater_cyanotoxins_A,MC-HilR_ppb,ND,
Godwin,SB14,0,wholewater_cyanotoxins,Godwin_SB14_15.02.2022_0_wholewater_cyanotoxins_A,MC-WR_ppb,ND,
Godwin,SB14,0,wholewater_cyanotoxins,Godwin_SB14_15.02.2022_0_wholewater_cyanotoxins_A,MC-LA_ppb,ND,
Godwin,SB14,0,wholewater_cyanotoxins,Godwin_SB14_15.02.2022_0_wholewater_cyanotoxins_A,MC-LY_ppb,ND,
Godwin,SB14,0,wholewater_cyanotoxins,Godwin_SB14_15.02.2022_0_wholewater_cyanotoxins_A,MC-LW_ppb,ND,
Godwin,SB14,0,wholewater_cyanotoxins,Godwin_SB14_15.02.2022_0_wholewater_cyanotoxins_A,MC-LF_ppb,ND,
Godwin,SB14,0,wholewater_cyanotoxins,Godwin_SB14_15.02.2022_0_wholewater_cyanotoxins_A,AnabaenopeptinB_ppb,ND,
Godwin,SB14,0,wholewater_cyanotoxins,Godwin_SB14_15.02.2022_0_wholewater_cyanotoxins_A,AnabaenopeptinF_ppb,ND,
Godwin,SB14,0,wholewater_cyanotoxins,Godwin_SB14_15.02.2022_0_wholewater_cyanotoxins_A,AnabaenopeptinA_ppb,ND,
Godwin,SB14,0,wholewater_cyanotoxins,Godwin_SB14_15.02.2022_0_wholewater_cyanotoxins_A,OscillamideY_ppb,ND,
Godwin,SB14,0,wholewater_cyanotoxins,Godwin_SB14_15.02.2022_0_wholewater_cyanotoxins_A,Nodularin_ppb,ND,
Godwin,SB14,0,wholewater_cyanotoxins,Godwin_SB14_15.02.2022_0_wholewater_cyanotoxins_A,Dihydroanatoxin_ppb,ND,
Godwin,SB14,0,wholewater_cyanotoxins,Godwin_SB14_15.02.2022_0_wholewater_cyanotoxins_A,Anatoxin-a_ppb,ND,
Godwin,SB14,0,wholewater_cyanotoxins,Godwin_SB14_15.02.2022_0_wholewater_cyanotoxins_A,Homoanatoxin-a_ppb,ND,
Godwin,SB14,0,wholewater_cyanotoxins,Godwin_SB14_15.02.2022_0_wholewater_cyanotoxins_A,Cylindrospermopsin_ppb,ND,
Godwin,SB14,0,wholewater_cyanotoxins,Godwin_SB14_15.02.2022_0_wholewater_cyanotoxins_A,7-epi-Cylindrospermopsin_ppb,ND,
Godwin,SB14,0,wholewater_cyanotoxins,Godwin_SB14_15.02.2022_0_wholewater_cyanotoxins_A,7-deoxy-Cylindrospermopsin_ppb,ND,
Godwin,SB14,3.7,wholewater_cyanotoxins,Godwin_SB14_15.02.2022_3.7_wholewater_cyanotoxins_A,D-Asp3-Dhb7-RR_ppb,ND,
Godwin,SB14,3.7,wholewater_cyanotoxins,Godwin_SB14_15.02.2022_3.7_wholewater_cyanotoxins_A,MC-RR_ppb,ND,
Godwin,SB14,3.7,wholewater_cyanotoxins,Godwin_SB14_15.02.2022_3.7_wholewater_cyanotoxins_A,MC-YR_ppb,ND,
Godwin,SB14,3.7,wholewater_cyanotoxins,Godwin_SB14_15.02.2022_3.7_wholewater_cyanotoxins_A,MC-HtyR_ppb,ND,
Godwin,SB14,3.7,wholewater_cyanotoxins,Godwin_SB14_15.02.2022_3.7_wholewater_cyanotoxins_A,MC-LR_ppb,ND,
Godwin,SB14,3.7,wholewater_cyanotoxins,Godwin_SB14_15.02.2022_3.7_wholewater_cyanotoxins_A,MC-Dha-LR_ppb,ND,
Godwin,SB14,3.7,wholewater_cyanotoxins,Godwin_SB14_15.02.2022_3.7_wholewater_cyanotoxins_A,MC-D-Asp3-LR_ppb,ND,
Godwin,SB14,3.7,wholewater_cyanotoxins,Godwin_SB14_15.02.2022_3.7_wholewater_cyanotoxins_A,MC-Leu1-LR_ppb,ND,
Godwin,SB14,3.7,wholewater_cyanotoxins,Godwin_SB14_15.02.2022_3.7_wholewater_cyanotoxins_A,MC-HilR_ppb,ND,
Godwin,SB14,3.7,wholewater_cyanotoxins,Godwin_SB14_15.02.2022_3.7_wholewater_cyanotoxins_A,MC-WR_ppb,ND,
Godwin,SB14,3.7,wholewater_cyanotoxins,Godwin_SB14_15.02.2022_3.7_wholewater_cyanotoxins_A,MC-LA_ppb,ND,
Godwin,SB14,3.7,wholewater_cyanotoxins,Godwin_SB14_15.02.2022_3.7_wholewater_cyanotoxins_A,MC-LY_ppb,ND,
Godwin,SB14,3.7,wholewater_cyanotoxins,Godwin_SB14_15.02.2022_3.7_wholewater_cyanotoxins_A,MC-LW_ppb,ND,
Godwin,SB14,3.7,wholewater_cyanotoxins,Godwin_SB14_15.02.2022_3.7_wholewater_cyanotoxins_A,MC-LF_ppb,ND,
Godwin,SB14,3.7,wholewater_cyanotoxins,Godwin_SB14_15.02.2022_3.7_wholewater_cyanotoxins_A,AnabaenopeptinB_ppb,ND,
Godwin,SB14,3.7,wholewater_cyanotoxins,Godwin_SB14_15.02.2022_3.7_wholewater_cyanotoxins_A,AnabaenopeptinF_ppb,ND,
Godwin,SB14,3.7,wholewater_cyanotoxins,Godwin_SB14_15.02.2022_3.7_wholewater_cyanotoxins_A,AnabaenopeptinA_ppb,ND,
Godwin,SB14,3.7,wholewater_cyanotoxins,Godwin_SB14_15.02.2022_3.7_wholewater_cyanotoxins_A,OscillamideY_ppb,ND,
Godwin,SB14,3.7,wholewater_cyanotoxins,Godwin_SB14_15.02.2022_3.7_wholewater_cyanotoxins_A,Nodularin_ppb,ND,
Godwin,SB14,3.7,wholewater_cyanotoxins,Godwin_SB14_15.02.2022_3.7_wholewater_cyanotoxins_A,Dihydroanatoxin_ppb,ND,
Godwin,SB14,3.7,wholewater_cyanotoxins,Godwin_SB14_15.02.2022_3.7_wholewater_cyanotoxins_A,Anatoxin-a_ppb,ND,
Godwin,SB14,3.7,wholewater_cyanotoxins,Godwin_SB14_15.02.2022_3.7_wholewater_cyanotoxins_A,Homoanatoxin-a_ppb,ND,
Godwin,SB14,3.7,wholewater_cyanotoxins,Godwin_SB14_15.02.2022_3.7_wholewater_cyanotoxins_A,Cylindrospermopsin_ppb,ND,
Godwin,SB14,3.7,wholewater_cyanotoxins,Godwin_SB14_15.02.2022_3.7_wholewater_cyanotoxins_A,7-epi-Cylindrospermopsin_ppb,ND,
Godwin,SB14,3.7,wholewater_cyanotoxins,Godwin_SB14_15.02.2022_3.7_wholewater_cyanotoxins_A,7-deoxy-Cylindrospermopsin_ppb,ND,
Vick-Majors,Keweenaw_Waterway_KW,0.5,wholewater_cyanotoxins,Vick-Majors_Keweenaw_Waterway_KW_21.02.2022_0.5_wholewater_cyanotoxins_A,D-Asp3-Dhb7-RR_ppb,ND,
Vick-Majors,Keweenaw_Waterway_KW,0.5,wholewater_cyanotoxins,Vick-Majors_Keweenaw_Waterway_KW_21.02.2022_0.5_wholewater_cyanotoxins_A,MC-RR_ppb,ND,
Vick-Majors,Keweenaw_Waterway_KW,0.5,wholewater_cyanotoxins,Vick-Majors_Keweenaw_Waterway_KW_21.02.2022_0.5_wholewater_cyanotoxins_A,MC-YR_ppb,ND,
Vick-Majors,Keweenaw_Waterway_KW,0.5,wholewater_cyanotoxins,Vick-Majors_Keweenaw_Waterway_KW_21.02.2022_0.5_wholewater_cyanotoxins_A,MC-HtyR_ppb,ND,
Vick-Majors,Keweenaw_Waterway_KW,0.5,wholewater_cyanotoxins,Vick-Majors_Keweenaw_Waterway_KW_21.02.2022_0.5_wholewater_cyanotoxins_A,MC-LR_ppb,ND,
Vick-Majors,Keweenaw_Waterway_KW,0.5,wholewater_cyanotoxins,Vick-Majors_Keweenaw_Waterway_KW_21.02.2022_0.5_wholewater_cyanotoxins_A,MC-Dha-LR_ppb,ND,
Vick-Majors,Keweenaw_Waterway_KW,0.5,wholewater_cyanotoxins,Vick-Majors_Keweenaw_Waterway_KW_21.02.2022_0.5_wholewater_cyanotoxins_A,MC-D-Asp3-LR_ppb,ND,
Vick-Majors,Keweenaw_Waterway_KW,0.5,wholewater_cyanotoxins,Vick-Majors_Keweenaw_Waterway_KW_21.02.2022_0.5_wholewater_cyanotoxins_A,MC-Leu1-LR_ppb,ND,
Vick-Majors,Keweenaw_Waterway_KW,0.5,wholewater_cyanotoxins,Vick-Majors_Keweenaw_Waterway_KW_21.02.2022_0.5_wholewater_cyanotoxins_A,MC-HilR_ppb,ND,
Vick-Majors,Keweenaw_Waterway_KW,0.5,wholewater_cyanotoxins,Vick-Majors_Keweenaw_Waterway_KW_21.02.2022_0.5_wholewater_cyanotoxins_A,MC-WR_ppb,ND,
Vick-Majors,Keweenaw_Waterway_KW,0.5,wholewater_cyanotoxins,Vick-Majors_Keweenaw_Waterway_KW_21.02.2022_0.5_wholewater_cyanotoxins_A,MC-LA_ppb,ND,
Vick-Majors,Keweenaw_Waterway_KW,0.5,wholewater_cyanotoxins,Vick-Majors_Keweenaw_Waterway_KW_21.02.2022_0.5_wholewater_cyanotoxins_A,MC-LY_ppb,ND,
Vick-Majors,Keweenaw_Waterway_KW,0.5,wholewater_cyanotoxins,Vick-Majors_Keweenaw_Waterway_KW_21.02.2022_0.5_wholewater_cyanotoxins_A,MC-LW_ppb,ND,
Vick-Majors,Keweenaw_Waterway_KW,0.5,wholewater_cyanotoxins,Vick-Majors_Keweenaw_Waterway_KW_21.02.2022_0.5_wholewater_cyanotoxins_A,MC-LF_ppb,ND,
Vick-Majors,Keweenaw_Waterway_KW,0.5,wholewater_cyanotoxins,Vick-Majors_Keweenaw_Waterway_KW_21.02.2022_0.5_wholewater_cyanotoxins_A,AnabaenopeptinB_ppb,ND,
Vick-Majors,Keweenaw_Waterway_KW,0.5,wholewater_cyanotoxins,Vick-Majors_Keweenaw_Waterway_KW_21.02.2022_0.5_wholewater_cyanotoxins_A,AnabaenopeptinF_ppb,ND,
Vick-Majors,Keweenaw_Waterway_KW,0.5,wholewater_cyanotoxins,Vick-Majors_Keweenaw_Waterway_KW_21.02.2022_0.5_wholewater_cyanotoxins_A,AnabaenopeptinA_ppb,ND,
Vick-Majors,Keweenaw_Waterway_KW,0.5,wholewater_cyanotoxins,Vick-Majors_Keweenaw_Waterway_KW_21.02.2022_0.5_wholewater_cyanotoxins_A,OscillamideY_ppb,ND,
Vick-Majors,Keweenaw_Waterway_KW,0.5,wholewater_cyanotoxins,Vick-Majors_Keweenaw_Waterway_KW_21.02.2022_0.5_wholewater_cyanotoxins_A,Nodularin_ppb,ND,
Vick-Majors,Keweenaw_Waterway_KW,0.5,wholewater_cyanotoxins,Vick-Majors_Keweenaw_Waterway_KW_21.02.2022_0.5_wholewater_cyanotoxins_A,Dihydroanatoxin_ppb,ND,
Vick-Majors,Keweenaw_Waterway_KW,0.5,wholewater_cyanotoxins,Vick-Majors_Keweenaw_Waterway_KW_21.02.2022_0.5_wholewater_cyanotoxins_A,Anatoxin-a_ppb,ND,
Vick-Majors,Keweenaw_Waterway_KW,0.5,wholewater_cyanotoxins,Vick-Majors_Keweenaw_Waterway_KW_21.02.2022_0.5_wholewater_cyanotoxins_A,Homoanatoxin-a_ppb,ND,
Vick-Majors,Keweenaw_Waterway_KW,0.5,wholewater_cyanotoxins,Vick-Majors_Keweenaw_Waterway_KW_21.02.2022_0.5_wholewater_cyanotoxins_A,Cylindrospermopsin_ppb,ND,
Vick-Majors,Keweenaw_Waterway_KW,0.5,wholewater_cyanotoxins,Vick-Majors_Keweenaw_Waterway_KW_21.02.2022_0.5_wholewater_cyanotoxins_A,7-epi-Cylindrospermopsin_ppb,ND,
Vick-Majors,Keweenaw_Waterway_KW,0.5,wholewater_cyanotoxins,Vick-Majors_Keweenaw_Waterway_KW_21.02.2022_0.5_wholewater_cyanotoxins_A,7-deoxy-Cylindrospermopsin_ppb,ND,
Vick-Majors,Keweenaw_Waterway_KW,9,wholewater_cyanotoxins,Vick-Majors_Keweenaw_Waterway_KW_21.02.2022_9_wholewater_cyanotoxins_A,D-Asp3-Dhb7-RR_ppb,ND,
Vick-Majors,Keweenaw_Waterway_KW,9,wholewater_cyanotoxins,Vick-Majors_Keweenaw_Waterway_KW_21.02.2022_9_wholewater_cyanotoxins_A,MC-RR_ppb,ND,
Vick-Majors,Keweenaw_Waterway_KW,9,wholewater_cyanotoxins,Vick-Majors_Keweenaw_Waterway_KW_21.02.2022_9_wholewater_cyanotoxins_A,MC-YR_ppb,ND,
Vick-Majors,Keweenaw_Waterway_KW,9,wholewater_cyanotoxins,Vick-Majors_Keweenaw_Waterway_KW_21.02.2022_9_wholewater_cyanotoxins_A,MC-HtyR_ppb,ND,
Vick-Majors,Keweenaw_Waterway_KW,9,wholewater_cyanotoxins,Vick-Majors_Keweenaw_Waterway_KW_21.02.2022_9_wholewater_cyanotoxins_A,MC-LR_ppb,ND,
Vick-Majors,Keweenaw_Waterway_KW,9,wholewater_cyanotoxins,Vick-Majors_Keweenaw_Waterway_KW_21.02.2022_9_wholewater_cyanotoxins_A,MC-Dha-LR_ppb,ND,
Vick-Majors,Keweenaw_Waterway_KW,9,wholewater_cyanotoxins,Vick-Majors_Keweenaw_Waterway_KW_21.02.2022_9_wholewater_cyanotoxins_A,MC-D-Asp3-LR_ppb,ND,
Vick-Majors,Keweenaw_Waterway_KW,9,wholewater_cyanotoxins,Vick-Majors_Keweenaw_Waterway_KW_21.02.2022_9_wholewater_cyanotoxins_A,MC-Leu1-LR_ppb,ND,
Vick-Majors,Keweenaw_Waterway_KW,9,wholewater_cyanotoxins,Vick-Majors_Keweenaw_Waterway_KW_21.02.2022_9_wholewater_cyanotoxins_A,MC-HilR_ppb,ND,
Vick-Majors,Keweenaw_Waterway_KW,9,wholewater_cyanotoxins,Vick-Majors_Keweenaw_Waterway_KW_21.02.2022_9_wholewater_cyanotoxins_A,MC-WR_ppb,ND,
Vick-Majors,Keweenaw_Waterway_KW,9,wholewater_cyanotoxins,Vick-Majors_Keweenaw_Waterway_KW_21.02.2022_9_wholewater_cyanotoxins_A,MC-LA_ppb,ND,
Vick-Majors,Keweenaw_Waterway_KW,9,wholewater_cyanotoxins,Vick-Majors_Keweenaw_Waterway_KW_21.02.2022_9_wholewater_cyanotoxins_A,MC-LY_ppb,ND,
Vick-Majors,Keweenaw_Waterway_KW,9,wholewater_cyanotoxins,Vick-Majors_Keweenaw_Waterway_KW_21.02.2022_9_wholewater_cyanotoxins_A,MC-LW_ppb,ND,
Vick-Majors,Keweenaw_Waterway_KW,9,wholewater_cyanotoxins,Vick-Majors_Keweenaw_Waterway_KW_21.02.2022_9_wholewater_cyanotoxins_A,MC-LF_ppb,ND,
Vick-Majors,Keweenaw_Waterway_KW,9,wholewater_cyanotoxins,Vick-Majors_Keweenaw_Waterway_KW_21.02.2022_9_wholewater_cyanotoxins_A,AnabaenopeptinB_ppb,ND,
Vick-Majors,Keweenaw_Waterway_KW,9,wholewater_cyanotoxins,Vick-Majors_Keweenaw_Waterway_KW_21.02.2022_9_wholewater_cyanotoxins_A,AnabaenopeptinF_ppb,ND,
Vick-Majors,Keweenaw_Waterway_KW,9,wholewater_cyanotoxins,Vick-Majors_Keweenaw_Waterway_KW_21.02.2022_9_wholewater_cyanotoxins_A,AnabaenopeptinA_ppb,ND,
Vick-Majors,Keweenaw_Waterway_KW,9,wholewater_cyanotoxins,Vick-Majors_Keweenaw_Waterway_KW_21.02.2022_9_wholewater_cyanotoxins_A,OscillamideY_ppb,ND,
Vick-Majors,Keweenaw_Waterway_KW,9,wholewater_cyanotoxins,Vick-Majors_Keweenaw_Waterway_KW_21.02.2022_9_wholewater_cyanotoxins_A,Nodularin_ppb,ND,
Vick-Majors,Keweenaw_Waterway_KW,9,wholewater_cyanotoxins,Vick-Majors_Keweenaw_Waterway_KW_21.02.2022_9_wholewater_cyanotoxins_A,Dihydroanatoxin_ppb,ND,
Vick-Majors,Keweenaw_Waterway_KW,9,wholewater_cyanotoxins,Vick-Majors_Keweenaw_Waterway_KW_21.02.2022_9_wholewater_cyanotoxins_A,Anatoxin-a_ppb,ND,
Vick-Majors,Keweenaw_Waterway_KW,9,wholewater_cyanotoxins,Vick-Majors_Keweenaw_Waterway_KW_21.02.2022_9_wholewater_cyanotoxins_A,Homoanatoxin-a_ppb,ND,
Vick-Majors,Keweenaw_Waterway_KW,9,wholewater_cyanotoxins,Vick-Majors_Keweenaw_Waterway_KW_21.02.2022_9_wholewater_cyanotoxins_A,Cylindrospermopsin_ppb,ND,
Vick-Majors,Keweenaw_Waterway_KW,9,wholewater_cyanotoxins,Vick-Majors_Keweenaw_Waterway_KW_21.02.2022_9_wholewater_cyanotoxins_A,7-epi-Cylindrospermopsin_ppb,ND,
Vick-Majors,Keweenaw_Waterway_KW,9,wholewater_cyanotoxins,Vick-Majors_Keweenaw_Waterway_KW_21.02.2022_9_wholewater_cyanotoxins_A,7-deoxy-Cylindrospermopsin_ppb,ND,
Godwin,SB1,0,wholewater_cyanotoxins,Godwin_SB1_15.02.2022_0_wholewater_cyanotoxins_A,D-Asp3-Dhb7-RR_ppb,ND,
Godwin,SB1,0,wholewater_cyanotoxins,Godwin_SB1_15.02.2022_0_wholewater_cyanotoxins_A,MC-RR_ppb,ND,
Godwin,SB1,0,wholewater_cyanotoxins,Godwin_SB1_15.02.2022_0_wholewater_cyanotoxins_A,MC-YR_ppb,ND,
Godwin,SB1,0,wholewater_cyanotoxins,Godwin_SB1_15.02.2022_0_wholewater_cyanotoxins_A,MC-HtyR_ppb,ND,
Godwin,SB1,0,wholewater_cyanotoxins,Godwin_SB1_15.02.2022_0_wholewater_cyanotoxins_A,MC-LR_ppb,ND,
Godwin,SB1,0,wholewater_cyanotoxins,Godwin_SB1_15.02.2022_0_wholewater_cyanotoxins_A,MC-Dha-LR_ppb,ND,
Godwin,SB1,0,wholewater_cyanotoxins,Godwin_SB1_15.02.2022_0_wholewater_cyanotoxins_A,MC-D-Asp3-LR_ppb,ND,
Godwin,SB1,0,wholewater_cyanotoxins,Godwin_SB1_15.02.2022_0_wholewater_cyanotoxins_A,MC-Leu1-LR_ppb,ND,
Godwin,SB1,0,wholewater_cyanotoxins,Godwin_SB1_15.02.2022_0_wholewater_cyanotoxins_A,MC-HilR_ppb,ND,
Godwin,SB1,0,wholewater_cyanotoxins,Godwin_SB1_15.02.2022_0_wholewater_cyanotoxins_A,MC-WR_ppb,ND,
Godwin,SB1,0,wholewater_cyanotoxins,Godwin_SB1_15.02.2022_0_wholewater_cyanotoxins_A,MC-LA_ppb,ND,
Godwin,SB1,0,wholewater_cyanotoxins,Godwin_SB1_15.02.2022_0_wholewater_cyanotoxins_A,MC-LY_ppb,ND,
Godwin,SB1,0,wholewater_cyanotoxins,Godwin_SB1_15.02.2022_0_wholewater_cyanotoxins_A,MC-LW_ppb,ND,
Godwin,SB1,0,wholewater_cyanotoxins,Godwin_SB1_15.02.2022_0_wholewater_cyanotoxins_A,MC-LF_ppb,ND,
Godwin,SB1,0,wholewater_cyanotoxins,Godwin_SB1_15.02.2022_0_wholewater_cyanotoxins_A,AnabaenopeptinB_ppb,ND,
Godwin,SB1,0,wholewater_cyanotoxins,Godwin_SB1_15.02.2022_0_wholewater_cyanotoxins_A,AnabaenopeptinF_ppb,ND,
Godwin,SB1,0,wholewater_cyanotoxins,Godwin_SB1_15.02.2022_0_wholewater_cyanotoxins_A,AnabaenopeptinA_ppb,ND,
Godwin,SB1,0,wholewater_cyanotoxins,Godwin_SB1_15.02.2022_0_wholewater_cyanotoxins_A,OscillamideY_ppb,ND,
Godwin,SB1,0,wholewater_cyanotoxins,Godwin_SB1_15.02.2022_0_wholewater_cyanotoxins_A,Nodularin_ppb,ND,
Godwin,SB1,0,wholewater_cyanotoxins,Godwin_SB1_15.02.2022_0_wholewater_cyanotoxins_A,Dihydroanatoxin_ppb,ND,
Godwin,SB1,0,wholewater_cyanotoxins,Godwin_SB1_15.02.2022_0_wholewater_cyanotoxins_A,Anatoxin-a_ppb,ND,
Godwin,SB1,0,wholewater_cyanotoxins,Godwin_SB1_15.02.2022_0_wholewater_cyanotoxins_A,Homoanatoxin-a_ppb,ND,
Godwin,SB1,0,wholewater_cyanotoxins,Godwin_SB1_15.02.2022_0_wholewater_cyanotoxins_A,Cylindrospermopsin_ppb,ND,
Godwin,SB1,0,wholewater_cyanotoxins,Godwin_SB1_15.02.2022_0_wholewater_cyanotoxins_A,7-epi-Cylindrospermopsin_ppb,ND,
Godwin,SB1,0,wholewater_cyanotoxins,Godwin_SB1_15.02.2022_0_wholewater_cyanotoxins_A,7-deoxy-Cylindrospermopsin_ppb,ND,
Godwin,SB1,5,wholewater_cyanotoxins,Godwin_SB1_15.02.2022_5_wholewater_cyanotoxins_A,D-Asp3-Dhb7-RR_ppb,ND,
Godwin,SB1,5,wholewater_cyanotoxins,Godwin_SB1_15.02.2022_5_wholewater_cyanotoxins_A,MC-RR_ppb,ND,
Godwin,SB1,5,wholewater_cyanotoxins,Godwin_SB1_15.02.2022_5_wholewater_cyanotoxins_A,MC-YR_ppb,ND,
Godwin,SB1,5,wholewater_cyanotoxins,Godwin_SB1_15.02.2022_5_wholewater_cyanotoxins_A,MC-HtyR_ppb,ND,
Godwin,SB1,5,wholewater_cyanotoxins,Godwin_SB1_15.02.2022_5_wholewater_cyanotoxins_A,MC-LR_ppb,ND,
Godwin,SB1,5,wholewater_cyanotoxins,Godwin_SB1_15.02.2022_5_wholewater_cyanotoxins_A,MC-Dha-LR_ppb,ND,
Godwin,SB1,5,wholewater_cyanotoxins,Godwin_SB1_15.02.2022_5_wholewater_cyanotoxins_A,MC-D-Asp3-LR_ppb,ND,
Godwin,SB1,5,wholewater_cyanotoxins,Godwin_SB1_15.02.2022_5_wholewater_cyanotoxins_A,MC-Leu1-LR_ppb,ND,
Godwin,SB1,5,wholewater_cyanotoxins,Godwin_SB1_15.02.2022_5_wholewater_cyanotoxins_A,MC-HilR_ppb,ND,
Godwin,SB1,5,wholewater_cyanotoxins,Godwin_SB1_15.02.2022_5_wholewater_cyanotoxins_A,MC-WR_ppb,ND,
Godwin,SB1,5,wholewater_cyanotoxins,Godwin_SB1_15.02.2022_5_wholewater_cyanotoxins_A,MC-LA_ppb,ND,
Godwin,SB1,5,wholewater_cyanotoxins,Godwin_SB1_15.02.2022_5_wholewater_cyanotoxins_A,MC-LY_ppb,ND,
Godwin,SB1,5,wholewater_cyanotoxins,Godwin_SB1_15.02.2022_5_wholewater_cyanotoxins_A,MC-LW_ppb,ND,
Godwin,SB1,5,wholewater_cyanotoxins,Godwin_SB1_15.02.2022_5_wholewater_cyanotoxins_A,MC-LF_ppb,ND,
Godwin,SB1,5,wholewater_cyanotoxins,Godwin_SB1_15.02.2022_5_wholewater_cyanotoxins_A,AnabaenopeptinB_ppb,ND,
Godwin,SB1,5,wholewater_cyanotoxins,Godwin_SB1_15.02.2022_5_wholewater_cyanotoxins_A,AnabaenopeptinF_ppb,ND,
Godwin,SB1,5,wholewater_cyanotoxins,Godwin_SB1_15.02.2022_5_wholewater_cyanotoxins_A,AnabaenopeptinA_ppb,ND,
Godwin,SB1,5,wholewater_cyanotoxins,Godwin_SB1_15.02.2022_5_wholewater_cyanotoxins_A,OscillamideY_ppb,ND,
Godwin,SB1,5,wholewater_cyanotoxins,Godwin_SB1_15.02.2022_5_wholewater_cyanotoxins_A,Nodularin_ppb,ND,
Godwin,SB1,5,wholewater_cyanotoxins,Godwin_SB1_15.02.2022_5_wholewater_cyanotoxins_A,Dihydroanatoxin_ppb,ND,
Godwin,SB1,5,wholewater_cyanotoxins,Godwin_SB1_15.02.2022_5_wholewater_cyanotoxins_A,Anatoxin-a_ppb,ND,
Godwin,SB1,5,wholewater_cyanotoxins,Godwin_SB1_15.02.2022_5_wholewater_cyanotoxins_A,Homoanatoxin-a_ppb,ND,
Godwin,SB1,5,wholewater_cyanotoxins,Godwin_SB1_15.02.2022_5_wholewater_cyanotoxins_A,Cylindrospermopsin_ppb,ND,
Godwin,SB1,5,wholewater_cyanotoxins,Godwin_SB1_15.02.2022_5_wholewater_cyanotoxins_A,7-epi-Cylindrospermopsin_ppb,ND,
Godwin,SB1,5,wholewater_cyanotoxins,Godwin_SB1_15.02.2022_5_wholewater_cyanotoxins_A,7-deoxy-Cylindrospermopsin_ppb,ND,
Ozersky,Green_Bay,1,wholewater_cyanotoxins,Ozersky_Green_Bay_14.02.2022_1_wholewater_cyanotoxins_A,D-Asp3-Dhb7-RR_ppb,ND,
Ozersky,Green_Bay,1,wholewater_cyanotoxins,Ozersky_Green_Bay_14.02.2022_1_wholewater_cyanotoxins_A,MC-RR_ppb,ND,
Ozersky,Green_Bay,1,wholewater_cyanotoxins,Ozersky_Green_Bay_14.02.2022_1_wholewater_cyanotoxins_A,MC-YR_ppb,ND,
Ozersky,Green_Bay,1,wholewater_cyanotoxins,Ozersky_Green_Bay_14.02.2022_1_wholewater_cyanotoxins_A,MC-HtyR_ppb,ND,
Ozersky,Green_Bay,1,wholewater_cyanotoxins,Ozersky_Green_Bay_14.02.2022_1_wholewater_cyanotoxins_A,MC-LR_ppb,ND,
Ozersky,Green_Bay,1,wholewater_cyanotoxins,Ozersky_Green_Bay_14.02.2022_1_wholewater_cyanotoxins_A,MC-Dha-LR_ppb,ND,
Ozersky,Green_Bay,1,wholewater_cyanotoxins,Ozersky_Green_Bay_14.02.2022_1_wholewater_cyanotoxins_A,MC-D-Asp3-LR_ppb,ND,
Ozersky,Green_Bay,1,wholewater_cyanotoxins,Ozersky_Green_Bay_14.02.2022_1_wholewater_cyanotoxins_A,MC-Leu1-LR_ppb,ND,
Ozersky,Green_Bay,1,wholewater_cyanotoxins,Ozersky_Green_Bay_14.02.2022_1_wholewater_cyanotoxins_A,MC-HilR_ppb,ND,
Ozersky,Green_Bay,1,wholewater_cyanotoxins,Ozersky_Green_Bay_14.02.2022_1_wholewater_cyanotoxins_A,MC-WR_ppb,ND,
Ozersky,Green_Bay,1,wholewater_cyanotoxins,Ozersky_Green_Bay_14.02.2022_1_wholewater_cyanotoxins_A,MC-LA_ppb,ND,
Ozersky,Green_Bay,1,wholewater_cyanotoxins,Ozersky_Green_Bay_14.02.2022_1_wholewater_cyanotoxins_A,MC-LY_ppb,ND,
Ozersky,Green_Bay,1,wholewater_cyanotoxins,Ozersky_Green_Bay_14.02.2022_1_wholewater_cyanotoxins_A,MC-LW_ppb,ND,
Ozersky,Green_Bay,1,wholewater_cyanotoxins,Ozersky_Green_Bay_14.02.2022_1_wholewater_cyanotoxins_A,MC-LF_ppb,ND,
Ozersky,Green_Bay,1,wholewater_cyanotoxins,Ozersky_Green_Bay_14.02.2022_1_wholewater_cyanotoxins_A,AnabaenopeptinB_ppb,ND,
Ozersky,Green_Bay,1,wholewater_cyanotoxins,Ozersky_Green_Bay_14.02.2022_1_wholewater_cyanotoxins_A,AnabaenopeptinF_ppb,ND,
Ozersky,Green_Bay,1,wholewater_cyanotoxins,Ozersky_Green_Bay_14.02.2022_1_wholewater_cyanotoxins_A,AnabaenopeptinA_ppb,ND,
Ozersky,Green_Bay,1,wholewater_cyanotoxins,Ozersky_Green_Bay_14.02.2022_1_wholewater_cyanotoxins_A,OscillamideY_ppb,ND,
Ozersky,Green_Bay,1,wholewater_cyanotoxins,Ozersky_Green_Bay_14.02.2022_1_wholewater_cyanotoxins_A,Nodularin_ppb,ND,
Ozersky,Green_Bay,1,wholewater_cyanotoxins,Ozersky_Green_Bay_14.02.2022_1_wholewater_cyanotoxins_A,Dihydroanatoxin_ppb,ND,
Ozersky,Green_Bay,1,wholewater_cyanotoxins,Ozersky_Green_Bay_14.02.2022_1_wholewater_cyanotoxins_A,Anatoxin-a_ppb,ND,
Ozersky,Green_Bay,1,wholewater_cyanotoxins,Ozersky_Green_Bay_14.02.2022_1_wholewater_cyanotoxins_A,Homoanatoxin-a_ppb,ND,
Ozersky,Green_Bay,1,wholewater_cyanotoxins,Ozersky_Green_Bay_14.02.2022_1_wholewater_cyanotoxins_A,Cylindrospermopsin_ppb,ND,
Ozersky,Green_Bay,1,wholewater_cyanotoxins,Ozersky_Green_Bay_14.02.2022_1_wholewater_cyanotoxins_A,7-epi-Cylindrospermopsin_ppb,ND,
Ozersky,Green_Bay,1,wholewater_cyanotoxins,Ozersky_Green_Bay_14.02.2022_1_wholewater_cyanotoxins_A,7-deoxy-Cylindrospermopsin_ppb,ND,
Ozersky,Green_Bay,6,wholewater_cyanotoxins,Ozersky_Green_Bay_14.02.2022_6_wholewater_cyanotoxins_A,D-Asp3-Dhb7-RR_ppb,ND,
Ozersky,Green_Bay,6,wholewater_cyanotoxins,Ozersky_Green_Bay_14.02.2022_6_wholewater_cyanotoxins_A,MC-RR_ppb,ND,
Ozersky,Green_Bay,6,wholewater_cyanotoxins,Ozersky_Green_Bay_14.02.2022_6_wholewater_cyanotoxins_A,MC-YR_ppb,ND,
Ozersky,Green_Bay,6,wholewater_cyanotoxins,Ozersky_Green_Bay_14.02.2022_6_wholewater_cyanotoxins_A,MC-HtyR_ppb,ND,
Ozersky,Green_Bay,6,wholewater_cyanotoxins,Ozersky_Green_Bay_14.02.2022_6_wholewater_cyanotoxins_A,MC-LR_ppb,ND,
Ozersky,Green_Bay,6,wholewater_cyanotoxins,Ozersky_Green_Bay_14.02.2022_6_wholewater_cyanotoxins_A,MC-Dha-LR_ppb,ND,
Ozersky,Green_Bay,6,wholewater_cyanotoxins,Ozersky_Green_Bay_14.02.2022_6_wholewater_cyanotoxins_A,MC-D-Asp3-LR_ppb,ND,
Ozersky,Green_Bay,6,wholewater_cyanotoxins,Ozersky_Green_Bay_14.02.2022_6_wholewater_cyanotoxins_A,MC-Leu1-LR_ppb,ND,
Ozersky,Green_Bay,6,wholewater_cyanotoxins,Ozersky_Green_Bay_14.02.2022_6_wholewater_cyanotoxins_A,MC-HilR_ppb,ND,
Ozersky,Green_Bay,6,wholewater_cyanotoxins,Ozersky_Green_Bay_14.02.2022_6_wholewater_cyanotoxins_A,MC-WR_ppb,ND,
Ozersky,Green_Bay,6,wholewater_cyanotoxins,Ozersky_Green_Bay_14.02.2022_6_wholewater_cyanotoxins_A,MC-LA_ppb,0.01,
Ozersky,Green_Bay,6,wholewater_cyanotoxins,Ozersky_Green_Bay_14.02.2022_6_wholewater_cyanotoxins_A,MC-LY_ppb,ND,
Ozersky,Green_Bay,6,wholewater_cyanotoxins,Ozersky_Green_Bay_14.02.2022_6_wholewater_cyanotoxins_A,MC-LW_ppb,ND,
Ozersky,Green_Bay,6,wholewater_cyanotoxins,Ozersky_Green_Bay_14.02.2022_6_wholewater_cyanotoxins_A,MC-LF_ppb,ND,
Ozersky,Green_Bay,6,wholewater_cyanotoxins,Ozersky_Green_Bay_14.02.2022_6_wholewater_cyanotoxins_A,AnabaenopeptinB_ppb,ND,
Ozersky,Green_Bay,6,wholewater_cyanotoxins,Ozersky_Green_Bay_14.02.2022_6_wholewater_cyanotoxins_A,AnabaenopeptinF_ppb,ND,
Ozersky,Green_Bay,6,wholewater_cyanotoxins,Ozersky_Green_Bay_14.02.2022_6_wholewater_cyanotoxins_A,AnabaenopeptinA_ppb,ND,
Ozersky,Green_Bay,6,wholewater_cyanotoxins,Ozersky_Green_Bay_14.02.2022_6_wholewater_cyanotoxins_A,OscillamideY_ppb,ND,
Ozersky,Green_Bay,6,wholewater_cyanotoxins,Ozersky_Green_Bay_14.02.2022_6_wholewater_cyanotoxins_A,Nodularin_ppb,ND,
Ozersky,Green_Bay,6,wholewater_cyanotoxins,Ozersky_Green_Bay_14.02.2022_6_wholewater_cyanotoxins_A,Dihydroanatoxin_ppb,ND,
Ozersky,Green_Bay,6,wholewater_cyanotoxins,Ozersky_Green_Bay_14.02.2022_6_wholewater_cyanotoxins_A,Anatoxin-a_ppb,ND,
Ozersky,Green_Bay,6,wholewater_cyanotoxins,Ozersky_Green_Bay_14.02.2022_6_wholewater_cyanotoxins_A,Homoanatoxin-a_ppb,ND,
Ozersky,Green_Bay,6,wholewater_cyanotoxins,Ozersky_Green_Bay_14.02.2022_6_wholewater_cyanotoxins_A,Cylindrospermopsin_ppb,ND,
Ozersky,Green_Bay,6,wholewater_cyanotoxins,Ozersky_Green_Bay_14.02.2022_6_wholewater_cyanotoxins_A,7-epi-Cylindrospermopsin_ppb,ND,
Ozersky,Green_Bay,6,wholewater_cyanotoxins,Ozersky_Green_Bay_14.02.2022_6_wholewater_cyanotoxins_A,7-deoxy-Cylindrospermopsin_ppb,ND,
Currie,CCIW_Hamilton_Harbour,0,wholewater_cyanotoxins,Currie_CCIW_Hamilton_Harbour_16.02.2022_0_wholewater_cyanotoxins_A,D-Asp3-Dhb7-RR_ppb,ND,
Currie,CCIW_Hamilton_Harbour,0,wholewater_cyanotoxins,Currie_CCIW_Hamilton_Harbour_16.02.2022_0_wholewater_cyanotoxins_A,MC-RR_ppb,ND,
Currie,CCIW_Hamilton_Harbour,0,wholewater_cyanotoxins,Currie_CCIW_Hamilton_Harbour_16.02.2022_0_wholewater_cyanotoxins_A,MC-YR_ppb,ND,
Currie,CCIW_Hamilton_Harbour,0,wholewater_cyanotoxins,Currie_CCIW_Hamilton_Harbour_16.02.2022_0_wholewater_cyanotoxins_A,MC-HtyR_ppb,ND,
Currie,CCIW_Hamilton_Harbour,0,wholewater_cyanotoxins,Currie_CCIW_Hamilton_Harbour_16.02.2022_0_wholewater_cyanotoxins_A,MC-LR_ppb,ND,
Currie,CCIW_Hamilton_Harbour,0,wholewater_cyanotoxins,Currie_CCIW_Hamilton_Harbour_16.02.2022_0_wholewater_cyanotoxins_A,MC-Dha-LR_ppb,ND,
Currie,CCIW_Hamilton_Harbour,0,wholewater_cyanotoxins,Currie_CCIW_Hamilton_Harbour_16.02.2022_0_wholewater_cyanotoxins_A,MC-D-Asp3-LR_ppb,ND,
Currie,CCIW_Hamilton_Harbour,0,wholewater_cyanotoxins,Currie_CCIW_Hamilton_Harbour_16.02.2022_0_wholewater_cyanotoxins_A,MC-Leu1-LR_ppb,ND,
Currie,CCIW_Hamilton_Harbour,0,wholewater_cyanotoxins,Currie_CCIW_Hamilton_Harbour_16.02.2022_0_wholewater_cyanotoxins_A,MC-HilR_ppb,ND,
Currie,CCIW_Hamilton_Harbour,0,wholewater_cyanotoxins,Currie_CCIW_Hamilton_Harbour_16.02.2022_0_wholewater_cyanotoxins_A,MC-WR_ppb,ND,
Currie,CCIW_Hamilton_Harbour,0,wholewater_cyanotoxins,Currie_CCIW_Hamilton_Harbour_16.02.2022_0_wholewater_cyanotoxins_A,MC-LA_ppb,ND,
Currie,CCIW_Hamilton_Harbour,0,wholewater_cyanotoxins,Currie_CCIW_Hamilton_Harbour_16.02.2022_0_wholewater_cyanotoxins_A,MC-LY_ppb,ND,
Currie,CCIW_Hamilton_Harbour,0,wholewater_cyanotoxins,Currie_CCIW_Hamilton_Harbour_16.02.2022_0_wholewater_cyanotoxins_A,MC-LW_ppb,ND,
Currie,CCIW_Hamilton_Harbour,0,wholewater_cyanotoxins,Currie_CCIW_Hamilton_Harbour_16.02.2022_0_wholewater_cyanotoxins_A,MC-LF_ppb,ND,
Currie,CCIW_Hamilton_Harbour,0,wholewater_cyanotoxins,Currie_CCIW_Hamilton_Harbour_16.02.2022_0_wholewater_cyanotoxins_A,AnabaenopeptinB_ppb,ND,
Currie,CCIW_Hamilton_Harbour,0,wholewater_cyanotoxins,Currie_CCIW_Hamilton_Harbour_16.02.2022_0_wholewater_cyanotoxins_A,AnabaenopeptinF_ppb,ND,
Currie,CCIW_Hamilton_Harbour,0,wholewater_cyanotoxins,Currie_CCIW_Hamilton_Harbour_16.02.2022_0_wholewater_cyanotoxins_A,AnabaenopeptinA_ppb,ND,
Currie,CCIW_Hamilton_Harbour,0,wholewater_cyanotoxins,Currie_CCIW_Hamilton_Harbour_16.02.2022_0_wholewater_cyanotoxins_A,OscillamideY_ppb,ND,
Currie,CCIW_Hamilton_Harbour,0,wholewater_cyanotoxins,Currie_CCIW_Hamilton_Harbour_16.02.2022_0_wholewater_cyanotoxins_A,Nodularin_ppb,ND,
Currie,CCIW_Hamilton_Harbour,0,wholewater_cyanotoxins,Currie_CCIW_Hamilton_Harbour_16.02.2022_0_wholewater_cyanotoxins_A,Dihydroanatoxin_ppb,ND,
Currie,CCIW_Hamilton_Harbour,0,wholewater_cyanotoxins,Currie_CCIW_Hamilton_Harbour_16.02.2022_0_wholewater_cyanotoxins_A,Anatoxin-a_ppb,ND,
Currie,CCIW_Hamilton_Harbour,0,wholewater_cyanotoxins,Currie_CCIW_Hamilton_Harbour_16.02.2022_0_wholewater_cyanotoxins_A,Homoanatoxin-a_ppb,ND,
Currie,CCIW_Hamilton_Harbour,0,wholewater_cyanotoxins,Currie_CCIW_Hamilton_Harbour_16.02.2022_0_wholewater_cyanotoxins_A,Cylindrospermopsin_ppb,ND,
Currie,CCIW_Hamilton_Harbour,0,wholewater_cyanotoxins,Currie_CCIW_Hamilton_Harbour_16.02.2022_0_wholewater_cyanotoxins_A,7-epi-Cylindrospermopsin_ppb,ND,
Currie,CCIW_Hamilton_Harbour,0,wholewater_cyanotoxins,Currie_CCIW_Hamilton_Harbour_16.02.2022_0_wholewater_cyanotoxins_A,7-deoxy-Cylindrospermopsin_ppb,ND,
Pearce/Xenopoulos,GB1,7,wholewater_cyanotoxins,Pearce/Xenopoulos_GB1_16.02.2022_7_wholewater_cyanotoxins_A,D-Asp3-Dhb7-RR_ppb,ND,
Pearce/Xenopoulos,GB1,7,wholewater_cyanotoxins,Pearce/Xenopoulos_GB1_16.02.2022_7_wholewater_cyanotoxins_A,MC-RR_ppb,ND,
Pearce/Xenopoulos,GB1,7,wholewater_cyanotoxins,Pearce/Xenopoulos_GB1_16.02.2022_7_wholewater_cyanotoxins_A,MC-YR_ppb,ND,
Pearce/Xenopoulos,GB1,7,wholewater_cyanotoxins,Pearce/Xenopoulos_GB1_16.02.2022_7_wholewater_cyanotoxins_A,MC-HtyR_ppb,ND,
Pearce/Xenopoulos,GB1,7,wholewater_cyanotoxins,Pearce/Xenopoulos_GB1_16.02.2022_7_wholewater_cyanotoxins_A,MC-LR_ppb,ND,
Pearce/Xenopoulos,GB1,7,wholewater_cyanotoxins,Pearce/Xenopoulos_GB1_16.02.2022_7_wholewater_cyanotoxins_A,MC-Dha-LR_ppb,ND,
Pearce/Xenopoulos,GB1,7,wholewater_cyanotoxins,Pearce/Xenopoulos_GB1_16.02.2022_7_wholewater_cyanotoxins_A,MC-D-Asp3-LR_ppb,ND,
Pearce/Xenopoulos,GB1,7,wholewater_cyanotoxins,Pearce/Xenopoulos_GB1_16.02.2022_7_wholewater_cyanotoxins_A,MC-Leu1-LR_ppb,ND,
Pearce/Xenopoulos,GB1,7,wholewater_cyanotoxins,Pearce/Xenopoulos_GB1_16.02.2022_7_wholewater_cyanotoxins_A,MC-HilR_ppb,ND,
Pearce/Xenopoulos,GB1,7,wholewater_cyanotoxins,Pearce/Xenopoulos_GB1_16.02.2022_7_wholewater_cyanotoxins_A,MC-WR_ppb,ND,
Pearce/Xenopoulos,GB1,7,wholewater_cyanotoxins,Pearce/Xenopoulos_GB1_16.02.2022_7_wholewater_cyanotoxins_A,MC-LA_ppb,ND,
Pearce/Xenopoulos,GB1,7,wholewater_cyanotoxins,Pearce/Xenopoulos_GB1_16.02.2022_7_wholewater_cyanotoxins_A,MC-LY_ppb,ND,
Pearce/Xenopoulos,GB1,7,wholewater_cyanotoxins,Pearce/Xenopoulos_GB1_16.02.2022_7_wholewater_cyanotoxins_A,MC-LW_ppb,ND,
Pearce/Xenopoulos,GB1,7,wholewater_cyanotoxins,Pearce/Xenopoulos_GB1_16.02.2022_7_wholewater_cyanotoxins_A,MC-LF_ppb,ND,
Pearce/Xenopoulos,GB1,7,wholewater_cyanotoxins,Pearce/Xenopoulos_GB1_16.02.2022_7_wholewater_cyanotoxins_A,AnabaenopeptinB_ppb,ND,
Pearce/Xenopoulos,GB1,7,wholewater_cyanotoxins,Pearce/Xenopoulos_GB1_16.02.2022_7_wholewater_cyanotoxins_A,AnabaenopeptinF_ppb,ND,
Pearce/Xenopoulos,GB1,7,wholewater_cyanotoxins,Pearce/Xenopoulos_GB1_16.02.2022_7_wholewater_cyanotoxins_A,AnabaenopeptinA_ppb,ND,
Pearce/Xenopoulos,GB1,7,wholewater_cyanotoxins,Pearce/Xenopoulos_GB1_16.02.2022_7_wholewater_cyanotoxins_A,OscillamideY_ppb,ND,
Pearce/Xenopoulos,GB1,7,wholewater_cyanotoxins,Pearce/Xenopoulos_GB1_16.02.2022_7_wholewater_cyanotoxins_A,Nodularin_ppb,ND,
Pearce/Xenopoulos,GB1,7,wholewater_cyanotoxins,Pearce/Xenopoulos_GB1_16.02.2022_7_wholewater_cyanotoxins_A,Dihydroanatoxin_ppb,ND,
Pearce/Xenopoulos,GB1,7,wholewater_cyanotoxins,Pearce/Xenopoulos_GB1_16.02.2022_7_wholewater_cyanotoxins_A,Anatoxin-a_ppb,ND,
Pearce/Xenopoulos,GB1,7,wholewater_cyanotoxins,Pearce/Xenopoulos_GB1_16.02.2022_7_wholewater_cyanotoxins_A,Homoanatoxin-a_ppb,ND,
Pearce/Xenopoulos,GB1,7,wholewater_cyanotoxins,Pearce/Xenopoulos_GB1_16.02.2022_7_wholewater_cyanotoxins_A,Cylindrospermopsin_ppb,ND,
Pearce/Xenopoulos,GB1,7,wholewater_cyanotoxins,Pearce/Xenopoulos_GB1_16.02.2022_7_wholewater_cyanotoxins_A,7-epi-Cylindrospermopsin_ppb,ND,
Pearce/Xenopoulos,GB1,7,wholewater_cyanotoxins,Pearce/Xenopoulos_GB1_16.02.2022_7_wholewater_cyanotoxins_A,7-deoxy-Cylindrospermopsin_ppb,ND,
Pearce/Xenopoulos,GB1,0,wholewater_cyanotoxins,Pearce/Xenopoulos_GB1_16.02.2022_0_wholewater_cyanotoxins_A,D-Asp3-Dhb7-RR_ppb,ND,
Pearce/Xenopoulos,GB1,0,wholewater_cyanotoxins,Pearce/Xenopoulos_GB1_16.02.2022_0_wholewater_cyanotoxins_A,MC-RR_ppb,ND,
Pearce/Xenopoulos,GB1,0,wholewater_cyanotoxins,Pearce/Xenopoulos_GB1_16.02.2022_0_wholewater_cyanotoxins_A,MC-YR_ppb,ND,
Pearce/Xenopoulos,GB1,0,wholewater_cyanotoxins,Pearce/Xenopoulos_GB1_16.02.2022_0_wholewater_cyanotoxins_A,MC-HtyR_ppb,ND,
Pearce/Xenopoulos,GB1,0,wholewater_cyanotoxins,Pearce/Xenopoulos_GB1_16.02.2022_0_wholewater_cyanotoxins_A,MC-LR_ppb,ND,
Pearce/Xenopoulos,GB1,0,wholewater_cyanotoxins,Pearce/Xenopoulos_GB1_16.02.2022_0_wholewater_cyanotoxins_A,MC-Dha-LR_ppb,ND,
Pearce/Xenopoulos,GB1,0,wholewater_cyanotoxins,Pearce/Xenopoulos_GB1_16.02.2022_0_wholewater_cyanotoxins_A,MC-D-Asp3-LR_ppb,ND,
Pearce/Xenopoulos,GB1,0,wholewater_cyanotoxins,Pearce/Xenopoulos_GB1_16.02.2022_0_wholewater_cyanotoxins_A,MC-Leu1-LR_ppb,ND,
Pearce/Xenopoulos,GB1,0,wholewater_cyanotoxins,Pearce/Xenopoulos_GB1_16.02.2022_0_wholewater_cyanotoxins_A,MC-HilR_ppb,ND,
Pearce/Xenopoulos,GB1,0,wholewater_cyanotoxins,Pearce/Xenopoulos_GB1_16.02.2022_0_wholewater_cyanotoxins_A,MC-WR_ppb,ND,
Pearce/Xenopoulos,GB1,0,wholewater_cyanotoxins,Pearce/Xenopoulos_GB1_16.02.2022_0_wholewater_cyanotoxins_A,MC-LA_ppb,ND,
Pearce/Xenopoulos,GB1,0,wholewater_cyanotoxins,Pearce/Xenopoulos_GB1_16.02.2022_0_wholewater_cyanotoxins_A,MC-LY_ppb,ND,
Pearce/Xenopoulos,GB1,0,wholewater_cyanotoxins,Pearce/Xenopoulos_GB1_16.02.2022_0_wholewater_cyanotoxins_A,MC-LW_ppb,ND,
Pearce/Xenopoulos,GB1,0,wholewater_cyanotoxins,Pearce/Xenopoulos_GB1_16.02.2022_0_wholewater_cyanotoxins_A,MC-LF_ppb,ND,
Pearce/Xenopoulos,GB1,0,wholewater_cyanotoxins,Pearce/Xenopoulos_GB1_16.02.2022_0_wholewater_cyanotoxins_A,AnabaenopeptinB_ppb,ND,
Pearce/Xenopoulos,GB1,0,wholewater_cyanotoxins,Pearce/Xenopoulos_GB1_16.02.2022_0_wholewater_cyanotoxins_A,AnabaenopeptinF_ppb,ND,
Pearce/Xenopoulos,GB1,0,wholewater_cyanotoxins,Pearce/Xenopoulos_GB1_16.02.2022_0_wholewater_cyanotoxins_A,AnabaenopeptinA_ppb,ND,
Pearce/Xenopoulos,GB1,0,wholewater_cyanotoxins,Pearce/Xenopoulos_GB1_16.02.2022_0_wholewater_cyanotoxins_A,OscillamideY_ppb,ND,
Pearce/Xenopoulos,GB1,0,wholewater_cyanotoxins,Pearce/Xenopoulos_GB1_16.02.2022_0_wholewater_cyanotoxins_A,Nodularin_ppb,ND,
Pearce/Xenopoulos,GB1,0,wholewater_cyanotoxins,Pearce/Xenopoulos_GB1_16.02.2022_0_wholewater_cyanotoxins_A,Dihydroanatoxin_ppb,ND,
Pearce/Xenopoulos,GB1,0,wholewater_cyanotoxins,Pearce/Xenopoulos_GB1_16.02.2022_0_wholewater_cyanotoxins_A,Anatoxin-a_ppb,ND,
Pearce/Xenopoulos,GB1,0,wholewater_cyanotoxins,Pearce/Xenopoulos_GB1_16.02.2022_0_wholewater_cyanotoxins_A,Homoanatoxin-a_ppb,ND,
Pearce/Xenopoulos,GB1,0,wholewater_cyanotoxins,Pearce/Xenopoulos_GB1_16.02.2022_0_wholewater_cyanotoxins_A,Cylindrospermopsin_ppb,ND,
Pearce/Xenopoulos,GB1,0,wholewater_cyanotoxins,Pearce/Xenopoulos_GB1_16.02.2022_0_wholewater_cyanotoxins_A,7-epi-Cylindrospermopsin_ppb,ND,
Pearce/Xenopoulos,GB1,0,wholewater_cyanotoxins,Pearce/Xenopoulos_GB1_16.02.2022_0_wholewater_cyanotoxins_A,7-deoxy-Cylindrospermopsin_ppb,ND,
Ozersky,Apostles,31,wholewater_cyanotoxins,Ozersky_Apostles_16.02.2022_31_wholewater_cyanotoxins_A,D-Asp3-Dhb7-RR_ppb,ND,
Ozersky,Apostles,31,wholewater_cyanotoxins,Ozersky_Apostles_16.02.2022_31_wholewater_cyanotoxins_A,MC-RR_ppb,ND,
Ozersky,Apostles,31,wholewater_cyanotoxins,Ozersky_Apostles_16.02.2022_31_wholewater_cyanotoxins_A,MC-YR_ppb,ND,
Ozersky,Apostles,31,wholewater_cyanotoxins,Ozersky_Apostles_16.02.2022_31_wholewater_cyanotoxins_A,MC-HtyR_ppb,ND,
Ozersky,Apostles,31,wholewater_cyanotoxins,Ozersky_Apostles_16.02.2022_31_wholewater_cyanotoxins_A,MC-LR_ppb,ND,
Ozersky,Apostles,31,wholewater_cyanotoxins,Ozersky_Apostles_16.02.2022_31_wholewater_cyanotoxins_A,MC-Dha-LR_ppb,ND,
Ozersky,Apostles,31,wholewater_cyanotoxins,Ozersky_Apostles_16.02.2022_31_wholewater_cyanotoxins_A,MC-D-Asp3-LR_ppb,ND,
Ozersky,Apostles,31,wholewater_cyanotoxins,Ozersky_Apostles_16.02.2022_31_wholewater_cyanotoxins_A,MC-Leu1-LR_ppb,ND,
Ozersky,Apostles,31,wholewater_cyanotoxins,Ozersky_Apostles_16.02.2022_31_wholewater_cyanotoxins_A,MC-HilR_ppb,ND,
Ozersky,Apostles,31,wholewater_cyanotoxins,Ozersky_Apostles_16.02.2022_31_wholewater_cyanotoxins_A,MC-WR_ppb,ND,
Ozersky,Apostles,31,wholewater_cyanotoxins,Ozersky_Apostles_16.02.2022_31_wholewater_cyanotoxins_A,MC-LA_ppb,ND,
Ozersky,Apostles,31,wholewater_cyanotoxins,Ozersky_Apostles_16.02.2022_31_wholewater_cyanotoxins_A,MC-LY_ppb,ND,
Ozersky,Apostles,31,wholewater_cyanotoxins,Ozersky_Apostles_16.02.2022_31_wholewater_cyanotoxins_A,MC-LW_ppb,ND,
Ozersky,Apostles,31,wholewater_cyanotoxins,Ozersky_Apostles_16.02.2022_31_wholewater_cyanotoxins_A,MC-LF_ppb,ND,
Ozersky,Apostles,31,wholewater_cyanotoxins,Ozersky_Apostles_16.02.2022_31_wholewater_cyanotoxins_A,AnabaenopeptinB_ppb,ND,
Ozersky,Apostles,31,wholewater_cyanotoxins,Ozersky_Apostles_16.02.2022_31_wholewater_cyanotoxins_A,AnabaenopeptinF_ppb,ND,
Ozersky,Apostles,31,wholewater_cyanotoxins,Ozersky_Apostles_16.02.2022_31_wholewater_cyanotoxins_A,AnabaenopeptinA_ppb,ND,
Ozersky,Apostles,31,wholewater_cyanotoxins,Ozersky_Apostles_16.02.2022_31_wholewater_cyanotoxins_A,OscillamideY_ppb,ND,
Ozersky,Apostles,31,wholewater_cyanotoxins,Ozersky_Apostles_16.02.2022_31_wholewater_cyanotoxins_A,Nodularin_ppb,ND,
Ozersky,Apostles,31,wholewater_cyanotoxins,Ozersky_Apostles_16.02.2022_31_wholewater_cyanotoxins_A,Dihydroanatoxin_ppb,ND,
Ozersky,Apostles,31,wholewater_cyanotoxins,Ozersky_Apostles_16.02.2022_31_wholewater_cyanotoxins_A,Anatoxin-a_ppb,ND,
Ozersky,Apostles,31,wholewater_cyanotoxins,Ozersky_Apostles_16.02.2022_31_wholewater_cyanotoxins_A,Homoanatoxin-a_ppb,ND,
Ozersky,Apostles,31,wholewater_cyanotoxins,Ozersky_Apostles_16.02.2022_31_wholewater_cyanotoxins_A,Cylindrospermopsin_ppb,ND,
Ozersky,Apostles,31,wholewater_cyanotoxins,Ozersky_Apostles_16.02.2022_31_wholewater_cyanotoxins_A,7-epi-Cylindrospermopsin_ppb,ND,
Ozersky,Apostles,31,wholewater_cyanotoxins,Ozersky_Apostles_16.02.2022_31_wholewater_cyanotoxins_A,7-deoxy-Cylindrospermopsin_ppb,ND,
Ozersky,Apostles,0,wholewater_cyanotoxins,Ozersky_Apostles_16.02.2022_0_wholewater_cyanotoxins_A,D-Asp3-Dhb7-RR_ppb,ND,
Ozersky,Apostles,0,wholewater_cyanotoxins,Ozersky_Apostles_16.02.2022_0_wholewater_cyanotoxins_A,MC-RR_ppb,ND,
Ozersky,Apostles,0,wholewater_cyanotoxins,Ozersky_Apostles_16.02.2022_0_wholewater_cyanotoxins_A,MC-YR_ppb,ND,
Ozersky,Apostles,0,wholewater_cyanotoxins,Ozersky_Apostles_16.02.2022_0_wholewater_cyanotoxins_A,MC-HtyR_ppb,ND,
Ozersky,Apostles,0,wholewater_cyanotoxins,Ozersky_Apostles_16.02.2022_0_wholewater_cyanotoxins_A,MC-LR_ppb,ND,
Ozersky,Apostles,0,wholewater_cyanotoxins,Ozersky_Apostles_16.02.2022_0_wholewater_cyanotoxins_A,MC-Dha-LR_ppb,ND,
Ozersky,Apostles,0,wholewater_cyanotoxins,Ozersky_Apostles_16.02.2022_0_wholewater_cyanotoxins_A,MC-D-Asp3-LR_ppb,ND,
Ozersky,Apostles,0,wholewater_cyanotoxins,Ozersky_Apostles_16.02.2022_0_wholewater_cyanotoxins_A,MC-Leu1-LR_ppb,ND,
Ozersky,Apostles,0,wholewater_cyanotoxins,Ozersky_Apostles_16.02.2022_0_wholewater_cyanotoxins_A,MC-HilR_ppb,ND,
Ozersky,Apostles,0,wholewater_cyanotoxins,Ozersky_Apostles_16.02.2022_0_wholewater_cyanotoxins_A,MC-WR_ppb,ND,
Ozersky,Apostles,0,wholewater_cyanotoxins,Ozersky_Apostles_16.02.2022_0_wholewater_cyanotoxins_A,MC-LA_ppb,ND,
Ozersky,Apostles,0,wholewater_cyanotoxins,Ozersky_Apostles_16.02.2022_0_wholewater_cyanotoxins_A,MC-LY_ppb,ND,
Ozersky,Apostles,0,wholewater_cyanotoxins,Ozersky_Apostles_16.02.2022_0_wholewater_cyanotoxins_A,MC-LW_ppb,ND,
Ozersky,Apostles,0,wholewater_cyanotoxins,Ozersky_Apostles_16.02.2022_0_wholewater_cyanotoxins_A,MC-LF_ppb,ND,
Ozersky,Apostles,0,wholewater_cyanotoxins,Ozersky_Apostles_16.02.2022_0_wholewater_cyanotoxins_A,AnabaenopeptinB_ppb,ND,
Ozersky,Apostles,0,wholewater_cyanotoxins,Ozersky_Apostles_16.02.2022_0_wholewater_cyanotoxins_A,AnabaenopeptinF_ppb,ND,
Ozersky,Apostles,0,wholewater_cyanotoxins,Ozersky_Apostles_16.02.2022_0_wholewater_cyanotoxins_A,AnabaenopeptinA_ppb,ND,
Ozersky,Apostles,0,wholewater_cyanotoxins,Ozersky_Apostles_16.02.2022_0_wholewater_cyanotoxins_A,OscillamideY_ppb,ND,
Ozersky,Apostles,0,wholewater_cyanotoxins,Ozersky_Apostles_16.02.2022_0_wholewater_cyanotoxins_A,Nodularin_ppb,ND,
Ozersky,Apostles,0,wholewater_cyanotoxins,Ozersky_Apostles_16.02.2022_0_wholewater_cyanotoxins_A,Dihydroanatoxin_ppb,ND,
Ozersky,Apostles,0,wholewater_cyanotoxins,Ozersky_Apostles_16.02.2022_0_wholewater_cyanotoxins_A,Anatoxin-a_ppb,ND,
Ozersky,Apostles,0,wholewater_cyanotoxins,Ozersky_Apostles_16.02.2022_0_wholewater_cyanotoxins_A,Homoanatoxin-a_ppb,ND,
Ozersky,Apostles,0,wholewater_cyanotoxins,Ozersky_Apostles_16.02.2022_0_wholewater_cyanotoxins_A,Cylindrospermopsin_ppb,ND,
Ozersky,Apostles,0,wholewater_cyanotoxins,Ozersky_Apostles_16.02.2022_0_wholewater_cyanotoxins_A,7-epi-Cylindrospermopsin_ppb,ND,
Ozersky,Apostles,0,wholewater_cyanotoxins,Ozersky_Apostles_16.02.2022_0_wholewater_cyanotoxins_A,7-deoxy-Cylindrospermopsin_ppb,ND,
Pearce/Xenopoulos,BQ1,9,wholewater_cyanotoxins,Pearce/Xenopoulos_BQ1_15.02.2022_9_wholewater_cyanotoxins_A,D-Asp3-Dhb7-RR_ppb,ND,
Pearce/Xenopoulos,BQ1,9,wholewater_cyanotoxins,Pearce/Xenopoulos_BQ1_15.02.2022_9_wholewater_cyanotoxins_A,MC-RR_ppb,ND,
Pearce/Xenopoulos,BQ1,9,wholewater_cyanotoxins,Pearce/Xenopoulos_BQ1_15.02.2022_9_wholewater_cyanotoxins_A,MC-YR_ppb,ND,
Pearce/Xenopoulos,BQ1,9,wholewater_cyanotoxins,Pearce/Xenopoulos_BQ1_15.02.2022_9_wholewater_cyanotoxins_A,MC-HtyR_ppb,ND,
Pearce/Xenopoulos,BQ1,9,wholewater_cyanotoxins,Pearce/Xenopoulos_BQ1_15.02.2022_9_wholewater_cyanotoxins_A,MC-LR_ppb,ND,
Pearce/Xenopoulos,BQ1,9,wholewater_cyanotoxins,Pearce/Xenopoulos_BQ1_15.02.2022_9_wholewater_cyanotoxins_A,MC-Dha-LR_ppb,ND,
Pearce/Xenopoulos,BQ1,9,wholewater_cyanotoxins,Pearce/Xenopoulos_BQ1_15.02.2022_9_wholewater_cyanotoxins_A,MC-D-Asp3-LR_ppb,ND,
Pearce/Xenopoulos,BQ1,9,wholewater_cyanotoxins,Pearce/Xenopoulos_BQ1_15.02.2022_9_wholewater_cyanotoxins_A,MC-Leu1-LR_ppb,ND,
Pearce/Xenopoulos,BQ1,9,wholewater_cyanotoxins,Pearce/Xenopoulos_BQ1_15.02.2022_9_wholewater_cyanotoxins_A,MC-HilR_ppb,ND,
Pearce/Xenopoulos,BQ1,9,wholewater_cyanotoxins,Pearce/Xenopoulos_BQ1_15.02.2022_9_wholewater_cyanotoxins_A,MC-WR_ppb,ND,
Pearce/Xenopoulos,BQ1,9,wholewater_cyanotoxins,Pearce/Xenopoulos_BQ1_15.02.2022_9_wholewater_cyanotoxins_A,MC-LA_ppb,ND,
Pearce/Xenopoulos,BQ1,9,wholewater_cyanotoxins,Pearce/Xenopoulos_BQ1_15.02.2022_9_wholewater_cyanotoxins_A,MC-LY_ppb,ND,
Pearce/Xenopoulos,BQ1,9,wholewater_cyanotoxins,Pearce/Xenopoulos_BQ1_15.02.2022_9_wholewater_cyanotoxins_A,MC-LW_ppb,ND,
Pearce/Xenopoulos,BQ1,9,wholewater_cyanotoxins,Pearce/Xenopoulos_BQ1_15.02.2022_9_wholewater_cyanotoxins_A,MC-LF_ppb,ND,
Pearce/Xenopoulos,BQ1,9,wholewater_cyanotoxins,Pearce/Xenopoulos_BQ1_15.02.2022_9_wholewater_cyanotoxins_A,AnabaenopeptinB_ppb,ND,
Pearce/Xenopoulos,BQ1,9,wholewater_cyanotoxins,Pearce/Xenopoulos_BQ1_15.02.2022_9_wholewater_cyanotoxins_A,AnabaenopeptinF_ppb,ND,
Pearce/Xenopoulos,BQ1,9,wholewater_cyanotoxins,Pearce/Xenopoulos_BQ1_15.02.2022_9_wholewater_cyanotoxins_A,AnabaenopeptinA_ppb,ND,
Pearce/Xenopoulos,BQ1,9,wholewater_cyanotoxins,Pearce/Xenopoulos_BQ1_15.02.2022_9_wholewater_cyanotoxins_A,OscillamideY_ppb,ND,
Pearce/Xenopoulos,BQ1,9,wholewater_cyanotoxins,Pearce/Xenopoulos_BQ1_15.02.2022_9_wholewater_cyanotoxins_A,Nodularin_ppb,ND,
Pearce/Xenopoulos,BQ1,9,wholewater_cyanotoxins,Pearce/Xenopoulos_BQ1_15.02.2022_9_wholewater_cyanotoxins_A,Dihydroanatoxin_ppb,ND,
Pearce/Xenopoulos,BQ1,9,wholewater_cyanotoxins,Pearce/Xenopoulos_BQ1_15.02.2022_9_wholewater_cyanotoxins_A,Anatoxin-a_ppb,ND,
Pearce/Xenopoulos,BQ1,9,wholewater_cyanotoxins,Pearce/Xenopoulos_BQ1_15.02.2022_9_wholewater_cyanotoxins_A,Homoanatoxin-a_ppb,ND,
Pearce/Xenopoulos,BQ1,9,wholewater_cyanotoxins,Pearce/Xenopoulos_BQ1_15.02.2022_9_wholewater_cyanotoxins_A,Cylindrospermopsin_ppb,ND,
Pearce/Xenopoulos,BQ1,9,wholewater_cyanotoxins,Pearce/Xenopoulos_BQ1_15.02.2022_9_wholewater_cyanotoxins_A,7-epi-Cylindrospermopsin_ppb,ND,
Pearce/Xenopoulos,BQ1,9,wholewater_cyanotoxins,Pearce/Xenopoulos_BQ1_15.02.2022_9_wholewater_cyanotoxins_A,7-deoxy-Cylindrospermopsin_ppb,ND,
Pearce/Xenopoulos,BQ1,0,wholewater_cyanotoxins,Pearce/Xenopoulos_BQ1_15.02.2022_0_wholewater_cyanotoxins_A,D-Asp3-Dhb7-RR_ppb,ND,
Pearce/Xenopoulos,BQ1,0,wholewater_cyanotoxins,Pearce/Xenopoulos_BQ1_15.02.2022_0_wholewater_cyanotoxins_A,MC-RR_ppb,ND,
Pearce/Xenopoulos,BQ1,0,wholewater_cyanotoxins,Pearce/Xenopoulos_BQ1_15.02.2022_0_wholewater_cyanotoxins_A,MC-YR_ppb,ND,
Pearce/Xenopoulos,BQ1,0,wholewater_cyanotoxins,Pearce/Xenopoulos_BQ1_15.02.2022_0_wholewater_cyanotoxins_A,MC-HtyR_ppb,ND,
Pearce/Xenopoulos,BQ1,0,wholewater_cyanotoxins,Pearce/Xenopoulos_BQ1_15.02.2022_0_wholewater_cyanotoxins_A,MC-LR_ppb,ND,
Pearce/Xenopoulos,BQ1,0,wholewater_cyanotoxins,Pearce/Xenopoulos_BQ1_15.02.2022_0_wholewater_cyanotoxins_A,MC-Dha-LR_ppb,ND,
Pearce/Xenopoulos,BQ1,0,wholewater_cyanotoxins,Pearce/Xenopoulos_BQ1_15.02.2022_0_wholewater_cyanotoxins_A,MC-D-Asp3-LR_ppb,ND,
Pearce/Xenopoulos,BQ1,0,wholewater_cyanotoxins,Pearce/Xenopoulos_BQ1_15.02.2022_0_wholewater_cyanotoxins_A,MC-Leu1-LR_ppb,ND,
Pearce/Xenopoulos,BQ1,0,wholewater_cyanotoxins,Pearce/Xenopoulos_BQ1_15.02.2022_0_wholewater_cyanotoxins_A,MC-HilR_ppb,ND,
Pearce/Xenopoulos,BQ1,0,wholewater_cyanotoxins,Pearce/Xenopoulos_BQ1_15.02.2022_0_wholewater_cyanotoxins_A,MC-WR_ppb,ND,
Pearce/Xenopoulos,BQ1,0,wholewater_cyanotoxins,Pearce/Xenopoulos_BQ1_15.02.2022_0_wholewater_cyanotoxins_A,MC-LA_ppb,ND,
Pearce/Xenopoulos,BQ1,0,wholewater_cyanotoxins,Pearce/Xenopoulos_BQ1_15.02.2022_0_wholewater_cyanotoxins_A,MC-LY_ppb,ND,
Pearce/Xenopoulos,BQ1,0,wholewater_cyanotoxins,Pearce/Xenopoulos_BQ1_15.02.2022_0_wholewater_cyanotoxins_A,MC-LW_ppb,ND,
Pearce/Xenopoulos,BQ1,0,wholewater_cyanotoxins,Pearce/Xenopoulos_BQ1_15.02.2022_0_wholewater_cyanotoxins_A,MC-LF_ppb,ND,
Pearce/Xenopoulos,BQ1,0,wholewater_cyanotoxins,Pearce/Xenopoulos_BQ1_15.02.2022_0_wholewater_cyanotoxins_A,AnabaenopeptinB_ppb,ND,
Pearce/Xenopoulos,BQ1,0,wholewater_cyanotoxins,Pearce/Xenopoulos_BQ1_15.02.2022_0_wholewater_cyanotoxins_A,AnabaenopeptinF_ppb,ND,
Pearce/Xenopoulos,BQ1,0,wholewater_cyanotoxins,Pearce/Xenopoulos_BQ1_15.02.2022_0_wholewater_cyanotoxins_A,AnabaenopeptinA_ppb,ND,
Pearce/Xenopoulos,BQ1,0,wholewater_cyanotoxins,Pearce/Xenopoulos_BQ1_15.02.2022_0_wholewater_cyanotoxins_A,OscillamideY_ppb,ND,
Pearce/Xenopoulos,BQ1,0,wholewater_cyanotoxins,Pearce/Xenopoulos_BQ1_15.02.2022_0_wholewater_cyanotoxins_A,Nodularin_ppb,ND,
Pearce/Xenopoulos,BQ1,0,wholewater_cyanotoxins,Pearce/Xenopoulos_BQ1_15.02.2022_0_wholewater_cyanotoxins_A,Dihydroanatoxin_ppb,ND,
Pearce/Xenopoulos,BQ1,0,wholewater_cyanotoxins,Pearce/Xenopoulos_BQ1_15.02.2022_0_wholewater_cyanotoxins_A,Anatoxin-a_ppb,ND,
Pearce/Xenopoulos,BQ1,0,wholewater_cyanotoxins,Pearce/Xenopoulos_BQ1_15.02.2022_0_wholewater_cyanotoxins_A,Homoanatoxin-a_ppb,ND,
Pearce/Xenopoulos,BQ1,0,wholewater_cyanotoxins,Pearce/Xenopoulos_BQ1_15.02.2022_0_wholewater_cyanotoxins_A,Cylindrospermopsin_ppb,ND,
Pearce/Xenopoulos,BQ1,0,wholewater_cyanotoxins,Pearce/Xenopoulos_BQ1_15.02.2022_0_wholewater_cyanotoxins_A,7-epi-Cylindrospermopsin_ppb,ND,
Pearce/Xenopoulos,BQ1,0,wholewater_cyanotoxins,Pearce/Xenopoulos_BQ1_15.02.2022_0_wholewater_cyanotoxins_A,7-deoxy-Cylindrospermopsin_ppb,ND,
Vick-Majors,Keweenaw_Bay_KB,17.5,wholewater_cyanotoxins,Vick-Majors_Keweenaw_Bay_KB_20.02.2022_17.5_wholewater_cyanotoxins_A,D-Asp3-Dhb7-RR_ppb,ND,
Vick-Majors,Keweenaw_Bay_KB,17.5,wholewater_cyanotoxins,Vick-Majors_Keweenaw_Bay_KB_20.02.2022_17.5_wholewater_cyanotoxins_A,MC-RR_ppb,ND,
Vick-Majors,Keweenaw_Bay_KB,17.5,wholewater_cyanotoxins,Vick-Majors_Keweenaw_Bay_KB_20.02.2022_17.5_wholewater_cyanotoxins_A,MC-YR_ppb,ND,
Vick-Majors,Keweenaw_Bay_KB,17.5,wholewater_cyanotoxins,Vick-Majors_Keweenaw_Bay_KB_20.02.2022_17.5_wholewater_cyanotoxins_A,MC-HtyR_ppb,ND,
Vick-Majors,Keweenaw_Bay_KB,17.5,wholewater_cyanotoxins,Vick-Majors_Keweenaw_Bay_KB_20.02.2022_17.5_wholewater_cyanotoxins_A,MC-LR_ppb,ND,
Vick-Majors,Keweenaw_Bay_KB,17.5,wholewater_cyanotoxins,Vick-Majors_Keweenaw_Bay_KB_20.02.2022_17.5_wholewater_cyanotoxins_A,MC-Dha-LR_ppb,ND,
Vick-Majors,Keweenaw_Bay_KB,17.5,wholewater_cyanotoxins,Vick-Majors_Keweenaw_Bay_KB_20.02.2022_17.5_wholewater_cyanotoxins_A,MC-D-Asp3-LR_ppb,ND,
Vick-Majors,Keweenaw_Bay_KB,17.5,wholewater_cyanotoxins,Vick-Majors_Keweenaw_Bay_KB_20.02.2022_17.5_wholewater_cyanotoxins_A,MC-Leu1-LR_ppb,ND,
Vick-Majors,Keweenaw_Bay_KB,17.5,wholewater_cyanotoxins,Vick-Majors_Keweenaw_Bay_KB_20.02.2022_17.5_wholewater_cyanotoxins_A,MC-HilR_ppb,ND,
Vick-Majors,Keweenaw_Bay_KB,17.5,wholewater_cyanotoxins,Vick-Majors_Keweenaw_Bay_KB_20.02.2022_17.5_wholewater_cyanotoxins_A,MC-WR_ppb,ND,
Vick-Majors,Keweenaw_Bay_KB,17.5,wholewater_cyanotoxins,Vick-Majors_Keweenaw_Bay_KB_20.02.2022_17.5_wholewater_cyanotoxins_A,MC-LA_ppb,ND,
Vick-Majors,Keweenaw_Bay_KB,17.5,wholewater_cyanotoxins,Vick-Majors_Keweenaw_Bay_KB_20.02.2022_17.5_wholewater_cyanotoxins_A,MC-LY_ppb,ND,
Vick-Majors,Keweenaw_Bay_KB,17.5,wholewater_cyanotoxins,Vick-Majors_Keweenaw_Bay_KB_20.02.2022_17.5_wholewater_cyanotoxins_A,MC-LW_ppb,ND,
Vick-Majors,Keweenaw_Bay_KB,17.5,wholewater_cyanotoxins,Vick-Majors_Keweenaw_Bay_KB_20.02.2022_17.5_wholewater_cyanotoxins_A,MC-LF_ppb,ND,
Vick-Majors,Keweenaw_Bay_KB,17.5,wholewater_cyanotoxins,Vick-Majors_Keweenaw_Bay_KB_20.02.2022_17.5_wholewater_cyanotoxins_A,AnabaenopeptinB_ppb,ND,
Vick-Majors,Keweenaw_Bay_KB,17.5,wholewater_cyanotoxins,Vick-Majors_Keweenaw_Bay_KB_20.02.2022_17.5_wholewater_cyanotoxins_A,AnabaenopeptinF_ppb,ND,
Vick-Majors,Keweenaw_Bay_KB,17.5,wholewater_cyanotoxins,Vick-Majors_Keweenaw_Bay_KB_20.02.2022_17.5_wholewater_cyanotoxins_A,AnabaenopeptinA_ppb,ND,
Vick-Majors,Keweenaw_Bay_KB,17.5,wholewater_cyanotoxins,Vick-Majors_Keweenaw_Bay_KB_20.02.2022_17.5_wholewater_cyanotoxins_A,OscillamideY_ppb,ND,
Vick-Majors,Keweenaw_Bay_KB,17.5,wholewater_cyanotoxins,Vick-Majors_Keweenaw_Bay_KB_20.02.2022_17.5_wholewater_cyanotoxins_A,Nodularin_ppb,ND,
Vick-Majors,Keweenaw_Bay_KB,17.5,wholewater_cyanotoxins,Vick-Majors_Keweenaw_Bay_KB_20.02.2022_17.5_wholewater_cyanotoxins_A,Dihydroanatoxin_ppb,ND,
Vick-Majors,Keweenaw_Bay_KB,17.5,wholewater_cyanotoxins,Vick-Majors_Keweenaw_Bay_KB_20.02.2022_17.5_wholewater_cyanotoxins_A,Anatoxin-a_ppb,ND,
Vick-Majors,Keweenaw_Bay_KB,17.5,wholewater_cyanotoxins,Vick-Majors_Keweenaw_Bay_KB_20.02.2022_17.5_wholewater_cyanotoxins_A,Homoanatoxin-a_ppb,ND,
Vick-Majors,Keweenaw_Bay_KB,17.5,wholewater_cyanotoxins,Vick-Majors_Keweenaw_Bay_KB_20.02.2022_17.5_wholewater_cyanotoxins_A,Cylindrospermopsin_ppb,ND,
Vick-Majors,Keweenaw_Bay_KB,17.5,wholewater_cyanotoxins,Vick-Majors_Keweenaw_Bay_KB_20.02.2022_17.5_wholewater_cyanotoxins_A,7-epi-Cylindrospermopsin_ppb,ND,
Vick-Majors,Keweenaw_Bay_KB,17.5,wholewater_cyanotoxins,Vick-Majors_Keweenaw_Bay_KB_20.02.2022_17.5_wholewater_cyanotoxins_A,7-deoxy-Cylindrospermopsin_ppb,ND,
Vick-Majors,Keweenaw_Bay_KB,1,wholewater_cyanotoxins,Vick-Majors_Keweenaw_Bay_KB_20.02.2022_1_wholewater_cyanotoxins_A,D-Asp3-Dhb7-RR_ppb,ND,
Vick-Majors,Keweenaw_Bay_KB,1,wholewater_cyanotoxins,Vick-Majors_Keweenaw_Bay_KB_20.02.2022_1_wholewater_cyanotoxins_A,MC-RR_ppb,ND,
Vick-Majors,Keweenaw_Bay_KB,1,wholewater_cyanotoxins,Vick-Majors_Keweenaw_Bay_KB_20.02.2022_1_wholewater_cyanotoxins_A,MC-YR_ppb,ND,
Vick-Majors,Keweenaw_Bay_KB,1,wholewater_cyanotoxins,Vick-Majors_Keweenaw_Bay_KB_20.02.2022_1_wholewater_cyanotoxins_A,MC-HtyR_ppb,ND,
Vick-Majors,Keweenaw_Bay_KB,1,wholewater_cyanotoxins,Vick-Majors_Keweenaw_Bay_KB_20.02.2022_1_wholewater_cyanotoxins_A,MC-LR_ppb,ND,
Vick-Majors,Keweenaw_Bay_KB,1,wholewater_cyanotoxins,Vick-Majors_Keweenaw_Bay_KB_20.02.2022_1_wholewater_cyanotoxins_A,MC-Dha-LR_ppb,ND,
Vick-Majors,Keweenaw_Bay_KB,1,wholewater_cyanotoxins,Vick-Majors_Keweenaw_Bay_KB_20.02.2022_1_wholewater_cyanotoxins_A,MC-D-Asp3-LR_ppb,ND,
Vick-Majors,Keweenaw_Bay_KB,1,wholewater_cyanotoxins,Vick-Majors_Keweenaw_Bay_KB_20.02.2022_1_wholewater_cyanotoxins_A,MC-Leu1-LR_ppb,ND,
Vick-Majors,Keweenaw_Bay_KB,1,wholewater_cyanotoxins,Vick-Majors_Keweenaw_Bay_KB_20.02.2022_1_wholewater_cyanotoxins_A,MC-HilR_ppb,ND,
Vick-Majors,Keweenaw_Bay_KB,1,wholewater_cyanotoxins,Vick-Majors_Keweenaw_Bay_KB_20.02.2022_1_wholewater_cyanotoxins_A,MC-WR_ppb,ND,
Vick-Majors,Keweenaw_Bay_KB,1,wholewater_cyanotoxins,Vick-Majors_Keweenaw_Bay_KB_20.02.2022_1_wholewater_cyanotoxins_A,MC-LA_ppb,ND,
Vick-Majors,Keweenaw_Bay_KB,1,wholewater_cyanotoxins,Vick-Majors_Keweenaw_Bay_KB_20.02.2022_1_wholewater_cyanotoxins_A,MC-LY_ppb,ND,
Vick-Majors,Keweenaw_Bay_KB,1,wholewater_cyanotoxins,Vick-Majors_Keweenaw_Bay_KB_20.02.2022_1_wholewater_cyanotoxins_A,MC-LW_ppb,ND,
Vick-Majors,Keweenaw_Bay_KB,1,wholewater_cyanotoxins,Vick-Majors_Keweenaw_Bay_KB_20.02.2022_1_wholewater_cyanotoxins_A,MC-LF_ppb,ND,
Vick-Majors,Keweenaw_Bay_KB,1,wholewater_cyanotoxins,Vick-Majors_Keweenaw_Bay_KB_20.02.2022_1_wholewater_cyanotoxins_A,AnabaenopeptinB_ppb,ND,
Vick-Majors,Keweenaw_Bay_KB,1,wholewater_cyanotoxins,Vick-Majors_Keweenaw_Bay_KB_20.02.2022_1_wholewater_cyanotoxins_A,AnabaenopeptinF_ppb,ND,
Vick-Majors,Keweenaw_Bay_KB,1,wholewater_cyanotoxins,Vick-Majors_Keweenaw_Bay_KB_20.02.2022_1_wholewater_cyanotoxins_A,AnabaenopeptinA_ppb,ND,
Vick-Majors,Keweenaw_Bay_KB,1,wholewater_cyanotoxins,Vick-Majors_Keweenaw_Bay_KB_20.02.2022_1_wholewater_cyanotoxins_A,OscillamideY_ppb,ND,
Vick-Majors,Keweenaw_Bay_KB,1,wholewater_cyanotoxins,Vick-Majors_Keweenaw_Bay_KB_20.02.2022_1_wholewater_cyanotoxins_A,Nodularin_ppb,ND,
Vick-Majors,Keweenaw_Bay_KB,1,wholewater_cyanotoxins,Vick-Majors_Keweenaw_Bay_KB_20.02.2022_1_wholewater_cyanotoxins_A,Dihydroanatoxin_ppb,ND,
Vick-Majors,Keweenaw_Bay_KB,1,wholewater_cyanotoxins,Vick-Majors_Keweenaw_Bay_KB_20.02.2022_1_wholewater_cyanotoxins_A,Anatoxin-a_ppb,ND,
Vick-Majors,Keweenaw_Bay_KB,1,wholewater_cyanotoxins,Vick-Majors_Keweenaw_Bay_KB_20.02.2022_1_wholewater_cyanotoxins_A,Homoanatoxin-a_ppb,ND,
Vick-Majors,Keweenaw_Bay_KB,1,wholewater_cyanotoxins,Vick-Majors_Keweenaw_Bay_KB_20.02.2022_1_wholewater_cyanotoxins_A,Cylindrospermopsin_ppb,ND,
Vick-Majors,Keweenaw_Bay_KB,1,wholewater_cyanotoxins,Vick-Majors_Keweenaw_Bay_KB_20.02.2022_1_wholewater_cyanotoxins_A,7-epi-Cylindrospermopsin_ppb,ND,
Vick-Majors,Keweenaw_Bay_KB,1,wholewater_cyanotoxins,Vick-Majors_Keweenaw_Bay_KB_20.02.2022_1_wholewater_cyanotoxins_A,7-deoxy-Cylindrospermopsin_ppb,ND,
Doubek,Saint_Martin_Bay_SM-LH,8.5,wholewater_cyanotoxins,Doubek_Saint_Martin_Bay_SM-LH_17.02.2022_8.5_wholewater_cyanotoxins_A,D-Asp3-Dhb7-RR_ppb,ND,
Doubek,Saint_Martin_Bay_SM-LH,8.5,wholewater_cyanotoxins,Doubek_Saint_Martin_Bay_SM-LH_17.02.2022_8.5_wholewater_cyanotoxins_A,MC-RR_ppb,ND,
Doubek,Saint_Martin_Bay_SM-LH,8.5,wholewater_cyanotoxins,Doubek_Saint_Martin_Bay_SM-LH_17.02.2022_8.5_wholewater_cyanotoxins_A,MC-YR_ppb,ND,
Doubek,Saint_Martin_Bay_SM-LH,8.5,wholewater_cyanotoxins,Doubek_Saint_Martin_Bay_SM-LH_17.02.2022_8.5_wholewater_cyanotoxins_A,MC-HtyR_ppb,ND,
Doubek,Saint_Martin_Bay_SM-LH,8.5,wholewater_cyanotoxins,Doubek_Saint_Martin_Bay_SM-LH_17.02.2022_8.5_wholewater_cyanotoxins_A,MC-LR_ppb,ND,
Doubek,Saint_Martin_Bay_SM-LH,8.5,wholewater_cyanotoxins,Doubek_Saint_Martin_Bay_SM-LH_17.02.2022_8.5_wholewater_cyanotoxins_A,MC-Dha-LR_ppb,ND,
Doubek,Saint_Martin_Bay_SM-LH,8.5,wholewater_cyanotoxins,Doubek_Saint_Martin_Bay_SM-LH_17.02.2022_8.5_wholewater_cyanotoxins_A,MC-D-Asp3-LR_ppb,ND,
Doubek,Saint_Martin_Bay_SM-LH,8.5,wholewater_cyanotoxins,Doubek_Saint_Martin_Bay_SM-LH_17.02.2022_8.5_wholewater_cyanotoxins_A,MC-Leu1-LR_ppb,ND,
Doubek,Saint_Martin_Bay_SM-LH,8.5,wholewater_cyanotoxins,Doubek_Saint_Martin_Bay_SM-LH_17.02.2022_8.5_wholewater_cyanotoxins_A,MC-HilR_ppb,ND,
Doubek,Saint_Martin_Bay_SM-LH,8.5,wholewater_cyanotoxins,Doubek_Saint_Martin_Bay_SM-LH_17.02.2022_8.5_wholewater_cyanotoxins_A,MC-WR_ppb,ND,
Doubek,Saint_Martin_Bay_SM-LH,8.5,wholewater_cyanotoxins,Doubek_Saint_Martin_Bay_SM-LH_17.02.2022_8.5_wholewater_cyanotoxins_A,MC-LA_ppb,ND,
Doubek,Saint_Martin_Bay_SM-LH,8.5,wholewater_cyanotoxins,Doubek_Saint_Martin_Bay_SM-LH_17.02.2022_8.5_wholewater_cyanotoxins_A,MC-LY_ppb,ND,
Doubek,Saint_Martin_Bay_SM-LH,8.5,wholewater_cyanotoxins,Doubek_Saint_Martin_Bay_SM-LH_17.02.2022_8.5_wholewater_cyanotoxins_A,MC-LW_ppb,ND,
Doubek,Saint_Martin_Bay_SM-LH,8.5,wholewater_cyanotoxins,Doubek_Saint_Martin_Bay_SM-LH_17.02.2022_8.5_wholewater_cyanotoxins_A,MC-LF_ppb,ND,
Doubek,Saint_Martin_Bay_SM-LH,8.5,wholewater_cyanotoxins,Doubek_Saint_Martin_Bay_SM-LH_17.02.2022_8.5_wholewater_cyanotoxins_A,AnabaenopeptinB_ppb,ND,
Doubek,Saint_Martin_Bay_SM-LH,8.5,wholewater_cyanotoxins,Doubek_Saint_Martin_Bay_SM-LH_17.02.2022_8.5_wholewater_cyanotoxins_A,AnabaenopeptinF_ppb,ND,
Doubek,Saint_Martin_Bay_SM-LH,8.5,wholewater_cyanotoxins,Doubek_Saint_Martin_Bay_SM-LH_17.02.2022_8.5_wholewater_cyanotoxins_A,AnabaenopeptinA_ppb,ND,
Doubek,Saint_Martin_Bay_SM-LH,8.5,wholewater_cyanotoxins,Doubek_Saint_Martin_Bay_SM-LH_17.02.2022_8.5_wholewater_cyanotoxins_A,OscillamideY_ppb,ND,
Doubek,Saint_Martin_Bay_SM-LH,8.5,wholewater_cyanotoxins,Doubek_Saint_Martin_Bay_SM-LH_17.02.2022_8.5_wholewater_cyanotoxins_A,Nodularin_ppb,ND,
Doubek,Saint_Martin_Bay_SM-LH,8.5,wholewater_cyanotoxins,Doubek_Saint_Martin_Bay_SM-LH_17.02.2022_8.5_wholewater_cyanotoxins_A,Dihydroanatoxin_ppb,ND,
Doubek,Saint_Martin_Bay_SM-LH,8.5,wholewater_cyanotoxins,Doubek_Saint_Martin_Bay_SM-LH_17.02.2022_8.5_wholewater_cyanotoxins_A,Anatoxin-a_ppb,ND,
Doubek,Saint_Martin_Bay_SM-LH,8.5,wholewater_cyanotoxins,Doubek_Saint_Martin_Bay_SM-LH_17.02.2022_8.5_wholewater_cyanotoxins_A,Homoanatoxin-a_ppb,ND,
Doubek,Saint_Martin_Bay_SM-LH,8.5,wholewater_cyanotoxins,Doubek_Saint_Martin_Bay_SM-LH_17.02.2022_8.5_wholewater_cyanotoxins_A,Cylindrospermopsin_ppb,ND,
Doubek,Saint_Martin_Bay_SM-LH,8.5,wholewater_cyanotoxins,Doubek_Saint_Martin_Bay_SM-LH_17.02.2022_8.5_wholewater_cyanotoxins_A,7-epi-Cylindrospermopsin_ppb,ND,
Doubek,Saint_Martin_Bay_SM-LH,8.5,wholewater_cyanotoxins,Doubek_Saint_Martin_Bay_SM-LH_17.02.2022_8.5_wholewater_cyanotoxins_A,7-deoxy-Cylindrospermopsin_ppb,ND,
Doubek,Saint_Martin_Bay_SM-LH,0,wholewater_cyanotoxins,Doubek_Saint_Martin_Bay_SM-LH_17.02.2022_0_wholewater_cyanotoxins_A,D-Asp3-Dhb7-RR_ppb,ND,
Doubek,Saint_Martin_Bay_SM-LH,0,wholewater_cyanotoxins,Doubek_Saint_Martin_Bay_SM-LH_17.02.2022_0_wholewater_cyanotoxins_A,MC-RR_ppb,ND,
Doubek,Saint_Martin_Bay_SM-LH,0,wholewater_cyanotoxins,Doubek_Saint_Martin_Bay_SM-LH_17.02.2022_0_wholewater_cyanotoxins_A,MC-YR_ppb,ND,
Doubek,Saint_Martin_Bay_SM-LH,0,wholewater_cyanotoxins,Doubek_Saint_Martin_Bay_SM-LH_17.02.2022_0_wholewater_cyanotoxins_A,MC-HtyR_ppb,ND,
Doubek,Saint_Martin_Bay_SM-LH,0,wholewater_cyanotoxins,Doubek_Saint_Martin_Bay_SM-LH_17.02.2022_0_wholewater_cyanotoxins_A,MC-LR_ppb,ND,
Doubek,Saint_Martin_Bay_SM-LH,0,wholewater_cyanotoxins,Doubek_Saint_Martin_Bay_SM-LH_17.02.2022_0_wholewater_cyanotoxins_A,MC-Dha-LR_ppb,ND,
Doubek,Saint_Martin_Bay_SM-LH,0,wholewater_cyanotoxins,Doubek_Saint_Martin_Bay_SM-LH_17.02.2022_0_wholewater_cyanotoxins_A,MC-D-Asp3-LR_ppb,ND,
Doubek,Saint_Martin_Bay_SM-LH,0,wholewater_cyanotoxins,Doubek_Saint_Martin_Bay_SM-LH_17.02.2022_0_wholewater_cyanotoxins_A,MC-Leu1-LR_ppb,ND,
Doubek,Saint_Martin_Bay_SM-LH,0,wholewater_cyanotoxins,Doubek_Saint_Martin_Bay_SM-LH_17.02.2022_0_wholewater_cyanotoxins_A,MC-HilR_ppb,ND,
Doubek,Saint_Martin_Bay_SM-LH,0,wholewater_cyanotoxins,Doubek_Saint_Martin_Bay_SM-LH_17.02.2022_0_wholewater_cyanotoxins_A,MC-WR_ppb,ND,
Doubek,Saint_Martin_Bay_SM-LH,0,wholewater_cyanotoxins,Doubek_Saint_Martin_Bay_SM-LH_17.02.2022_0_wholewater_cyanotoxins_A,MC-LA_ppb,ND,
Doubek,Saint_Martin_Bay_SM-LH,0,wholewater_cyanotoxins,Doubek_Saint_Martin_Bay_SM-LH_17.02.2022_0_wholewater_cyanotoxins_A,MC-LY_ppb,ND,
Doubek,Saint_Martin_Bay_SM-LH,0,wholewater_cyanotoxins,Doubek_Saint_Martin_Bay_SM-LH_17.02.2022_0_wholewater_cyanotoxins_A,MC-LW_ppb,ND,
Doubek,Saint_Martin_Bay_SM-LH,0,wholewater_cyanotoxins,Doubek_Saint_Martin_Bay_SM-LH_17.02.2022_0_wholewater_cyanotoxins_A,MC-LF_ppb,ND,
Doubek,Saint_Martin_Bay_SM-LH,0,wholewater_cyanotoxins,Doubek_Saint_Martin_Bay_SM-LH_17.02.2022_0_wholewater_cyanotoxins_A,AnabaenopeptinB_ppb,ND,
Doubek,Saint_Martin_Bay_SM-LH,0,wholewater_cyanotoxins,Doubek_Saint_Martin_Bay_SM-LH_17.02.2022_0_wholewater_cyanotoxins_A,AnabaenopeptinF_ppb,ND,
Doubek,Saint_Martin_Bay_SM-LH,0,wholewater_cyanotoxins,Doubek_Saint_Martin_Bay_SM-LH_17.02.2022_0_wholewater_cyanotoxins_A,AnabaenopeptinA_ppb,ND,
Doubek,Saint_Martin_Bay_SM-LH,0,wholewater_cyanotoxins,Doubek_Saint_Martin_Bay_SM-LH_17.02.2022_0_wholewater_cyanotoxins_A,OscillamideY_ppb,ND,
Doubek,Saint_Martin_Bay_SM-LH,0,wholewater_cyanotoxins,Doubek_Saint_Martin_Bay_SM-LH_17.02.2022_0_wholewater_cyanotoxins_A,Nodularin_ppb,ND,
Doubek,Saint_Martin_Bay_SM-LH,0,wholewater_cyanotoxins,Doubek_Saint_Martin_Bay_SM-LH_17.02.2022_0_wholewater_cyanotoxins_A,Dihydroanatoxin_ppb,ND,
Doubek,Saint_Martin_Bay_SM-LH,0,wholewater_cyanotoxins,Doubek_Saint_Martin_Bay_SM-LH_17.02.2022_0_wholewater_cyanotoxins_A,Anatoxin-a_ppb,ND,
Doubek,Saint_Martin_Bay_SM-LH,0,wholewater_cyanotoxins,Doubek_Saint_Martin_Bay_SM-LH_17.02.2022_0_wholewater_cyanotoxins_A,Homoanatoxin-a_ppb,ND,
Doubek,Saint_Martin_Bay_SM-LH,0,wholewater_cyanotoxins,Doubek_Saint_Martin_Bay_SM-LH_17.02.2022_0_wholewater_cyanotoxins_A,Cylindrospermopsin_ppb,ND,
Doubek,Saint_Martin_Bay_SM-LH,0,wholewater_cyanotoxins,Doubek_Saint_Martin_Bay_SM-LH_17.02.2022_0_wholewater_cyanotoxins_A,7-epi-Cylindrospermopsin_ppb,ND,
Doubek,Saint_Martin_Bay_SM-LH,0,wholewater_cyanotoxins,Doubek_Saint_Martin_Bay_SM-LH_17.02.2022_0_wholewater_cyanotoxins_A,7-deoxy-Cylindrospermopsin_ppb,ND,
Rennie,Silver_Harbour_Thunder_Bay,10,wholewater_cyanotoxins,Rennie_Silver_Harbour_Thunder_Bay_19.02.2022_10_wholewater_cyanotoxins_A,D-Asp3-Dhb7-RR_ppb,ND,
Rennie,Silver_Harbour_Thunder_Bay,10,wholewater_cyanotoxins,Rennie_Silver_Harbour_Thunder_Bay_19.02.2022_10_wholewater_cyanotoxins_A,MC-RR_ppb,ND,
Rennie,Silver_Harbour_Thunder_Bay,10,wholewater_cyanotoxins,Rennie_Silver_Harbour_Thunder_Bay_19.02.2022_10_wholewater_cyanotoxins_A,MC-YR_ppb,ND,
Rennie,Silver_Harbour_Thunder_Bay,10,wholewater_cyanotoxins,Rennie_Silver_Harbour_Thunder_Bay_19.02.2022_10_wholewater_cyanotoxins_A,MC-HtyR_ppb,ND,
Rennie,Silver_Harbour_Thunder_Bay,10,wholewater_cyanotoxins,Rennie_Silver_Harbour_Thunder_Bay_19.02.2022_10_wholewater_cyanotoxins_A,MC-LR_ppb,ND,
Rennie,Silver_Harbour_Thunder_Bay,10,wholewater_cyanotoxins,Rennie_Silver_Harbour_Thunder_Bay_19.02.2022_10_wholewater_cyanotoxins_A,MC-Dha-LR_ppb,ND,
Rennie,Silver_Harbour_Thunder_Bay,10,wholewater_cyanotoxins,Rennie_Silver_Harbour_Thunder_Bay_19.02.2022_10_wholewater_cyanotoxins_A,MC-D-Asp3-LR_ppb,ND,
Rennie,Silver_Harbour_Thunder_Bay,10,wholewater_cyanotoxins,Rennie_Silver_Harbour_Thunder_Bay_19.02.2022_10_wholewater_cyanotoxins_A,MC-Leu1-LR_ppb,ND,
Rennie,Silver_Harbour_Thunder_Bay,10,wholewater_cyanotoxins,Rennie_Silver_Harbour_Thunder_Bay_19.02.2022_10_wholewater_cyanotoxins_A,MC-HilR_ppb,ND,
Rennie,Silver_Harbour_Thunder_Bay,10,wholewater_cyanotoxins,Rennie_Silver_Harbour_Thunder_Bay_19.02.2022_10_wholewater_cyanotoxins_A,MC-WR_ppb,ND,
Rennie,Silver_Harbour_Thunder_Bay,10,wholewater_cyanotoxins,Rennie_Silver_Harbour_Thunder_Bay_19.02.2022_10_wholewater_cyanotoxins_A,MC-LA_ppb,ND,
Rennie,Silver_Harbour_Thunder_Bay,10,wholewater_cyanotoxins,Rennie_Silver_Harbour_Thunder_Bay_19.02.2022_10_wholewater_cyanotoxins_A,MC-LY_ppb,ND,
Rennie,Silver_Harbour_Thunder_Bay,10,wholewater_cyanotoxins,Rennie_Silver_Harbour_Thunder_Bay_19.02.2022_10_wholewater_cyanotoxins_A,MC-LW_ppb,ND,
Rennie,Silver_Harbour_Thunder_Bay,10,wholewater_cyanotoxins,Rennie_Silver_Harbour_Thunder_Bay_19.02.2022_10_wholewater_cyanotoxins_A,MC-LF_ppb,ND,
Rennie,Silver_Harbour_Thunder_Bay,10,wholewater_cyanotoxins,Rennie_Silver_Harbour_Thunder_Bay_19.02.2022_10_wholewater_cyanotoxins_A,AnabaenopeptinB_ppb,ND,
Rennie,Silver_Harbour_Thunder_Bay,10,wholewater_cyanotoxins,Rennie_Silver_Harbour_Thunder_Bay_19.02.2022_10_wholewater_cyanotoxins_A,AnabaenopeptinF_ppb,ND,
Rennie,Silver_Harbour_Thunder_Bay,10,wholewater_cyanotoxins,Rennie_Silver_Harbour_Thunder_Bay_19.02.2022_10_wholewater_cyanotoxins_A,AnabaenopeptinA_ppb,ND,
Rennie,Silver_Harbour_Thunder_Bay,10,wholewater_cyanotoxins,Rennie_Silver_Harbour_Thunder_Bay_19.02.2022_10_wholewater_cyanotoxins_A,OscillamideY_ppb,ND,
Rennie,Silver_Harbour_Thunder_Bay,10,wholewater_cyanotoxins,Rennie_Silver_Harbour_Thunder_Bay_19.02.2022_10_wholewater_cyanotoxins_A,Nodularin_ppb,ND,
Rennie,Silver_Harbour_Thunder_Bay,10,wholewater_cyanotoxins,Rennie_Silver_Harbour_Thunder_Bay_19.02.2022_10_wholewater_cyanotoxins_A,Dihydroanatoxin_ppb,ND,
Rennie,Silver_Harbour_Thunder_Bay,10,wholewater_cyanotoxins,Rennie_Silver_Harbour_Thunder_Bay_19.02.2022_10_wholewater_cyanotoxins_A,Anatoxin-a_ppb,ND,
Rennie,Silver_Harbour_Thunder_Bay,10,wholewater_cyanotoxins,Rennie_Silver_Harbour_Thunder_Bay_19.02.2022_10_wholewater_cyanotoxins_A,Homoanatoxin-a_ppb,ND,
Rennie,Silver_Harbour_Thunder_Bay,10,wholewater_cyanotoxins,Rennie_Silver_Harbour_Thunder_Bay_19.02.2022_10_wholewater_cyanotoxins_A,Cylindrospermopsin_ppb,ND,
Rennie,Silver_Harbour_Thunder_Bay,10,wholewater_cyanotoxins,Rennie_Silver_Harbour_Thunder_Bay_19.02.2022_10_wholewater_cyanotoxins_A,7-epi-Cylindrospermopsin_ppb,ND,
Rennie,Silver_Harbour_Thunder_Bay,10,wholewater_cyanotoxins,Rennie_Silver_Harbour_Thunder_Bay_19.02.2022_10_wholewater_cyanotoxins_A,7-deoxy-Cylindrospermopsin_ppb,ND,
Rennie,Silver_Harbour_Thunder_Bay,0,wholewater_cyanotoxins,Rennie_Silver_Harbour_Thunder_Bay_19.02.2022_0_wholewater_cyanotoxins_A,D-Asp3-Dhb7-RR_ppb,ND,
Rennie,Silver_Harbour_Thunder_Bay,0,wholewater_cyanotoxins,Rennie_Silver_Harbour_Thunder_Bay_19.02.2022_0_wholewater_cyanotoxins_A,MC-RR_ppb,ND,
Rennie,Silver_Harbour_Thunder_Bay,0,wholewater_cyanotoxins,Rennie_Silver_Harbour_Thunder_Bay_19.02.2022_0_wholewater_cyanotoxins_A,MC-YR_ppb,ND,
Rennie,Silver_Harbour_Thunder_Bay,0,wholewater_cyanotoxins,Rennie_Silver_Harbour_Thunder_Bay_19.02.2022_0_wholewater_cyanotoxins_A,MC-HtyR_ppb,ND,
Rennie,Silver_Harbour_Thunder_Bay,0,wholewater_cyanotoxins,Rennie_Silver_Harbour_Thunder_Bay_19.02.2022_0_wholewater_cyanotoxins_A,MC-LR_ppb,ND,
Rennie,Silver_Harbour_Thunder_Bay,0,wholewater_cyanotoxins,Rennie_Silver_Harbour_Thunder_Bay_19.02.2022_0_wholewater_cyanotoxins_A,MC-Dha-LR_ppb,ND,
Rennie,Silver_Harbour_Thunder_Bay,0,wholewater_cyanotoxins,Rennie_Silver_Harbour_Thunder_Bay_19.02.2022_0_wholewater_cyanotoxins_A,MC-D-Asp3-LR_ppb,ND,
Rennie,Silver_Harbour_Thunder_Bay,0,wholewater_cyanotoxins,Rennie_Silver_Harbour_Thunder_Bay_19.02.2022_0_wholewater_cyanotoxins_A,MC-Leu1-LR_ppb,ND,
Rennie,Silver_Harbour_Thunder_Bay,0,wholewater_cyanotoxins,Rennie_Silver_Harbour_Thunder_Bay_19.02.2022_0_wholewater_cyanotoxins_A,MC-HilR_ppb,ND,
Rennie,Silver_Harbour_Thunder_Bay,0,wholewater_cyanotoxins,Rennie_Silver_Harbour_Thunder_Bay_19.02.2022_0_wholewater_cyanotoxins_A,MC-WR_ppb,ND,
Rennie,Silver_Harbour_Thunder_Bay,0,wholewater_cyanotoxins,Rennie_Silver_Harbour_Thunder_Bay_19.02.2022_0_wholewater_cyanotoxins_A,MC-LA_ppb,ND,
Rennie,Silver_Harbour_Thunder_Bay,0,wholewater_cyanotoxins,Rennie_Silver_Harbour_Thunder_Bay_19.02.2022_0_wholewater_cyanotoxins_A,MC-LY_ppb,ND,
Rennie,Silver_Harbour_Thunder_Bay,0,wholewater_cyanotoxins,Rennie_Silver_Harbour_Thunder_Bay_19.02.2022_0_wholewater_cyanotoxins_A,MC-LW_ppb,ND,
Rennie,Silver_Harbour_Thunder_Bay,0,wholewater_cyanotoxins,Rennie_Silver_Harbour_Thunder_Bay_19.02.2022_0_wholewater_cyanotoxins_A,MC-LF_ppb,ND,
Rennie,Silver_Harbour_Thunder_Bay,0,wholewater_cyanotoxins,Rennie_Silver_Harbour_Thunder_Bay_19.02.2022_0_wholewater_cyanotoxins_A,AnabaenopeptinB_ppb,ND,
Rennie,Silver_Harbour_Thunder_Bay,0,wholewater_cyanotoxins,Rennie_Silver_Harbour_Thunder_Bay_19.02.2022_0_wholewater_cyanotoxins_A,AnabaenopeptinF_ppb,ND,
Rennie,Silver_Harbour_Thunder_Bay,0,wholewater_cyanotoxins,Rennie_Silver_Harbour_Thunder_Bay_19.02.2022_0_wholewater_cyanotoxins_A,AnabaenopeptinA_ppb,ND,
Rennie,Silver_Harbour_Thunder_Bay,0,wholewater_cyanotoxins,Rennie_Silver_Harbour_Thunder_Bay_19.02.2022_0_wholewater_cyanotoxins_A,OscillamideY_ppb,ND,
Rennie,Silver_Harbour_Thunder_Bay,0,wholewater_cyanotoxins,Rennie_Silver_Harbour_Thunder_Bay_19.02.2022_0_wholewater_cyanotoxins_A,Nodularin_ppb,ND,
Rennie,Silver_Harbour_Thunder_Bay,0,wholewater_cyanotoxins,Rennie_Silver_Harbour_Thunder_Bay_19.02.2022_0_wholewater_cyanotoxins_A,Dihydroanatoxin_ppb,ND,
Rennie,Silver_Harbour_Thunder_Bay,0,wholewater_cyanotoxins,Rennie_Silver_Harbour_Thunder_Bay_19.02.2022_0_wholewater_cyanotoxins_A,Anatoxin-a_ppb,ND,
Rennie,Silver_Harbour_Thunder_Bay,0,wholewater_cyanotoxins,Rennie_Silver_Harbour_Thunder_Bay_19.02.2022_0_wholewater_cyanotoxins_A,Homoanatoxin-a_ppb,ND,
Rennie,Silver_Harbour_Thunder_Bay,0,wholewater_cyanotoxins,Rennie_Silver_Harbour_Thunder_Bay_19.02.2022_0_wholewater_cyanotoxins_A,Cylindrospermopsin_ppb,ND,
Rennie,Silver_Harbour_Thunder_Bay,0,wholewater_cyanotoxins,Rennie_Silver_Harbour_Thunder_Bay_19.02.2022_0_wholewater_cyanotoxins_A,7-epi-Cylindrospermopsin_ppb,ND,
Rennie,Silver_Harbour_Thunder_Bay,0,wholewater_cyanotoxins,Rennie_Silver_Harbour_Thunder_Bay_19.02.2022_0_wholewater_cyanotoxins_A,7-deoxy-Cylindrospermopsin_ppb,ND,
Karpovich,Saginaw_River,1,wholewater_cyanotoxins,Karpovich_Saginaw_River_16.02.2022_1_wholewater_cyanotoxins_A,D-Asp3-Dhb7-RR_ppb,ND,
Karpovich,Saginaw_River,1,wholewater_cyanotoxins,Karpovich_Saginaw_River_16.02.2022_1_wholewater_cyanotoxins_A,MC-RR_ppb,ND,
Karpovich,Saginaw_River,1,wholewater_cyanotoxins,Karpovich_Saginaw_River_16.02.2022_1_wholewater_cyanotoxins_A,MC-YR_ppb,ND,
Karpovich,Saginaw_River,1,wholewater_cyanotoxins,Karpovich_Saginaw_River_16.02.2022_1_wholewater_cyanotoxins_A,MC-HtyR_ppb,ND,
Karpovich,Saginaw_River,1,wholewater_cyanotoxins,Karpovich_Saginaw_River_16.02.2022_1_wholewater_cyanotoxins_A,MC-LR_ppb,ND,
Karpovich,Saginaw_River,1,wholewater_cyanotoxins,Karpovich_Saginaw_River_16.02.2022_1_wholewater_cyanotoxins_A,MC-Dha-LR_ppb,ND,
Karpovich,Saginaw_River,1,wholewater_cyanotoxins,Karpovich_Saginaw_River_16.02.2022_1_wholewater_cyanotoxins_A,MC-D-Asp3-LR_ppb,ND,
Karpovich,Saginaw_River,1,wholewater_cyanotoxins,Karpovich_Saginaw_River_16.02.2022_1_wholewater_cyanotoxins_A,MC-Leu1-LR_ppb,ND,
Karpovich,Saginaw_River,1,wholewater_cyanotoxins,Karpovich_Saginaw_River_16.02.2022_1_wholewater_cyanotoxins_A,MC-HilR_ppb,ND,
Karpovich,Saginaw_River,1,wholewater_cyanotoxins,Karpovich_Saginaw_River_16.02.2022_1_wholewater_cyanotoxins_A,MC-WR_ppb,ND,
Karpovich,Saginaw_River,1,wholewater_cyanotoxins,Karpovich_Saginaw_River_16.02.2022_1_wholewater_cyanotoxins_A,MC-LA_ppb,ND,
Karpovich,Saginaw_River,1,wholewater_cyanotoxins,Karpovich_Saginaw_River_16.02.2022_1_wholewater_cyanotoxins_A,MC-LY_ppb,ND,
Karpovich,Saginaw_River,1,wholewater_cyanotoxins,Karpovich_Saginaw_River_16.02.2022_1_wholewater_cyanotoxins_A,MC-LW_ppb,ND,
Karpovich,Saginaw_River,1,wholewater_cyanotoxins,Karpovich_Saginaw_River_16.02.2022_1_wholewater_cyanotoxins_A,MC-LF_ppb,ND,
Karpovich,Saginaw_River,1,wholewater_cyanotoxins,Karpovich_Saginaw_River_16.02.2022_1_wholewater_cyanotoxins_A,AnabaenopeptinB_ppb,ND,
Karpovich,Saginaw_River,1,wholewater_cyanotoxins,Karpovich_Saginaw_River_16.02.2022_1_wholewater_cyanotoxins_A,AnabaenopeptinF_ppb,ND,
Karpovich,Saginaw_River,1,wholewater_cyanotoxins,Karpovich_Saginaw_River_16.02.2022_1_wholewater_cyanotoxins_A,AnabaenopeptinA_ppb,ND,
Karpovich,Saginaw_River,1,wholewater_cyanotoxins,Karpovich_Saginaw_River_16.02.2022_1_wholewater_cyanotoxins_A,OscillamideY_ppb,ND,
Karpovich,Saginaw_River,1,wholewater_cyanotoxins,Karpovich_Saginaw_River_16.02.2022_1_wholewater_cyanotoxins_A,Nodularin_ppb,ND,
Karpovich,Saginaw_River,1,wholewater_cyanotoxins,Karpovich_Saginaw_River_16.02.2022_1_wholewater_cyanotoxins_A,Dihydroanatoxin_ppb,ND,
Karpovich,Saginaw_River,1,wholewater_cyanotoxins,Karpovich_Saginaw_River_16.02.2022_1_wholewater_cyanotoxins_A,Anatoxin-a_ppb,ND,
Karpovich,Saginaw_River,1,wholewater_cyanotoxins,Karpovich_Saginaw_River_16.02.2022_1_wholewater_cyanotoxins_A,Homoanatoxin-a_ppb,ND,
Karpovich,Saginaw_River,1,wholewater_cyanotoxins,Karpovich_Saginaw_River_16.02.2022_1_wholewater_cyanotoxins_A,Cylindrospermopsin_ppb,ND,
Karpovich,Saginaw_River,1,wholewater_cyanotoxins,Karpovich_Saginaw_River_16.02.2022_1_wholewater_cyanotoxins_A,7-epi-Cylindrospermopsin_ppb,ND,
Karpovich,Saginaw_River,1,wholewater_cyanotoxins,Karpovich_Saginaw_River_16.02.2022_1_wholewater_cyanotoxins_A,7-deoxy-Cylindrospermopsin_ppb,ND,
Zastepa,RW_Ridgeway_Abino_Bay,0.5,wholewater_cyanotoxins,Zastepa_RW_Ridgeway_Abino_Bay_21.02.2022_0.5_wholewater_cyanotoxins_A,D-Asp3-Dhb7-RR_ppb,ND,
Zastepa,RW_Ridgeway_Abino_Bay,0.5,wholewater_cyanotoxins,Zastepa_RW_Ridgeway_Abino_Bay_21.02.2022_0.5_wholewater_cyanotoxins_A,MC-RR_ppb,ND,
Zastepa,RW_Ridgeway_Abino_Bay,0.5,wholewater_cyanotoxins,Zastepa_RW_Ridgeway_Abino_Bay_21.02.2022_0.5_wholewater_cyanotoxins_A,MC-YR_ppb,ND,
Zastepa,RW_Ridgeway_Abino_Bay,0.5,wholewater_cyanotoxins,Zastepa_RW_Ridgeway_Abino_Bay_21.02.2022_0.5_wholewater_cyanotoxins_A,MC-HtyR_ppb,ND,
Zastepa,RW_Ridgeway_Abino_Bay,0.5,wholewater_cyanotoxins,Zastepa_RW_Ridgeway_Abino_Bay_21.02.2022_0.5_wholewater_cyanotoxins_A,MC-LR_ppb,ND,
Zastepa,RW_Ridgeway_Abino_Bay,0.5,wholewater_cyanotoxins,Zastepa_RW_Ridgeway_Abino_Bay_21.02.2022_0.5_wholewater_cyanotoxins_A,MC-Dha-LR_ppb,ND,
Zastepa,RW_Ridgeway_Abino_Bay,0.5,wholewater_cyanotoxins,Zastepa_RW_Ridgeway_Abino_Bay_21.02.2022_0.5_wholewater_cyanotoxins_A,MC-D-Asp3-LR_ppb,ND,
Zastepa,RW_Ridgeway_Abino_Bay,0.5,wholewater_cyanotoxins,Zastepa_RW_Ridgeway_Abino_Bay_21.02.2022_0.5_wholewater_cyanotoxins_A,MC-Leu1-LR_ppb,ND,
Zastepa,RW_Ridgeway_Abino_Bay,0.5,wholewater_cyanotoxins,Zastepa_RW_Ridgeway_Abino_Bay_21.02.2022_0.5_wholewater_cyanotoxins_A,MC-HilR_ppb,ND,
Zastepa,RW_Ridgeway_Abino_Bay,0.5,wholewater_cyanotoxins,Zastepa_RW_Ridgeway_Abino_Bay_21.02.2022_0.5_wholewater_cyanotoxins_A,MC-WR_ppb,ND,
Zastepa,RW_Ridgeway_Abino_Bay,0.5,wholewater_cyanotoxins,Zastepa_RW_Ridgeway_Abino_Bay_21.02.2022_0.5_wholewater_cyanotoxins_A,MC-LA_ppb,ND,
Zastepa,RW_Ridgeway_Abino_Bay,0.5,wholewater_cyanotoxins,Zastepa_RW_Ridgeway_Abino_Bay_21.02.2022_0.5_wholewater_cyanotoxins_A,MC-LY_ppb,ND,
Zastepa,RW_Ridgeway_Abino_Bay,0.5,wholewater_cyanotoxins,Zastepa_RW_Ridgeway_Abino_Bay_21.02.2022_0.5_wholewater_cyanotoxins_A,MC-LW_ppb,ND,
Zastepa,RW_Ridgeway_Abino_Bay,0.5,wholewater_cyanotoxins,Zastepa_RW_Ridgeway_Abino_Bay_21.02.2022_0.5_wholewater_cyanotoxins_A,MC-LF_ppb,ND,
Zastepa,RW_Ridgeway_Abino_Bay,0.5,wholewater_cyanotoxins,Zastepa_RW_Ridgeway_Abino_Bay_21.02.2022_0.5_wholewater_cyanotoxins_A,AnabaenopeptinB_ppb,ND,
Zastepa,RW_Ridgeway_Abino_Bay,0.5,wholewater_cyanotoxins,Zastepa_RW_Ridgeway_Abino_Bay_21.02.2022_0.5_wholewater_cyanotoxins_A,AnabaenopeptinF_ppb,ND,
Zastepa,RW_Ridgeway_Abino_Bay,0.5,wholewater_cyanotoxins,Zastepa_RW_Ridgeway_Abino_Bay_21.02.2022_0.5_wholewater_cyanotoxins_A,AnabaenopeptinA_ppb,ND,
Zastepa,RW_Ridgeway_Abino_Bay,0.5,wholewater_cyanotoxins,Zastepa_RW_Ridgeway_Abino_Bay_21.02.2022_0.5_wholewater_cyanotoxins_A,OscillamideY_ppb,ND,
Zastepa,RW_Ridgeway_Abino_Bay,0.5,wholewater_cyanotoxins,Zastepa_RW_Ridgeway_Abino_Bay_21.02.2022_0.5_wholewater_cyanotoxins_A,Nodularin_ppb,ND,
Zastepa,RW_Ridgeway_Abino_Bay,0.5,wholewater_cyanotoxins,Zastepa_RW_Ridgeway_Abino_Bay_21.02.2022_0.5_wholewater_cyanotoxins_A,Dihydroanatoxin_ppb,ND,
Zastepa,RW_Ridgeway_Abino_Bay,0.5,wholewater_cyanotoxins,Zastepa_RW_Ridgeway_Abino_Bay_21.02.2022_0.5_wholewater_cyanotoxins_A,Anatoxin-a_ppb,ND,
Zastepa,RW_Ridgeway_Abino_Bay,0.5,wholewater_cyanotoxins,Zastepa_RW_Ridgeway_Abino_Bay_21.02.2022_0.5_wholewater_cyanotoxins_A,Homoanatoxin-a_ppb,ND,
Zastepa,RW_Ridgeway_Abino_Bay,0.5,wholewater_cyanotoxins,Zastepa_RW_Ridgeway_Abino_Bay_21.02.2022_0.5_wholewater_cyanotoxins_A,Cylindrospermopsin_ppb,ND,
Zastepa,RW_Ridgeway_Abino_Bay,0.5,wholewater_cyanotoxins,Zastepa_RW_Ridgeway_Abino_Bay_21.02.2022_0.5_wholewater_cyanotoxins_A,7-epi-Cylindrospermopsin_ppb,ND,
Zastepa,RW_Ridgeway_Abino_Bay,0.5,wholewater_cyanotoxins,Zastepa_RW_Ridgeway_Abino_Bay_21.02.2022_0.5_wholewater_cyanotoxins_A,7-deoxy-Cylindrospermopsin_ppb,ND,
Uzarski,Vanderbilt_Park_Saginaw_Bay,0.5,wholewater_cyanotoxins,Uzarski_Vanderbilt_Park_Saginaw_Bay_15.02.2022_0.5_wholewater_cyanotoxins_A,D-Asp3-Dhb7-RR_ppb,ND,
Uzarski,Vanderbilt_Park_Saginaw_Bay,0.5,wholewater_cyanotoxins,Uzarski_Vanderbilt_Park_Saginaw_Bay_15.02.2022_0.5_wholewater_cyanotoxins_A,MC-RR_ppb,ND,
Uzarski,Vanderbilt_Park_Saginaw_Bay,0.5,wholewater_cyanotoxins,Uzarski_Vanderbilt_Park_Saginaw_Bay_15.02.2022_0.5_wholewater_cyanotoxins_A,MC-YR_ppb,ND,
Uzarski,Vanderbilt_Park_Saginaw_Bay,0.5,wholewater_cyanotoxins,Uzarski_Vanderbilt_Park_Saginaw_Bay_15.02.2022_0.5_wholewater_cyanotoxins_A,MC-HtyR_ppb,ND,
Uzarski,Vanderbilt_Park_Saginaw_Bay,0.5,wholewater_cyanotoxins,Uzarski_Vanderbilt_Park_Saginaw_Bay_15.02.2022_0.5_wholewater_cyanotoxins_A,MC-LR_ppb,ND,
Uzarski,Vanderbilt_Park_Saginaw_Bay,0.5,wholewater_cyanotoxins,Uzarski_Vanderbilt_Park_Saginaw_Bay_15.02.2022_0.5_wholewater_cyanotoxins_A,MC-Dha-LR_ppb,ND,
Uzarski,Vanderbilt_Park_Saginaw_Bay,0.5,wholewater_cyanotoxins,Uzarski_Vanderbilt_Park_Saginaw_Bay_15.02.2022_0.5_wholewater_cyanotoxins_A,MC-D-Asp3-LR_ppb,ND,
Uzarski,Vanderbilt_Park_Saginaw_Bay,0.5,wholewater_cyanotoxins,Uzarski_Vanderbilt_Park_Saginaw_Bay_15.02.2022_0.5_wholewater_cyanotoxins_A,MC-Leu1-LR_ppb,ND,
Uzarski,Vanderbilt_Park_Saginaw_Bay,0.5,wholewater_cyanotoxins,Uzarski_Vanderbilt_Park_Saginaw_Bay_15.02.2022_0.5_wholewater_cyanotoxins_A,MC-HilR_ppb,ND,
Uzarski,Vanderbilt_Park_Saginaw_Bay,0.5,wholewater_cyanotoxins,Uzarski_Vanderbilt_Park_Saginaw_Bay_15.02.2022_0.5_wholewater_cyanotoxins_A,MC-WR_ppb,ND,
Uzarski,Vanderbilt_Park_Saginaw_Bay,0.5,wholewater_cyanotoxins,Uzarski_Vanderbilt_Park_Saginaw_Bay_15.02.2022_0.5_wholewater_cyanotoxins_A,MC-LA_ppb,ND,
Uzarski,Vanderbilt_Park_Saginaw_Bay,0.5,wholewater_cyanotoxins,Uzarski_Vanderbilt_Park_Saginaw_Bay_15.02.2022_0.5_wholewater_cyanotoxins_A,MC-LY_ppb,ND,
Uzarski,Vanderbilt_Park_Saginaw_Bay,0.5,wholewater_cyanotoxins,Uzarski_Vanderbilt_Park_Saginaw_Bay_15.02.2022_0.5_wholewater_cyanotoxins_A,MC-LW_ppb,ND,
Uzarski,Vanderbilt_Park_Saginaw_Bay,0.5,wholewater_cyanotoxins,Uzarski_Vanderbilt_Park_Saginaw_Bay_15.02.2022_0.5_wholewater_cyanotoxins_A,MC-LF_ppb,ND,
Uzarski,Vanderbilt_Park_Saginaw_Bay,0.5,wholewater_cyanotoxins,Uzarski_Vanderbilt_Park_Saginaw_Bay_15.02.2022_0.5_wholewater_cyanotoxins_A,AnabaenopeptinB_ppb,ND,
Uzarski,Vanderbilt_Park_Saginaw_Bay,0.5,wholewater_cyanotoxins,Uzarski_Vanderbilt_Park_Saginaw_Bay_15.02.2022_0.5_wholewater_cyanotoxins_A,AnabaenopeptinF_ppb,ND,
Uzarski,Vanderbilt_Park_Saginaw_Bay,0.5,wholewater_cyanotoxins,Uzarski_Vanderbilt_Park_Saginaw_Bay_15.02.2022_0.5_wholewater_cyanotoxins_A,AnabaenopeptinA_ppb,ND,
Uzarski,Vanderbilt_Park_Saginaw_Bay,0.5,wholewater_cyanotoxins,Uzarski_Vanderbilt_Park_Saginaw_Bay_15.02.2022_0.5_wholewater_cyanotoxins_A,OscillamideY_ppb,ND,
Uzarski,Vanderbilt_Park_Saginaw_Bay,0.5,wholewater_cyanotoxins,Uzarski_Vanderbilt_Park_Saginaw_Bay_15.02.2022_0.5_wholewater_cyanotoxins_A,Nodularin_ppb,ND,
Uzarski,Vanderbilt_Park_Saginaw_Bay,0.5,wholewater_cyanotoxins,Uzarski_Vanderbilt_Park_Saginaw_Bay_15.02.2022_0.5_wholewater_cyanotoxins_A,Dihydroanatoxin_ppb,ND,
Uzarski,Vanderbilt_Park_Saginaw_Bay,0.5,wholewater_cyanotoxins,Uzarski_Vanderbilt_Park_Saginaw_Bay_15.02.2022_0.5_wholewater_cyanotoxins_A,Anatoxin-a_ppb,ND,
Uzarski,Vanderbilt_Park_Saginaw_Bay,0.5,wholewater_cyanotoxins,Uzarski_Vanderbilt_Park_Saginaw_Bay_15.02.2022_0.5_wholewater_cyanotoxins_A,Homoanatoxin-a_ppb,ND,
Uzarski,Vanderbilt_Park_Saginaw_Bay,0.5,wholewater_cyanotoxins,Uzarski_Vanderbilt_Park_Saginaw_Bay_15.02.2022_0.5_wholewater_cyanotoxins_A,Cylindrospermopsin_ppb,ND,
Uzarski,Vanderbilt_Park_Saginaw_Bay,0.5,wholewater_cyanotoxins,Uzarski_Vanderbilt_Park_Saginaw_Bay_15.02.2022_0.5_wholewater_cyanotoxins_A,7-epi-Cylindrospermopsin_ppb,ND,
Uzarski,Vanderbilt_Park_Saginaw_Bay,0.5,wholewater_cyanotoxins,Uzarski_Vanderbilt_Park_Saginaw_Bay_15.02.2022_0.5_wholewater_cyanotoxins_A,7-deoxy-Cylindrospermopsin_ppb,ND,
Uzarski,Pinconning_Park_Saginaw_Bay,1,wholewater_cyanotoxins,Uzarski_Pinconning_Park_Saginaw_Bay_15.02.2022_1_wholewater_cyanotoxins_A,D-Asp3-Dhb7-RR_ppb,ND,
Uzarski,Pinconning_Park_Saginaw_Bay,1,wholewater_cyanotoxins,Uzarski_Pinconning_Park_Saginaw_Bay_15.02.2022_1_wholewater_cyanotoxins_A,MC-RR_ppb,ND,
Uzarski,Pinconning_Park_Saginaw_Bay,1,wholewater_cyanotoxins,Uzarski_Pinconning_Park_Saginaw_Bay_15.02.2022_1_wholewater_cyanotoxins_A,MC-YR_ppb,ND,
Uzarski,Pinconning_Park_Saginaw_Bay,1,wholewater_cyanotoxins,Uzarski_Pinconning_Park_Saginaw_Bay_15.02.2022_1_wholewater_cyanotoxins_A,MC-HtyR_ppb,ND,
Uzarski,Pinconning_Park_Saginaw_Bay,1,wholewater_cyanotoxins,Uzarski_Pinconning_Park_Saginaw_Bay_15.02.2022_1_wholewater_cyanotoxins_A,MC-LR_ppb,ND,
Uzarski,Pinconning_Park_Saginaw_Bay,1,wholewater_cyanotoxins,Uzarski_Pinconning_Park_Saginaw_Bay_15.02.2022_1_wholewater_cyanotoxins_A,MC-Dha-LR_ppb,ND,
Uzarski,Pinconning_Park_Saginaw_Bay,1,wholewater_cyanotoxins,Uzarski_Pinconning_Park_Saginaw_Bay_15.02.2022_1_wholewater_cyanotoxins_A,MC-D-Asp3-LR_ppb,ND,
Uzarski,Pinconning_Park_Saginaw_Bay,1,wholewater_cyanotoxins,Uzarski_Pinconning_Park_Saginaw_Bay_15.02.2022_1_wholewater_cyanotoxins_A,MC-Leu1-LR_ppb,ND,
Uzarski,Pinconning_Park_Saginaw_Bay,1,wholewater_cyanotoxins,Uzarski_Pinconning_Park_Saginaw_Bay_15.02.2022_1_wholewater_cyanotoxins_A,MC-HilR_ppb,ND,
Uzarski,Pinconning_Park_Saginaw_Bay,1,wholewater_cyanotoxins,Uzarski_Pinconning_Park_Saginaw_Bay_15.02.2022_1_wholewater_cyanotoxins_A,MC-WR_ppb,ND,
Uzarski,Pinconning_Park_Saginaw_Bay,1,wholewater_cyanotoxins,Uzarski_Pinconning_Park_Saginaw_Bay_15.02.2022_1_wholewater_cyanotoxins_A,MC-LA_ppb,ND,
Uzarski,Pinconning_Park_Saginaw_Bay,1,wholewater_cyanotoxins,Uzarski_Pinconning_Park_Saginaw_Bay_15.02.2022_1_wholewater_cyanotoxins_A,MC-LY_ppb,ND,
Uzarski,Pinconning_Park_Saginaw_Bay,1,wholewater_cyanotoxins,Uzarski_Pinconning_Park_Saginaw_Bay_15.02.2022_1_wholewater_cyanotoxins_A,MC-LW_ppb,ND,
Uzarski,Pinconning_Park_Saginaw_Bay,1,wholewater_cyanotoxins,Uzarski_Pinconning_Park_Saginaw_Bay_15.02.2022_1_wholewater_cyanotoxins_A,MC-LF_ppb,ND,
Uzarski,Pinconning_Park_Saginaw_Bay,1,wholewater_cyanotoxins,Uzarski_Pinconning_Park_Saginaw_Bay_15.02.2022_1_wholewater_cyanotoxins_A,AnabaenopeptinB_ppb,ND,
Uzarski,Pinconning_Park_Saginaw_Bay,1,wholewater_cyanotoxins,Uzarski_Pinconning_Park_Saginaw_Bay_15.02.2022_1_wholewater_cyanotoxins_A,AnabaenopeptinF_ppb,ND,
Uzarski,Pinconning_Park_Saginaw_Bay,1,wholewater_cyanotoxins,Uzarski_Pinconning_Park_Saginaw_Bay_15.02.2022_1_wholewater_cyanotoxins_A,AnabaenopeptinA_ppb,ND,
Uzarski,Pinconning_Park_Saginaw_Bay,1,wholewater_cyanotoxins,Uzarski_Pinconning_Park_Saginaw_Bay_15.02.2022_1_wholewater_cyanotoxins_A,OscillamideY_ppb,ND,
Uzarski,Pinconning_Park_Saginaw_Bay,1,wholewater_cyanotoxins,Uzarski_Pinconning_Park_Saginaw_Bay_15.02.2022_1_wholewater_cyanotoxins_A,Nodularin_ppb,ND,
Uzarski,Pinconning_Park_Saginaw_Bay,1,wholewater_cyanotoxins,Uzarski_Pinconning_Park_Saginaw_Bay_15.02.2022_1_wholewater_cyanotoxins_A,Dihydroanatoxin_ppb,ND,
Uzarski,Pinconning_Park_Saginaw_Bay,1,wholewater_cyanotoxins,Uzarski_Pinconning_Park_Saginaw_Bay_15.02.2022_1_wholewater_cyanotoxins_A,Anatoxin-a_ppb,ND,
Uzarski,Pinconning_Park_Saginaw_Bay,1,wholewater_cyanotoxins,Uzarski_Pinconning_Park_Saginaw_Bay_15.02.2022_1_wholewater_cyanotoxins_A,Homoanatoxin-a_ppb,ND,
Uzarski,Pinconning_Park_Saginaw_Bay,1,wholewater_cyanotoxins,Uzarski_Pinconning_Park_Saginaw_Bay_15.02.2022_1_wholewater_cyanotoxins_A,Cylindrospermopsin_ppb,ND,
Uzarski,Pinconning_Park_Saginaw_Bay,1,wholewater_cyanotoxins,Uzarski_Pinconning_Park_Saginaw_Bay_15.02.2022_1_wholewater_cyanotoxins_A,7-epi-Cylindrospermopsin_ppb,ND,
Uzarski,Pinconning_Park_Saginaw_Bay,1,wholewater_cyanotoxins,Uzarski_Pinconning_Park_Saginaw_Bay_15.02.2022_1_wholewater_cyanotoxins_A,7-deoxy-Cylindrospermopsin_ppb,ND,
Currie,Bronte_Pier,0,wholewater_cyanotoxins,Currie_Bronte_Pier_22.02.2022_0_wholewater_cyanotoxins_A,D-Asp3-Dhb7-RR_ppb,ND,
Currie,Bronte_Pier,0,wholewater_cyanotoxins,Currie_Bronte_Pier_22.02.2022_0_wholewater_cyanotoxins_A,MC-RR_ppb,ND,
Currie,Bronte_Pier,0,wholewater_cyanotoxins,Currie_Bronte_Pier_22.02.2022_0_wholewater_cyanotoxins_A,MC-YR_ppb,ND,
Currie,Bronte_Pier,0,wholewater_cyanotoxins,Currie_Bronte_Pier_22.02.2022_0_wholewater_cyanotoxins_A,MC-HtyR_ppb,ND,
Currie,Bronte_Pier,0,wholewater_cyanotoxins,Currie_Bronte_Pier_22.02.2022_0_wholewater_cyanotoxins_A,MC-LR_ppb,ND,
Currie,Bronte_Pier,0,wholewater_cyanotoxins,Currie_Bronte_Pier_22.02.2022_0_wholewater_cyanotoxins_A,MC-Dha-LR_ppb,ND,
Currie,Bronte_Pier,0,wholewater_cyanotoxins,Currie_Bronte_Pier_22.02.2022_0_wholewater_cyanotoxins_A,MC-D-Asp3-LR_ppb,ND,
Currie,Bronte_Pier,0,wholewater_cyanotoxins,Currie_Bronte_Pier_22.02.2022_0_wholewater_cyanotoxins_A,MC-Leu1-LR_ppb,ND,
Currie,Bronte_Pier,0,wholewater_cyanotoxins,Currie_Bronte_Pier_22.02.2022_0_wholewater_cyanotoxins_A,MC-HilR_ppb,ND,
Currie,Bronte_Pier,0,wholewater_cyanotoxins,Currie_Bronte_Pier_22.02.2022_0_wholewater_cyanotoxins_A,MC-WR_ppb,ND,
Currie,Bronte_Pier,0,wholewater_cyanotoxins,Currie_Bronte_Pier_22.02.2022_0_wholewater_cyanotoxins_A,MC-LA_ppb,ND,
Currie,Bronte_Pier,0,wholewater_cyanotoxins,Currie_Bronte_Pier_22.02.2022_0_wholewater_cyanotoxins_A,MC-LY_ppb,ND,
Currie,Bronte_Pier,0,wholewater_cyanotoxins,Currie_Bronte_Pier_22.02.2022_0_wholewater_cyanotoxins_A,MC-LW_ppb,ND,
Currie,Bronte_Pier,0,wholewater_cyanotoxins,Currie_Bronte_Pier_22.02.2022_0_wholewater_cyanotoxins_A,MC-LF_ppb,ND,
Currie,Bronte_Pier,0,wholewater_cyanotoxins,Currie_Bronte_Pier_22.02.2022_0_wholewater_cyanotoxins_A,AnabaenopeptinB_ppb,ND,
Currie,Bronte_Pier,0,wholewater_cyanotoxins,Currie_Bronte_Pier_22.02.2022_0_wholewater_cyanotoxins_A,AnabaenopeptinF_ppb,ND,
Currie,Bronte_Pier,0,wholewater_cyanotoxins,Currie_Bronte_Pier_22.02.2022_0_wholewater_cyanotoxins_A,AnabaenopeptinA_ppb,ND,
Currie,Bronte_Pier,0,wholewater_cyanotoxins,Currie_Bronte_Pier_22.02.2022_0_wholewater_cyanotoxins_A,OscillamideY_ppb,ND,
Currie,Bronte_Pier,0,wholewater_cyanotoxins,Currie_Bronte_Pier_22.02.2022_0_wholewater_cyanotoxins_A,Nodularin_ppb,ND,
Currie,Bronte_Pier,0,wholewater_cyanotoxins,Currie_Bronte_Pier_22.02.2022_0_wholewater_cyanotoxins_A,Dihydroanatoxin_ppb,ND,
Currie,Bronte_Pier,0,wholewater_cyanotoxins,Currie_Bronte_Pier_22.02.2022_0_wholewater_cyanotoxins_A,Anatoxin-a_ppb,ND,
Currie,Bronte_Pier,0,wholewater_cyanotoxins,Currie_Bronte_Pier_22.02.2022_0_wholewater_cyanotoxins_A,Homoanatoxin-a_ppb,ND,
Currie,Bronte_Pier,0,wholewater_cyanotoxins,Currie_Bronte_Pier_22.02.2022_0_wholewater_cyanotoxins_A,Cylindrospermopsin_ppb,ND,
Currie,Bronte_Pier,0,wholewater_cyanotoxins,Currie_Bronte_Pier_22.02.2022_0_wholewater_cyanotoxins_A,7-epi-Cylindrospermopsin_ppb,ND,
Currie,Bronte_Pier,0,wholewater_cyanotoxins,Currie_Bronte_Pier_22.02.2022_0_wholewater_cyanotoxins_A,7-deoxy-Cylindrospermopsin_ppb,ND,
Eveleth,Lorain,0.2,wholewater_cyanotoxins,Eveleth_Lorain_15.02.2022_0.2_wholewater_cyanotoxins_A,D-Asp3-Dhb7-RR_ppb,ND,
Eveleth,Lorain,0.2,wholewater_cyanotoxins,Eveleth_Lorain_15.02.2022_0.2_wholewater_cyanotoxins_A,MC-RR_ppb,ND,
Eveleth,Lorain,0.2,wholewater_cyanotoxins,Eveleth_Lorain_15.02.2022_0.2_wholewater_cyanotoxins_A,MC-YR_ppb,ND,
Eveleth,Lorain,0.2,wholewater_cyanotoxins,Eveleth_Lorain_15.02.2022_0.2_wholewater_cyanotoxins_A,MC-HtyR_ppb,ND,
Eveleth,Lorain,0.2,wholewater_cyanotoxins,Eveleth_Lorain_15.02.2022_0.2_wholewater_cyanotoxins_A,MC-LR_ppb,ND,
Eveleth,Lorain,0.2,wholewater_cyanotoxins,Eveleth_Lorain_15.02.2022_0.2_wholewater_cyanotoxins_A,MC-Dha-LR_ppb,ND,
Eveleth,Lorain,0.2,wholewater_cyanotoxins,Eveleth_Lorain_15.02.2022_0.2_wholewater_cyanotoxins_A,MC-D-Asp3-LR_ppb,ND,
Eveleth,Lorain,0.2,wholewater_cyanotoxins,Eveleth_Lorain_15.02.2022_0.2_wholewater_cyanotoxins_A,MC-Leu1-LR_ppb,ND,
Eveleth,Lorain,0.2,wholewater_cyanotoxins,Eveleth_Lorain_15.02.2022_0.2_wholewater_cyanotoxins_A,MC-HilR_ppb,ND,
Eveleth,Lorain,0.2,wholewater_cyanotoxins,Eveleth_Lorain_15.02.2022_0.2_wholewater_cyanotoxins_A,MC-WR_ppb,ND,
Eveleth,Lorain,0.2,wholewater_cyanotoxins,Eveleth_Lorain_15.02.2022_0.2_wholewater_cyanotoxins_A,MC-LA_ppb,ND,
Eveleth,Lorain,0.2,wholewater_cyanotoxins,Eveleth_Lorain_15.02.2022_0.2_wholewater_cyanotoxins_A,MC-LY_ppb,ND,
Eveleth,Lorain,0.2,wholewater_cyanotoxins,Eveleth_Lorain_15.02.2022_0.2_wholewater_cyanotoxins_A,MC-LW_ppb,ND,
Eveleth,Lorain,0.2,wholewater_cyanotoxins,Eveleth_Lorain_15.02.2022_0.2_wholewater_cyanotoxins_A,MC-LF_ppb,ND,
Eveleth,Lorain,0.2,wholewater_cyanotoxins,Eveleth_Lorain_15.02.2022_0.2_wholewater_cyanotoxins_A,AnabaenopeptinB_ppb,ND,
Eveleth,Lorain,0.2,wholewater_cyanotoxins,Eveleth_Lorain_15.02.2022_0.2_wholewater_cyanotoxins_A,AnabaenopeptinF_ppb,ND,
Eveleth,Lorain,0.2,wholewater_cyanotoxins,Eveleth_Lorain_15.02.2022_0.2_wholewater_cyanotoxins_A,AnabaenopeptinA_ppb,ND,
Eveleth,Lorain,0.2,wholewater_cyanotoxins,Eveleth_Lorain_15.02.2022_0.2_wholewater_cyanotoxins_A,OscillamideY_ppb,ND,
Eveleth,Lorain,0.2,wholewater_cyanotoxins,Eveleth_Lorain_15.02.2022_0.2_wholewater_cyanotoxins_A,Nodularin_ppb,ND,
Eveleth,Lorain,0.2,wholewater_cyanotoxins,Eveleth_Lorain_15.02.2022_0.2_wholewater_cyanotoxins_A,Dihydroanatoxin_ppb,ND,
Eveleth,Lorain,0.2,wholewater_cyanotoxins,Eveleth_Lorain_15.02.2022_0.2_wholewater_cyanotoxins_A,Anatoxin-a_ppb,ND,
Eveleth,Lorain,0.2,wholewater_cyanotoxins,Eveleth_Lorain_15.02.2022_0.2_wholewater_cyanotoxins_A,Homoanatoxin-a_ppb,ND,
Eveleth,Lorain,0.2,wholewater_cyanotoxins,Eveleth_Lorain_15.02.2022_0.2_wholewater_cyanotoxins_A,Cylindrospermopsin_ppb,ND,
Eveleth,Lorain,0.2,wholewater_cyanotoxins,Eveleth_Lorain_15.02.2022_0.2_wholewater_cyanotoxins_A,7-epi-Cylindrospermopsin_ppb,ND,
Eveleth,Lorain,0.2,wholewater_cyanotoxins,Eveleth_Lorain_15.02.2022_0.2_wholewater_cyanotoxins_A,7-deoxy-Cylindrospermopsin_ppb,ND,
Eveleth,Lorain,2,wholewater_cyanotoxins,Eveleth_Lorain_15.02.2022_2_wholewater_cyanotoxins_A,D-Asp3-Dhb7-RR_ppb,ND,
Eveleth,Lorain,2,wholewater_cyanotoxins,Eveleth_Lorain_15.02.2022_2_wholewater_cyanotoxins_A,MC-RR_ppb,ND,
Eveleth,Lorain,2,wholewater_cyanotoxins,Eveleth_Lorain_15.02.2022_2_wholewater_cyanotoxins_A,MC-YR_ppb,ND,
Eveleth,Lorain,2,wholewater_cyanotoxins,Eveleth_Lorain_15.02.2022_2_wholewater_cyanotoxins_A,MC-HtyR_ppb,ND,
Eveleth,Lorain,2,wholewater_cyanotoxins,Eveleth_Lorain_15.02.2022_2_wholewater_cyanotoxins_A,MC-LR_ppb,ND,
Eveleth,Lorain,2,wholewater_cyanotoxins,Eveleth_Lorain_15.02.2022_2_wholewater_cyanotoxins_A,MC-Dha-LR_ppb,ND,
Eveleth,Lorain,2,wholewater_cyanotoxins,Eveleth_Lorain_15.02.2022_2_wholewater_cyanotoxins_A,MC-D-Asp3-LR_ppb,ND,
Eveleth,Lorain,2,wholewater_cyanotoxins,Eveleth_Lorain_15.02.2022_2_wholewater_cyanotoxins_A,MC-Leu1-LR_ppb,ND,
Eveleth,Lorain,2,wholewater_cyanotoxins,Eveleth_Lorain_15.02.2022_2_wholewater_cyanotoxins_A,MC-HilR_ppb,ND,
Eveleth,Lorain,2,wholewater_cyanotoxins,Eveleth_Lorain_15.02.2022_2_wholewater_cyanotoxins_A,MC-WR_ppb,ND,
Eveleth,Lorain,2,wholewater_cyanotoxins,Eveleth_Lorain_15.02.2022_2_wholewater_cyanotoxins_A,MC-LA_ppb,ND,
Eveleth,Lorain,2,wholewater_cyanotoxins,Eveleth_Lorain_15.02.2022_2_wholewater_cyanotoxins_A,MC-LY_ppb,ND,
Eveleth,Lorain,2,wholewater_cyanotoxins,Eveleth_Lorain_15.02.2022_2_wholewater_cyanotoxins_A,MC-LW_ppb,ND,
Eveleth,Lorain,2,wholewater_cyanotoxins,Eveleth_Lorain_15.02.2022_2_wholewater_cyanotoxins_A,MC-LF_ppb,ND,
Eveleth,Lorain,2,wholewater_cyanotoxins,Eveleth_Lorain_15.02.2022_2_wholewater_cyanotoxins_A,AnabaenopeptinB_ppb,ND,
Eveleth,Lorain,2,wholewater_cyanotoxins,Eveleth_Lorain_15.02.2022_2_wholewater_cyanotoxins_A,AnabaenopeptinF_ppb,ND,
Eveleth,Lorain,2,wholewater_cyanotoxins,Eveleth_Lorain_15.02.2022_2_wholewater_cyanotoxins_A,AnabaenopeptinA_ppb,ND,
Eveleth,Lorain,2,wholewater_cyanotoxins,Eveleth_Lorain_15.02.2022_2_wholewater_cyanotoxins_A,OscillamideY_ppb,ND,
Eveleth,Lorain,2,wholewater_cyanotoxins,Eveleth_Lorain_15.02.2022_2_wholewater_cyanotoxins_A,Nodularin_ppb,ND,
Eveleth,Lorain,2,wholewater_cyanotoxins,Eveleth_Lorain_15.02.2022_2_wholewater_cyanotoxins_A,Dihydroanatoxin_ppb,ND,
Eveleth,Lorain,2,wholewater_cyanotoxins,Eveleth_Lorain_15.02.2022_2_wholewater_cyanotoxins_A,Anatoxin-a_ppb,ND,
Eveleth,Lorain,2,wholewater_cyanotoxins,Eveleth_Lorain_15.02.2022_2_wholewater_cyanotoxins_A,Homoanatoxin-a_ppb,ND,
Eveleth,Lorain,2,wholewater_cyanotoxins,Eveleth_Lorain_15.02.2022_2_wholewater_cyanotoxins_A,Cylindrospermopsin_ppb,ND,
Eveleth,Lorain,2,wholewater_cyanotoxins,Eveleth_Lorain_15.02.2022_2_wholewater_cyanotoxins_A,7-epi-Cylindrospermopsin_ppb,ND,
Eveleth,Lorain,2,wholewater_cyanotoxins,Eveleth_Lorain_15.02.2022_2_wholewater_cyanotoxins_A,7-deoxy-Cylindrospermopsin_ppb,ND,
