pi_name,station,depth_m,analysis,sample_name,taxon,biomass_mg_m-3,notes
McKay,EC_84,0.5,phytoplankton_biomass,McKay_EC_84_phytoplankton_biomass,Aphanocapsa_holsatica_Lemm_Cronb_&_Kom_mg_m-3,0,
McKay,EC_84,0.5,phytoplankton_biomass,McKay_EC_84_phytoplankton_biomass,Aphanocapsa_sp_mg_m-3,0,
McKay,EC_84,0.5,phytoplankton_biomass,McKay_EC_84_phytoplankton_biomass,Cyanodictyon_filiforme_JKomárková-Legnerová_&_GCronberg_mg_m-3,0,
McKay,EC_84,0.5,phytoplankton_biomass,McKay_EC_84_phytoplankton_biomass,Cyanophyta_sp_mg_m-3,6.1,
McKay,EC_84,0.5,phytoplankton_biomass,McKay_EC_84_phytoplankton_biomass,Gloeocapsa_sp_mg_m-3,0,
McKay,EC_84,0.5,phytoplankton_biomass,McKay_EC_84_phytoplankton_biomass,Microcystis_sp_mg_m-3,0,
McKay,EC_84,0.5,phytoplankton_biomass,McKay_EC_84_phytoplankton_biomass,Planktothrix_agardhii_Gomont_Anag_and_Komar_mg_m-3,0,
McKay,EC_84,0.5,phytoplankton_biomass,McKay_EC_84_phytoplankton_biomass,Pseudanabaena_contorta_Kling_&_Watson_mg_m-3,0,
McKay,EC_84,0.5,phytoplankton_biomass,McKay_EC_84_phytoplankton_biomass,Pseudanabaena_sp_mg_m-3,0,
McKay,EC_84,0.5,phytoplankton_biomass,McKay_EC_84_phytoplankton_biomass,Synechococcus_sp_mg_m-3,0,
McKay,EC_84,0.5,phytoplankton_biomass,McKay_EC_84_phytoplankton_biomass,Woronichinia_sp_mg_m-3,0,
McKay,EC_84,0.5,phytoplankton_biomass,McKay_EC_84_phytoplankton_biomass,Actinastrum_hantzschii_Lagerheim_mg_m-3,0,
McKay,EC_84,0.5,phytoplankton_biomass,McKay_EC_84_phytoplankton_biomass,Botryococcus_sp_mg_m-3,0,
McKay,EC_84,0.5,phytoplankton_biomass,McKay_EC_84_phytoplankton_biomass,Campylomonas_sp_mg_m-3,0,
McKay,EC_84,0.5,phytoplankton_biomass,McKay_EC_84_phytoplankton_biomass,Chlorogonium_minimum_Playfair_mg_m-3,0,
McKay,EC_84,0.5,phytoplankton_biomass,McKay_EC_84_phytoplankton_biomass,Chlorophyceae_spp_mg_m-3,60.5,
McKay,EC_84,0.5,phytoplankton_biomass,McKay_EC_84_phytoplankton_biomass,Closterium_aciculare_T_West_mg_m-3,0,
McKay,EC_84,0.5,phytoplankton_biomass,McKay_EC_84_phytoplankton_biomass,Closterium_strigosum_Brebisson_mg_m-3,5.7,
McKay,EC_84,0.5,phytoplankton_biomass,McKay_EC_84_phytoplankton_biomass,Collodictyon_triciliatum_H_Carter_mg_m-3,0,
McKay,EC_84,0.5,phytoplankton_biomass,McKay_EC_84_phytoplankton_biomass,Desmodesmus_sp_mg_m-3,0,
McKay,EC_84,0.5,phytoplankton_biomass,McKay_EC_84_phytoplankton_biomass,Gloeotila_pelagica_Nyegaard_Skuja_mg_m-3,0,
McKay,EC_84,0.5,phytoplankton_biomass,McKay_EC_84_phytoplankton_biomass,Koliella_longiseta_Vischer_Hindák_mg_m-3,0,
McKay,EC_84,0.5,phytoplankton_biomass,McKay_EC_84_phytoplankton_biomass,Koliella_sp_mg_m-3,0,
McKay,EC_84,0.5,phytoplankton_biomass,McKay_EC_84_phytoplankton_biomass,Lagerheimia_genevensis_Chodat_mg_m-3,0,
McKay,EC_84,0.5,phytoplankton_biomass,McKay_EC_84_phytoplankton_biomass,Monoraphidium_arcuatum_Korshikov_Hindák_mg_m-3,0,
McKay,EC_84,0.5,phytoplankton_biomass,McKay_EC_84_phytoplankton_biomass,Monoraphidium_contortum_Thurs_Kom_mg_m-3,0,
McKay,EC_84,0.5,phytoplankton_biomass,McKay_EC_84_phytoplankton_biomass,Monoraphidium_minutum_Nägeli_Komárková-legnerová_mg_m-3,0,
McKay,EC_84,0.5,phytoplankton_biomass,McKay_EC_84_phytoplankton_biomass,Mougeotia_sp_mg_m-3,0,
McKay,EC_84,0.5,phytoplankton_biomass,McKay_EC_84_phytoplankton_biomass,Nephrochlamys_sp_mg_m-3,0,
McKay,EC_84,0.5,phytoplankton_biomass,McKay_EC_84_phytoplankton_biomass,Oocystis_solitaria_Wittrock_mg_m-3,0,
McKay,EC_84,0.5,phytoplankton_biomass,McKay_EC_84_phytoplankton_biomass,Oocystis_sp_mg_m-3,0,
McKay,EC_84,0.5,phytoplankton_biomass,McKay_EC_84_phytoplankton_biomass,Planktosphaeria_gelatinosa_GMSmith_mg_m-3,0,
McKay,EC_84,0.5,phytoplankton_biomass,McKay_EC_84_phytoplankton_biomass,Scenedesmus_sp_mg_m-3,0,
McKay,EC_84,0.5,phytoplankton_biomass,McKay_EC_84_phytoplankton_biomass,Spermatozopsis_exsultans_Korshikov_mg_m-3,0,
McKay,EC_84,0.5,phytoplankton_biomass,McKay_EC_84_phytoplankton_biomass,Stichococcus_sp_mg_m-3,0,
McKay,EC_84,0.5,phytoplankton_biomass,McKay_EC_84_phytoplankton_biomass,Tetraedron_triangulare_Korshikov_mg_m-3,0,
McKay,EC_84,0.5,phytoplankton_biomass,McKay_EC_84_phytoplankton_biomass,Tetrastrum_heteracanthum_Nordst_Chod_mg_m-3,0,
McKay,EC_84,0.5,phytoplankton_biomass,McKay_EC_84_phytoplankton_biomass,Euglena_sp_mg_m-3,0,
McKay,EC_84,0.5,phytoplankton_biomass,McKay_EC_84_phytoplankton_biomass,Aulomonas_purdyi_Lackey_mg_m-3,0,
McKay,EC_84,0.5,phytoplankton_biomass,McKay_EC_84_phytoplankton_biomass,Bicoeca_sp_mg_m-3,0,
McKay,EC_84,0.5,phytoplankton_biomass,McKay_EC_84_phytoplankton_biomass,Chrysochromulina_parva_Lackey_mg_m-3,9.7,
McKay,EC_84,0.5,phytoplankton_biomass,McKay_EC_84_phytoplankton_biomass,Chrysococcus_sp_mg_m-3,0,
McKay,EC_84,0.5,phytoplankton_biomass,McKay_EC_84_phytoplankton_biomass,Chrysolykos_planktonicus_Mack_mg_m-3,0,
McKay,EC_84,0.5,phytoplankton_biomass,McKay_EC_84_phytoplankton_biomass,Chrysophyceae_Cyst_mg_m-3,0,
McKay,EC_84,0.5,phytoplankton_biomass,McKay_EC_84_phytoplankton_biomass,Chrysophyceae_spp_mg_m-3,0,
McKay,EC_84,0.5,phytoplankton_biomass,McKay_EC_84_phytoplankton_biomass,Dinobryon_cylindricum_Imhof_mg_m-3,0,
McKay,EC_84,0.5,phytoplankton_biomass,McKay_EC_84_phytoplankton_biomass,Dinobryon_sertularia_Ehrenberg_mg_m-3,0,
McKay,EC_84,0.5,phytoplankton_biomass,McKay_EC_84_phytoplankton_biomass,Dinobryon_sp_mg_m-3,0,
McKay,EC_84,0.5,phytoplankton_biomass,McKay_EC_84_phytoplankton_biomass,Epipyxis_sp_mg_m-3,0,
McKay,EC_84,0.5,phytoplankton_biomass,McKay_EC_84_phytoplankton_biomass,Mallomonas_elongata_Reverdin_mg_m-3,0,
McKay,EC_84,0.5,phytoplankton_biomass,McKay_EC_84_phytoplankton_biomass,Mallomonas_sp_mg_m-3,0,
McKay,EC_84,0.5,phytoplankton_biomass,McKay_EC_84_phytoplankton_biomass,Ochromonad_sp_mg_m-3,0,
McKay,EC_84,0.5,phytoplankton_biomass,McKay_EC_84_phytoplankton_biomass,Ochromonas_sp_mg_m-3,0,
McKay,EC_84,0.5,phytoplankton_biomass,McKay_EC_84_phytoplankton_biomass,Pseudopedinella_sp_mg_m-3,0,
McKay,EC_84,0.5,phytoplankton_biomass,McKay_EC_84_phytoplankton_biomass,Rhizochrysis_limnetica_GM_Smith_mg_m-3,0,
McKay,EC_84,0.5,phytoplankton_biomass,McKay_EC_84_phytoplankton_biomass,Salpingoeca_frequentissima_Zacharias_Lemmermann_mg_m-3,0,
McKay,EC_84,0.5,phytoplankton_biomass,McKay_EC_84_phytoplankton_biomass,Spiniferomonas_sp_mg_m-3,0,
McKay,EC_84,0.5,phytoplankton_biomass,McKay_EC_84_phytoplankton_biomass,Stelexomonas_dichotoma_JLackey_mg_m-3,0,
McKay,EC_84,0.5,phytoplankton_biomass,McKay_EC_84_phytoplankton_biomass,Synura_sp_mg_m-3,0,
McKay,EC_84,0.5,phytoplankton_biomass,McKay_EC_84_phytoplankton_biomass,Achnanthidium_sp_mg_m-3,0,
McKay,EC_84,0.5,phytoplankton_biomass,McKay_EC_84_phytoplankton_biomass,Asterionella_formosa_Hassall_mg_m-3,0,
McKay,EC_84,0.5,phytoplankton_biomass,McKay_EC_84_phytoplankton_biomass,Aulacoseira_ambigua_Grunow_Simonsen_mg_m-3,0,
McKay,EC_84,0.5,phytoplankton_biomass,McKay_EC_84_phytoplankton_biomass,Aulacoseira_distans_Ehrenb_Simonsen_mg_m-3,0,
McKay,EC_84,0.5,phytoplankton_biomass,McKay_EC_84_phytoplankton_biomass,Aulacoseira_islandica_O_Mull_Simonsen_mg_m-3,15912,
McKay,EC_84,0.5,phytoplankton_biomass,McKay_EC_84_phytoplankton_biomass,Bacillariophyceae_spp_mg_m-3,3.5,
McKay,EC_84,0.5,phytoplankton_biomass,McKay_EC_84_phytoplankton_biomass,Cocconeis_pediculus_Ehrenb_mg_m-3,0,
McKay,EC_84,0.5,phytoplankton_biomass,McKay_EC_84_phytoplankton_biomass,Cyclotella_comensis_Grunow_mg_m-3,0,
McKay,EC_84,0.5,phytoplankton_biomass,McKay_EC_84_phytoplankton_biomass,Cyclotella_ocellata_Pantocsek_mg_m-3,0,
McKay,EC_84,0.5,phytoplankton_biomass,McKay_EC_84_phytoplankton_biomass,Cyclotella_sp_mg_m-3,0,
McKay,EC_84,0.5,phytoplankton_biomass,McKay_EC_84_phytoplankton_biomass,Diatoma_tenue_var_elongatum_Lyngb_mg_m-3,0,
McKay,EC_84,0.5,phytoplankton_biomass,McKay_EC_84_phytoplankton_biomass,Diatoma_vulgaris_Bory_mg_m-3,0,
McKay,EC_84,0.5,phytoplankton_biomass,McKay_EC_84_phytoplankton_biomass,Encyonema_minutum_Hilse_DGMann_mg_m-3,0,
McKay,EC_84,0.5,phytoplankton_biomass,McKay_EC_84_phytoplankton_biomass,Encyonema_sp_mg_m-3,0,
McKay,EC_84,0.5,phytoplankton_biomass,McKay_EC_84_phytoplankton_biomass,Fragilaria_capucina_Desmazières_mg_m-3,0,
McKay,EC_84,0.5,phytoplankton_biomass,McKay_EC_84_phytoplankton_biomass,Fragilaria_construens_Ehr_Grunow_mg_m-3,0,
McKay,EC_84,0.5,phytoplankton_biomass,McKay_EC_84_phytoplankton_biomass,Fragilaria_sp_mg_m-3,0,
McKay,EC_84,0.5,phytoplankton_biomass,McKay_EC_84_phytoplankton_biomass,Gomphonema_sp_mg_m-3,0,
McKay,EC_84,0.5,phytoplankton_biomass,McKay_EC_84_phytoplankton_biomass,Navicula_sp_mg_m-3,0,
McKay,EC_84,0.5,phytoplankton_biomass,McKay_EC_84_phytoplankton_biomass,Navicula_tripunctata_O_F_Müll_Bory_mg_m-3,0,
McKay,EC_84,0.5,phytoplankton_biomass,McKay_EC_84_phytoplankton_biomass,Nitzschia_acicularis_Kütz_W_Smith_mg_m-3,0,
McKay,EC_84,0.5,phytoplankton_biomass,McKay_EC_84_phytoplankton_biomass,Nitzschia_linearis_C_Agardh_W_Sm_mg_m-3,0,
McKay,EC_84,0.5,phytoplankton_biomass,McKay_EC_84_phytoplankton_biomass,Nitzschia_sp_mg_m-3,0,
McKay,EC_84,0.5,phytoplankton_biomass,McKay_EC_84_phytoplankton_biomass,Rhoicosphenia_abbreviata_CAgardh_Lange-Bertalot_mg_m-3,0,
McKay,EC_84,0.5,phytoplankton_biomass,McKay_EC_84_phytoplankton_biomass,Skeletonema_potamos_Weber_Hasle_mg_m-3,0,
McKay,EC_84,0.5,phytoplankton_biomass,McKay_EC_84_phytoplankton_biomass,Stephanodiscus_agassizensis_Håk&_Kling_mg_m-3,283.2,
McKay,EC_84,0.5,phytoplankton_biomass,McKay_EC_84_phytoplankton_biomass,Stephanodiscus_binderanus_Kütz_Willi_Kreig_mg_m-3,464.3,
McKay,EC_84,0.5,phytoplankton_biomass,McKay_EC_84_phytoplankton_biomass,Stephanodiscus_hantzschii_Grunow_mg_m-3,0,
McKay,EC_84,0.5,phytoplankton_biomass,McKay_EC_84_phytoplankton_biomass,Stephanodiscus_sp_mg_m-3,0,
McKay,EC_84,0.5,phytoplankton_biomass,McKay_EC_84_phytoplankton_biomass,Synedra_acus_var_radians_Kütz_Hustedt_mg_m-3,0,
McKay,EC_84,0.5,phytoplankton_biomass,McKay_EC_84_phytoplankton_biomass,Synedra_sp_mg_m-3,0,
McKay,EC_84,0.5,phytoplankton_biomass,McKay_EC_84_phytoplankton_biomass,Tabellaria_fenestrata_Lyngb_Kütz_mg_m-3,0,
McKay,EC_84,0.5,phytoplankton_biomass,McKay_EC_84_phytoplankton_biomass,Urosolenia_eriensis_Crawford_&_Mann_mg_m-3,0,
McKay,EC_84,0.5,phytoplankton_biomass,McKay_EC_84_phytoplankton_biomass,Cryptomonas_erosa_Ehrenberg_mg_m-3,0,
McKay,EC_84,0.5,phytoplankton_biomass,McKay_EC_84_phytoplankton_biomass,Cryptomonas_marssonii_Skuja_mg_m-3,0,
McKay,EC_84,0.5,phytoplankton_biomass,McKay_EC_84_phytoplankton_biomass,Cryptomonas_obovata_Skuja_mg_m-3,0,
McKay,EC_84,0.5,phytoplankton_biomass,McKay_EC_84_phytoplankton_biomass,Cryptomonas_reflexa_Skuja_mg_m-3,0,
McKay,EC_84,0.5,phytoplankton_biomass,McKay_EC_84_phytoplankton_biomass,Cryptomonas_rostratiformis_Skuja_mg_m-3,0,
McKay,EC_84,0.5,phytoplankton_biomass,McKay_EC_84_phytoplankton_biomass,Cryptomonas_sp_mg_m-3,0,
McKay,EC_84,0.5,phytoplankton_biomass,McKay_EC_84_phytoplankton_biomass,Katablepharis_ovalis_Skuja_mg_m-3,0,
McKay,EC_84,0.5,phytoplankton_biomass,McKay_EC_84_phytoplankton_biomass,Rhodomonas_minuta_var_nannoplanctica_Skuja_mg_m-3,16.1,
McKay,EC_84,0.5,phytoplankton_biomass,McKay_EC_84_phytoplankton_biomass,Glenodinium_sp_mg_m-3,0,
McKay,EC_84,0.5,phytoplankton_biomass,McKay_EC_84_phytoplankton_biomass,Gymnodinium_helveticum_Penard_mg_m-3,0,
McKay,EC_84,0.5,phytoplankton_biomass,McKay_EC_84_phytoplankton_biomass,Gymnodinium_sp_mg_m-3,0,
McKay,EC_84,0.5,phytoplankton_biomass,McKay_EC_84_phytoplankton_biomass,Peridinium_aciculiferum_Lemmermann_mg_m-3,0,
McKay,EC_84,0.5,phytoplankton_biomass,McKay_EC_84_phytoplankton_biomass,Peridinium_sp_mg_m-3,0,
McKay,EC_84,0.5,phytoplankton_biomass,McKay_EC_84_phytoplankton_biomass,total_biomass_mg_m-3,16761.1,
McKay,EC_84,0.5,phytoplankton_biomass,McKay_EC_84_phytoplankton_biomass,Total_Cyanobacteria_mg_m-3,6.1,
McKay,EC_84,0.5,phytoplankton_biomass,McKay_EC_84_phytoplankton_biomass,Total_Chlorophyta_mg_m-3,66.2,
McKay,EC_84,0.5,phytoplankton_biomass,McKay_EC_84_phytoplankton_biomass,Total_Euglenophyta_mg_m-3,0,
McKay,EC_84,0.5,phytoplankton_biomass,McKay_EC_84_phytoplankton_biomass,Total_Chrysophycea_mg_m-3,9.7,
McKay,EC_84,0.5,phytoplankton_biomass,McKay_EC_84_phytoplankton_biomass,Total_Diatomeae_mg_m-3,16663,
McKay,EC_84,0.5,phytoplankton_biomass,McKay_EC_84_phytoplankton_biomass,Total_Cryptophyta_mg_m-3,16.1,
McKay,EC_84,0.5,phytoplankton_biomass,McKay_EC_84_phytoplankton_biomass,Total_Peridineae_mg_m-3,0,
Bullerjahn/McKay,Sandusky_Bay,0.5,phytoplankton_biomass,Bullerjahn/McKay_Sandusky_Bay_phytoplankton_biomass,Aphanocapsa_holsatica_Lemm_Cronb_&_Kom_mg_m-3,0,
Bullerjahn/McKay,Sandusky_Bay,0.5,phytoplankton_biomass,Bullerjahn/McKay_Sandusky_Bay_phytoplankton_biomass,Aphanocapsa_sp_mg_m-3,0,
Bullerjahn/McKay,Sandusky_Bay,0.5,phytoplankton_biomass,Bullerjahn/McKay_Sandusky_Bay_phytoplankton_biomass,Cyanodictyon_filiforme_JKomárková-Legnerová_&_GCronberg_mg_m-3,0,
Bullerjahn/McKay,Sandusky_Bay,0.5,phytoplankton_biomass,Bullerjahn/McKay_Sandusky_Bay_phytoplankton_biomass,Cyanophyta_sp_mg_m-3,0,
Bullerjahn/McKay,Sandusky_Bay,0.5,phytoplankton_biomass,Bullerjahn/McKay_Sandusky_Bay_phytoplankton_biomass,Gloeocapsa_sp_mg_m-3,0,
Bullerjahn/McKay,Sandusky_Bay,0.5,phytoplankton_biomass,Bullerjahn/McKay_Sandusky_Bay_phytoplankton_biomass,Microcystis_sp_mg_m-3,0,
Bullerjahn/McKay,Sandusky_Bay,0.5,phytoplankton_biomass,Bullerjahn/McKay_Sandusky_Bay_phytoplankton_biomass,Planktothrix_agardhii_Gomont_Anag_and_Komar_mg_m-3,3.9,
Bullerjahn/McKay,Sandusky_Bay,0.5,phytoplankton_biomass,Bullerjahn/McKay_Sandusky_Bay_phytoplankton_biomass,Pseudanabaena_contorta_Kling_&_Watson_mg_m-3,0,
Bullerjahn/McKay,Sandusky_Bay,0.5,phytoplankton_biomass,Bullerjahn/McKay_Sandusky_Bay_phytoplankton_biomass,Pseudanabaena_sp_mg_m-3,0,
Bullerjahn/McKay,Sandusky_Bay,0.5,phytoplankton_biomass,Bullerjahn/McKay_Sandusky_Bay_phytoplankton_biomass,Synechococcus_sp_mg_m-3,0,
Bullerjahn/McKay,Sandusky_Bay,0.5,phytoplankton_biomass,Bullerjahn/McKay_Sandusky_Bay_phytoplankton_biomass,Woronichinia_sp_mg_m-3,0,
Bullerjahn/McKay,Sandusky_Bay,0.5,phytoplankton_biomass,Bullerjahn/McKay_Sandusky_Bay_phytoplankton_biomass,Actinastrum_hantzschii_Lagerheim_mg_m-3,8,
Bullerjahn/McKay,Sandusky_Bay,0.5,phytoplankton_biomass,Bullerjahn/McKay_Sandusky_Bay_phytoplankton_biomass,Botryococcus_sp_mg_m-3,0,
Bullerjahn/McKay,Sandusky_Bay,0.5,phytoplankton_biomass,Bullerjahn/McKay_Sandusky_Bay_phytoplankton_biomass,Campylomonas_sp_mg_m-3,27,
Bullerjahn/McKay,Sandusky_Bay,0.5,phytoplankton_biomass,Bullerjahn/McKay_Sandusky_Bay_phytoplankton_biomass,Chlorogonium_minimum_Playfair_mg_m-3,4.9,
Bullerjahn/McKay,Sandusky_Bay,0.5,phytoplankton_biomass,Bullerjahn/McKay_Sandusky_Bay_phytoplankton_biomass,Chlorophyceae_spp_mg_m-3,8.7,
Bullerjahn/McKay,Sandusky_Bay,0.5,phytoplankton_biomass,Bullerjahn/McKay_Sandusky_Bay_phytoplankton_biomass,Closterium_aciculare_T_West_mg_m-3,0,
Bullerjahn/McKay,Sandusky_Bay,0.5,phytoplankton_biomass,Bullerjahn/McKay_Sandusky_Bay_phytoplankton_biomass,Closterium_strigosum_Brebisson_mg_m-3,0,
Bullerjahn/McKay,Sandusky_Bay,0.5,phytoplankton_biomass,Bullerjahn/McKay_Sandusky_Bay_phytoplankton_biomass,Collodictyon_triciliatum_H_Carter_mg_m-3,0,
Bullerjahn/McKay,Sandusky_Bay,0.5,phytoplankton_biomass,Bullerjahn/McKay_Sandusky_Bay_phytoplankton_biomass,Desmodesmus_sp_mg_m-3,0,
Bullerjahn/McKay,Sandusky_Bay,0.5,phytoplankton_biomass,Bullerjahn/McKay_Sandusky_Bay_phytoplankton_biomass,Gloeotila_pelagica_Nyegaard_Skuja_mg_m-3,0,
Bullerjahn/McKay,Sandusky_Bay,0.5,phytoplankton_biomass,Bullerjahn/McKay_Sandusky_Bay_phytoplankton_biomass,Koliella_longiseta_Vischer_Hindák_mg_m-3,0.2,
Bullerjahn/McKay,Sandusky_Bay,0.5,phytoplankton_biomass,Bullerjahn/McKay_Sandusky_Bay_phytoplankton_biomass,Koliella_sp_mg_m-3,2,
Bullerjahn/McKay,Sandusky_Bay,0.5,phytoplankton_biomass,Bullerjahn/McKay_Sandusky_Bay_phytoplankton_biomass,Lagerheimia_genevensis_Chodat_mg_m-3,1.5,
Bullerjahn/McKay,Sandusky_Bay,0.5,phytoplankton_biomass,Bullerjahn/McKay_Sandusky_Bay_phytoplankton_biomass,Monoraphidium_arcuatum_Korshikov_Hindák_mg_m-3,0.1,
Bullerjahn/McKay,Sandusky_Bay,0.5,phytoplankton_biomass,Bullerjahn/McKay_Sandusky_Bay_phytoplankton_biomass,Monoraphidium_contortum_Thurs_Kom_mg_m-3,4.4,
Bullerjahn/McKay,Sandusky_Bay,0.5,phytoplankton_biomass,Bullerjahn/McKay_Sandusky_Bay_phytoplankton_biomass,Monoraphidium_minutum_Nägeli_Komárková-legnerová_mg_m-3,0,
Bullerjahn/McKay,Sandusky_Bay,0.5,phytoplankton_biomass,Bullerjahn/McKay_Sandusky_Bay_phytoplankton_biomass,Mougeotia_sp_mg_m-3,0,
Bullerjahn/McKay,Sandusky_Bay,0.5,phytoplankton_biomass,Bullerjahn/McKay_Sandusky_Bay_phytoplankton_biomass,Nephrochlamys_sp_mg_m-3,6.9,
Bullerjahn/McKay,Sandusky_Bay,0.5,phytoplankton_biomass,Bullerjahn/McKay_Sandusky_Bay_phytoplankton_biomass,Oocystis_solitaria_Wittrock_mg_m-3,10.8,
Bullerjahn/McKay,Sandusky_Bay,0.5,phytoplankton_biomass,Bullerjahn/McKay_Sandusky_Bay_phytoplankton_biomass,Oocystis_sp_mg_m-3,0,
Bullerjahn/McKay,Sandusky_Bay,0.5,phytoplankton_biomass,Bullerjahn/McKay_Sandusky_Bay_phytoplankton_biomass,Planktosphaeria_gelatinosa_GMSmith_mg_m-3,0,
Bullerjahn/McKay,Sandusky_Bay,0.5,phytoplankton_biomass,Bullerjahn/McKay_Sandusky_Bay_phytoplankton_biomass,Scenedesmus_sp_mg_m-3,0,
Bullerjahn/McKay,Sandusky_Bay,0.5,phytoplankton_biomass,Bullerjahn/McKay_Sandusky_Bay_phytoplankton_biomass,Spermatozopsis_exsultans_Korshikov_mg_m-3,0,
Bullerjahn/McKay,Sandusky_Bay,0.5,phytoplankton_biomass,Bullerjahn/McKay_Sandusky_Bay_phytoplankton_biomass,Stichococcus_sp_mg_m-3,0,
Bullerjahn/McKay,Sandusky_Bay,0.5,phytoplankton_biomass,Bullerjahn/McKay_Sandusky_Bay_phytoplankton_biomass,Tetraedron_triangulare_Korshikov_mg_m-3,0,
Bullerjahn/McKay,Sandusky_Bay,0.5,phytoplankton_biomass,Bullerjahn/McKay_Sandusky_Bay_phytoplankton_biomass,Tetrastrum_heteracanthum_Nordst_Chod_mg_m-3,10.9,
Bullerjahn/McKay,Sandusky_Bay,0.5,phytoplankton_biomass,Bullerjahn/McKay_Sandusky_Bay_phytoplankton_biomass,Euglena_sp_mg_m-3,26,
Bullerjahn/McKay,Sandusky_Bay,0.5,phytoplankton_biomass,Bullerjahn/McKay_Sandusky_Bay_phytoplankton_biomass,Aulomonas_purdyi_Lackey_mg_m-3,0,
Bullerjahn/McKay,Sandusky_Bay,0.5,phytoplankton_biomass,Bullerjahn/McKay_Sandusky_Bay_phytoplankton_biomass,Bicoeca_sp_mg_m-3,1.2,
Bullerjahn/McKay,Sandusky_Bay,0.5,phytoplankton_biomass,Bullerjahn/McKay_Sandusky_Bay_phytoplankton_biomass,Chrysochromulina_parva_Lackey_mg_m-3,0.4,
Bullerjahn/McKay,Sandusky_Bay,0.5,phytoplankton_biomass,Bullerjahn/McKay_Sandusky_Bay_phytoplankton_biomass,Chrysococcus_sp_mg_m-3,0,
Bullerjahn/McKay,Sandusky_Bay,0.5,phytoplankton_biomass,Bullerjahn/McKay_Sandusky_Bay_phytoplankton_biomass,Chrysolykos_planktonicus_Mack_mg_m-3,0,
Bullerjahn/McKay,Sandusky_Bay,0.5,phytoplankton_biomass,Bullerjahn/McKay_Sandusky_Bay_phytoplankton_biomass,Chrysophyceae_Cyst_mg_m-3,0,
Bullerjahn/McKay,Sandusky_Bay,0.5,phytoplankton_biomass,Bullerjahn/McKay_Sandusky_Bay_phytoplankton_biomass,Chrysophyceae_spp_mg_m-3,0.8,
Bullerjahn/McKay,Sandusky_Bay,0.5,phytoplankton_biomass,Bullerjahn/McKay_Sandusky_Bay_phytoplankton_biomass,Dinobryon_cylindricum_Imhof_mg_m-3,0,
Bullerjahn/McKay,Sandusky_Bay,0.5,phytoplankton_biomass,Bullerjahn/McKay_Sandusky_Bay_phytoplankton_biomass,Dinobryon_sertularia_Ehrenberg_mg_m-3,0,
Bullerjahn/McKay,Sandusky_Bay,0.5,phytoplankton_biomass,Bullerjahn/McKay_Sandusky_Bay_phytoplankton_biomass,Dinobryon_sp_mg_m-3,0,
Bullerjahn/McKay,Sandusky_Bay,0.5,phytoplankton_biomass,Bullerjahn/McKay_Sandusky_Bay_phytoplankton_biomass,Epipyxis_sp_mg_m-3,0,
Bullerjahn/McKay,Sandusky_Bay,0.5,phytoplankton_biomass,Bullerjahn/McKay_Sandusky_Bay_phytoplankton_biomass,Mallomonas_elongata_Reverdin_mg_m-3,0,
Bullerjahn/McKay,Sandusky_Bay,0.5,phytoplankton_biomass,Bullerjahn/McKay_Sandusky_Bay_phytoplankton_biomass,Mallomonas_sp_mg_m-3,0,
Bullerjahn/McKay,Sandusky_Bay,0.5,phytoplankton_biomass,Bullerjahn/McKay_Sandusky_Bay_phytoplankton_biomass,Ochromonad_sp_mg_m-3,8.2,
Bullerjahn/McKay,Sandusky_Bay,0.5,phytoplankton_biomass,Bullerjahn/McKay_Sandusky_Bay_phytoplankton_biomass,Ochromonas_sp_mg_m-3,9.3,
Bullerjahn/McKay,Sandusky_Bay,0.5,phytoplankton_biomass,Bullerjahn/McKay_Sandusky_Bay_phytoplankton_biomass,Pseudopedinella_sp_mg_m-3,0,
Bullerjahn/McKay,Sandusky_Bay,0.5,phytoplankton_biomass,Bullerjahn/McKay_Sandusky_Bay_phytoplankton_biomass,Rhizochrysis_limnetica_GM_Smith_mg_m-3,0,
Bullerjahn/McKay,Sandusky_Bay,0.5,phytoplankton_biomass,Bullerjahn/McKay_Sandusky_Bay_phytoplankton_biomass,Salpingoeca_frequentissima_Zacharias_Lemmermann_mg_m-3,0,
Bullerjahn/McKay,Sandusky_Bay,0.5,phytoplankton_biomass,Bullerjahn/McKay_Sandusky_Bay_phytoplankton_biomass,Spiniferomonas_sp_mg_m-3,0,
Bullerjahn/McKay,Sandusky_Bay,0.5,phytoplankton_biomass,Bullerjahn/McKay_Sandusky_Bay_phytoplankton_biomass,Stelexomonas_dichotoma_JLackey_mg_m-3,0,
Bullerjahn/McKay,Sandusky_Bay,0.5,phytoplankton_biomass,Bullerjahn/McKay_Sandusky_Bay_phytoplankton_biomass,Synura_sp_mg_m-3,0,
Bullerjahn/McKay,Sandusky_Bay,0.5,phytoplankton_biomass,Bullerjahn/McKay_Sandusky_Bay_phytoplankton_biomass,Achnanthidium_sp_mg_m-3,0,
Bullerjahn/McKay,Sandusky_Bay,0.5,phytoplankton_biomass,Bullerjahn/McKay_Sandusky_Bay_phytoplankton_biomass,Asterionella_formosa_Hassall_mg_m-3,0,
Bullerjahn/McKay,Sandusky_Bay,0.5,phytoplankton_biomass,Bullerjahn/McKay_Sandusky_Bay_phytoplankton_biomass,Aulacoseira_ambigua_Grunow_Simonsen_mg_m-3,0,
Bullerjahn/McKay,Sandusky_Bay,0.5,phytoplankton_biomass,Bullerjahn/McKay_Sandusky_Bay_phytoplankton_biomass,Aulacoseira_distans_Ehrenb_Simonsen_mg_m-3,0,
Bullerjahn/McKay,Sandusky_Bay,0.5,phytoplankton_biomass,Bullerjahn/McKay_Sandusky_Bay_phytoplankton_biomass,Aulacoseira_islandica_O_Mull_Simonsen_mg_m-3,5.3,
Bullerjahn/McKay,Sandusky_Bay,0.5,phytoplankton_biomass,Bullerjahn/McKay_Sandusky_Bay_phytoplankton_biomass,Bacillariophyceae_spp_mg_m-3,114,
Bullerjahn/McKay,Sandusky_Bay,0.5,phytoplankton_biomass,Bullerjahn/McKay_Sandusky_Bay_phytoplankton_biomass,Cocconeis_pediculus_Ehrenb_mg_m-3,0,
Bullerjahn/McKay,Sandusky_Bay,0.5,phytoplankton_biomass,Bullerjahn/McKay_Sandusky_Bay_phytoplankton_biomass,Cyclotella_comensis_Grunow_mg_m-3,0,
Bullerjahn/McKay,Sandusky_Bay,0.5,phytoplankton_biomass,Bullerjahn/McKay_Sandusky_Bay_phytoplankton_biomass,Cyclotella_ocellata_Pantocsek_mg_m-3,0,
Bullerjahn/McKay,Sandusky_Bay,0.5,phytoplankton_biomass,Bullerjahn/McKay_Sandusky_Bay_phytoplankton_biomass,Cyclotella_sp_mg_m-3,0,
Bullerjahn/McKay,Sandusky_Bay,0.5,phytoplankton_biomass,Bullerjahn/McKay_Sandusky_Bay_phytoplankton_biomass,Diatoma_tenue_var_elongatum_Lyngb_mg_m-3,0,
Bullerjahn/McKay,Sandusky_Bay,0.5,phytoplankton_biomass,Bullerjahn/McKay_Sandusky_Bay_phytoplankton_biomass,Diatoma_vulgaris_Bory_mg_m-3,0,
Bullerjahn/McKay,Sandusky_Bay,0.5,phytoplankton_biomass,Bullerjahn/McKay_Sandusky_Bay_phytoplankton_biomass,Encyonema_minutum_Hilse_DGMann_mg_m-3,0,
Bullerjahn/McKay,Sandusky_Bay,0.5,phytoplankton_biomass,Bullerjahn/McKay_Sandusky_Bay_phytoplankton_biomass,Encyonema_sp_mg_m-3,0,
Bullerjahn/McKay,Sandusky_Bay,0.5,phytoplankton_biomass,Bullerjahn/McKay_Sandusky_Bay_phytoplankton_biomass,Fragilaria_capucina_Desmazières_mg_m-3,0,
Bullerjahn/McKay,Sandusky_Bay,0.5,phytoplankton_biomass,Bullerjahn/McKay_Sandusky_Bay_phytoplankton_biomass,Fragilaria_construens_Ehr_Grunow_mg_m-3,0,
Bullerjahn/McKay,Sandusky_Bay,0.5,phytoplankton_biomass,Bullerjahn/McKay_Sandusky_Bay_phytoplankton_biomass,Fragilaria_sp_mg_m-3,2.2,
Bullerjahn/McKay,Sandusky_Bay,0.5,phytoplankton_biomass,Bullerjahn/McKay_Sandusky_Bay_phytoplankton_biomass,Gomphonema_sp_mg_m-3,0,
Bullerjahn/McKay,Sandusky_Bay,0.5,phytoplankton_biomass,Bullerjahn/McKay_Sandusky_Bay_phytoplankton_biomass,Navicula_sp_mg_m-3,0,
Bullerjahn/McKay,Sandusky_Bay,0.5,phytoplankton_biomass,Bullerjahn/McKay_Sandusky_Bay_phytoplankton_biomass,Navicula_tripunctata_O_F_Müll_Bory_mg_m-3,0,
Bullerjahn/McKay,Sandusky_Bay,0.5,phytoplankton_biomass,Bullerjahn/McKay_Sandusky_Bay_phytoplankton_biomass,Nitzschia_acicularis_Kütz_W_Smith_mg_m-3,0.4,
Bullerjahn/McKay,Sandusky_Bay,0.5,phytoplankton_biomass,Bullerjahn/McKay_Sandusky_Bay_phytoplankton_biomass,Nitzschia_linearis_C_Agardh_W_Sm_mg_m-3,0,
Bullerjahn/McKay,Sandusky_Bay,0.5,phytoplankton_biomass,Bullerjahn/McKay_Sandusky_Bay_phytoplankton_biomass,Nitzschia_sp_mg_m-3,12.2,
Bullerjahn/McKay,Sandusky_Bay,0.5,phytoplankton_biomass,Bullerjahn/McKay_Sandusky_Bay_phytoplankton_biomass,Rhoicosphenia_abbreviata_CAgardh_Lange-Bertalot_mg_m-3,0,
Bullerjahn/McKay,Sandusky_Bay,0.5,phytoplankton_biomass,Bullerjahn/McKay_Sandusky_Bay_phytoplankton_biomass,Skeletonema_potamos_Weber_Hasle_mg_m-3,4.1,
Bullerjahn/McKay,Sandusky_Bay,0.5,phytoplankton_biomass,Bullerjahn/McKay_Sandusky_Bay_phytoplankton_biomass,Stephanodiscus_agassizensis_Håk&_Kling_mg_m-3,90,
Bullerjahn/McKay,Sandusky_Bay,0.5,phytoplankton_biomass,Bullerjahn/McKay_Sandusky_Bay_phytoplankton_biomass,Stephanodiscus_binderanus_Kütz_Willi_Kreig_mg_m-3,0,
Bullerjahn/McKay,Sandusky_Bay,0.5,phytoplankton_biomass,Bullerjahn/McKay_Sandusky_Bay_phytoplankton_biomass,Stephanodiscus_hantzschii_Grunow_mg_m-3,0,
Bullerjahn/McKay,Sandusky_Bay,0.5,phytoplankton_biomass,Bullerjahn/McKay_Sandusky_Bay_phytoplankton_biomass,Stephanodiscus_sp_mg_m-3,0,
Bullerjahn/McKay,Sandusky_Bay,0.5,phytoplankton_biomass,Bullerjahn/McKay_Sandusky_Bay_phytoplankton_biomass,Synedra_acus_var_radians_Kütz_Hustedt_mg_m-3,0,
Bullerjahn/McKay,Sandusky_Bay,0.5,phytoplankton_biomass,Bullerjahn/McKay_Sandusky_Bay_phytoplankton_biomass,Synedra_sp_mg_m-3,1,
Bullerjahn/McKay,Sandusky_Bay,0.5,phytoplankton_biomass,Bullerjahn/McKay_Sandusky_Bay_phytoplankton_biomass,Tabellaria_fenestrata_Lyngb_Kütz_mg_m-3,0,
Bullerjahn/McKay,Sandusky_Bay,0.5,phytoplankton_biomass,Bullerjahn/McKay_Sandusky_Bay_phytoplankton_biomass,Urosolenia_eriensis_Crawford_&_Mann_mg_m-3,0,
Bullerjahn/McKay,Sandusky_Bay,0.5,phytoplankton_biomass,Bullerjahn/McKay_Sandusky_Bay_phytoplankton_biomass,Cryptomonas_erosa_Ehrenberg_mg_m-3,117.6,
Bullerjahn/McKay,Sandusky_Bay,0.5,phytoplankton_biomass,Bullerjahn/McKay_Sandusky_Bay_phytoplankton_biomass,Cryptomonas_marssonii_Skuja_mg_m-3,0,
Bullerjahn/McKay,Sandusky_Bay,0.5,phytoplankton_biomass,Bullerjahn/McKay_Sandusky_Bay_phytoplankton_biomass,Cryptomonas_obovata_Skuja_mg_m-3,0,
Bullerjahn/McKay,Sandusky_Bay,0.5,phytoplankton_biomass,Bullerjahn/McKay_Sandusky_Bay_phytoplankton_biomass,Cryptomonas_reflexa_Skuja_mg_m-3,4.6,
Bullerjahn/McKay,Sandusky_Bay,0.5,phytoplankton_biomass,Bullerjahn/McKay_Sandusky_Bay_phytoplankton_biomass,Cryptomonas_rostratiformis_Skuja_mg_m-3,0,
Bullerjahn/McKay,Sandusky_Bay,0.5,phytoplankton_biomass,Bullerjahn/McKay_Sandusky_Bay_phytoplankton_biomass,Cryptomonas_sp_mg_m-3,0,
Bullerjahn/McKay,Sandusky_Bay,0.5,phytoplankton_biomass,Bullerjahn/McKay_Sandusky_Bay_phytoplankton_biomass,Katablepharis_ovalis_Skuja_mg_m-3,0,
Bullerjahn/McKay,Sandusky_Bay,0.5,phytoplankton_biomass,Bullerjahn/McKay_Sandusky_Bay_phytoplankton_biomass,Rhodomonas_minuta_var_nannoplanctica_Skuja_mg_m-3,99.8,
Bullerjahn/McKay,Sandusky_Bay,0.5,phytoplankton_biomass,Bullerjahn/McKay_Sandusky_Bay_phytoplankton_biomass,Glenodinium_sp_mg_m-3,2.7,
Bullerjahn/McKay,Sandusky_Bay,0.5,phytoplankton_biomass,Bullerjahn/McKay_Sandusky_Bay_phytoplankton_biomass,Gymnodinium_helveticum_Penard_mg_m-3,0,
Bullerjahn/McKay,Sandusky_Bay,0.5,phytoplankton_biomass,Bullerjahn/McKay_Sandusky_Bay_phytoplankton_biomass,Gymnodinium_sp_mg_m-3,0,
Bullerjahn/McKay,Sandusky_Bay,0.5,phytoplankton_biomass,Bullerjahn/McKay_Sandusky_Bay_phytoplankton_biomass,Peridinium_aciculiferum_Lemmermann_mg_m-3,0,
Bullerjahn/McKay,Sandusky_Bay,0.5,phytoplankton_biomass,Bullerjahn/McKay_Sandusky_Bay_phytoplankton_biomass,Peridinium_sp_mg_m-3,0,
Bullerjahn/McKay,Sandusky_Bay,0.5,phytoplankton_biomass,Bullerjahn/McKay_Sandusky_Bay_phytoplankton_biomass,total_biomass_mg_m-3,589.1,
Bullerjahn/McKay,Sandusky_Bay,0.5,phytoplankton_biomass,Bullerjahn/McKay_Sandusky_Bay_phytoplankton_biomass,Total_Cyanobacteria_mg_m-3,3.9,
Bullerjahn/McKay,Sandusky_Bay,0.5,phytoplankton_biomass,Bullerjahn/McKay_Sandusky_Bay_phytoplankton_biomass,Total_Chlorophyta_mg_m-3,85.4,
Bullerjahn/McKay,Sandusky_Bay,0.5,phytoplankton_biomass,Bullerjahn/McKay_Sandusky_Bay_phytoplankton_biomass,Total_Euglenophyta_mg_m-3,26,
Bullerjahn/McKay,Sandusky_Bay,0.5,phytoplankton_biomass,Bullerjahn/McKay_Sandusky_Bay_phytoplankton_biomass,Total_Chrysophycea_mg_m-3,19.9,
Bullerjahn/McKay,Sandusky_Bay,0.5,phytoplankton_biomass,Bullerjahn/McKay_Sandusky_Bay_phytoplankton_biomass,Total_Diatomeae_mg_m-3,229.2,
Bullerjahn/McKay,Sandusky_Bay,0.5,phytoplankton_biomass,Bullerjahn/McKay_Sandusky_Bay_phytoplankton_biomass,Total_Cryptophyta_mg_m-3,222,
Bullerjahn/McKay,Sandusky_Bay,0.5,phytoplankton_biomass,Bullerjahn/McKay_Sandusky_Bay_phytoplankton_biomass,Total_Peridineae_mg_m-3,2.7,
Chaffin,South_Bass_Island,0.5,phytoplankton_biomass,Chaffin_South_Bass_Island_phytoplankton_biomass,Aphanocapsa_holsatica_Lemm_Cronb_&_Kom_mg_m-3,0,
Chaffin,South_Bass_Island,0.5,phytoplankton_biomass,Chaffin_South_Bass_Island_phytoplankton_biomass,Aphanocapsa_sp_mg_m-3,0,
Chaffin,South_Bass_Island,0.5,phytoplankton_biomass,Chaffin_South_Bass_Island_phytoplankton_biomass,Cyanodictyon_filiforme_JKomárková-Legnerová_&_GCronberg_mg_m-3,0,
Chaffin,South_Bass_Island,0.5,phytoplankton_biomass,Chaffin_South_Bass_Island_phytoplankton_biomass,Cyanophyta_sp_mg_m-3,4.2,
Chaffin,South_Bass_Island,0.5,phytoplankton_biomass,Chaffin_South_Bass_Island_phytoplankton_biomass,Gloeocapsa_sp_mg_m-3,0,
Chaffin,South_Bass_Island,0.5,phytoplankton_biomass,Chaffin_South_Bass_Island_phytoplankton_biomass,Microcystis_sp_mg_m-3,0,
Chaffin,South_Bass_Island,0.5,phytoplankton_biomass,Chaffin_South_Bass_Island_phytoplankton_biomass,Planktothrix_agardhii_Gomont_Anag_and_Komar_mg_m-3,0,
Chaffin,South_Bass_Island,0.5,phytoplankton_biomass,Chaffin_South_Bass_Island_phytoplankton_biomass,Pseudanabaena_contorta_Kling_&_Watson_mg_m-3,0,
Chaffin,South_Bass_Island,0.5,phytoplankton_biomass,Chaffin_South_Bass_Island_phytoplankton_biomass,Pseudanabaena_sp_mg_m-3,0,
Chaffin,South_Bass_Island,0.5,phytoplankton_biomass,Chaffin_South_Bass_Island_phytoplankton_biomass,Synechococcus_sp_mg_m-3,0,
Chaffin,South_Bass_Island,0.5,phytoplankton_biomass,Chaffin_South_Bass_Island_phytoplankton_biomass,Woronichinia_sp_mg_m-3,0,
Chaffin,South_Bass_Island,0.5,phytoplankton_biomass,Chaffin_South_Bass_Island_phytoplankton_biomass,Actinastrum_hantzschii_Lagerheim_mg_m-3,0,
Chaffin,South_Bass_Island,0.5,phytoplankton_biomass,Chaffin_South_Bass_Island_phytoplankton_biomass,Botryococcus_sp_mg_m-3,14.9,
Chaffin,South_Bass_Island,0.5,phytoplankton_biomass,Chaffin_South_Bass_Island_phytoplankton_biomass,Campylomonas_sp_mg_m-3,0,
Chaffin,South_Bass_Island,0.5,phytoplankton_biomass,Chaffin_South_Bass_Island_phytoplankton_biomass,Chlorogonium_minimum_Playfair_mg_m-3,0,
Chaffin,South_Bass_Island,0.5,phytoplankton_biomass,Chaffin_South_Bass_Island_phytoplankton_biomass,Chlorophyceae_spp_mg_m-3,30.5,
Chaffin,South_Bass_Island,0.5,phytoplankton_biomass,Chaffin_South_Bass_Island_phytoplankton_biomass,Closterium_aciculare_T_West_mg_m-3,0,
Chaffin,South_Bass_Island,0.5,phytoplankton_biomass,Chaffin_South_Bass_Island_phytoplankton_biomass,Closterium_strigosum_Brebisson_mg_m-3,0,
Chaffin,South_Bass_Island,0.5,phytoplankton_biomass,Chaffin_South_Bass_Island_phytoplankton_biomass,Collodictyon_triciliatum_H_Carter_mg_m-3,0,
Chaffin,South_Bass_Island,0.5,phytoplankton_biomass,Chaffin_South_Bass_Island_phytoplankton_biomass,Desmodesmus_sp_mg_m-3,0,
Chaffin,South_Bass_Island,0.5,phytoplankton_biomass,Chaffin_South_Bass_Island_phytoplankton_biomass,Gloeotila_pelagica_Nyegaard_Skuja_mg_m-3,0,
Chaffin,South_Bass_Island,0.5,phytoplankton_biomass,Chaffin_South_Bass_Island_phytoplankton_biomass,Koliella_longiseta_Vischer_Hindák_mg_m-3,0,
Chaffin,South_Bass_Island,0.5,phytoplankton_biomass,Chaffin_South_Bass_Island_phytoplankton_biomass,Koliella_sp_mg_m-3,0,
Chaffin,South_Bass_Island,0.5,phytoplankton_biomass,Chaffin_South_Bass_Island_phytoplankton_biomass,Lagerheimia_genevensis_Chodat_mg_m-3,0,
Chaffin,South_Bass_Island,0.5,phytoplankton_biomass,Chaffin_South_Bass_Island_phytoplankton_biomass,Monoraphidium_arcuatum_Korshikov_Hindák_mg_m-3,0,
Chaffin,South_Bass_Island,0.5,phytoplankton_biomass,Chaffin_South_Bass_Island_phytoplankton_biomass,Monoraphidium_contortum_Thurs_Kom_mg_m-3,0,
Chaffin,South_Bass_Island,0.5,phytoplankton_biomass,Chaffin_South_Bass_Island_phytoplankton_biomass,Monoraphidium_minutum_Nägeli_Komárková-legnerová_mg_m-3,0,
Chaffin,South_Bass_Island,0.5,phytoplankton_biomass,Chaffin_South_Bass_Island_phytoplankton_biomass,Mougeotia_sp_mg_m-3,2.3,
Chaffin,South_Bass_Island,0.5,phytoplankton_biomass,Chaffin_South_Bass_Island_phytoplankton_biomass,Nephrochlamys_sp_mg_m-3,0,
Chaffin,South_Bass_Island,0.5,phytoplankton_biomass,Chaffin_South_Bass_Island_phytoplankton_biomass,Oocystis_solitaria_Wittrock_mg_m-3,0,
Chaffin,South_Bass_Island,0.5,phytoplankton_biomass,Chaffin_South_Bass_Island_phytoplankton_biomass,Oocystis_sp_mg_m-3,0,
Chaffin,South_Bass_Island,0.5,phytoplankton_biomass,Chaffin_South_Bass_Island_phytoplankton_biomass,Planktosphaeria_gelatinosa_GMSmith_mg_m-3,0,
Chaffin,South_Bass_Island,0.5,phytoplankton_biomass,Chaffin_South_Bass_Island_phytoplankton_biomass,Scenedesmus_sp_mg_m-3,0,
Chaffin,South_Bass_Island,0.5,phytoplankton_biomass,Chaffin_South_Bass_Island_phytoplankton_biomass,Spermatozopsis_exsultans_Korshikov_mg_m-3,0.1,
Chaffin,South_Bass_Island,0.5,phytoplankton_biomass,Chaffin_South_Bass_Island_phytoplankton_biomass,Stichococcus_sp_mg_m-3,0,
Chaffin,South_Bass_Island,0.5,phytoplankton_biomass,Chaffin_South_Bass_Island_phytoplankton_biomass,Tetraedron_triangulare_Korshikov_mg_m-3,0,
Chaffin,South_Bass_Island,0.5,phytoplankton_biomass,Chaffin_South_Bass_Island_phytoplankton_biomass,Tetrastrum_heteracanthum_Nordst_Chod_mg_m-3,0,
Chaffin,South_Bass_Island,0.5,phytoplankton_biomass,Chaffin_South_Bass_Island_phytoplankton_biomass,Euglena_sp_mg_m-3,0,
Chaffin,South_Bass_Island,0.5,phytoplankton_biomass,Chaffin_South_Bass_Island_phytoplankton_biomass,Aulomonas_purdyi_Lackey_mg_m-3,2.7,
Chaffin,South_Bass_Island,0.5,phytoplankton_biomass,Chaffin_South_Bass_Island_phytoplankton_biomass,Bicoeca_sp_mg_m-3,0,
Chaffin,South_Bass_Island,0.5,phytoplankton_biomass,Chaffin_South_Bass_Island_phytoplankton_biomass,Chrysochromulina_parva_Lackey_mg_m-3,0,
Chaffin,South_Bass_Island,0.5,phytoplankton_biomass,Chaffin_South_Bass_Island_phytoplankton_biomass,Chrysococcus_sp_mg_m-3,0,
Chaffin,South_Bass_Island,0.5,phytoplankton_biomass,Chaffin_South_Bass_Island_phytoplankton_biomass,Chrysolykos_planktonicus_Mack_mg_m-3,0,
Chaffin,South_Bass_Island,0.5,phytoplankton_biomass,Chaffin_South_Bass_Island_phytoplankton_biomass,Chrysophyceae_Cyst_mg_m-3,0,
Chaffin,South_Bass_Island,0.5,phytoplankton_biomass,Chaffin_South_Bass_Island_phytoplankton_biomass,Chrysophyceae_spp_mg_m-3,2.7,
Chaffin,South_Bass_Island,0.5,phytoplankton_biomass,Chaffin_South_Bass_Island_phytoplankton_biomass,Dinobryon_cylindricum_Imhof_mg_m-3,0,
Chaffin,South_Bass_Island,0.5,phytoplankton_biomass,Chaffin_South_Bass_Island_phytoplankton_biomass,Dinobryon_sertularia_Ehrenberg_mg_m-3,0,
Chaffin,South_Bass_Island,0.5,phytoplankton_biomass,Chaffin_South_Bass_Island_phytoplankton_biomass,Dinobryon_sp_mg_m-3,0,
Chaffin,South_Bass_Island,0.5,phytoplankton_biomass,Chaffin_South_Bass_Island_phytoplankton_biomass,Epipyxis_sp_mg_m-3,0,
Chaffin,South_Bass_Island,0.5,phytoplankton_biomass,Chaffin_South_Bass_Island_phytoplankton_biomass,Mallomonas_elongata_Reverdin_mg_m-3,0,
Chaffin,South_Bass_Island,0.5,phytoplankton_biomass,Chaffin_South_Bass_Island_phytoplankton_biomass,Mallomonas_sp_mg_m-3,0,
Chaffin,South_Bass_Island,0.5,phytoplankton_biomass,Chaffin_South_Bass_Island_phytoplankton_biomass,Ochromonad_sp_mg_m-3,0,
Chaffin,South_Bass_Island,0.5,phytoplankton_biomass,Chaffin_South_Bass_Island_phytoplankton_biomass,Ochromonas_sp_mg_m-3,0,
Chaffin,South_Bass_Island,0.5,phytoplankton_biomass,Chaffin_South_Bass_Island_phytoplankton_biomass,Pseudopedinella_sp_mg_m-3,0,
Chaffin,South_Bass_Island,0.5,phytoplankton_biomass,Chaffin_South_Bass_Island_phytoplankton_biomass,Rhizochrysis_limnetica_GM_Smith_mg_m-3,0,
Chaffin,South_Bass_Island,0.5,phytoplankton_biomass,Chaffin_South_Bass_Island_phytoplankton_biomass,Salpingoeca_frequentissima_Zacharias_Lemmermann_mg_m-3,0,
Chaffin,South_Bass_Island,0.5,phytoplankton_biomass,Chaffin_South_Bass_Island_phytoplankton_biomass,Spiniferomonas_sp_mg_m-3,0,
Chaffin,South_Bass_Island,0.5,phytoplankton_biomass,Chaffin_South_Bass_Island_phytoplankton_biomass,Stelexomonas_dichotoma_JLackey_mg_m-3,5.4,
Chaffin,South_Bass_Island,0.5,phytoplankton_biomass,Chaffin_South_Bass_Island_phytoplankton_biomass,Synura_sp_mg_m-3,0,
Chaffin,South_Bass_Island,0.5,phytoplankton_biomass,Chaffin_South_Bass_Island_phytoplankton_biomass,Achnanthidium_sp_mg_m-3,0,
Chaffin,South_Bass_Island,0.5,phytoplankton_biomass,Chaffin_South_Bass_Island_phytoplankton_biomass,Asterionella_formosa_Hassall_mg_m-3,4.1,
Chaffin,South_Bass_Island,0.5,phytoplankton_biomass,Chaffin_South_Bass_Island_phytoplankton_biomass,Aulacoseira_ambigua_Grunow_Simonsen_mg_m-3,0,
Chaffin,South_Bass_Island,0.5,phytoplankton_biomass,Chaffin_South_Bass_Island_phytoplankton_biomass,Aulacoseira_distans_Ehrenb_Simonsen_mg_m-3,0,
Chaffin,South_Bass_Island,0.5,phytoplankton_biomass,Chaffin_South_Bass_Island_phytoplankton_biomass,Aulacoseira_islandica_O_Mull_Simonsen_mg_m-3,21.3,
Chaffin,South_Bass_Island,0.5,phytoplankton_biomass,Chaffin_South_Bass_Island_phytoplankton_biomass,Bacillariophyceae_spp_mg_m-3,13.8,
Chaffin,South_Bass_Island,0.5,phytoplankton_biomass,Chaffin_South_Bass_Island_phytoplankton_biomass,Cocconeis_pediculus_Ehrenb_mg_m-3,0,
Chaffin,South_Bass_Island,0.5,phytoplankton_biomass,Chaffin_South_Bass_Island_phytoplankton_biomass,Cyclotella_comensis_Grunow_mg_m-3,0,
Chaffin,South_Bass_Island,0.5,phytoplankton_biomass,Chaffin_South_Bass_Island_phytoplankton_biomass,Cyclotella_ocellata_Pantocsek_mg_m-3,0,
Chaffin,South_Bass_Island,0.5,phytoplankton_biomass,Chaffin_South_Bass_Island_phytoplankton_biomass,Cyclotella_sp_mg_m-3,0,
Chaffin,South_Bass_Island,0.5,phytoplankton_biomass,Chaffin_South_Bass_Island_phytoplankton_biomass,Diatoma_tenue_var_elongatum_Lyngb_mg_m-3,0,
Chaffin,South_Bass_Island,0.5,phytoplankton_biomass,Chaffin_South_Bass_Island_phytoplankton_biomass,Diatoma_vulgaris_Bory_mg_m-3,0,
Chaffin,South_Bass_Island,0.5,phytoplankton_biomass,Chaffin_South_Bass_Island_phytoplankton_biomass,Encyonema_minutum_Hilse_DGMann_mg_m-3,0,
Chaffin,South_Bass_Island,0.5,phytoplankton_biomass,Chaffin_South_Bass_Island_phytoplankton_biomass,Encyonema_sp_mg_m-3,0,
Chaffin,South_Bass_Island,0.5,phytoplankton_biomass,Chaffin_South_Bass_Island_phytoplankton_biomass,Fragilaria_capucina_Desmazières_mg_m-3,0,
Chaffin,South_Bass_Island,0.5,phytoplankton_biomass,Chaffin_South_Bass_Island_phytoplankton_biomass,Fragilaria_construens_Ehr_Grunow_mg_m-3,0,
Chaffin,South_Bass_Island,0.5,phytoplankton_biomass,Chaffin_South_Bass_Island_phytoplankton_biomass,Fragilaria_sp_mg_m-3,0,
Chaffin,South_Bass_Island,0.5,phytoplankton_biomass,Chaffin_South_Bass_Island_phytoplankton_biomass,Gomphonema_sp_mg_m-3,0,
Chaffin,South_Bass_Island,0.5,phytoplankton_biomass,Chaffin_South_Bass_Island_phytoplankton_biomass,Navicula_sp_mg_m-3,0,
Chaffin,South_Bass_Island,0.5,phytoplankton_biomass,Chaffin_South_Bass_Island_phytoplankton_biomass,Navicula_tripunctata_O_F_Müll_Bory_mg_m-3,0,
Chaffin,South_Bass_Island,0.5,phytoplankton_biomass,Chaffin_South_Bass_Island_phytoplankton_biomass,Nitzschia_acicularis_Kütz_W_Smith_mg_m-3,0.1,
Chaffin,South_Bass_Island,0.5,phytoplankton_biomass,Chaffin_South_Bass_Island_phytoplankton_biomass,Nitzschia_linearis_C_Agardh_W_Sm_mg_m-3,0,
Chaffin,South_Bass_Island,0.5,phytoplankton_biomass,Chaffin_South_Bass_Island_phytoplankton_biomass,Nitzschia_sp_mg_m-3,0,
Chaffin,South_Bass_Island,0.5,phytoplankton_biomass,Chaffin_South_Bass_Island_phytoplankton_biomass,Rhoicosphenia_abbreviata_CAgardh_Lange-Bertalot_mg_m-3,0,
Chaffin,South_Bass_Island,0.5,phytoplankton_biomass,Chaffin_South_Bass_Island_phytoplankton_biomass,Skeletonema_potamos_Weber_Hasle_mg_m-3,0,
Chaffin,South_Bass_Island,0.5,phytoplankton_biomass,Chaffin_South_Bass_Island_phytoplankton_biomass,Stephanodiscus_agassizensis_Håk&_Kling_mg_m-3,0,
Chaffin,South_Bass_Island,0.5,phytoplankton_biomass,Chaffin_South_Bass_Island_phytoplankton_biomass,Stephanodiscus_binderanus_Kütz_Willi_Kreig_mg_m-3,0,
Chaffin,South_Bass_Island,0.5,phytoplankton_biomass,Chaffin_South_Bass_Island_phytoplankton_biomass,Stephanodiscus_hantzschii_Grunow_mg_m-3,0,
Chaffin,South_Bass_Island,0.5,phytoplankton_biomass,Chaffin_South_Bass_Island_phytoplankton_biomass,Stephanodiscus_sp_mg_m-3,0.6,
Chaffin,South_Bass_Island,0.5,phytoplankton_biomass,Chaffin_South_Bass_Island_phytoplankton_biomass,Synedra_acus_var_radians_Kütz_Hustedt_mg_m-3,0.2,
Chaffin,South_Bass_Island,0.5,phytoplankton_biomass,Chaffin_South_Bass_Island_phytoplankton_biomass,Synedra_sp_mg_m-3,0,
Chaffin,South_Bass_Island,0.5,phytoplankton_biomass,Chaffin_South_Bass_Island_phytoplankton_biomass,Tabellaria_fenestrata_Lyngb_Kütz_mg_m-3,0,
Chaffin,South_Bass_Island,0.5,phytoplankton_biomass,Chaffin_South_Bass_Island_phytoplankton_biomass,Urosolenia_eriensis_Crawford_&_Mann_mg_m-3,2.7,
Chaffin,South_Bass_Island,0.5,phytoplankton_biomass,Chaffin_South_Bass_Island_phytoplankton_biomass,Cryptomonas_erosa_Ehrenberg_mg_m-3,0,
Chaffin,South_Bass_Island,0.5,phytoplankton_biomass,Chaffin_South_Bass_Island_phytoplankton_biomass,Cryptomonas_marssonii_Skuja_mg_m-3,0,
Chaffin,South_Bass_Island,0.5,phytoplankton_biomass,Chaffin_South_Bass_Island_phytoplankton_biomass,Cryptomonas_obovata_Skuja_mg_m-3,0,
Chaffin,South_Bass_Island,0.5,phytoplankton_biomass,Chaffin_South_Bass_Island_phytoplankton_biomass,Cryptomonas_reflexa_Skuja_mg_m-3,0,
Chaffin,South_Bass_Island,0.5,phytoplankton_biomass,Chaffin_South_Bass_Island_phytoplankton_biomass,Cryptomonas_rostratiformis_Skuja_mg_m-3,0,
Chaffin,South_Bass_Island,0.5,phytoplankton_biomass,Chaffin_South_Bass_Island_phytoplankton_biomass,Cryptomonas_sp_mg_m-3,0,
Chaffin,South_Bass_Island,0.5,phytoplankton_biomass,Chaffin_South_Bass_Island_phytoplankton_biomass,Katablepharis_ovalis_Skuja_mg_m-3,0,
Chaffin,South_Bass_Island,0.5,phytoplankton_biomass,Chaffin_South_Bass_Island_phytoplankton_biomass,Rhodomonas_minuta_var_nannoplanctica_Skuja_mg_m-3,0,
Chaffin,South_Bass_Island,0.5,phytoplankton_biomass,Chaffin_South_Bass_Island_phytoplankton_biomass,Glenodinium_sp_mg_m-3,0,
Chaffin,South_Bass_Island,0.5,phytoplankton_biomass,Chaffin_South_Bass_Island_phytoplankton_biomass,Gymnodinium_helveticum_Penard_mg_m-3,0,
Chaffin,South_Bass_Island,0.5,phytoplankton_biomass,Chaffin_South_Bass_Island_phytoplankton_biomass,Gymnodinium_sp_mg_m-3,0,
Chaffin,South_Bass_Island,0.5,phytoplankton_biomass,Chaffin_South_Bass_Island_phytoplankton_biomass,Peridinium_aciculiferum_Lemmermann_mg_m-3,0,
Chaffin,South_Bass_Island,0.5,phytoplankton_biomass,Chaffin_South_Bass_Island_phytoplankton_biomass,Peridinium_sp_mg_m-3,0,
Chaffin,South_Bass_Island,0.5,phytoplankton_biomass,Chaffin_South_Bass_Island_phytoplankton_biomass,total_biomass_mg_m-3,105.6,
Chaffin,South_Bass_Island,0.5,phytoplankton_biomass,Chaffin_South_Bass_Island_phytoplankton_biomass,Total_Cyanobacteria_mg_m-3,4.2,
Chaffin,South_Bass_Island,0.5,phytoplankton_biomass,Chaffin_South_Bass_Island_phytoplankton_biomass,Total_Chlorophyta_mg_m-3,47.8,
Chaffin,South_Bass_Island,0.5,phytoplankton_biomass,Chaffin_South_Bass_Island_phytoplankton_biomass,Total_Euglenophyta_mg_m-3,0,
Chaffin,South_Bass_Island,0.5,phytoplankton_biomass,Chaffin_South_Bass_Island_phytoplankton_biomass,Total_Chrysophycea_mg_m-3,10.8,
Chaffin,South_Bass_Island,0.5,phytoplankton_biomass,Chaffin_South_Bass_Island_phytoplankton_biomass,Total_Diatomeae_mg_m-3,42.8,
Chaffin,South_Bass_Island,0.5,phytoplankton_biomass,Chaffin_South_Bass_Island_phytoplankton_biomass,Total_Cryptophyta_mg_m-3,0,
Chaffin,South_Bass_Island,0.5,phytoplankton_biomass,Chaffin_South_Bass_Island_phytoplankton_biomass,Total_Peridineae_mg_m-3,0,
McKay,EC_1,0.5,phytoplankton_biomass,McKay_EC_1_phytoplankton_biomass,Aphanocapsa_holsatica_Lemm_Cronb_&_Kom_mg_m-3,0.9,
McKay,EC_1,0.5,phytoplankton_biomass,McKay_EC_1_phytoplankton_biomass,Aphanocapsa_sp_mg_m-3,1.5,
McKay,EC_1,0.5,phytoplankton_biomass,McKay_EC_1_phytoplankton_biomass,Cyanodictyon_filiforme_JKomárková-Legnerová_&_GCronberg_mg_m-3,1.9,
McKay,EC_1,0.5,phytoplankton_biomass,McKay_EC_1_phytoplankton_biomass,Cyanophyta_sp_mg_m-3,18.8,
McKay,EC_1,0.5,phytoplankton_biomass,McKay_EC_1_phytoplankton_biomass,Gloeocapsa_sp_mg_m-3,0.5,
McKay,EC_1,0.5,phytoplankton_biomass,McKay_EC_1_phytoplankton_biomass,Microcystis_sp_mg_m-3,0,
McKay,EC_1,0.5,phytoplankton_biomass,McKay_EC_1_phytoplankton_biomass,Planktothrix_agardhii_Gomont_Anag_and_Komar_mg_m-3,0,
McKay,EC_1,0.5,phytoplankton_biomass,McKay_EC_1_phytoplankton_biomass,Pseudanabaena_contorta_Kling_&_Watson_mg_m-3,0,
McKay,EC_1,0.5,phytoplankton_biomass,McKay_EC_1_phytoplankton_biomass,Pseudanabaena_sp_mg_m-3,0,
McKay,EC_1,0.5,phytoplankton_biomass,McKay_EC_1_phytoplankton_biomass,Synechococcus_sp_mg_m-3,0,
McKay,EC_1,0.5,phytoplankton_biomass,McKay_EC_1_phytoplankton_biomass,Woronichinia_sp_mg_m-3,27.7,
McKay,EC_1,0.5,phytoplankton_biomass,McKay_EC_1_phytoplankton_biomass,Actinastrum_hantzschii_Lagerheim_mg_m-3,0,
McKay,EC_1,0.5,phytoplankton_biomass,McKay_EC_1_phytoplankton_biomass,Botryococcus_sp_mg_m-3,0,
McKay,EC_1,0.5,phytoplankton_biomass,McKay_EC_1_phytoplankton_biomass,Campylomonas_sp_mg_m-3,0,
McKay,EC_1,0.5,phytoplankton_biomass,McKay_EC_1_phytoplankton_biomass,Chlorogonium_minimum_Playfair_mg_m-3,0,
McKay,EC_1,0.5,phytoplankton_biomass,McKay_EC_1_phytoplankton_biomass,Chlorophyceae_spp_mg_m-3,4.2,
McKay,EC_1,0.5,phytoplankton_biomass,McKay_EC_1_phytoplankton_biomass,Closterium_aciculare_T_West_mg_m-3,0,
McKay,EC_1,0.5,phytoplankton_biomass,McKay_EC_1_phytoplankton_biomass,Closterium_strigosum_Brebisson_mg_m-3,0,
McKay,EC_1,0.5,phytoplankton_biomass,McKay_EC_1_phytoplankton_biomass,Collodictyon_triciliatum_H_Carter_mg_m-3,0,
McKay,EC_1,0.5,phytoplankton_biomass,McKay_EC_1_phytoplankton_biomass,Desmodesmus_sp_mg_m-3,0,
McKay,EC_1,0.5,phytoplankton_biomass,McKay_EC_1_phytoplankton_biomass,Gloeotila_pelagica_Nyegaard_Skuja_mg_m-3,0,
McKay,EC_1,0.5,phytoplankton_biomass,McKay_EC_1_phytoplankton_biomass,Koliella_longiseta_Vischer_Hindák_mg_m-3,0,
McKay,EC_1,0.5,phytoplankton_biomass,McKay_EC_1_phytoplankton_biomass,Koliella_sp_mg_m-3,0,
McKay,EC_1,0.5,phytoplankton_biomass,McKay_EC_1_phytoplankton_biomass,Lagerheimia_genevensis_Chodat_mg_m-3,0,
McKay,EC_1,0.5,phytoplankton_biomass,McKay_EC_1_phytoplankton_biomass,Monoraphidium_arcuatum_Korshikov_Hindák_mg_m-3,0,
McKay,EC_1,0.5,phytoplankton_biomass,McKay_EC_1_phytoplankton_biomass,Monoraphidium_contortum_Thurs_Kom_mg_m-3,0,
McKay,EC_1,0.5,phytoplankton_biomass,McKay_EC_1_phytoplankton_biomass,Monoraphidium_minutum_Nägeli_Komárková-legnerová_mg_m-3,0,
McKay,EC_1,0.5,phytoplankton_biomass,McKay_EC_1_phytoplankton_biomass,Mougeotia_sp_mg_m-3,0,
McKay,EC_1,0.5,phytoplankton_biomass,McKay_EC_1_phytoplankton_biomass,Nephrochlamys_sp_mg_m-3,0,
McKay,EC_1,0.5,phytoplankton_biomass,McKay_EC_1_phytoplankton_biomass,Oocystis_solitaria_Wittrock_mg_m-3,0,
McKay,EC_1,0.5,phytoplankton_biomass,McKay_EC_1_phytoplankton_biomass,Oocystis_sp_mg_m-3,1,
McKay,EC_1,0.5,phytoplankton_biomass,McKay_EC_1_phytoplankton_biomass,Planktosphaeria_gelatinosa_GMSmith_mg_m-3,8.8,
McKay,EC_1,0.5,phytoplankton_biomass,McKay_EC_1_phytoplankton_biomass,Scenedesmus_sp_mg_m-3,13.9,
McKay,EC_1,0.5,phytoplankton_biomass,McKay_EC_1_phytoplankton_biomass,Spermatozopsis_exsultans_Korshikov_mg_m-3,0,
McKay,EC_1,0.5,phytoplankton_biomass,McKay_EC_1_phytoplankton_biomass,Stichococcus_sp_mg_m-3,0,
McKay,EC_1,0.5,phytoplankton_biomass,McKay_EC_1_phytoplankton_biomass,Tetraedron_triangulare_Korshikov_mg_m-3,1.7,
McKay,EC_1,0.5,phytoplankton_biomass,McKay_EC_1_phytoplankton_biomass,Tetrastrum_heteracanthum_Nordst_Chod_mg_m-3,0,
McKay,EC_1,0.5,phytoplankton_biomass,McKay_EC_1_phytoplankton_biomass,Euglena_sp_mg_m-3,0,
McKay,EC_1,0.5,phytoplankton_biomass,McKay_EC_1_phytoplankton_biomass,Aulomonas_purdyi_Lackey_mg_m-3,0,
McKay,EC_1,0.5,phytoplankton_biomass,McKay_EC_1_phytoplankton_biomass,Bicoeca_sp_mg_m-3,0,
McKay,EC_1,0.5,phytoplankton_biomass,McKay_EC_1_phytoplankton_biomass,Chrysochromulina_parva_Lackey_mg_m-3,0,
McKay,EC_1,0.5,phytoplankton_biomass,McKay_EC_1_phytoplankton_biomass,Chrysococcus_sp_mg_m-3,5.1,
McKay,EC_1,0.5,phytoplankton_biomass,McKay_EC_1_phytoplankton_biomass,Chrysolykos_planktonicus_Mack_mg_m-3,0,
McKay,EC_1,0.5,phytoplankton_biomass,McKay_EC_1_phytoplankton_biomass,Chrysophyceae_Cyst_mg_m-3,0,
McKay,EC_1,0.5,phytoplankton_biomass,McKay_EC_1_phytoplankton_biomass,Chrysophyceae_spp_mg_m-3,3.1,
McKay,EC_1,0.5,phytoplankton_biomass,McKay_EC_1_phytoplankton_biomass,Dinobryon_cylindricum_Imhof_mg_m-3,0,
McKay,EC_1,0.5,phytoplankton_biomass,McKay_EC_1_phytoplankton_biomass,Dinobryon_sertularia_Ehrenberg_mg_m-3,0,
McKay,EC_1,0.5,phytoplankton_biomass,McKay_EC_1_phytoplankton_biomass,Dinobryon_sp_mg_m-3,0,
McKay,EC_1,0.5,phytoplankton_biomass,McKay_EC_1_phytoplankton_biomass,Epipyxis_sp_mg_m-3,0,
McKay,EC_1,0.5,phytoplankton_biomass,McKay_EC_1_phytoplankton_biomass,Mallomonas_elongata_Reverdin_mg_m-3,0,
McKay,EC_1,0.5,phytoplankton_biomass,McKay_EC_1_phytoplankton_biomass,Mallomonas_sp_mg_m-3,0,
McKay,EC_1,0.5,phytoplankton_biomass,McKay_EC_1_phytoplankton_biomass,Ochromonad_sp_mg_m-3,5.8,
McKay,EC_1,0.5,phytoplankton_biomass,McKay_EC_1_phytoplankton_biomass,Ochromonas_sp_mg_m-3,0,
McKay,EC_1,0.5,phytoplankton_biomass,McKay_EC_1_phytoplankton_biomass,Pseudopedinella_sp_mg_m-3,8.2,
McKay,EC_1,0.5,phytoplankton_biomass,McKay_EC_1_phytoplankton_biomass,Rhizochrysis_limnetica_GM_Smith_mg_m-3,0,
McKay,EC_1,0.5,phytoplankton_biomass,McKay_EC_1_phytoplankton_biomass,Salpingoeca_frequentissima_Zacharias_Lemmermann_mg_m-3,0,
McKay,EC_1,0.5,phytoplankton_biomass,McKay_EC_1_phytoplankton_biomass,Spiniferomonas_sp_mg_m-3,0,
McKay,EC_1,0.5,phytoplankton_biomass,McKay_EC_1_phytoplankton_biomass,Stelexomonas_dichotoma_JLackey_mg_m-3,1.4,
McKay,EC_1,0.5,phytoplankton_biomass,McKay_EC_1_phytoplankton_biomass,Synura_sp_mg_m-3,0,
McKay,EC_1,0.5,phytoplankton_biomass,McKay_EC_1_phytoplankton_biomass,Achnanthidium_sp_mg_m-3,0,
McKay,EC_1,0.5,phytoplankton_biomass,McKay_EC_1_phytoplankton_biomass,Asterionella_formosa_Hassall_mg_m-3,0,
McKay,EC_1,0.5,phytoplankton_biomass,McKay_EC_1_phytoplankton_biomass,Aulacoseira_ambigua_Grunow_Simonsen_mg_m-3,44.2,
McKay,EC_1,0.5,phytoplankton_biomass,McKay_EC_1_phytoplankton_biomass,Aulacoseira_distans_Ehrenb_Simonsen_mg_m-3,0,
McKay,EC_1,0.5,phytoplankton_biomass,McKay_EC_1_phytoplankton_biomass,Aulacoseira_islandica_O_Mull_Simonsen_mg_m-3,0,
McKay,EC_1,0.5,phytoplankton_biomass,McKay_EC_1_phytoplankton_biomass,Bacillariophyceae_spp_mg_m-3,61.4,
McKay,EC_1,0.5,phytoplankton_biomass,McKay_EC_1_phytoplankton_biomass,Cocconeis_pediculus_Ehrenb_mg_m-3,0,
McKay,EC_1,0.5,phytoplankton_biomass,McKay_EC_1_phytoplankton_biomass,Cyclotella_comensis_Grunow_mg_m-3,156.2,
McKay,EC_1,0.5,phytoplankton_biomass,McKay_EC_1_phytoplankton_biomass,Cyclotella_ocellata_Pantocsek_mg_m-3,0,
McKay,EC_1,0.5,phytoplankton_biomass,McKay_EC_1_phytoplankton_biomass,Cyclotella_sp_mg_m-3,0,
McKay,EC_1,0.5,phytoplankton_biomass,McKay_EC_1_phytoplankton_biomass,Diatoma_tenue_var_elongatum_Lyngb_mg_m-3,0,
McKay,EC_1,0.5,phytoplankton_biomass,McKay_EC_1_phytoplankton_biomass,Diatoma_vulgaris_Bory_mg_m-3,0,
McKay,EC_1,0.5,phytoplankton_biomass,McKay_EC_1_phytoplankton_biomass,Encyonema_minutum_Hilse_DGMann_mg_m-3,0,
McKay,EC_1,0.5,phytoplankton_biomass,McKay_EC_1_phytoplankton_biomass,Encyonema_sp_mg_m-3,0,
McKay,EC_1,0.5,phytoplankton_biomass,McKay_EC_1_phytoplankton_biomass,Fragilaria_capucina_Desmazières_mg_m-3,0,
McKay,EC_1,0.5,phytoplankton_biomass,McKay_EC_1_phytoplankton_biomass,Fragilaria_construens_Ehr_Grunow_mg_m-3,0,
McKay,EC_1,0.5,phytoplankton_biomass,McKay_EC_1_phytoplankton_biomass,Fragilaria_sp_mg_m-3,0.3,
McKay,EC_1,0.5,phytoplankton_biomass,McKay_EC_1_phytoplankton_biomass,Gomphonema_sp_mg_m-3,0,
McKay,EC_1,0.5,phytoplankton_biomass,McKay_EC_1_phytoplankton_biomass,Navicula_sp_mg_m-3,0,
McKay,EC_1,0.5,phytoplankton_biomass,McKay_EC_1_phytoplankton_biomass,Navicula_tripunctata_O_F_Müll_Bory_mg_m-3,0,
McKay,EC_1,0.5,phytoplankton_biomass,McKay_EC_1_phytoplankton_biomass,Nitzschia_acicularis_Kütz_W_Smith_mg_m-3,2.8,
McKay,EC_1,0.5,phytoplankton_biomass,McKay_EC_1_phytoplankton_biomass,Nitzschia_linearis_C_Agardh_W_Sm_mg_m-3,3.1,
McKay,EC_1,0.5,phytoplankton_biomass,McKay_EC_1_phytoplankton_biomass,Nitzschia_sp_mg_m-3,0.8,
McKay,EC_1,0.5,phytoplankton_biomass,McKay_EC_1_phytoplankton_biomass,Rhoicosphenia_abbreviata_CAgardh_Lange-Bertalot_mg_m-3,0,
McKay,EC_1,0.5,phytoplankton_biomass,McKay_EC_1_phytoplankton_biomass,Skeletonema_potamos_Weber_Hasle_mg_m-3,0,
McKay,EC_1,0.5,phytoplankton_biomass,McKay_EC_1_phytoplankton_biomass,Stephanodiscus_agassizensis_Håk&_Kling_mg_m-3,0,
McKay,EC_1,0.5,phytoplankton_biomass,McKay_EC_1_phytoplankton_biomass,Stephanodiscus_binderanus_Kütz_Willi_Kreig_mg_m-3,0,
McKay,EC_1,0.5,phytoplankton_biomass,McKay_EC_1_phytoplankton_biomass,Stephanodiscus_hantzschii_Grunow_mg_m-3,0,
McKay,EC_1,0.5,phytoplankton_biomass,McKay_EC_1_phytoplankton_biomass,Stephanodiscus_sp_mg_m-3,0,
McKay,EC_1,0.5,phytoplankton_biomass,McKay_EC_1_phytoplankton_biomass,Synedra_acus_var_radians_Kütz_Hustedt_mg_m-3,1.8,
McKay,EC_1,0.5,phytoplankton_biomass,McKay_EC_1_phytoplankton_biomass,Synedra_sp_mg_m-3,0,
McKay,EC_1,0.5,phytoplankton_biomass,McKay_EC_1_phytoplankton_biomass,Tabellaria_fenestrata_Lyngb_Kütz_mg_m-3,0,
McKay,EC_1,0.5,phytoplankton_biomass,McKay_EC_1_phytoplankton_biomass,Urosolenia_eriensis_Crawford_&_Mann_mg_m-3,0,
McKay,EC_1,0.5,phytoplankton_biomass,McKay_EC_1_phytoplankton_biomass,Cryptomonas_erosa_Ehrenberg_mg_m-3,0,
McKay,EC_1,0.5,phytoplankton_biomass,McKay_EC_1_phytoplankton_biomass,Cryptomonas_marssonii_Skuja_mg_m-3,0,
McKay,EC_1,0.5,phytoplankton_biomass,McKay_EC_1_phytoplankton_biomass,Cryptomonas_obovata_Skuja_mg_m-3,0,
McKay,EC_1,0.5,phytoplankton_biomass,McKay_EC_1_phytoplankton_biomass,Cryptomonas_reflexa_Skuja_mg_m-3,0,
McKay,EC_1,0.5,phytoplankton_biomass,McKay_EC_1_phytoplankton_biomass,Cryptomonas_rostratiformis_Skuja_mg_m-3,0,
McKay,EC_1,0.5,phytoplankton_biomass,McKay_EC_1_phytoplankton_biomass,Cryptomonas_sp_mg_m-3,0,
McKay,EC_1,0.5,phytoplankton_biomass,McKay_EC_1_phytoplankton_biomass,Katablepharis_ovalis_Skuja_mg_m-3,0.7,
McKay,EC_1,0.5,phytoplankton_biomass,McKay_EC_1_phytoplankton_biomass,Rhodomonas_minuta_var_nannoplanctica_Skuja_mg_m-3,0,
McKay,EC_1,0.5,phytoplankton_biomass,McKay_EC_1_phytoplankton_biomass,Glenodinium_sp_mg_m-3,0,
McKay,EC_1,0.5,phytoplankton_biomass,McKay_EC_1_phytoplankton_biomass,Gymnodinium_helveticum_Penard_mg_m-3,0,
McKay,EC_1,0.5,phytoplankton_biomass,McKay_EC_1_phytoplankton_biomass,Gymnodinium_sp_mg_m-3,0,
McKay,EC_1,0.5,phytoplankton_biomass,McKay_EC_1_phytoplankton_biomass,Peridinium_aciculiferum_Lemmermann_mg_m-3,0,
McKay,EC_1,0.5,phytoplankton_biomass,McKay_EC_1_phytoplankton_biomass,Peridinium_sp_mg_m-3,0,
McKay,EC_1,0.5,phytoplankton_biomass,McKay_EC_1_phytoplankton_biomass,total_biomass_mg_m-3,375.8,
McKay,EC_1,0.5,phytoplankton_biomass,McKay_EC_1_phytoplankton_biomass,Total_Cyanobacteria_mg_m-3,51.3,
McKay,EC_1,0.5,phytoplankton_biomass,McKay_EC_1_phytoplankton_biomass,Total_Chlorophyta_mg_m-3,29.6,
McKay,EC_1,0.5,phytoplankton_biomass,McKay_EC_1_phytoplankton_biomass,Total_Euglenophyta_mg_m-3,0,
McKay,EC_1,0.5,phytoplankton_biomass,McKay_EC_1_phytoplankton_biomass,Total_Chrysophycea_mg_m-3,23.6,
McKay,EC_1,0.5,phytoplankton_biomass,McKay_EC_1_phytoplankton_biomass,Total_Diatomeae_mg_m-3,270.6,
McKay,EC_1,0.5,phytoplankton_biomass,McKay_EC_1_phytoplankton_biomass,Total_Cryptophyta_mg_m-3,0.7,
McKay,EC_1,0.5,phytoplankton_biomass,McKay_EC_1_phytoplankton_biomass,Total_Peridineae_mg_m-3,0,
Uzarski,Vanderbilt_Park_Saginaw_Bay,0.5,phytoplankton_biomass,Uzarski_Vanderbilt_Park_Saginaw_Bay_phytoplankton_biomass,Aphanocapsa_holsatica_Lemm_Cronb_&_Kom_mg_m-3,0,
Uzarski,Vanderbilt_Park_Saginaw_Bay,0.5,phytoplankton_biomass,Uzarski_Vanderbilt_Park_Saginaw_Bay_phytoplankton_biomass,Aphanocapsa_sp_mg_m-3,0,
Uzarski,Vanderbilt_Park_Saginaw_Bay,0.5,phytoplankton_biomass,Uzarski_Vanderbilt_Park_Saginaw_Bay_phytoplankton_biomass,Cyanodictyon_filiforme_JKomárková-Legnerová_&_GCronberg_mg_m-3,0,
Uzarski,Vanderbilt_Park_Saginaw_Bay,0.5,phytoplankton_biomass,Uzarski_Vanderbilt_Park_Saginaw_Bay_phytoplankton_biomass,Cyanophyta_sp_mg_m-3,6.6,
Uzarski,Vanderbilt_Park_Saginaw_Bay,0.5,phytoplankton_biomass,Uzarski_Vanderbilt_Park_Saginaw_Bay_phytoplankton_biomass,Gloeocapsa_sp_mg_m-3,0,
Uzarski,Vanderbilt_Park_Saginaw_Bay,0.5,phytoplankton_biomass,Uzarski_Vanderbilt_Park_Saginaw_Bay_phytoplankton_biomass,Microcystis_sp_mg_m-3,0,
Uzarski,Vanderbilt_Park_Saginaw_Bay,0.5,phytoplankton_biomass,Uzarski_Vanderbilt_Park_Saginaw_Bay_phytoplankton_biomass,Planktothrix_agardhii_Gomont_Anag_and_Komar_mg_m-3,0,
Uzarski,Vanderbilt_Park_Saginaw_Bay,0.5,phytoplankton_biomass,Uzarski_Vanderbilt_Park_Saginaw_Bay_phytoplankton_biomass,Pseudanabaena_contorta_Kling_&_Watson_mg_m-3,0,
Uzarski,Vanderbilt_Park_Saginaw_Bay,0.5,phytoplankton_biomass,Uzarski_Vanderbilt_Park_Saginaw_Bay_phytoplankton_biomass,Pseudanabaena_sp_mg_m-3,0.2,
Uzarski,Vanderbilt_Park_Saginaw_Bay,0.5,phytoplankton_biomass,Uzarski_Vanderbilt_Park_Saginaw_Bay_phytoplankton_biomass,Synechococcus_sp_mg_m-3,0,
Uzarski,Vanderbilt_Park_Saginaw_Bay,0.5,phytoplankton_biomass,Uzarski_Vanderbilt_Park_Saginaw_Bay_phytoplankton_biomass,Woronichinia_sp_mg_m-3,0,
Uzarski,Vanderbilt_Park_Saginaw_Bay,0.5,phytoplankton_biomass,Uzarski_Vanderbilt_Park_Saginaw_Bay_phytoplankton_biomass,Actinastrum_hantzschii_Lagerheim_mg_m-3,0,
Uzarski,Vanderbilt_Park_Saginaw_Bay,0.5,phytoplankton_biomass,Uzarski_Vanderbilt_Park_Saginaw_Bay_phytoplankton_biomass,Botryococcus_sp_mg_m-3,0,
Uzarski,Vanderbilt_Park_Saginaw_Bay,0.5,phytoplankton_biomass,Uzarski_Vanderbilt_Park_Saginaw_Bay_phytoplankton_biomass,Campylomonas_sp_mg_m-3,0,
Uzarski,Vanderbilt_Park_Saginaw_Bay,0.5,phytoplankton_biomass,Uzarski_Vanderbilt_Park_Saginaw_Bay_phytoplankton_biomass,Chlorogonium_minimum_Playfair_mg_m-3,0,
Uzarski,Vanderbilt_Park_Saginaw_Bay,0.5,phytoplankton_biomass,Uzarski_Vanderbilt_Park_Saginaw_Bay_phytoplankton_biomass,Chlorophyceae_spp_mg_m-3,9,
Uzarski,Vanderbilt_Park_Saginaw_Bay,0.5,phytoplankton_biomass,Uzarski_Vanderbilt_Park_Saginaw_Bay_phytoplankton_biomass,Closterium_aciculare_T_West_mg_m-3,0,
Uzarski,Vanderbilt_Park_Saginaw_Bay,0.5,phytoplankton_biomass,Uzarski_Vanderbilt_Park_Saginaw_Bay_phytoplankton_biomass,Closterium_strigosum_Brebisson_mg_m-3,0,
Uzarski,Vanderbilt_Park_Saginaw_Bay,0.5,phytoplankton_biomass,Uzarski_Vanderbilt_Park_Saginaw_Bay_phytoplankton_biomass,Collodictyon_triciliatum_H_Carter_mg_m-3,0,
Uzarski,Vanderbilt_Park_Saginaw_Bay,0.5,phytoplankton_biomass,Uzarski_Vanderbilt_Park_Saginaw_Bay_phytoplankton_biomass,Desmodesmus_sp_mg_m-3,0,
Uzarski,Vanderbilt_Park_Saginaw_Bay,0.5,phytoplankton_biomass,Uzarski_Vanderbilt_Park_Saginaw_Bay_phytoplankton_biomass,Gloeotila_pelagica_Nyegaard_Skuja_mg_m-3,0,
Uzarski,Vanderbilt_Park_Saginaw_Bay,0.5,phytoplankton_biomass,Uzarski_Vanderbilt_Park_Saginaw_Bay_phytoplankton_biomass,Koliella_longiseta_Vischer_Hindák_mg_m-3,0,
Uzarski,Vanderbilt_Park_Saginaw_Bay,0.5,phytoplankton_biomass,Uzarski_Vanderbilt_Park_Saginaw_Bay_phytoplankton_biomass,Koliella_sp_mg_m-3,0,
Uzarski,Vanderbilt_Park_Saginaw_Bay,0.5,phytoplankton_biomass,Uzarski_Vanderbilt_Park_Saginaw_Bay_phytoplankton_biomass,Lagerheimia_genevensis_Chodat_mg_m-3,0,
Uzarski,Vanderbilt_Park_Saginaw_Bay,0.5,phytoplankton_biomass,Uzarski_Vanderbilt_Park_Saginaw_Bay_phytoplankton_biomass,Monoraphidium_arcuatum_Korshikov_Hindák_mg_m-3,0,
Uzarski,Vanderbilt_Park_Saginaw_Bay,0.5,phytoplankton_biomass,Uzarski_Vanderbilt_Park_Saginaw_Bay_phytoplankton_biomass,Monoraphidium_contortum_Thurs_Kom_mg_m-3,0,
Uzarski,Vanderbilt_Park_Saginaw_Bay,0.5,phytoplankton_biomass,Uzarski_Vanderbilt_Park_Saginaw_Bay_phytoplankton_biomass,Monoraphidium_minutum_Nägeli_Komárková-legnerová_mg_m-3,0,
Uzarski,Vanderbilt_Park_Saginaw_Bay,0.5,phytoplankton_biomass,Uzarski_Vanderbilt_Park_Saginaw_Bay_phytoplankton_biomass,Mougeotia_sp_mg_m-3,0,
Uzarski,Vanderbilt_Park_Saginaw_Bay,0.5,phytoplankton_biomass,Uzarski_Vanderbilt_Park_Saginaw_Bay_phytoplankton_biomass,Nephrochlamys_sp_mg_m-3,0,
Uzarski,Vanderbilt_Park_Saginaw_Bay,0.5,phytoplankton_biomass,Uzarski_Vanderbilt_Park_Saginaw_Bay_phytoplankton_biomass,Oocystis_solitaria_Wittrock_mg_m-3,0,
Uzarski,Vanderbilt_Park_Saginaw_Bay,0.5,phytoplankton_biomass,Uzarski_Vanderbilt_Park_Saginaw_Bay_phytoplankton_biomass,Oocystis_sp_mg_m-3,0,
Uzarski,Vanderbilt_Park_Saginaw_Bay,0.5,phytoplankton_biomass,Uzarski_Vanderbilt_Park_Saginaw_Bay_phytoplankton_biomass,Planktosphaeria_gelatinosa_GMSmith_mg_m-3,0,
Uzarski,Vanderbilt_Park_Saginaw_Bay,0.5,phytoplankton_biomass,Uzarski_Vanderbilt_Park_Saginaw_Bay_phytoplankton_biomass,Scenedesmus_sp_mg_m-3,0,
Uzarski,Vanderbilt_Park_Saginaw_Bay,0.5,phytoplankton_biomass,Uzarski_Vanderbilt_Park_Saginaw_Bay_phytoplankton_biomass,Spermatozopsis_exsultans_Korshikov_mg_m-3,0.3,
Uzarski,Vanderbilt_Park_Saginaw_Bay,0.5,phytoplankton_biomass,Uzarski_Vanderbilt_Park_Saginaw_Bay_phytoplankton_biomass,Stichococcus_sp_mg_m-3,0,
Uzarski,Vanderbilt_Park_Saginaw_Bay,0.5,phytoplankton_biomass,Uzarski_Vanderbilt_Park_Saginaw_Bay_phytoplankton_biomass,Tetraedron_triangulare_Korshikov_mg_m-3,0,
Uzarski,Vanderbilt_Park_Saginaw_Bay,0.5,phytoplankton_biomass,Uzarski_Vanderbilt_Park_Saginaw_Bay_phytoplankton_biomass,Tetrastrum_heteracanthum_Nordst_Chod_mg_m-3,0,
Uzarski,Vanderbilt_Park_Saginaw_Bay,0.5,phytoplankton_biomass,Uzarski_Vanderbilt_Park_Saginaw_Bay_phytoplankton_biomass,Euglena_sp_mg_m-3,0,
Uzarski,Vanderbilt_Park_Saginaw_Bay,0.5,phytoplankton_biomass,Uzarski_Vanderbilt_Park_Saginaw_Bay_phytoplankton_biomass,Aulomonas_purdyi_Lackey_mg_m-3,0,
Uzarski,Vanderbilt_Park_Saginaw_Bay,0.5,phytoplankton_biomass,Uzarski_Vanderbilt_Park_Saginaw_Bay_phytoplankton_biomass,Bicoeca_sp_mg_m-3,0,
Uzarski,Vanderbilt_Park_Saginaw_Bay,0.5,phytoplankton_biomass,Uzarski_Vanderbilt_Park_Saginaw_Bay_phytoplankton_biomass,Chrysochromulina_parva_Lackey_mg_m-3,18.8,
Uzarski,Vanderbilt_Park_Saginaw_Bay,0.5,phytoplankton_biomass,Uzarski_Vanderbilt_Park_Saginaw_Bay_phytoplankton_biomass,Chrysococcus_sp_mg_m-3,0,
Uzarski,Vanderbilt_Park_Saginaw_Bay,0.5,phytoplankton_biomass,Uzarski_Vanderbilt_Park_Saginaw_Bay_phytoplankton_biomass,Chrysolykos_planktonicus_Mack_mg_m-3,0,
Uzarski,Vanderbilt_Park_Saginaw_Bay,0.5,phytoplankton_biomass,Uzarski_Vanderbilt_Park_Saginaw_Bay_phytoplankton_biomass,Chrysophyceae_Cyst_mg_m-3,0,
Uzarski,Vanderbilt_Park_Saginaw_Bay,0.5,phytoplankton_biomass,Uzarski_Vanderbilt_Park_Saginaw_Bay_phytoplankton_biomass,Chrysophyceae_spp_mg_m-3,12.9,
Uzarski,Vanderbilt_Park_Saginaw_Bay,0.5,phytoplankton_biomass,Uzarski_Vanderbilt_Park_Saginaw_Bay_phytoplankton_biomass,Dinobryon_cylindricum_Imhof_mg_m-3,0,
Uzarski,Vanderbilt_Park_Saginaw_Bay,0.5,phytoplankton_biomass,Uzarski_Vanderbilt_Park_Saginaw_Bay_phytoplankton_biomass,Dinobryon_sertularia_Ehrenberg_mg_m-3,0,
Uzarski,Vanderbilt_Park_Saginaw_Bay,0.5,phytoplankton_biomass,Uzarski_Vanderbilt_Park_Saginaw_Bay_phytoplankton_biomass,Dinobryon_sp_mg_m-3,0,
Uzarski,Vanderbilt_Park_Saginaw_Bay,0.5,phytoplankton_biomass,Uzarski_Vanderbilt_Park_Saginaw_Bay_phytoplankton_biomass,Epipyxis_sp_mg_m-3,0,
Uzarski,Vanderbilt_Park_Saginaw_Bay,0.5,phytoplankton_biomass,Uzarski_Vanderbilt_Park_Saginaw_Bay_phytoplankton_biomass,Mallomonas_elongata_Reverdin_mg_m-3,0,
Uzarski,Vanderbilt_Park_Saginaw_Bay,0.5,phytoplankton_biomass,Uzarski_Vanderbilt_Park_Saginaw_Bay_phytoplankton_biomass,Mallomonas_sp_mg_m-3,0,
Uzarski,Vanderbilt_Park_Saginaw_Bay,0.5,phytoplankton_biomass,Uzarski_Vanderbilt_Park_Saginaw_Bay_phytoplankton_biomass,Ochromonad_sp_mg_m-3,10,
Uzarski,Vanderbilt_Park_Saginaw_Bay,0.5,phytoplankton_biomass,Uzarski_Vanderbilt_Park_Saginaw_Bay_phytoplankton_biomass,Ochromonas_sp_mg_m-3,1.5,
Uzarski,Vanderbilt_Park_Saginaw_Bay,0.5,phytoplankton_biomass,Uzarski_Vanderbilt_Park_Saginaw_Bay_phytoplankton_biomass,Pseudopedinella_sp_mg_m-3,0,
Uzarski,Vanderbilt_Park_Saginaw_Bay,0.5,phytoplankton_biomass,Uzarski_Vanderbilt_Park_Saginaw_Bay_phytoplankton_biomass,Rhizochrysis_limnetica_GM_Smith_mg_m-3,0,
Uzarski,Vanderbilt_Park_Saginaw_Bay,0.5,phytoplankton_biomass,Uzarski_Vanderbilt_Park_Saginaw_Bay_phytoplankton_biomass,Salpingoeca_frequentissima_Zacharias_Lemmermann_mg_m-3,0,
Uzarski,Vanderbilt_Park_Saginaw_Bay,0.5,phytoplankton_biomass,Uzarski_Vanderbilt_Park_Saginaw_Bay_phytoplankton_biomass,Spiniferomonas_sp_mg_m-3,0,
Uzarski,Vanderbilt_Park_Saginaw_Bay,0.5,phytoplankton_biomass,Uzarski_Vanderbilt_Park_Saginaw_Bay_phytoplankton_biomass,Stelexomonas_dichotoma_JLackey_mg_m-3,0,
Uzarski,Vanderbilt_Park_Saginaw_Bay,0.5,phytoplankton_biomass,Uzarski_Vanderbilt_Park_Saginaw_Bay_phytoplankton_biomass,Synura_sp_mg_m-3,0,
Uzarski,Vanderbilt_Park_Saginaw_Bay,0.5,phytoplankton_biomass,Uzarski_Vanderbilt_Park_Saginaw_Bay_phytoplankton_biomass,Achnanthidium_sp_mg_m-3,0,
Uzarski,Vanderbilt_Park_Saginaw_Bay,0.5,phytoplankton_biomass,Uzarski_Vanderbilt_Park_Saginaw_Bay_phytoplankton_biomass,Asterionella_formosa_Hassall_mg_m-3,0,
Uzarski,Vanderbilt_Park_Saginaw_Bay,0.5,phytoplankton_biomass,Uzarski_Vanderbilt_Park_Saginaw_Bay_phytoplankton_biomass,Aulacoseira_ambigua_Grunow_Simonsen_mg_m-3,0,
Uzarski,Vanderbilt_Park_Saginaw_Bay,0.5,phytoplankton_biomass,Uzarski_Vanderbilt_Park_Saginaw_Bay_phytoplankton_biomass,Aulacoseira_distans_Ehrenb_Simonsen_mg_m-3,0,
Uzarski,Vanderbilt_Park_Saginaw_Bay,0.5,phytoplankton_biomass,Uzarski_Vanderbilt_Park_Saginaw_Bay_phytoplankton_biomass,Aulacoseira_islandica_O_Mull_Simonsen_mg_m-3,0,
Uzarski,Vanderbilt_Park_Saginaw_Bay,0.5,phytoplankton_biomass,Uzarski_Vanderbilt_Park_Saginaw_Bay_phytoplankton_biomass,Bacillariophyceae_spp_mg_m-3,3,
Uzarski,Vanderbilt_Park_Saginaw_Bay,0.5,phytoplankton_biomass,Uzarski_Vanderbilt_Park_Saginaw_Bay_phytoplankton_biomass,Cocconeis_pediculus_Ehrenb_mg_m-3,0,
Uzarski,Vanderbilt_Park_Saginaw_Bay,0.5,phytoplankton_biomass,Uzarski_Vanderbilt_Park_Saginaw_Bay_phytoplankton_biomass,Cyclotella_comensis_Grunow_mg_m-3,0,
Uzarski,Vanderbilt_Park_Saginaw_Bay,0.5,phytoplankton_biomass,Uzarski_Vanderbilt_Park_Saginaw_Bay_phytoplankton_biomass,Cyclotella_ocellata_Pantocsek_mg_m-3,0,
Uzarski,Vanderbilt_Park_Saginaw_Bay,0.5,phytoplankton_biomass,Uzarski_Vanderbilt_Park_Saginaw_Bay_phytoplankton_biomass,Cyclotella_sp_mg_m-3,0.6,
Uzarski,Vanderbilt_Park_Saginaw_Bay,0.5,phytoplankton_biomass,Uzarski_Vanderbilt_Park_Saginaw_Bay_phytoplankton_biomass,Diatoma_tenue_var_elongatum_Lyngb_mg_m-3,0,
Uzarski,Vanderbilt_Park_Saginaw_Bay,0.5,phytoplankton_biomass,Uzarski_Vanderbilt_Park_Saginaw_Bay_phytoplankton_biomass,Diatoma_vulgaris_Bory_mg_m-3,0,
Uzarski,Vanderbilt_Park_Saginaw_Bay,0.5,phytoplankton_biomass,Uzarski_Vanderbilt_Park_Saginaw_Bay_phytoplankton_biomass,Encyonema_minutum_Hilse_DGMann_mg_m-3,0,
Uzarski,Vanderbilt_Park_Saginaw_Bay,0.5,phytoplankton_biomass,Uzarski_Vanderbilt_Park_Saginaw_Bay_phytoplankton_biomass,Encyonema_sp_mg_m-3,0,
Uzarski,Vanderbilt_Park_Saginaw_Bay,0.5,phytoplankton_biomass,Uzarski_Vanderbilt_Park_Saginaw_Bay_phytoplankton_biomass,Fragilaria_capucina_Desmazières_mg_m-3,0,
Uzarski,Vanderbilt_Park_Saginaw_Bay,0.5,phytoplankton_biomass,Uzarski_Vanderbilt_Park_Saginaw_Bay_phytoplankton_biomass,Fragilaria_construens_Ehr_Grunow_mg_m-3,0,
Uzarski,Vanderbilt_Park_Saginaw_Bay,0.5,phytoplankton_biomass,Uzarski_Vanderbilt_Park_Saginaw_Bay_phytoplankton_biomass,Fragilaria_sp_mg_m-3,0,
Uzarski,Vanderbilt_Park_Saginaw_Bay,0.5,phytoplankton_biomass,Uzarski_Vanderbilt_Park_Saginaw_Bay_phytoplankton_biomass,Gomphonema_sp_mg_m-3,0,
Uzarski,Vanderbilt_Park_Saginaw_Bay,0.5,phytoplankton_biomass,Uzarski_Vanderbilt_Park_Saginaw_Bay_phytoplankton_biomass,Navicula_sp_mg_m-3,0,
Uzarski,Vanderbilt_Park_Saginaw_Bay,0.5,phytoplankton_biomass,Uzarski_Vanderbilt_Park_Saginaw_Bay_phytoplankton_biomass,Navicula_tripunctata_O_F_Müll_Bory_mg_m-3,0,
Uzarski,Vanderbilt_Park_Saginaw_Bay,0.5,phytoplankton_biomass,Uzarski_Vanderbilt_Park_Saginaw_Bay_phytoplankton_biomass,Nitzschia_acicularis_Kütz_W_Smith_mg_m-3,0,
Uzarski,Vanderbilt_Park_Saginaw_Bay,0.5,phytoplankton_biomass,Uzarski_Vanderbilt_Park_Saginaw_Bay_phytoplankton_biomass,Nitzschia_linearis_C_Agardh_W_Sm_mg_m-3,0,
Uzarski,Vanderbilt_Park_Saginaw_Bay,0.5,phytoplankton_biomass,Uzarski_Vanderbilt_Park_Saginaw_Bay_phytoplankton_biomass,Nitzschia_sp_mg_m-3,0,
Uzarski,Vanderbilt_Park_Saginaw_Bay,0.5,phytoplankton_biomass,Uzarski_Vanderbilt_Park_Saginaw_Bay_phytoplankton_biomass,Rhoicosphenia_abbreviata_CAgardh_Lange-Bertalot_mg_m-3,0,
Uzarski,Vanderbilt_Park_Saginaw_Bay,0.5,phytoplankton_biomass,Uzarski_Vanderbilt_Park_Saginaw_Bay_phytoplankton_biomass,Skeletonema_potamos_Weber_Hasle_mg_m-3,0,
Uzarski,Vanderbilt_Park_Saginaw_Bay,0.5,phytoplankton_biomass,Uzarski_Vanderbilt_Park_Saginaw_Bay_phytoplankton_biomass,Stephanodiscus_agassizensis_Håk&_Kling_mg_m-3,0,
Uzarski,Vanderbilt_Park_Saginaw_Bay,0.5,phytoplankton_biomass,Uzarski_Vanderbilt_Park_Saginaw_Bay_phytoplankton_biomass,Stephanodiscus_binderanus_Kütz_Willi_Kreig_mg_m-3,0,
Uzarski,Vanderbilt_Park_Saginaw_Bay,0.5,phytoplankton_biomass,Uzarski_Vanderbilt_Park_Saginaw_Bay_phytoplankton_biomass,Stephanodiscus_hantzschii_Grunow_mg_m-3,0,
Uzarski,Vanderbilt_Park_Saginaw_Bay,0.5,phytoplankton_biomass,Uzarski_Vanderbilt_Park_Saginaw_Bay_phytoplankton_biomass,Stephanodiscus_sp_mg_m-3,0,
Uzarski,Vanderbilt_Park_Saginaw_Bay,0.5,phytoplankton_biomass,Uzarski_Vanderbilt_Park_Saginaw_Bay_phytoplankton_biomass,Synedra_acus_var_radians_Kütz_Hustedt_mg_m-3,0,
Uzarski,Vanderbilt_Park_Saginaw_Bay,0.5,phytoplankton_biomass,Uzarski_Vanderbilt_Park_Saginaw_Bay_phytoplankton_biomass,Synedra_sp_mg_m-3,0,
Uzarski,Vanderbilt_Park_Saginaw_Bay,0.5,phytoplankton_biomass,Uzarski_Vanderbilt_Park_Saginaw_Bay_phytoplankton_biomass,Tabellaria_fenestrata_Lyngb_Kütz_mg_m-3,0,
Uzarski,Vanderbilt_Park_Saginaw_Bay,0.5,phytoplankton_biomass,Uzarski_Vanderbilt_Park_Saginaw_Bay_phytoplankton_biomass,Urosolenia_eriensis_Crawford_&_Mann_mg_m-3,0.7,
Uzarski,Vanderbilt_Park_Saginaw_Bay,0.5,phytoplankton_biomass,Uzarski_Vanderbilt_Park_Saginaw_Bay_phytoplankton_biomass,Cryptomonas_erosa_Ehrenberg_mg_m-3,0,
Uzarski,Vanderbilt_Park_Saginaw_Bay,0.5,phytoplankton_biomass,Uzarski_Vanderbilt_Park_Saginaw_Bay_phytoplankton_biomass,Cryptomonas_marssonii_Skuja_mg_m-3,0,
Uzarski,Vanderbilt_Park_Saginaw_Bay,0.5,phytoplankton_biomass,Uzarski_Vanderbilt_Park_Saginaw_Bay_phytoplankton_biomass,Cryptomonas_obovata_Skuja_mg_m-3,0,
Uzarski,Vanderbilt_Park_Saginaw_Bay,0.5,phytoplankton_biomass,Uzarski_Vanderbilt_Park_Saginaw_Bay_phytoplankton_biomass,Cryptomonas_reflexa_Skuja_mg_m-3,0,
Uzarski,Vanderbilt_Park_Saginaw_Bay,0.5,phytoplankton_biomass,Uzarski_Vanderbilt_Park_Saginaw_Bay_phytoplankton_biomass,Cryptomonas_rostratiformis_Skuja_mg_m-3,0,
Uzarski,Vanderbilt_Park_Saginaw_Bay,0.5,phytoplankton_biomass,Uzarski_Vanderbilt_Park_Saginaw_Bay_phytoplankton_biomass,Cryptomonas_sp_mg_m-3,0,
Uzarski,Vanderbilt_Park_Saginaw_Bay,0.5,phytoplankton_biomass,Uzarski_Vanderbilt_Park_Saginaw_Bay_phytoplankton_biomass,Katablepharis_ovalis_Skuja_mg_m-3,0,
Uzarski,Vanderbilt_Park_Saginaw_Bay,0.5,phytoplankton_biomass,Uzarski_Vanderbilt_Park_Saginaw_Bay_phytoplankton_biomass,Rhodomonas_minuta_var_nannoplanctica_Skuja_mg_m-3,8.1,
Uzarski,Vanderbilt_Park_Saginaw_Bay,0.5,phytoplankton_biomass,Uzarski_Vanderbilt_Park_Saginaw_Bay_phytoplankton_biomass,Glenodinium_sp_mg_m-3,0,
Uzarski,Vanderbilt_Park_Saginaw_Bay,0.5,phytoplankton_biomass,Uzarski_Vanderbilt_Park_Saginaw_Bay_phytoplankton_biomass,Gymnodinium_helveticum_Penard_mg_m-3,0,
Uzarski,Vanderbilt_Park_Saginaw_Bay,0.5,phytoplankton_biomass,Uzarski_Vanderbilt_Park_Saginaw_Bay_phytoplankton_biomass,Gymnodinium_sp_mg_m-3,10.4,
Uzarski,Vanderbilt_Park_Saginaw_Bay,0.5,phytoplankton_biomass,Uzarski_Vanderbilt_Park_Saginaw_Bay_phytoplankton_biomass,Peridinium_aciculiferum_Lemmermann_mg_m-3,0,
Uzarski,Vanderbilt_Park_Saginaw_Bay,0.5,phytoplankton_biomass,Uzarski_Vanderbilt_Park_Saginaw_Bay_phytoplankton_biomass,Peridinium_sp_mg_m-3,0,
Uzarski,Vanderbilt_Park_Saginaw_Bay,0.5,phytoplankton_biomass,Uzarski_Vanderbilt_Park_Saginaw_Bay_phytoplankton_biomass,total_biomass_mg_m-3,82.1,
Uzarski,Vanderbilt_Park_Saginaw_Bay,0.5,phytoplankton_biomass,Uzarski_Vanderbilt_Park_Saginaw_Bay_phytoplankton_biomass,Total_Cyanobacteria_mg_m-3,6.8,
Uzarski,Vanderbilt_Park_Saginaw_Bay,0.5,phytoplankton_biomass,Uzarski_Vanderbilt_Park_Saginaw_Bay_phytoplankton_biomass,Total_Chlorophyta_mg_m-3,9.3,
Uzarski,Vanderbilt_Park_Saginaw_Bay,0.5,phytoplankton_biomass,Uzarski_Vanderbilt_Park_Saginaw_Bay_phytoplankton_biomass,Total_Euglenophyta_mg_m-3,0,
Uzarski,Vanderbilt_Park_Saginaw_Bay,0.5,phytoplankton_biomass,Uzarski_Vanderbilt_Park_Saginaw_Bay_phytoplankton_biomass,Total_Chrysophycea_mg_m-3,43.2,
Uzarski,Vanderbilt_Park_Saginaw_Bay,0.5,phytoplankton_biomass,Uzarski_Vanderbilt_Park_Saginaw_Bay_phytoplankton_biomass,Total_Diatomeae_mg_m-3,4.3,
Uzarski,Vanderbilt_Park_Saginaw_Bay,0.5,phytoplankton_biomass,Uzarski_Vanderbilt_Park_Saginaw_Bay_phytoplankton_biomass,Total_Cryptophyta_mg_m-3,8.1,
Uzarski,Vanderbilt_Park_Saginaw_Bay,0.5,phytoplankton_biomass,Uzarski_Vanderbilt_Park_Saginaw_Bay_phytoplankton_biomass,Total_Peridineae_mg_m-3,10.4,
Pearce/Xenopolous,GB1,0.45,phytoplankton_biomass,Pearce/Xenopolous_GB1_phytoplankton_biomass,Aphanocapsa_holsatica_Lemm_Cronb_&_Kom_mg_m-3,0,
Pearce/Xenopolous,GB1,0.45,phytoplankton_biomass,Pearce/Xenopolous_GB1_phytoplankton_biomass,Aphanocapsa_sp_mg_m-3,0.2,
Pearce/Xenopolous,GB1,0.45,phytoplankton_biomass,Pearce/Xenopolous_GB1_phytoplankton_biomass,Cyanodictyon_filiforme_JKomárková-Legnerová_&_GCronberg_mg_m-3,0,
Pearce/Xenopolous,GB1,0.45,phytoplankton_biomass,Pearce/Xenopolous_GB1_phytoplankton_biomass,Cyanophyta_sp_mg_m-3,4.5,
Pearce/Xenopolous,GB1,0.45,phytoplankton_biomass,Pearce/Xenopolous_GB1_phytoplankton_biomass,Gloeocapsa_sp_mg_m-3,0,
Pearce/Xenopolous,GB1,0.45,phytoplankton_biomass,Pearce/Xenopolous_GB1_phytoplankton_biomass,Microcystis_sp_mg_m-3,0,
Pearce/Xenopolous,GB1,0.45,phytoplankton_biomass,Pearce/Xenopolous_GB1_phytoplankton_biomass,Planktothrix_agardhii_Gomont_Anag_and_Komar_mg_m-3,0,
Pearce/Xenopolous,GB1,0.45,phytoplankton_biomass,Pearce/Xenopolous_GB1_phytoplankton_biomass,Pseudanabaena_contorta_Kling_&_Watson_mg_m-3,0,
Pearce/Xenopolous,GB1,0.45,phytoplankton_biomass,Pearce/Xenopolous_GB1_phytoplankton_biomass,Pseudanabaena_sp_mg_m-3,0,
Pearce/Xenopolous,GB1,0.45,phytoplankton_biomass,Pearce/Xenopolous_GB1_phytoplankton_biomass,Synechococcus_sp_mg_m-3,0,
Pearce/Xenopolous,GB1,0.45,phytoplankton_biomass,Pearce/Xenopolous_GB1_phytoplankton_biomass,Woronichinia_sp_mg_m-3,0,
Pearce/Xenopolous,GB1,0.45,phytoplankton_biomass,Pearce/Xenopolous_GB1_phytoplankton_biomass,Actinastrum_hantzschii_Lagerheim_mg_m-3,0,
Pearce/Xenopolous,GB1,0.45,phytoplankton_biomass,Pearce/Xenopolous_GB1_phytoplankton_biomass,Botryococcus_sp_mg_m-3,0,
Pearce/Xenopolous,GB1,0.45,phytoplankton_biomass,Pearce/Xenopolous_GB1_phytoplankton_biomass,Campylomonas_sp_mg_m-3,0,
Pearce/Xenopolous,GB1,0.45,phytoplankton_biomass,Pearce/Xenopolous_GB1_phytoplankton_biomass,Chlorogonium_minimum_Playfair_mg_m-3,2.1,
Pearce/Xenopolous,GB1,0.45,phytoplankton_biomass,Pearce/Xenopolous_GB1_phytoplankton_biomass,Chlorophyceae_spp_mg_m-3,37.7,
Pearce/Xenopolous,GB1,0.45,phytoplankton_biomass,Pearce/Xenopolous_GB1_phytoplankton_biomass,Closterium_aciculare_T_West_mg_m-3,0,
Pearce/Xenopolous,GB1,0.45,phytoplankton_biomass,Pearce/Xenopolous_GB1_phytoplankton_biomass,Closterium_strigosum_Brebisson_mg_m-3,0,
Pearce/Xenopolous,GB1,0.45,phytoplankton_biomass,Pearce/Xenopolous_GB1_phytoplankton_biomass,Collodictyon_triciliatum_H_Carter_mg_m-3,0,
Pearce/Xenopolous,GB1,0.45,phytoplankton_biomass,Pearce/Xenopolous_GB1_phytoplankton_biomass,Desmodesmus_sp_mg_m-3,0,
Pearce/Xenopolous,GB1,0.45,phytoplankton_biomass,Pearce/Xenopolous_GB1_phytoplankton_biomass,Gloeotila_pelagica_Nyegaard_Skuja_mg_m-3,0,
Pearce/Xenopolous,GB1,0.45,phytoplankton_biomass,Pearce/Xenopolous_GB1_phytoplankton_biomass,Koliella_longiseta_Vischer_Hindák_mg_m-3,0,
Pearce/Xenopolous,GB1,0.45,phytoplankton_biomass,Pearce/Xenopolous_GB1_phytoplankton_biomass,Koliella_sp_mg_m-3,0,
Pearce/Xenopolous,GB1,0.45,phytoplankton_biomass,Pearce/Xenopolous_GB1_phytoplankton_biomass,Lagerheimia_genevensis_Chodat_mg_m-3,0,
Pearce/Xenopolous,GB1,0.45,phytoplankton_biomass,Pearce/Xenopolous_GB1_phytoplankton_biomass,Monoraphidium_arcuatum_Korshikov_Hindák_mg_m-3,0,
Pearce/Xenopolous,GB1,0.45,phytoplankton_biomass,Pearce/Xenopolous_GB1_phytoplankton_biomass,Monoraphidium_contortum_Thurs_Kom_mg_m-3,0,
Pearce/Xenopolous,GB1,0.45,phytoplankton_biomass,Pearce/Xenopolous_GB1_phytoplankton_biomass,Monoraphidium_minutum_Nägeli_Komárková-legnerová_mg_m-3,0,
Pearce/Xenopolous,GB1,0.45,phytoplankton_biomass,Pearce/Xenopolous_GB1_phytoplankton_biomass,Mougeotia_sp_mg_m-3,0,
Pearce/Xenopolous,GB1,0.45,phytoplankton_biomass,Pearce/Xenopolous_GB1_phytoplankton_biomass,Nephrochlamys_sp_mg_m-3,0,
Pearce/Xenopolous,GB1,0.45,phytoplankton_biomass,Pearce/Xenopolous_GB1_phytoplankton_biomass,Oocystis_solitaria_Wittrock_mg_m-3,0,
Pearce/Xenopolous,GB1,0.45,phytoplankton_biomass,Pearce/Xenopolous_GB1_phytoplankton_biomass,Oocystis_sp_mg_m-3,0,
Pearce/Xenopolous,GB1,0.45,phytoplankton_biomass,Pearce/Xenopolous_GB1_phytoplankton_biomass,Planktosphaeria_gelatinosa_GMSmith_mg_m-3,0,
Pearce/Xenopolous,GB1,0.45,phytoplankton_biomass,Pearce/Xenopolous_GB1_phytoplankton_biomass,Scenedesmus_sp_mg_m-3,0,
Pearce/Xenopolous,GB1,0.45,phytoplankton_biomass,Pearce/Xenopolous_GB1_phytoplankton_biomass,Spermatozopsis_exsultans_Korshikov_mg_m-3,0.3,
Pearce/Xenopolous,GB1,0.45,phytoplankton_biomass,Pearce/Xenopolous_GB1_phytoplankton_biomass,Stichococcus_sp_mg_m-3,0.5,
Pearce/Xenopolous,GB1,0.45,phytoplankton_biomass,Pearce/Xenopolous_GB1_phytoplankton_biomass,Tetraedron_triangulare_Korshikov_mg_m-3,0,
Pearce/Xenopolous,GB1,0.45,phytoplankton_biomass,Pearce/Xenopolous_GB1_phytoplankton_biomass,Tetrastrum_heteracanthum_Nordst_Chod_mg_m-3,0,
Pearce/Xenopolous,GB1,0.45,phytoplankton_biomass,Pearce/Xenopolous_GB1_phytoplankton_biomass,Euglena_sp_mg_m-3,0,
Pearce/Xenopolous,GB1,0.45,phytoplankton_biomass,Pearce/Xenopolous_GB1_phytoplankton_biomass,Aulomonas_purdyi_Lackey_mg_m-3,0,
Pearce/Xenopolous,GB1,0.45,phytoplankton_biomass,Pearce/Xenopolous_GB1_phytoplankton_biomass,Bicoeca_sp_mg_m-3,0,
Pearce/Xenopolous,GB1,0.45,phytoplankton_biomass,Pearce/Xenopolous_GB1_phytoplankton_biomass,Chrysochromulina_parva_Lackey_mg_m-3,0.3,
Pearce/Xenopolous,GB1,0.45,phytoplankton_biomass,Pearce/Xenopolous_GB1_phytoplankton_biomass,Chrysococcus_sp_mg_m-3,1.7,
Pearce/Xenopolous,GB1,0.45,phytoplankton_biomass,Pearce/Xenopolous_GB1_phytoplankton_biomass,Chrysolykos_planktonicus_Mack_mg_m-3,0,
Pearce/Xenopolous,GB1,0.45,phytoplankton_biomass,Pearce/Xenopolous_GB1_phytoplankton_biomass,Chrysophyceae_Cyst_mg_m-3,0.5,
Pearce/Xenopolous,GB1,0.45,phytoplankton_biomass,Pearce/Xenopolous_GB1_phytoplankton_biomass,Chrysophyceae_spp_mg_m-3,7.2,
Pearce/Xenopolous,GB1,0.45,phytoplankton_biomass,Pearce/Xenopolous_GB1_phytoplankton_biomass,Dinobryon_cylindricum_Imhof_mg_m-3,0,
Pearce/Xenopolous,GB1,0.45,phytoplankton_biomass,Pearce/Xenopolous_GB1_phytoplankton_biomass,Dinobryon_sertularia_Ehrenberg_mg_m-3,0,
Pearce/Xenopolous,GB1,0.45,phytoplankton_biomass,Pearce/Xenopolous_GB1_phytoplankton_biomass,Dinobryon_sp_mg_m-3,0,
Pearce/Xenopolous,GB1,0.45,phytoplankton_biomass,Pearce/Xenopolous_GB1_phytoplankton_biomass,Epipyxis_sp_mg_m-3,0,
Pearce/Xenopolous,GB1,0.45,phytoplankton_biomass,Pearce/Xenopolous_GB1_phytoplankton_biomass,Mallomonas_elongata_Reverdin_mg_m-3,0,
Pearce/Xenopolous,GB1,0.45,phytoplankton_biomass,Pearce/Xenopolous_GB1_phytoplankton_biomass,Mallomonas_sp_mg_m-3,0,
Pearce/Xenopolous,GB1,0.45,phytoplankton_biomass,Pearce/Xenopolous_GB1_phytoplankton_biomass,Ochromonad_sp_mg_m-3,9.3,
Pearce/Xenopolous,GB1,0.45,phytoplankton_biomass,Pearce/Xenopolous_GB1_phytoplankton_biomass,Ochromonas_sp_mg_m-3,0,
Pearce/Xenopolous,GB1,0.45,phytoplankton_biomass,Pearce/Xenopolous_GB1_phytoplankton_biomass,Pseudopedinella_sp_mg_m-3,0,
Pearce/Xenopolous,GB1,0.45,phytoplankton_biomass,Pearce/Xenopolous_GB1_phytoplankton_biomass,Rhizochrysis_limnetica_GM_Smith_mg_m-3,0,
Pearce/Xenopolous,GB1,0.45,phytoplankton_biomass,Pearce/Xenopolous_GB1_phytoplankton_biomass,Salpingoeca_frequentissima_Zacharias_Lemmermann_mg_m-3,0,
Pearce/Xenopolous,GB1,0.45,phytoplankton_biomass,Pearce/Xenopolous_GB1_phytoplankton_biomass,Spiniferomonas_sp_mg_m-3,0.5,
Pearce/Xenopolous,GB1,0.45,phytoplankton_biomass,Pearce/Xenopolous_GB1_phytoplankton_biomass,Stelexomonas_dichotoma_JLackey_mg_m-3,0,
Pearce/Xenopolous,GB1,0.45,phytoplankton_biomass,Pearce/Xenopolous_GB1_phytoplankton_biomass,Synura_sp_mg_m-3,84,
Pearce/Xenopolous,GB1,0.45,phytoplankton_biomass,Pearce/Xenopolous_GB1_phytoplankton_biomass,Achnanthidium_sp_mg_m-3,0,
Pearce/Xenopolous,GB1,0.45,phytoplankton_biomass,Pearce/Xenopolous_GB1_phytoplankton_biomass,Asterionella_formosa_Hassall_mg_m-3,0.2,
Pearce/Xenopolous,GB1,0.45,phytoplankton_biomass,Pearce/Xenopolous_GB1_phytoplankton_biomass,Aulacoseira_ambigua_Grunow_Simonsen_mg_m-3,0,
Pearce/Xenopolous,GB1,0.45,phytoplankton_biomass,Pearce/Xenopolous_GB1_phytoplankton_biomass,Aulacoseira_distans_Ehrenb_Simonsen_mg_m-3,0,
Pearce/Xenopolous,GB1,0.45,phytoplankton_biomass,Pearce/Xenopolous_GB1_phytoplankton_biomass,Aulacoseira_islandica_O_Mull_Simonsen_mg_m-3,0,
Pearce/Xenopolous,GB1,0.45,phytoplankton_biomass,Pearce/Xenopolous_GB1_phytoplankton_biomass,Bacillariophyceae_spp_mg_m-3,0,
Pearce/Xenopolous,GB1,0.45,phytoplankton_biomass,Pearce/Xenopolous_GB1_phytoplankton_biomass,Cocconeis_pediculus_Ehrenb_mg_m-3,0,
Pearce/Xenopolous,GB1,0.45,phytoplankton_biomass,Pearce/Xenopolous_GB1_phytoplankton_biomass,Cyclotella_comensis_Grunow_mg_m-3,0,
Pearce/Xenopolous,GB1,0.45,phytoplankton_biomass,Pearce/Xenopolous_GB1_phytoplankton_biomass,Cyclotella_ocellata_Pantocsek_mg_m-3,0,
Pearce/Xenopolous,GB1,0.45,phytoplankton_biomass,Pearce/Xenopolous_GB1_phytoplankton_biomass,Cyclotella_sp_mg_m-3,0,
Pearce/Xenopolous,GB1,0.45,phytoplankton_biomass,Pearce/Xenopolous_GB1_phytoplankton_biomass,Diatoma_tenue_var_elongatum_Lyngb_mg_m-3,0,
Pearce/Xenopolous,GB1,0.45,phytoplankton_biomass,Pearce/Xenopolous_GB1_phytoplankton_biomass,Diatoma_vulgaris_Bory_mg_m-3,0,
Pearce/Xenopolous,GB1,0.45,phytoplankton_biomass,Pearce/Xenopolous_GB1_phytoplankton_biomass,Encyonema_minutum_Hilse_DGMann_mg_m-3,0,
Pearce/Xenopolous,GB1,0.45,phytoplankton_biomass,Pearce/Xenopolous_GB1_phytoplankton_biomass,Encyonema_sp_mg_m-3,0,
Pearce/Xenopolous,GB1,0.45,phytoplankton_biomass,Pearce/Xenopolous_GB1_phytoplankton_biomass,Fragilaria_capucina_Desmazières_mg_m-3,0,
Pearce/Xenopolous,GB1,0.45,phytoplankton_biomass,Pearce/Xenopolous_GB1_phytoplankton_biomass,Fragilaria_construens_Ehr_Grunow_mg_m-3,0,
Pearce/Xenopolous,GB1,0.45,phytoplankton_biomass,Pearce/Xenopolous_GB1_phytoplankton_biomass,Fragilaria_sp_mg_m-3,0,
Pearce/Xenopolous,GB1,0.45,phytoplankton_biomass,Pearce/Xenopolous_GB1_phytoplankton_biomass,Gomphonema_sp_mg_m-3,0,
Pearce/Xenopolous,GB1,0.45,phytoplankton_biomass,Pearce/Xenopolous_GB1_phytoplankton_biomass,Navicula_sp_mg_m-3,0,
Pearce/Xenopolous,GB1,0.45,phytoplankton_biomass,Pearce/Xenopolous_GB1_phytoplankton_biomass,Navicula_tripunctata_O_F_Müll_Bory_mg_m-3,0,
Pearce/Xenopolous,GB1,0.45,phytoplankton_biomass,Pearce/Xenopolous_GB1_phytoplankton_biomass,Nitzschia_acicularis_Kütz_W_Smith_mg_m-3,0,
Pearce/Xenopolous,GB1,0.45,phytoplankton_biomass,Pearce/Xenopolous_GB1_phytoplankton_biomass,Nitzschia_linearis_C_Agardh_W_Sm_mg_m-3,0,
Pearce/Xenopolous,GB1,0.45,phytoplankton_biomass,Pearce/Xenopolous_GB1_phytoplankton_biomass,Nitzschia_sp_mg_m-3,0,
Pearce/Xenopolous,GB1,0.45,phytoplankton_biomass,Pearce/Xenopolous_GB1_phytoplankton_biomass,Rhoicosphenia_abbreviata_CAgardh_Lange-Bertalot_mg_m-3,0,
Pearce/Xenopolous,GB1,0.45,phytoplankton_biomass,Pearce/Xenopolous_GB1_phytoplankton_biomass,Skeletonema_potamos_Weber_Hasle_mg_m-3,0,
Pearce/Xenopolous,GB1,0.45,phytoplankton_biomass,Pearce/Xenopolous_GB1_phytoplankton_biomass,Stephanodiscus_agassizensis_Håk&_Kling_mg_m-3,0,
Pearce/Xenopolous,GB1,0.45,phytoplankton_biomass,Pearce/Xenopolous_GB1_phytoplankton_biomass,Stephanodiscus_binderanus_Kütz_Willi_Kreig_mg_m-3,0,
Pearce/Xenopolous,GB1,0.45,phytoplankton_biomass,Pearce/Xenopolous_GB1_phytoplankton_biomass,Stephanodiscus_hantzschii_Grunow_mg_m-3,0,
Pearce/Xenopolous,GB1,0.45,phytoplankton_biomass,Pearce/Xenopolous_GB1_phytoplankton_biomass,Stephanodiscus_sp_mg_m-3,0,
Pearce/Xenopolous,GB1,0.45,phytoplankton_biomass,Pearce/Xenopolous_GB1_phytoplankton_biomass,Synedra_acus_var_radians_Kütz_Hustedt_mg_m-3,0,
Pearce/Xenopolous,GB1,0.45,phytoplankton_biomass,Pearce/Xenopolous_GB1_phytoplankton_biomass,Synedra_sp_mg_m-3,0,
Pearce/Xenopolous,GB1,0.45,phytoplankton_biomass,Pearce/Xenopolous_GB1_phytoplankton_biomass,Tabellaria_fenestrata_Lyngb_Kütz_mg_m-3,0,
Pearce/Xenopolous,GB1,0.45,phytoplankton_biomass,Pearce/Xenopolous_GB1_phytoplankton_biomass,Urosolenia_eriensis_Crawford_&_Mann_mg_m-3,0,
Pearce/Xenopolous,GB1,0.45,phytoplankton_biomass,Pearce/Xenopolous_GB1_phytoplankton_biomass,Cryptomonas_erosa_Ehrenberg_mg_m-3,0,
Pearce/Xenopolous,GB1,0.45,phytoplankton_biomass,Pearce/Xenopolous_GB1_phytoplankton_biomass,Cryptomonas_marssonii_Skuja_mg_m-3,0.2,
Pearce/Xenopolous,GB1,0.45,phytoplankton_biomass,Pearce/Xenopolous_GB1_phytoplankton_biomass,Cryptomonas_obovata_Skuja_mg_m-3,0,
Pearce/Xenopolous,GB1,0.45,phytoplankton_biomass,Pearce/Xenopolous_GB1_phytoplankton_biomass,Cryptomonas_reflexa_Skuja_mg_m-3,18.3,
Pearce/Xenopolous,GB1,0.45,phytoplankton_biomass,Pearce/Xenopolous_GB1_phytoplankton_biomass,Cryptomonas_rostratiformis_Skuja_mg_m-3,4.5,
Pearce/Xenopolous,GB1,0.45,phytoplankton_biomass,Pearce/Xenopolous_GB1_phytoplankton_biomass,Cryptomonas_sp_mg_m-3,0,
Pearce/Xenopolous,GB1,0.45,phytoplankton_biomass,Pearce/Xenopolous_GB1_phytoplankton_biomass,Katablepharis_ovalis_Skuja_mg_m-3,2.8,
Pearce/Xenopolous,GB1,0.45,phytoplankton_biomass,Pearce/Xenopolous_GB1_phytoplankton_biomass,Rhodomonas_minuta_var_nannoplanctica_Skuja_mg_m-3,36.9,
Pearce/Xenopolous,GB1,0.45,phytoplankton_biomass,Pearce/Xenopolous_GB1_phytoplankton_biomass,Glenodinium_sp_mg_m-3,0,
Pearce/Xenopolous,GB1,0.45,phytoplankton_biomass,Pearce/Xenopolous_GB1_phytoplankton_biomass,Gymnodinium_helveticum_Penard_mg_m-3,37.7,
Pearce/Xenopolous,GB1,0.45,phytoplankton_biomass,Pearce/Xenopolous_GB1_phytoplankton_biomass,Gymnodinium_sp_mg_m-3,4.2,
Pearce/Xenopolous,GB1,0.45,phytoplankton_biomass,Pearce/Xenopolous_GB1_phytoplankton_biomass,Peridinium_aciculiferum_Lemmermann_mg_m-3,0,
Pearce/Xenopolous,GB1,0.45,phytoplankton_biomass,Pearce/Xenopolous_GB1_phytoplankton_biomass,Peridinium_sp_mg_m-3,0,
Pearce/Xenopolous,GB1,0.45,phytoplankton_biomass,Pearce/Xenopolous_GB1_phytoplankton_biomass,total_biomass_mg_m-3,253.6,
Pearce/Xenopolous,GB1,0.45,phytoplankton_biomass,Pearce/Xenopolous_GB1_phytoplankton_biomass,Total_Cyanobacteria_mg_m-3,4.7,
Pearce/Xenopolous,GB1,0.45,phytoplankton_biomass,Pearce/Xenopolous_GB1_phytoplankton_biomass,Total_Chlorophyta_mg_m-3,40.6,
Pearce/Xenopolous,GB1,0.45,phytoplankton_biomass,Pearce/Xenopolous_GB1_phytoplankton_biomass,Total_Euglenophyta_mg_m-3,0,
Pearce/Xenopolous,GB1,0.45,phytoplankton_biomass,Pearce/Xenopolous_GB1_phytoplankton_biomass,Total_Chrysophycea_mg_m-3,103.5,
Pearce/Xenopolous,GB1,0.45,phytoplankton_biomass,Pearce/Xenopolous_GB1_phytoplankton_biomass,Total_Diatomeae_mg_m-3,0.2,
Pearce/Xenopolous,GB1,0.45,phytoplankton_biomass,Pearce/Xenopolous_GB1_phytoplankton_biomass,Total_Cryptophyta_mg_m-3,62.7,
Pearce/Xenopolous,GB1,0.45,phytoplankton_biomass,Pearce/Xenopolous_GB1_phytoplankton_biomass,Total_Peridineae_mg_m-3,41.9,
Ozersky,Green_Bay,0.5,phytoplankton_biomass,Ozersky_Green_Bay_phytoplankton_biomass,Aphanocapsa_holsatica_Lemm_Cronb_&_Kom_mg_m-3,0,
Ozersky,Green_Bay,0.5,phytoplankton_biomass,Ozersky_Green_Bay_phytoplankton_biomass,Aphanocapsa_sp_mg_m-3,0,
Ozersky,Green_Bay,0.5,phytoplankton_biomass,Ozersky_Green_Bay_phytoplankton_biomass,Cyanodictyon_filiforme_JKomárková-Legnerová_&_GCronberg_mg_m-3,0,
Ozersky,Green_Bay,0.5,phytoplankton_biomass,Ozersky_Green_Bay_phytoplankton_biomass,Cyanophyta_sp_mg_m-3,3,
Ozersky,Green_Bay,0.5,phytoplankton_biomass,Ozersky_Green_Bay_phytoplankton_biomass,Gloeocapsa_sp_mg_m-3,0,
Ozersky,Green_Bay,0.5,phytoplankton_biomass,Ozersky_Green_Bay_phytoplankton_biomass,Microcystis_sp_mg_m-3,42.9,
Ozersky,Green_Bay,0.5,phytoplankton_biomass,Ozersky_Green_Bay_phytoplankton_biomass,Planktothrix_agardhii_Gomont_Anag_and_Komar_mg_m-3,0,
Ozersky,Green_Bay,0.5,phytoplankton_biomass,Ozersky_Green_Bay_phytoplankton_biomass,Pseudanabaena_contorta_Kling_&_Watson_mg_m-3,0,
Ozersky,Green_Bay,0.5,phytoplankton_biomass,Ozersky_Green_Bay_phytoplankton_biomass,Pseudanabaena_sp_mg_m-3,0,
Ozersky,Green_Bay,0.5,phytoplankton_biomass,Ozersky_Green_Bay_phytoplankton_biomass,Synechococcus_sp_mg_m-3,0,
Ozersky,Green_Bay,0.5,phytoplankton_biomass,Ozersky_Green_Bay_phytoplankton_biomass,Woronichinia_sp_mg_m-3,0,
Ozersky,Green_Bay,0.5,phytoplankton_biomass,Ozersky_Green_Bay_phytoplankton_biomass,Actinastrum_hantzschii_Lagerheim_mg_m-3,0,
Ozersky,Green_Bay,0.5,phytoplankton_biomass,Ozersky_Green_Bay_phytoplankton_biomass,Botryococcus_sp_mg_m-3,0,
Ozersky,Green_Bay,0.5,phytoplankton_biomass,Ozersky_Green_Bay_phytoplankton_biomass,Campylomonas_sp_mg_m-3,0,
Ozersky,Green_Bay,0.5,phytoplankton_biomass,Ozersky_Green_Bay_phytoplankton_biomass,Chlorogonium_minimum_Playfair_mg_m-3,0.8,
Ozersky,Green_Bay,0.5,phytoplankton_biomass,Ozersky_Green_Bay_phytoplankton_biomass,Chlorophyceae_spp_mg_m-3,34.3,
Ozersky,Green_Bay,0.5,phytoplankton_biomass,Ozersky_Green_Bay_phytoplankton_biomass,Closterium_aciculare_T_West_mg_m-3,0,
Ozersky,Green_Bay,0.5,phytoplankton_biomass,Ozersky_Green_Bay_phytoplankton_biomass,Closterium_strigosum_Brebisson_mg_m-3,0,
Ozersky,Green_Bay,0.5,phytoplankton_biomass,Ozersky_Green_Bay_phytoplankton_biomass,Collodictyon_triciliatum_H_Carter_mg_m-3,0,
Ozersky,Green_Bay,0.5,phytoplankton_biomass,Ozersky_Green_Bay_phytoplankton_biomass,Desmodesmus_sp_mg_m-3,0,
Ozersky,Green_Bay,0.5,phytoplankton_biomass,Ozersky_Green_Bay_phytoplankton_biomass,Gloeotila_pelagica_Nyegaard_Skuja_mg_m-3,0,
Ozersky,Green_Bay,0.5,phytoplankton_biomass,Ozersky_Green_Bay_phytoplankton_biomass,Koliella_longiseta_Vischer_Hindák_mg_m-3,1.7,
Ozersky,Green_Bay,0.5,phytoplankton_biomass,Ozersky_Green_Bay_phytoplankton_biomass,Koliella_sp_mg_m-3,0,
Ozersky,Green_Bay,0.5,phytoplankton_biomass,Ozersky_Green_Bay_phytoplankton_biomass,Lagerheimia_genevensis_Chodat_mg_m-3,0,
Ozersky,Green_Bay,0.5,phytoplankton_biomass,Ozersky_Green_Bay_phytoplankton_biomass,Monoraphidium_arcuatum_Korshikov_Hindák_mg_m-3,0,
Ozersky,Green_Bay,0.5,phytoplankton_biomass,Ozersky_Green_Bay_phytoplankton_biomass,Monoraphidium_contortum_Thurs_Kom_mg_m-3,0,
Ozersky,Green_Bay,0.5,phytoplankton_biomass,Ozersky_Green_Bay_phytoplankton_biomass,Monoraphidium_minutum_Nägeli_Komárková-legnerová_mg_m-3,0,
Ozersky,Green_Bay,0.5,phytoplankton_biomass,Ozersky_Green_Bay_phytoplankton_biomass,Mougeotia_sp_mg_m-3,0,
Ozersky,Green_Bay,0.5,phytoplankton_biomass,Ozersky_Green_Bay_phytoplankton_biomass,Nephrochlamys_sp_mg_m-3,0,
Ozersky,Green_Bay,0.5,phytoplankton_biomass,Ozersky_Green_Bay_phytoplankton_biomass,Oocystis_solitaria_Wittrock_mg_m-3,0,
Ozersky,Green_Bay,0.5,phytoplankton_biomass,Ozersky_Green_Bay_phytoplankton_biomass,Oocystis_sp_mg_m-3,0,
Ozersky,Green_Bay,0.5,phytoplankton_biomass,Ozersky_Green_Bay_phytoplankton_biomass,Planktosphaeria_gelatinosa_GMSmith_mg_m-3,0,
Ozersky,Green_Bay,0.5,phytoplankton_biomass,Ozersky_Green_Bay_phytoplankton_biomass,Scenedesmus_sp_mg_m-3,0,
Ozersky,Green_Bay,0.5,phytoplankton_biomass,Ozersky_Green_Bay_phytoplankton_biomass,Spermatozopsis_exsultans_Korshikov_mg_m-3,0.3,
Ozersky,Green_Bay,0.5,phytoplankton_biomass,Ozersky_Green_Bay_phytoplankton_biomass,Stichococcus_sp_mg_m-3,0,
Ozersky,Green_Bay,0.5,phytoplankton_biomass,Ozersky_Green_Bay_phytoplankton_biomass,Tetraedron_triangulare_Korshikov_mg_m-3,0,
Ozersky,Green_Bay,0.5,phytoplankton_biomass,Ozersky_Green_Bay_phytoplankton_biomass,Tetrastrum_heteracanthum_Nordst_Chod_mg_m-3,0,
Ozersky,Green_Bay,0.5,phytoplankton_biomass,Ozersky_Green_Bay_phytoplankton_biomass,Euglena_sp_mg_m-3,0,
Ozersky,Green_Bay,0.5,phytoplankton_biomass,Ozersky_Green_Bay_phytoplankton_biomass,Aulomonas_purdyi_Lackey_mg_m-3,0,
Ozersky,Green_Bay,0.5,phytoplankton_biomass,Ozersky_Green_Bay_phytoplankton_biomass,Bicoeca_sp_mg_m-3,0,
Ozersky,Green_Bay,0.5,phytoplankton_biomass,Ozersky_Green_Bay_phytoplankton_biomass,Chrysochromulina_parva_Lackey_mg_m-3,1.6,
Ozersky,Green_Bay,0.5,phytoplankton_biomass,Ozersky_Green_Bay_phytoplankton_biomass,Chrysococcus_sp_mg_m-3,0,
Ozersky,Green_Bay,0.5,phytoplankton_biomass,Ozersky_Green_Bay_phytoplankton_biomass,Chrysolykos_planktonicus_Mack_mg_m-3,9.1,
Ozersky,Green_Bay,0.5,phytoplankton_biomass,Ozersky_Green_Bay_phytoplankton_biomass,Chrysophyceae_Cyst_mg_m-3,0,
Ozersky,Green_Bay,0.5,phytoplankton_biomass,Ozersky_Green_Bay_phytoplankton_biomass,Chrysophyceae_spp_mg_m-3,8.6,
Ozersky,Green_Bay,0.5,phytoplankton_biomass,Ozersky_Green_Bay_phytoplankton_biomass,Dinobryon_cylindricum_Imhof_mg_m-3,698.8,
Ozersky,Green_Bay,0.5,phytoplankton_biomass,Ozersky_Green_Bay_phytoplankton_biomass,Dinobryon_sertularia_Ehrenberg_mg_m-3,62.7,
Ozersky,Green_Bay,0.5,phytoplankton_biomass,Ozersky_Green_Bay_phytoplankton_biomass,Dinobryon_sp_mg_m-3,133.3,
Ozersky,Green_Bay,0.5,phytoplankton_biomass,Ozersky_Green_Bay_phytoplankton_biomass,Epipyxis_sp_mg_m-3,1.4,
Ozersky,Green_Bay,0.5,phytoplankton_biomass,Ozersky_Green_Bay_phytoplankton_biomass,Mallomonas_elongata_Reverdin_mg_m-3,156.8,
Ozersky,Green_Bay,0.5,phytoplankton_biomass,Ozersky_Green_Bay_phytoplankton_biomass,Mallomonas_sp_mg_m-3,10.2,
Ozersky,Green_Bay,0.5,phytoplankton_biomass,Ozersky_Green_Bay_phytoplankton_biomass,Ochromonad_sp_mg_m-3,29.1,
Ozersky,Green_Bay,0.5,phytoplankton_biomass,Ozersky_Green_Bay_phytoplankton_biomass,Ochromonas_sp_mg_m-3,28.7,
Ozersky,Green_Bay,0.5,phytoplankton_biomass,Ozersky_Green_Bay_phytoplankton_biomass,Pseudopedinella_sp_mg_m-3,5.4,
Ozersky,Green_Bay,0.5,phytoplankton_biomass,Ozersky_Green_Bay_phytoplankton_biomass,Rhizochrysis_limnetica_GM_Smith_mg_m-3,18.5,
Ozersky,Green_Bay,0.5,phytoplankton_biomass,Ozersky_Green_Bay_phytoplankton_biomass,Salpingoeca_frequentissima_Zacharias_Lemmermann_mg_m-3,0,
Ozersky,Green_Bay,0.5,phytoplankton_biomass,Ozersky_Green_Bay_phytoplankton_biomass,Spiniferomonas_sp_mg_m-3,0,
Ozersky,Green_Bay,0.5,phytoplankton_biomass,Ozersky_Green_Bay_phytoplankton_biomass,Stelexomonas_dichotoma_JLackey_mg_m-3,0,
Ozersky,Green_Bay,0.5,phytoplankton_biomass,Ozersky_Green_Bay_phytoplankton_biomass,Synura_sp_mg_m-3,0,
Ozersky,Green_Bay,0.5,phytoplankton_biomass,Ozersky_Green_Bay_phytoplankton_biomass,Achnanthidium_sp_mg_m-3,0,
Ozersky,Green_Bay,0.5,phytoplankton_biomass,Ozersky_Green_Bay_phytoplankton_biomass,Asterionella_formosa_Hassall_mg_m-3,0,
Ozersky,Green_Bay,0.5,phytoplankton_biomass,Ozersky_Green_Bay_phytoplankton_biomass,Aulacoseira_ambigua_Grunow_Simonsen_mg_m-3,0,
Ozersky,Green_Bay,0.5,phytoplankton_biomass,Ozersky_Green_Bay_phytoplankton_biomass,Aulacoseira_distans_Ehrenb_Simonsen_mg_m-3,0,
Ozersky,Green_Bay,0.5,phytoplankton_biomass,Ozersky_Green_Bay_phytoplankton_biomass,Aulacoseira_islandica_O_Mull_Simonsen_mg_m-3,1.4,
Ozersky,Green_Bay,0.5,phytoplankton_biomass,Ozersky_Green_Bay_phytoplankton_biomass,Bacillariophyceae_spp_mg_m-3,6.8,
Ozersky,Green_Bay,0.5,phytoplankton_biomass,Ozersky_Green_Bay_phytoplankton_biomass,Cocconeis_pediculus_Ehrenb_mg_m-3,0,
Ozersky,Green_Bay,0.5,phytoplankton_biomass,Ozersky_Green_Bay_phytoplankton_biomass,Cyclotella_comensis_Grunow_mg_m-3,0,
Ozersky,Green_Bay,0.5,phytoplankton_biomass,Ozersky_Green_Bay_phytoplankton_biomass,Cyclotella_ocellata_Pantocsek_mg_m-3,0,
Ozersky,Green_Bay,0.5,phytoplankton_biomass,Ozersky_Green_Bay_phytoplankton_biomass,Cyclotella_sp_mg_m-3,0,
Ozersky,Green_Bay,0.5,phytoplankton_biomass,Ozersky_Green_Bay_phytoplankton_biomass,Diatoma_tenue_var_elongatum_Lyngb_mg_m-3,1.7,
Ozersky,Green_Bay,0.5,phytoplankton_biomass,Ozersky_Green_Bay_phytoplankton_biomass,Diatoma_vulgaris_Bory_mg_m-3,0,
Ozersky,Green_Bay,0.5,phytoplankton_biomass,Ozersky_Green_Bay_phytoplankton_biomass,Encyonema_minutum_Hilse_DGMann_mg_m-3,0,
Ozersky,Green_Bay,0.5,phytoplankton_biomass,Ozersky_Green_Bay_phytoplankton_biomass,Encyonema_sp_mg_m-3,0,
Ozersky,Green_Bay,0.5,phytoplankton_biomass,Ozersky_Green_Bay_phytoplankton_biomass,Fragilaria_capucina_Desmazières_mg_m-3,0,
Ozersky,Green_Bay,0.5,phytoplankton_biomass,Ozersky_Green_Bay_phytoplankton_biomass,Fragilaria_construens_Ehr_Grunow_mg_m-3,0,
Ozersky,Green_Bay,0.5,phytoplankton_biomass,Ozersky_Green_Bay_phytoplankton_biomass,Fragilaria_sp_mg_m-3,0,
Ozersky,Green_Bay,0.5,phytoplankton_biomass,Ozersky_Green_Bay_phytoplankton_biomass,Gomphonema_sp_mg_m-3,0,
Ozersky,Green_Bay,0.5,phytoplankton_biomass,Ozersky_Green_Bay_phytoplankton_biomass,Navicula_sp_mg_m-3,0,
Ozersky,Green_Bay,0.5,phytoplankton_biomass,Ozersky_Green_Bay_phytoplankton_biomass,Navicula_tripunctata_O_F_Müll_Bory_mg_m-3,0,
Ozersky,Green_Bay,0.5,phytoplankton_biomass,Ozersky_Green_Bay_phytoplankton_biomass,Nitzschia_acicularis_Kütz_W_Smith_mg_m-3,0,
Ozersky,Green_Bay,0.5,phytoplankton_biomass,Ozersky_Green_Bay_phytoplankton_biomass,Nitzschia_linearis_C_Agardh_W_Sm_mg_m-3,0,
Ozersky,Green_Bay,0.5,phytoplankton_biomass,Ozersky_Green_Bay_phytoplankton_biomass,Nitzschia_sp_mg_m-3,0,
Ozersky,Green_Bay,0.5,phytoplankton_biomass,Ozersky_Green_Bay_phytoplankton_biomass,Rhoicosphenia_abbreviata_CAgardh_Lange-Bertalot_mg_m-3,0,
Ozersky,Green_Bay,0.5,phytoplankton_biomass,Ozersky_Green_Bay_phytoplankton_biomass,Skeletonema_potamos_Weber_Hasle_mg_m-3,0,
Ozersky,Green_Bay,0.5,phytoplankton_biomass,Ozersky_Green_Bay_phytoplankton_biomass,Stephanodiscus_agassizensis_Håk&_Kling_mg_m-3,0,
Ozersky,Green_Bay,0.5,phytoplankton_biomass,Ozersky_Green_Bay_phytoplankton_biomass,Stephanodiscus_binderanus_Kütz_Willi_Kreig_mg_m-3,0,
Ozersky,Green_Bay,0.5,phytoplankton_biomass,Ozersky_Green_Bay_phytoplankton_biomass,Stephanodiscus_hantzschii_Grunow_mg_m-3,0,
Ozersky,Green_Bay,0.5,phytoplankton_biomass,Ozersky_Green_Bay_phytoplankton_biomass,Stephanodiscus_sp_mg_m-3,0,
Ozersky,Green_Bay,0.5,phytoplankton_biomass,Ozersky_Green_Bay_phytoplankton_biomass,Synedra_acus_var_radians_Kütz_Hustedt_mg_m-3,0,
Ozersky,Green_Bay,0.5,phytoplankton_biomass,Ozersky_Green_Bay_phytoplankton_biomass,Synedra_sp_mg_m-3,0,
Ozersky,Green_Bay,0.5,phytoplankton_biomass,Ozersky_Green_Bay_phytoplankton_biomass,Tabellaria_fenestrata_Lyngb_Kütz_mg_m-3,25.3,
Ozersky,Green_Bay,0.5,phytoplankton_biomass,Ozersky_Green_Bay_phytoplankton_biomass,Urosolenia_eriensis_Crawford_&_Mann_mg_m-3,0,
Ozersky,Green_Bay,0.5,phytoplankton_biomass,Ozersky_Green_Bay_phytoplankton_biomass,Cryptomonas_erosa_Ehrenberg_mg_m-3,0,
Ozersky,Green_Bay,0.5,phytoplankton_biomass,Ozersky_Green_Bay_phytoplankton_biomass,Cryptomonas_marssonii_Skuja_mg_m-3,0,
Ozersky,Green_Bay,0.5,phytoplankton_biomass,Ozersky_Green_Bay_phytoplankton_biomass,Cryptomonas_obovata_Skuja_mg_m-3,7,
Ozersky,Green_Bay,0.5,phytoplankton_biomass,Ozersky_Green_Bay_phytoplankton_biomass,Cryptomonas_reflexa_Skuja_mg_m-3,6.6,
Ozersky,Green_Bay,0.5,phytoplankton_biomass,Ozersky_Green_Bay_phytoplankton_biomass,Cryptomonas_rostratiformis_Skuja_mg_m-3,0,
Ozersky,Green_Bay,0.5,phytoplankton_biomass,Ozersky_Green_Bay_phytoplankton_biomass,Cryptomonas_sp_mg_m-3,0,
Ozersky,Green_Bay,0.5,phytoplankton_biomass,Ozersky_Green_Bay_phytoplankton_biomass,Katablepharis_ovalis_Skuja_mg_m-3,7,
Ozersky,Green_Bay,0.5,phytoplankton_biomass,Ozersky_Green_Bay_phytoplankton_biomass,Rhodomonas_minuta_var_nannoplanctica_Skuja_mg_m-3,13.9,
Ozersky,Green_Bay,0.5,phytoplankton_biomass,Ozersky_Green_Bay_phytoplankton_biomass,Glenodinium_sp_mg_m-3,0,
Ozersky,Green_Bay,0.5,phytoplankton_biomass,Ozersky_Green_Bay_phytoplankton_biomass,Gymnodinium_helveticum_Penard_mg_m-3,28.6,
Ozersky,Green_Bay,0.5,phytoplankton_biomass,Ozersky_Green_Bay_phytoplankton_biomass,Gymnodinium_sp_mg_m-3,190,
Ozersky,Green_Bay,0.5,phytoplankton_biomass,Ozersky_Green_Bay_phytoplankton_biomass,Peridinium_aciculiferum_Lemmermann_mg_m-3,107.2,
Ozersky,Green_Bay,0.5,phytoplankton_biomass,Ozersky_Green_Bay_phytoplankton_biomass,Peridinium_sp_mg_m-3,0,
Ozersky,Green_Bay,0.5,phytoplankton_biomass,Ozersky_Green_Bay_phytoplankton_biomass,total_biomass_mg_m-3,1642.7,
Ozersky,Green_Bay,0.5,phytoplankton_biomass,Ozersky_Green_Bay_phytoplankton_biomass,Total_Cyanobacteria_mg_m-3,45.9,
Ozersky,Green_Bay,0.5,phytoplankton_biomass,Ozersky_Green_Bay_phytoplankton_biomass,Total_Chlorophyta_mg_m-3,37.1,
Ozersky,Green_Bay,0.5,phytoplankton_biomass,Ozersky_Green_Bay_phytoplankton_biomass,Total_Euglenophyta_mg_m-3,0,
Ozersky,Green_Bay,0.5,phytoplankton_biomass,Ozersky_Green_Bay_phytoplankton_biomass,Total_Chrysophycea_mg_m-3,1164.2,
Ozersky,Green_Bay,0.5,phytoplankton_biomass,Ozersky_Green_Bay_phytoplankton_biomass,Total_Diatomeae_mg_m-3,35.2,
Ozersky,Green_Bay,0.5,phytoplankton_biomass,Ozersky_Green_Bay_phytoplankton_biomass,Total_Cryptophyta_mg_m-3,34.5,
Ozersky,Green_Bay,0.5,phytoplankton_biomass,Ozersky_Green_Bay_phytoplankton_biomass,Total_Peridineae_mg_m-3,325.8,
Pearce/Xenopolous,BQ1,0,phytoplankton_biomass,Pearce/Xenopolous_BQ1_phytoplankton_biomass,Aphanocapsa_holsatica_Lemm_Cronb_&_Kom_mg_m-3,0,
Pearce/Xenopolous,BQ1,0,phytoplankton_biomass,Pearce/Xenopolous_BQ1_phytoplankton_biomass,Aphanocapsa_sp_mg_m-3,0,
Pearce/Xenopolous,BQ1,0,phytoplankton_biomass,Pearce/Xenopolous_BQ1_phytoplankton_biomass,Cyanodictyon_filiforme_JKomárková-Legnerová_&_GCronberg_mg_m-3,0,
Pearce/Xenopolous,BQ1,0,phytoplankton_biomass,Pearce/Xenopolous_BQ1_phytoplankton_biomass,Cyanophyta_sp_mg_m-3,2.5,
Pearce/Xenopolous,BQ1,0,phytoplankton_biomass,Pearce/Xenopolous_BQ1_phytoplankton_biomass,Gloeocapsa_sp_mg_m-3,0,
Pearce/Xenopolous,BQ1,0,phytoplankton_biomass,Pearce/Xenopolous_BQ1_phytoplankton_biomass,Microcystis_sp_mg_m-3,0,
Pearce/Xenopolous,BQ1,0,phytoplankton_biomass,Pearce/Xenopolous_BQ1_phytoplankton_biomass,Planktothrix_agardhii_Gomont_Anag_and_Komar_mg_m-3,0,
Pearce/Xenopolous,BQ1,0,phytoplankton_biomass,Pearce/Xenopolous_BQ1_phytoplankton_biomass,Pseudanabaena_contorta_Kling_&_Watson_mg_m-3,0,
Pearce/Xenopolous,BQ1,0,phytoplankton_biomass,Pearce/Xenopolous_BQ1_phytoplankton_biomass,Pseudanabaena_sp_mg_m-3,0,
Pearce/Xenopolous,BQ1,0,phytoplankton_biomass,Pearce/Xenopolous_BQ1_phytoplankton_biomass,Synechococcus_sp_mg_m-3,0,
Pearce/Xenopolous,BQ1,0,phytoplankton_biomass,Pearce/Xenopolous_BQ1_phytoplankton_biomass,Woronichinia_sp_mg_m-3,0,
Pearce/Xenopolous,BQ1,0,phytoplankton_biomass,Pearce/Xenopolous_BQ1_phytoplankton_biomass,Actinastrum_hantzschii_Lagerheim_mg_m-3,0,
Pearce/Xenopolous,BQ1,0,phytoplankton_biomass,Pearce/Xenopolous_BQ1_phytoplankton_biomass,Botryococcus_sp_mg_m-3,0,
Pearce/Xenopolous,BQ1,0,phytoplankton_biomass,Pearce/Xenopolous_BQ1_phytoplankton_biomass,Campylomonas_sp_mg_m-3,0,
Pearce/Xenopolous,BQ1,0,phytoplankton_biomass,Pearce/Xenopolous_BQ1_phytoplankton_biomass,Chlorogonium_minimum_Playfair_mg_m-3,0,
Pearce/Xenopolous,BQ1,0,phytoplankton_biomass,Pearce/Xenopolous_BQ1_phytoplankton_biomass,Chlorophyceae_spp_mg_m-3,7.2,
Pearce/Xenopolous,BQ1,0,phytoplankton_biomass,Pearce/Xenopolous_BQ1_phytoplankton_biomass,Closterium_aciculare_T_West_mg_m-3,0,
Pearce/Xenopolous,BQ1,0,phytoplankton_biomass,Pearce/Xenopolous_BQ1_phytoplankton_biomass,Closterium_strigosum_Brebisson_mg_m-3,0,
Pearce/Xenopolous,BQ1,0,phytoplankton_biomass,Pearce/Xenopolous_BQ1_phytoplankton_biomass,Collodictyon_triciliatum_H_Carter_mg_m-3,0,
Pearce/Xenopolous,BQ1,0,phytoplankton_biomass,Pearce/Xenopolous_BQ1_phytoplankton_biomass,Desmodesmus_sp_mg_m-3,0,
Pearce/Xenopolous,BQ1,0,phytoplankton_biomass,Pearce/Xenopolous_BQ1_phytoplankton_biomass,Gloeotila_pelagica_Nyegaard_Skuja_mg_m-3,0,
Pearce/Xenopolous,BQ1,0,phytoplankton_biomass,Pearce/Xenopolous_BQ1_phytoplankton_biomass,Koliella_longiseta_Vischer_Hindák_mg_m-3,0,
Pearce/Xenopolous,BQ1,0,phytoplankton_biomass,Pearce/Xenopolous_BQ1_phytoplankton_biomass,Koliella_sp_mg_m-3,0,
Pearce/Xenopolous,BQ1,0,phytoplankton_biomass,Pearce/Xenopolous_BQ1_phytoplankton_biomass,Lagerheimia_genevensis_Chodat_mg_m-3,0,
Pearce/Xenopolous,BQ1,0,phytoplankton_biomass,Pearce/Xenopolous_BQ1_phytoplankton_biomass,Monoraphidium_arcuatum_Korshikov_Hindák_mg_m-3,0,
Pearce/Xenopolous,BQ1,0,phytoplankton_biomass,Pearce/Xenopolous_BQ1_phytoplankton_biomass,Monoraphidium_contortum_Thurs_Kom_mg_m-3,0,
Pearce/Xenopolous,BQ1,0,phytoplankton_biomass,Pearce/Xenopolous_BQ1_phytoplankton_biomass,Monoraphidium_minutum_Nägeli_Komárková-legnerová_mg_m-3,0.4,
Pearce/Xenopolous,BQ1,0,phytoplankton_biomass,Pearce/Xenopolous_BQ1_phytoplankton_biomass,Mougeotia_sp_mg_m-3,0,
Pearce/Xenopolous,BQ1,0,phytoplankton_biomass,Pearce/Xenopolous_BQ1_phytoplankton_biomass,Nephrochlamys_sp_mg_m-3,0,
Pearce/Xenopolous,BQ1,0,phytoplankton_biomass,Pearce/Xenopolous_BQ1_phytoplankton_biomass,Oocystis_solitaria_Wittrock_mg_m-3,0,
Pearce/Xenopolous,BQ1,0,phytoplankton_biomass,Pearce/Xenopolous_BQ1_phytoplankton_biomass,Oocystis_sp_mg_m-3,0,
Pearce/Xenopolous,BQ1,0,phytoplankton_biomass,Pearce/Xenopolous_BQ1_phytoplankton_biomass,Planktosphaeria_gelatinosa_GMSmith_mg_m-3,0,
Pearce/Xenopolous,BQ1,0,phytoplankton_biomass,Pearce/Xenopolous_BQ1_phytoplankton_biomass,Scenedesmus_sp_mg_m-3,1.9,
Pearce/Xenopolous,BQ1,0,phytoplankton_biomass,Pearce/Xenopolous_BQ1_phytoplankton_biomass,Spermatozopsis_exsultans_Korshikov_mg_m-3,0,
Pearce/Xenopolous,BQ1,0,phytoplankton_biomass,Pearce/Xenopolous_BQ1_phytoplankton_biomass,Stichococcus_sp_mg_m-3,0,
Pearce/Xenopolous,BQ1,0,phytoplankton_biomass,Pearce/Xenopolous_BQ1_phytoplankton_biomass,Tetraedron_triangulare_Korshikov_mg_m-3,0,
Pearce/Xenopolous,BQ1,0,phytoplankton_biomass,Pearce/Xenopolous_BQ1_phytoplankton_biomass,Tetrastrum_heteracanthum_Nordst_Chod_mg_m-3,0,
Pearce/Xenopolous,BQ1,0,phytoplankton_biomass,Pearce/Xenopolous_BQ1_phytoplankton_biomass,Euglena_sp_mg_m-3,0,
Pearce/Xenopolous,BQ1,0,phytoplankton_biomass,Pearce/Xenopolous_BQ1_phytoplankton_biomass,Aulomonas_purdyi_Lackey_mg_m-3,0,
Pearce/Xenopolous,BQ1,0,phytoplankton_biomass,Pearce/Xenopolous_BQ1_phytoplankton_biomass,Bicoeca_sp_mg_m-3,0,
Pearce/Xenopolous,BQ1,0,phytoplankton_biomass,Pearce/Xenopolous_BQ1_phytoplankton_biomass,Chrysochromulina_parva_Lackey_mg_m-3,0,
Pearce/Xenopolous,BQ1,0,phytoplankton_biomass,Pearce/Xenopolous_BQ1_phytoplankton_biomass,Chrysococcus_sp_mg_m-3,0,
Pearce/Xenopolous,BQ1,0,phytoplankton_biomass,Pearce/Xenopolous_BQ1_phytoplankton_biomass,Chrysolykos_planktonicus_Mack_mg_m-3,0,
Pearce/Xenopolous,BQ1,0,phytoplankton_biomass,Pearce/Xenopolous_BQ1_phytoplankton_biomass,Chrysophyceae_Cyst_mg_m-3,0,
Pearce/Xenopolous,BQ1,0,phytoplankton_biomass,Pearce/Xenopolous_BQ1_phytoplankton_biomass,Chrysophyceae_spp_mg_m-3,24.7,
Pearce/Xenopolous,BQ1,0,phytoplankton_biomass,Pearce/Xenopolous_BQ1_phytoplankton_biomass,Dinobryon_cylindricum_Imhof_mg_m-3,0,
Pearce/Xenopolous,BQ1,0,phytoplankton_biomass,Pearce/Xenopolous_BQ1_phytoplankton_biomass,Dinobryon_sertularia_Ehrenberg_mg_m-3,1.3,
Pearce/Xenopolous,BQ1,0,phytoplankton_biomass,Pearce/Xenopolous_BQ1_phytoplankton_biomass,Dinobryon_sp_mg_m-3,0,
Pearce/Xenopolous,BQ1,0,phytoplankton_biomass,Pearce/Xenopolous_BQ1_phytoplankton_biomass,Epipyxis_sp_mg_m-3,0,
Pearce/Xenopolous,BQ1,0,phytoplankton_biomass,Pearce/Xenopolous_BQ1_phytoplankton_biomass,Mallomonas_elongata_Reverdin_mg_m-3,0,
Pearce/Xenopolous,BQ1,0,phytoplankton_biomass,Pearce/Xenopolous_BQ1_phytoplankton_biomass,Mallomonas_sp_mg_m-3,0,
Pearce/Xenopolous,BQ1,0,phytoplankton_biomass,Pearce/Xenopolous_BQ1_phytoplankton_biomass,Ochromonad_sp_mg_m-3,20.8,
Pearce/Xenopolous,BQ1,0,phytoplankton_biomass,Pearce/Xenopolous_BQ1_phytoplankton_biomass,Ochromonas_sp_mg_m-3,0,
Pearce/Xenopolous,BQ1,0,phytoplankton_biomass,Pearce/Xenopolous_BQ1_phytoplankton_biomass,Pseudopedinella_sp_mg_m-3,0,
Pearce/Xenopolous,BQ1,0,phytoplankton_biomass,Pearce/Xenopolous_BQ1_phytoplankton_biomass,Rhizochrysis_limnetica_GM_Smith_mg_m-3,0,
Pearce/Xenopolous,BQ1,0,phytoplankton_biomass,Pearce/Xenopolous_BQ1_phytoplankton_biomass,Salpingoeca_frequentissima_Zacharias_Lemmermann_mg_m-3,0.6,
Pearce/Xenopolous,BQ1,0,phytoplankton_biomass,Pearce/Xenopolous_BQ1_phytoplankton_biomass,Spiniferomonas_sp_mg_m-3,0,
Pearce/Xenopolous,BQ1,0,phytoplankton_biomass,Pearce/Xenopolous_BQ1_phytoplankton_biomass,Stelexomonas_dichotoma_JLackey_mg_m-3,0,
Pearce/Xenopolous,BQ1,0,phytoplankton_biomass,Pearce/Xenopolous_BQ1_phytoplankton_biomass,Synura_sp_mg_m-3,0,
Pearce/Xenopolous,BQ1,0,phytoplankton_biomass,Pearce/Xenopolous_BQ1_phytoplankton_biomass,Achnanthidium_sp_mg_m-3,0,
Pearce/Xenopolous,BQ1,0,phytoplankton_biomass,Pearce/Xenopolous_BQ1_phytoplankton_biomass,Asterionella_formosa_Hassall_mg_m-3,0.6,
Pearce/Xenopolous,BQ1,0,phytoplankton_biomass,Pearce/Xenopolous_BQ1_phytoplankton_biomass,Aulacoseira_ambigua_Grunow_Simonsen_mg_m-3,0,
Pearce/Xenopolous,BQ1,0,phytoplankton_biomass,Pearce/Xenopolous_BQ1_phytoplankton_biomass,Aulacoseira_distans_Ehrenb_Simonsen_mg_m-3,0,
Pearce/Xenopolous,BQ1,0,phytoplankton_biomass,Pearce/Xenopolous_BQ1_phytoplankton_biomass,Aulacoseira_islandica_O_Mull_Simonsen_mg_m-3,0,
Pearce/Xenopolous,BQ1,0,phytoplankton_biomass,Pearce/Xenopolous_BQ1_phytoplankton_biomass,Bacillariophyceae_spp_mg_m-3,10.8,
Pearce/Xenopolous,BQ1,0,phytoplankton_biomass,Pearce/Xenopolous_BQ1_phytoplankton_biomass,Cocconeis_pediculus_Ehrenb_mg_m-3,0,
Pearce/Xenopolous,BQ1,0,phytoplankton_biomass,Pearce/Xenopolous_BQ1_phytoplankton_biomass,Cyclotella_comensis_Grunow_mg_m-3,8.4,
Pearce/Xenopolous,BQ1,0,phytoplankton_biomass,Pearce/Xenopolous_BQ1_phytoplankton_biomass,Cyclotella_ocellata_Pantocsek_mg_m-3,0,
Pearce/Xenopolous,BQ1,0,phytoplankton_biomass,Pearce/Xenopolous_BQ1_phytoplankton_biomass,Cyclotella_sp_mg_m-3,0,
Pearce/Xenopolous,BQ1,0,phytoplankton_biomass,Pearce/Xenopolous_BQ1_phytoplankton_biomass,Diatoma_tenue_var_elongatum_Lyngb_mg_m-3,0,
Pearce/Xenopolous,BQ1,0,phytoplankton_biomass,Pearce/Xenopolous_BQ1_phytoplankton_biomass,Diatoma_vulgaris_Bory_mg_m-3,0,
Pearce/Xenopolous,BQ1,0,phytoplankton_biomass,Pearce/Xenopolous_BQ1_phytoplankton_biomass,Encyonema_minutum_Hilse_DGMann_mg_m-3,0,
Pearce/Xenopolous,BQ1,0,phytoplankton_biomass,Pearce/Xenopolous_BQ1_phytoplankton_biomass,Encyonema_sp_mg_m-3,0,
Pearce/Xenopolous,BQ1,0,phytoplankton_biomass,Pearce/Xenopolous_BQ1_phytoplankton_biomass,Fragilaria_capucina_Desmazières_mg_m-3,23.5,
Pearce/Xenopolous,BQ1,0,phytoplankton_biomass,Pearce/Xenopolous_BQ1_phytoplankton_biomass,Fragilaria_construens_Ehr_Grunow_mg_m-3,0,
Pearce/Xenopolous,BQ1,0,phytoplankton_biomass,Pearce/Xenopolous_BQ1_phytoplankton_biomass,Fragilaria_sp_mg_m-3,0,
Pearce/Xenopolous,BQ1,0,phytoplankton_biomass,Pearce/Xenopolous_BQ1_phytoplankton_biomass,Gomphonema_sp_mg_m-3,0,
Pearce/Xenopolous,BQ1,0,phytoplankton_biomass,Pearce/Xenopolous_BQ1_phytoplankton_biomass,Navicula_sp_mg_m-3,0,
Pearce/Xenopolous,BQ1,0,phytoplankton_biomass,Pearce/Xenopolous_BQ1_phytoplankton_biomass,Navicula_tripunctata_O_F_Müll_Bory_mg_m-3,0,
Pearce/Xenopolous,BQ1,0,phytoplankton_biomass,Pearce/Xenopolous_BQ1_phytoplankton_biomass,Nitzschia_acicularis_Kütz_W_Smith_mg_m-3,0,
Pearce/Xenopolous,BQ1,0,phytoplankton_biomass,Pearce/Xenopolous_BQ1_phytoplankton_biomass,Nitzschia_linearis_C_Agardh_W_Sm_mg_m-3,0,
Pearce/Xenopolous,BQ1,0,phytoplankton_biomass,Pearce/Xenopolous_BQ1_phytoplankton_biomass,Nitzschia_sp_mg_m-3,0,
Pearce/Xenopolous,BQ1,0,phytoplankton_biomass,Pearce/Xenopolous_BQ1_phytoplankton_biomass,Rhoicosphenia_abbreviata_CAgardh_Lange-Bertalot_mg_m-3,0,
Pearce/Xenopolous,BQ1,0,phytoplankton_biomass,Pearce/Xenopolous_BQ1_phytoplankton_biomass,Skeletonema_potamos_Weber_Hasle_mg_m-3,0,
Pearce/Xenopolous,BQ1,0,phytoplankton_biomass,Pearce/Xenopolous_BQ1_phytoplankton_biomass,Stephanodiscus_agassizensis_Håk&_Kling_mg_m-3,0,
Pearce/Xenopolous,BQ1,0,phytoplankton_biomass,Pearce/Xenopolous_BQ1_phytoplankton_biomass,Stephanodiscus_binderanus_Kütz_Willi_Kreig_mg_m-3,0,
Pearce/Xenopolous,BQ1,0,phytoplankton_biomass,Pearce/Xenopolous_BQ1_phytoplankton_biomass,Stephanodiscus_hantzschii_Grunow_mg_m-3,0,
Pearce/Xenopolous,BQ1,0,phytoplankton_biomass,Pearce/Xenopolous_BQ1_phytoplankton_biomass,Stephanodiscus_sp_mg_m-3,0,
Pearce/Xenopolous,BQ1,0,phytoplankton_biomass,Pearce/Xenopolous_BQ1_phytoplankton_biomass,Synedra_acus_var_radians_Kütz_Hustedt_mg_m-3,0,
Pearce/Xenopolous,BQ1,0,phytoplankton_biomass,Pearce/Xenopolous_BQ1_phytoplankton_biomass,Synedra_sp_mg_m-3,0,
Pearce/Xenopolous,BQ1,0,phytoplankton_biomass,Pearce/Xenopolous_BQ1_phytoplankton_biomass,Tabellaria_fenestrata_Lyngb_Kütz_mg_m-3,0,
Pearce/Xenopolous,BQ1,0,phytoplankton_biomass,Pearce/Xenopolous_BQ1_phytoplankton_biomass,Urosolenia_eriensis_Crawford_&_Mann_mg_m-3,0,
Pearce/Xenopolous,BQ1,0,phytoplankton_biomass,Pearce/Xenopolous_BQ1_phytoplankton_biomass,Cryptomonas_erosa_Ehrenberg_mg_m-3,0,
Pearce/Xenopolous,BQ1,0,phytoplankton_biomass,Pearce/Xenopolous_BQ1_phytoplankton_biomass,Cryptomonas_marssonii_Skuja_mg_m-3,0,
Pearce/Xenopolous,BQ1,0,phytoplankton_biomass,Pearce/Xenopolous_BQ1_phytoplankton_biomass,Cryptomonas_obovata_Skuja_mg_m-3,0,
Pearce/Xenopolous,BQ1,0,phytoplankton_biomass,Pearce/Xenopolous_BQ1_phytoplankton_biomass,Cryptomonas_reflexa_Skuja_mg_m-3,0,
Pearce/Xenopolous,BQ1,0,phytoplankton_biomass,Pearce/Xenopolous_BQ1_phytoplankton_biomass,Cryptomonas_rostratiformis_Skuja_mg_m-3,0,
Pearce/Xenopolous,BQ1,0,phytoplankton_biomass,Pearce/Xenopolous_BQ1_phytoplankton_biomass,Cryptomonas_sp_mg_m-3,0,
Pearce/Xenopolous,BQ1,0,phytoplankton_biomass,Pearce/Xenopolous_BQ1_phytoplankton_biomass,Katablepharis_ovalis_Skuja_mg_m-3,0,
Pearce/Xenopolous,BQ1,0,phytoplankton_biomass,Pearce/Xenopolous_BQ1_phytoplankton_biomass,Rhodomonas_minuta_var_nannoplanctica_Skuja_mg_m-3,23.5,
Pearce/Xenopolous,BQ1,0,phytoplankton_biomass,Pearce/Xenopolous_BQ1_phytoplankton_biomass,Glenodinium_sp_mg_m-3,0,
Pearce/Xenopolous,BQ1,0,phytoplankton_biomass,Pearce/Xenopolous_BQ1_phytoplankton_biomass,Gymnodinium_helveticum_Penard_mg_m-3,0,
Pearce/Xenopolous,BQ1,0,phytoplankton_biomass,Pearce/Xenopolous_BQ1_phytoplankton_biomass,Gymnodinium_sp_mg_m-3,14.1,
Pearce/Xenopolous,BQ1,0,phytoplankton_biomass,Pearce/Xenopolous_BQ1_phytoplankton_biomass,Peridinium_aciculiferum_Lemmermann_mg_m-3,0,
Pearce/Xenopolous,BQ1,0,phytoplankton_biomass,Pearce/Xenopolous_BQ1_phytoplankton_biomass,Peridinium_sp_mg_m-3,2.7,
Pearce/Xenopolous,BQ1,0,phytoplankton_biomass,Pearce/Xenopolous_BQ1_phytoplankton_biomass,total_biomass_mg_m-3,143,
Pearce/Xenopolous,BQ1,0,phytoplankton_biomass,Pearce/Xenopolous_BQ1_phytoplankton_biomass,Total_Cyanobacteria_mg_m-3,2.5,
Pearce/Xenopolous,BQ1,0,phytoplankton_biomass,Pearce/Xenopolous_BQ1_phytoplankton_biomass,Total_Chlorophyta_mg_m-3,9.5,
Pearce/Xenopolous,BQ1,0,phytoplankton_biomass,Pearce/Xenopolous_BQ1_phytoplankton_biomass,Total_Euglenophyta_mg_m-3,0,
Pearce/Xenopolous,BQ1,0,phytoplankton_biomass,Pearce/Xenopolous_BQ1_phytoplankton_biomass,Total_Chrysophycea_mg_m-3,47.4,
Pearce/Xenopolous,BQ1,0,phytoplankton_biomass,Pearce/Xenopolous_BQ1_phytoplankton_biomass,Total_Diatomeae_mg_m-3,43.3,
Pearce/Xenopolous,BQ1,0,phytoplankton_biomass,Pearce/Xenopolous_BQ1_phytoplankton_biomass,Total_Cryptophyta_mg_m-3,23.5,
Pearce/Xenopolous,BQ1,0,phytoplankton_biomass,Pearce/Xenopolous_BQ1_phytoplankton_biomass,Total_Peridineae_mg_m-3,16.8,
Currie,Bronte_Pier,0,phytoplankton_biomass,Currie_Bronte_Pier_phytoplankton_biomass,Aphanocapsa_holsatica_Lemm_Cronb_&_Kom_mg_m-3,0,
Currie,Bronte_Pier,0,phytoplankton_biomass,Currie_Bronte_Pier_phytoplankton_biomass,Aphanocapsa_sp_mg_m-3,0,
Currie,Bronte_Pier,0,phytoplankton_biomass,Currie_Bronte_Pier_phytoplankton_biomass,Cyanodictyon_filiforme_JKomárková-Legnerová_&_GCronberg_mg_m-3,0,
Currie,Bronte_Pier,0,phytoplankton_biomass,Currie_Bronte_Pier_phytoplankton_biomass,Cyanophyta_sp_mg_m-3,19.4,
Currie,Bronte_Pier,0,phytoplankton_biomass,Currie_Bronte_Pier_phytoplankton_biomass,Gloeocapsa_sp_mg_m-3,0,
Currie,Bronte_Pier,0,phytoplankton_biomass,Currie_Bronte_Pier_phytoplankton_biomass,Microcystis_sp_mg_m-3,0,
Currie,Bronte_Pier,0,phytoplankton_biomass,Currie_Bronte_Pier_phytoplankton_biomass,Planktothrix_agardhii_Gomont_Anag_and_Komar_mg_m-3,0,
Currie,Bronte_Pier,0,phytoplankton_biomass,Currie_Bronte_Pier_phytoplankton_biomass,Pseudanabaena_contorta_Kling_&_Watson_mg_m-3,0,
Currie,Bronte_Pier,0,phytoplankton_biomass,Currie_Bronte_Pier_phytoplankton_biomass,Pseudanabaena_sp_mg_m-3,0,
Currie,Bronte_Pier,0,phytoplankton_biomass,Currie_Bronte_Pier_phytoplankton_biomass,Synechococcus_sp_mg_m-3,0,
Currie,Bronte_Pier,0,phytoplankton_biomass,Currie_Bronte_Pier_phytoplankton_biomass,Woronichinia_sp_mg_m-3,0,
Currie,Bronte_Pier,0,phytoplankton_biomass,Currie_Bronte_Pier_phytoplankton_biomass,Actinastrum_hantzschii_Lagerheim_mg_m-3,0,
Currie,Bronte_Pier,0,phytoplankton_biomass,Currie_Bronte_Pier_phytoplankton_biomass,Botryococcus_sp_mg_m-3,0,
Currie,Bronte_Pier,0,phytoplankton_biomass,Currie_Bronte_Pier_phytoplankton_biomass,Campylomonas_sp_mg_m-3,0,
Currie,Bronte_Pier,0,phytoplankton_biomass,Currie_Bronte_Pier_phytoplankton_biomass,Chlorogonium_minimum_Playfair_mg_m-3,0,
Currie,Bronte_Pier,0,phytoplankton_biomass,Currie_Bronte_Pier_phytoplankton_biomass,Chlorophyceae_spp_mg_m-3,116.9,
Currie,Bronte_Pier,0,phytoplankton_biomass,Currie_Bronte_Pier_phytoplankton_biomass,Closterium_aciculare_T_West_mg_m-3,0,
Currie,Bronte_Pier,0,phytoplankton_biomass,Currie_Bronte_Pier_phytoplankton_biomass,Closterium_strigosum_Brebisson_mg_m-3,8.1,
Currie,Bronte_Pier,0,phytoplankton_biomass,Currie_Bronte_Pier_phytoplankton_biomass,Collodictyon_triciliatum_H_Carter_mg_m-3,0,
Currie,Bronte_Pier,0,phytoplankton_biomass,Currie_Bronte_Pier_phytoplankton_biomass,Desmodesmus_sp_mg_m-3,5.6,
Currie,Bronte_Pier,0,phytoplankton_biomass,Currie_Bronte_Pier_phytoplankton_biomass,Gloeotila_pelagica_Nyegaard_Skuja_mg_m-3,0,
Currie,Bronte_Pier,0,phytoplankton_biomass,Currie_Bronte_Pier_phytoplankton_biomass,Koliella_longiseta_Vischer_Hindák_mg_m-3,0,
Currie,Bronte_Pier,0,phytoplankton_biomass,Currie_Bronte_Pier_phytoplankton_biomass,Koliella_sp_mg_m-3,0,
Currie,Bronte_Pier,0,phytoplankton_biomass,Currie_Bronte_Pier_phytoplankton_biomass,Lagerheimia_genevensis_Chodat_mg_m-3,0,
Currie,Bronte_Pier,0,phytoplankton_biomass,Currie_Bronte_Pier_phytoplankton_biomass,Monoraphidium_arcuatum_Korshikov_Hindák_mg_m-3,0,
Currie,Bronte_Pier,0,phytoplankton_biomass,Currie_Bronte_Pier_phytoplankton_biomass,Monoraphidium_contortum_Thurs_Kom_mg_m-3,0,
Currie,Bronte_Pier,0,phytoplankton_biomass,Currie_Bronte_Pier_phytoplankton_biomass,Monoraphidium_minutum_Nägeli_Komárková-legnerová_mg_m-3,0,
Currie,Bronte_Pier,0,phytoplankton_biomass,Currie_Bronte_Pier_phytoplankton_biomass,Mougeotia_sp_mg_m-3,0,
Currie,Bronte_Pier,0,phytoplankton_biomass,Currie_Bronte_Pier_phytoplankton_biomass,Nephrochlamys_sp_mg_m-3,0,
Currie,Bronte_Pier,0,phytoplankton_biomass,Currie_Bronte_Pier_phytoplankton_biomass,Oocystis_solitaria_Wittrock_mg_m-3,0,
Currie,Bronte_Pier,0,phytoplankton_biomass,Currie_Bronte_Pier_phytoplankton_biomass,Oocystis_sp_mg_m-3,0,
Currie,Bronte_Pier,0,phytoplankton_biomass,Currie_Bronte_Pier_phytoplankton_biomass,Planktosphaeria_gelatinosa_GMSmith_mg_m-3,0,
Currie,Bronte_Pier,0,phytoplankton_biomass,Currie_Bronte_Pier_phytoplankton_biomass,Scenedesmus_sp_mg_m-3,0,
Currie,Bronte_Pier,0,phytoplankton_biomass,Currie_Bronte_Pier_phytoplankton_biomass,Spermatozopsis_exsultans_Korshikov_mg_m-3,0,
Currie,Bronte_Pier,0,phytoplankton_biomass,Currie_Bronte_Pier_phytoplankton_biomass,Stichococcus_sp_mg_m-3,0,
Currie,Bronte_Pier,0,phytoplankton_biomass,Currie_Bronte_Pier_phytoplankton_biomass,Tetraedron_triangulare_Korshikov_mg_m-3,0,
Currie,Bronte_Pier,0,phytoplankton_biomass,Currie_Bronte_Pier_phytoplankton_biomass,Tetrastrum_heteracanthum_Nordst_Chod_mg_m-3,0,
Currie,Bronte_Pier,0,phytoplankton_biomass,Currie_Bronte_Pier_phytoplankton_biomass,Euglena_sp_mg_m-3,0,
Currie,Bronte_Pier,0,phytoplankton_biomass,Currie_Bronte_Pier_phytoplankton_biomass,Aulomonas_purdyi_Lackey_mg_m-3,0,
Currie,Bronte_Pier,0,phytoplankton_biomass,Currie_Bronte_Pier_phytoplankton_biomass,Bicoeca_sp_mg_m-3,0,
Currie,Bronte_Pier,0,phytoplankton_biomass,Currie_Bronte_Pier_phytoplankton_biomass,Chrysochromulina_parva_Lackey_mg_m-3,0,
Currie,Bronte_Pier,0,phytoplankton_biomass,Currie_Bronte_Pier_phytoplankton_biomass,Chrysococcus_sp_mg_m-3,0,
Currie,Bronte_Pier,0,phytoplankton_biomass,Currie_Bronte_Pier_phytoplankton_biomass,Chrysolykos_planktonicus_Mack_mg_m-3,0,
Currie,Bronte_Pier,0,phytoplankton_biomass,Currie_Bronte_Pier_phytoplankton_biomass,Chrysophyceae_Cyst_mg_m-3,0,
Currie,Bronte_Pier,0,phytoplankton_biomass,Currie_Bronte_Pier_phytoplankton_biomass,Chrysophyceae_spp_mg_m-3,0,
Currie,Bronte_Pier,0,phytoplankton_biomass,Currie_Bronte_Pier_phytoplankton_biomass,Dinobryon_cylindricum_Imhof_mg_m-3,0,
Currie,Bronte_Pier,0,phytoplankton_biomass,Currie_Bronte_Pier_phytoplankton_biomass,Dinobryon_sertularia_Ehrenberg_mg_m-3,0,
Currie,Bronte_Pier,0,phytoplankton_biomass,Currie_Bronte_Pier_phytoplankton_biomass,Dinobryon_sp_mg_m-3,0,
Currie,Bronte_Pier,0,phytoplankton_biomass,Currie_Bronte_Pier_phytoplankton_biomass,Epipyxis_sp_mg_m-3,0,
Currie,Bronte_Pier,0,phytoplankton_biomass,Currie_Bronte_Pier_phytoplankton_biomass,Mallomonas_elongata_Reverdin_mg_m-3,0,
Currie,Bronte_Pier,0,phytoplankton_biomass,Currie_Bronte_Pier_phytoplankton_biomass,Mallomonas_sp_mg_m-3,0,
Currie,Bronte_Pier,0,phytoplankton_biomass,Currie_Bronte_Pier_phytoplankton_biomass,Ochromonad_sp_mg_m-3,7.9,
Currie,Bronte_Pier,0,phytoplankton_biomass,Currie_Bronte_Pier_phytoplankton_biomass,Ochromonas_sp_mg_m-3,13.8,
Currie,Bronte_Pier,0,phytoplankton_biomass,Currie_Bronte_Pier_phytoplankton_biomass,Pseudopedinella_sp_mg_m-3,0,
Currie,Bronte_Pier,0,phytoplankton_biomass,Currie_Bronte_Pier_phytoplankton_biomass,Rhizochrysis_limnetica_GM_Smith_mg_m-3,0,
Currie,Bronte_Pier,0,phytoplankton_biomass,Currie_Bronte_Pier_phytoplankton_biomass,Salpingoeca_frequentissima_Zacharias_Lemmermann_mg_m-3,0,
Currie,Bronte_Pier,0,phytoplankton_biomass,Currie_Bronte_Pier_phytoplankton_biomass,Spiniferomonas_sp_mg_m-3,0,
Currie,Bronte_Pier,0,phytoplankton_biomass,Currie_Bronte_Pier_phytoplankton_biomass,Stelexomonas_dichotoma_JLackey_mg_m-3,0,
Currie,Bronte_Pier,0,phytoplankton_biomass,Currie_Bronte_Pier_phytoplankton_biomass,Synura_sp_mg_m-3,0,
Currie,Bronte_Pier,0,phytoplankton_biomass,Currie_Bronte_Pier_phytoplankton_biomass,Achnanthidium_sp_mg_m-3,5.1,
Currie,Bronte_Pier,0,phytoplankton_biomass,Currie_Bronte_Pier_phytoplankton_biomass,Asterionella_formosa_Hassall_mg_m-3,0,
Currie,Bronte_Pier,0,phytoplankton_biomass,Currie_Bronte_Pier_phytoplankton_biomass,Aulacoseira_ambigua_Grunow_Simonsen_mg_m-3,0,
Currie,Bronte_Pier,0,phytoplankton_biomass,Currie_Bronte_Pier_phytoplankton_biomass,Aulacoseira_distans_Ehrenb_Simonsen_mg_m-3,0,
Currie,Bronte_Pier,0,phytoplankton_biomass,Currie_Bronte_Pier_phytoplankton_biomass,Aulacoseira_islandica_O_Mull_Simonsen_mg_m-3,0,
Currie,Bronte_Pier,0,phytoplankton_biomass,Currie_Bronte_Pier_phytoplankton_biomass,Bacillariophyceae_spp_mg_m-3,0,
Currie,Bronte_Pier,0,phytoplankton_biomass,Currie_Bronte_Pier_phytoplankton_biomass,Cocconeis_pediculus_Ehrenb_mg_m-3,2.9,
Currie,Bronte_Pier,0,phytoplankton_biomass,Currie_Bronte_Pier_phytoplankton_biomass,Cyclotella_comensis_Grunow_mg_m-3,0,
Currie,Bronte_Pier,0,phytoplankton_biomass,Currie_Bronte_Pier_phytoplankton_biomass,Cyclotella_ocellata_Pantocsek_mg_m-3,0,
Currie,Bronte_Pier,0,phytoplankton_biomass,Currie_Bronte_Pier_phytoplankton_biomass,Cyclotella_sp_mg_m-3,10.6,
Currie,Bronte_Pier,0,phytoplankton_biomass,Currie_Bronte_Pier_phytoplankton_biomass,Diatoma_tenue_var_elongatum_Lyngb_mg_m-3,0,
Currie,Bronte_Pier,0,phytoplankton_biomass,Currie_Bronte_Pier_phytoplankton_biomass,Diatoma_vulgaris_Bory_mg_m-3,7.7,
Currie,Bronte_Pier,0,phytoplankton_biomass,Currie_Bronte_Pier_phytoplankton_biomass,Encyonema_minutum_Hilse_DGMann_mg_m-3,19.6,
Currie,Bronte_Pier,0,phytoplankton_biomass,Currie_Bronte_Pier_phytoplankton_biomass,Encyonema_sp_mg_m-3,4.2,
Currie,Bronte_Pier,0,phytoplankton_biomass,Currie_Bronte_Pier_phytoplankton_biomass,Fragilaria_capucina_Desmazières_mg_m-3,0,
Currie,Bronte_Pier,0,phytoplankton_biomass,Currie_Bronte_Pier_phytoplankton_biomass,Fragilaria_construens_Ehr_Grunow_mg_m-3,0,
Currie,Bronte_Pier,0,phytoplankton_biomass,Currie_Bronte_Pier_phytoplankton_biomass,Fragilaria_sp_mg_m-3,22.4,
Currie,Bronte_Pier,0,phytoplankton_biomass,Currie_Bronte_Pier_phytoplankton_biomass,Gomphonema_sp_mg_m-3,23.5,
Currie,Bronte_Pier,0,phytoplankton_biomass,Currie_Bronte_Pier_phytoplankton_biomass,Navicula_sp_mg_m-3,6.4,
Currie,Bronte_Pier,0,phytoplankton_biomass,Currie_Bronte_Pier_phytoplankton_biomass,Navicula_tripunctata_O_F_Müll_Bory_mg_m-3,24.3,
Currie,Bronte_Pier,0,phytoplankton_biomass,Currie_Bronte_Pier_phytoplankton_biomass,Nitzschia_acicularis_Kütz_W_Smith_mg_m-3,0,
Currie,Bronte_Pier,0,phytoplankton_biomass,Currie_Bronte_Pier_phytoplankton_biomass,Nitzschia_linearis_C_Agardh_W_Sm_mg_m-3,4.4,
Currie,Bronte_Pier,0,phytoplankton_biomass,Currie_Bronte_Pier_phytoplankton_biomass,Nitzschia_sp_mg_m-3,8.7,
Currie,Bronte_Pier,0,phytoplankton_biomass,Currie_Bronte_Pier_phytoplankton_biomass,Rhoicosphenia_abbreviata_CAgardh_Lange-Bertalot_mg_m-3,7.8,
Currie,Bronte_Pier,0,phytoplankton_biomass,Currie_Bronte_Pier_phytoplankton_biomass,Skeletonema_potamos_Weber_Hasle_mg_m-3,0,
Currie,Bronte_Pier,0,phytoplankton_biomass,Currie_Bronte_Pier_phytoplankton_biomass,Stephanodiscus_agassizensis_Håk&_Kling_mg_m-3,0,
Currie,Bronte_Pier,0,phytoplankton_biomass,Currie_Bronte_Pier_phytoplankton_biomass,Stephanodiscus_binderanus_Kütz_Willi_Kreig_mg_m-3,0,
Currie,Bronte_Pier,0,phytoplankton_biomass,Currie_Bronte_Pier_phytoplankton_biomass,Stephanodiscus_hantzschii_Grunow_mg_m-3,0,
Currie,Bronte_Pier,0,phytoplankton_biomass,Currie_Bronte_Pier_phytoplankton_biomass,Stephanodiscus_sp_mg_m-3,0,
Currie,Bronte_Pier,0,phytoplankton_biomass,Currie_Bronte_Pier_phytoplankton_biomass,Synedra_acus_var_radians_Kütz_Hustedt_mg_m-3,0,
Currie,Bronte_Pier,0,phytoplankton_biomass,Currie_Bronte_Pier_phytoplankton_biomass,Synedra_sp_mg_m-3,0,
Currie,Bronte_Pier,0,phytoplankton_biomass,Currie_Bronte_Pier_phytoplankton_biomass,Tabellaria_fenestrata_Lyngb_Kütz_mg_m-3,0,
Currie,Bronte_Pier,0,phytoplankton_biomass,Currie_Bronte_Pier_phytoplankton_biomass,Urosolenia_eriensis_Crawford_&_Mann_mg_m-3,0,
Currie,Bronte_Pier,0,phytoplankton_biomass,Currie_Bronte_Pier_phytoplankton_biomass,Cryptomonas_erosa_Ehrenberg_mg_m-3,0,
Currie,Bronte_Pier,0,phytoplankton_biomass,Currie_Bronte_Pier_phytoplankton_biomass,Cryptomonas_marssonii_Skuja_mg_m-3,0,
Currie,Bronte_Pier,0,phytoplankton_biomass,Currie_Bronte_Pier_phytoplankton_biomass,Cryptomonas_obovata_Skuja_mg_m-3,0,
Currie,Bronte_Pier,0,phytoplankton_biomass,Currie_Bronte_Pier_phytoplankton_biomass,Cryptomonas_reflexa_Skuja_mg_m-3,0.9,
Currie,Bronte_Pier,0,phytoplankton_biomass,Currie_Bronte_Pier_phytoplankton_biomass,Cryptomonas_rostratiformis_Skuja_mg_m-3,0,
Currie,Bronte_Pier,0,phytoplankton_biomass,Currie_Bronte_Pier_phytoplankton_biomass,Cryptomonas_sp_mg_m-3,0,
Currie,Bronte_Pier,0,phytoplankton_biomass,Currie_Bronte_Pier_phytoplankton_biomass,Katablepharis_ovalis_Skuja_mg_m-3,0,
Currie,Bronte_Pier,0,phytoplankton_biomass,Currie_Bronte_Pier_phytoplankton_biomass,Rhodomonas_minuta_var_nannoplanctica_Skuja_mg_m-3,10.1,
Currie,Bronte_Pier,0,phytoplankton_biomass,Currie_Bronte_Pier_phytoplankton_biomass,Glenodinium_sp_mg_m-3,0,
Currie,Bronte_Pier,0,phytoplankton_biomass,Currie_Bronte_Pier_phytoplankton_biomass,Gymnodinium_helveticum_Penard_mg_m-3,0,
Currie,Bronte_Pier,0,phytoplankton_biomass,Currie_Bronte_Pier_phytoplankton_biomass,Gymnodinium_sp_mg_m-3,0,
Currie,Bronte_Pier,0,phytoplankton_biomass,Currie_Bronte_Pier_phytoplankton_biomass,Peridinium_aciculiferum_Lemmermann_mg_m-3,0,
Currie,Bronte_Pier,0,phytoplankton_biomass,Currie_Bronte_Pier_phytoplankton_biomass,Peridinium_sp_mg_m-3,0,
Currie,Bronte_Pier,0,phytoplankton_biomass,Currie_Bronte_Pier_phytoplankton_biomass,total_biomass_mg_m-3,330.3,
Currie,Bronte_Pier,0,phytoplankton_biomass,Currie_Bronte_Pier_phytoplankton_biomass,Total_Cyanobacteria_mg_m-3,19.4,
Currie,Bronte_Pier,0,phytoplankton_biomass,Currie_Bronte_Pier_phytoplankton_biomass,Total_Chlorophyta_mg_m-3,122.5,
Currie,Bronte_Pier,0,phytoplankton_biomass,Currie_Bronte_Pier_phytoplankton_biomass,Total_Euglenophyta_mg_m-3,0,
Currie,Bronte_Pier,0,phytoplankton_biomass,Currie_Bronte_Pier_phytoplankton_biomass,Total_Chrysophycea_mg_m-3,21.7,
Currie,Bronte_Pier,0,phytoplankton_biomass,Currie_Bronte_Pier_phytoplankton_biomass,Total_Diatomeae_mg_m-3,155.7,
Currie,Bronte_Pier,0,phytoplankton_biomass,Currie_Bronte_Pier_phytoplankton_biomass,Total_Cryptophyta_mg_m-3,11,
Currie,Bronte_Pier,0,phytoplankton_biomass,Currie_Bronte_Pier_phytoplankton_biomass,Total_Peridineae_mg_m-3,0,
Currie,CCIW_Hamilton_Harbour,1,phytoplankton_biomass,Currie_CCIW_Hamilton_Harbour_phytoplankton_biomass,Aphanocapsa_holsatica_Lemm_Cronb_&_Kom_mg_m-3,0,
Currie,CCIW_Hamilton_Harbour,1,phytoplankton_biomass,Currie_CCIW_Hamilton_Harbour_phytoplankton_biomass,Aphanocapsa_sp_mg_m-3,0,
Currie,CCIW_Hamilton_Harbour,1,phytoplankton_biomass,Currie_CCIW_Hamilton_Harbour_phytoplankton_biomass,Cyanodictyon_filiforme_JKomárková-Legnerová_&_GCronberg_mg_m-3,0,
Currie,CCIW_Hamilton_Harbour,1,phytoplankton_biomass,Currie_CCIW_Hamilton_Harbour_phytoplankton_biomass,Cyanophyta_sp_mg_m-3,3.3,
Currie,CCIW_Hamilton_Harbour,1,phytoplankton_biomass,Currie_CCIW_Hamilton_Harbour_phytoplankton_biomass,Gloeocapsa_sp_mg_m-3,0,
Currie,CCIW_Hamilton_Harbour,1,phytoplankton_biomass,Currie_CCIW_Hamilton_Harbour_phytoplankton_biomass,Microcystis_sp_mg_m-3,0,
Currie,CCIW_Hamilton_Harbour,1,phytoplankton_biomass,Currie_CCIW_Hamilton_Harbour_phytoplankton_biomass,Planktothrix_agardhii_Gomont_Anag_and_Komar_mg_m-3,0,
Currie,CCIW_Hamilton_Harbour,1,phytoplankton_biomass,Currie_CCIW_Hamilton_Harbour_phytoplankton_biomass,Pseudanabaena_contorta_Kling_&_Watson_mg_m-3,0,
Currie,CCIW_Hamilton_Harbour,1,phytoplankton_biomass,Currie_CCIW_Hamilton_Harbour_phytoplankton_biomass,Pseudanabaena_sp_mg_m-3,0,
Currie,CCIW_Hamilton_Harbour,1,phytoplankton_biomass,Currie_CCIW_Hamilton_Harbour_phytoplankton_biomass,Synechococcus_sp_mg_m-3,0.2,
Currie,CCIW_Hamilton_Harbour,1,phytoplankton_biomass,Currie_CCIW_Hamilton_Harbour_phytoplankton_biomass,Woronichinia_sp_mg_m-3,0,
Currie,CCIW_Hamilton_Harbour,1,phytoplankton_biomass,Currie_CCIW_Hamilton_Harbour_phytoplankton_biomass,Actinastrum_hantzschii_Lagerheim_mg_m-3,0,
Currie,CCIW_Hamilton_Harbour,1,phytoplankton_biomass,Currie_CCIW_Hamilton_Harbour_phytoplankton_biomass,Botryococcus_sp_mg_m-3,0,
Currie,CCIW_Hamilton_Harbour,1,phytoplankton_biomass,Currie_CCIW_Hamilton_Harbour_phytoplankton_biomass,Campylomonas_sp_mg_m-3,0,
Currie,CCIW_Hamilton_Harbour,1,phytoplankton_biomass,Currie_CCIW_Hamilton_Harbour_phytoplankton_biomass,Chlorogonium_minimum_Playfair_mg_m-3,1.8,
Currie,CCIW_Hamilton_Harbour,1,phytoplankton_biomass,Currie_CCIW_Hamilton_Harbour_phytoplankton_biomass,Chlorophyceae_spp_mg_m-3,9.6,
Currie,CCIW_Hamilton_Harbour,1,phytoplankton_biomass,Currie_CCIW_Hamilton_Harbour_phytoplankton_biomass,Closterium_aciculare_T_West_mg_m-3,6,
Currie,CCIW_Hamilton_Harbour,1,phytoplankton_biomass,Currie_CCIW_Hamilton_Harbour_phytoplankton_biomass,Closterium_strigosum_Brebisson_mg_m-3,0,
Currie,CCIW_Hamilton_Harbour,1,phytoplankton_biomass,Currie_CCIW_Hamilton_Harbour_phytoplankton_biomass,Collodictyon_triciliatum_H_Carter_mg_m-3,55.3,
Currie,CCIW_Hamilton_Harbour,1,phytoplankton_biomass,Currie_CCIW_Hamilton_Harbour_phytoplankton_biomass,Desmodesmus_sp_mg_m-3,0,
Currie,CCIW_Hamilton_Harbour,1,phytoplankton_biomass,Currie_CCIW_Hamilton_Harbour_phytoplankton_biomass,Gloeotila_pelagica_Nyegaard_Skuja_mg_m-3,0,
Currie,CCIW_Hamilton_Harbour,1,phytoplankton_biomass,Currie_CCIW_Hamilton_Harbour_phytoplankton_biomass,Koliella_longiseta_Vischer_Hindák_mg_m-3,0,
Currie,CCIW_Hamilton_Harbour,1,phytoplankton_biomass,Currie_CCIW_Hamilton_Harbour_phytoplankton_biomass,Koliella_sp_mg_m-3,0,
Currie,CCIW_Hamilton_Harbour,1,phytoplankton_biomass,Currie_CCIW_Hamilton_Harbour_phytoplankton_biomass,Lagerheimia_genevensis_Chodat_mg_m-3,0,
Currie,CCIW_Hamilton_Harbour,1,phytoplankton_biomass,Currie_CCIW_Hamilton_Harbour_phytoplankton_biomass,Monoraphidium_arcuatum_Korshikov_Hindák_mg_m-3,0,
Currie,CCIW_Hamilton_Harbour,1,phytoplankton_biomass,Currie_CCIW_Hamilton_Harbour_phytoplankton_biomass,Monoraphidium_contortum_Thurs_Kom_mg_m-3,0,
Currie,CCIW_Hamilton_Harbour,1,phytoplankton_biomass,Currie_CCIW_Hamilton_Harbour_phytoplankton_biomass,Monoraphidium_minutum_Nägeli_Komárková-legnerová_mg_m-3,0,
Currie,CCIW_Hamilton_Harbour,1,phytoplankton_biomass,Currie_CCIW_Hamilton_Harbour_phytoplankton_biomass,Mougeotia_sp_mg_m-3,0,
Currie,CCIW_Hamilton_Harbour,1,phytoplankton_biomass,Currie_CCIW_Hamilton_Harbour_phytoplankton_biomass,Nephrochlamys_sp_mg_m-3,0,
Currie,CCIW_Hamilton_Harbour,1,phytoplankton_biomass,Currie_CCIW_Hamilton_Harbour_phytoplankton_biomass,Oocystis_solitaria_Wittrock_mg_m-3,0,
Currie,CCIW_Hamilton_Harbour,1,phytoplankton_biomass,Currie_CCIW_Hamilton_Harbour_phytoplankton_biomass,Oocystis_sp_mg_m-3,0,
Currie,CCIW_Hamilton_Harbour,1,phytoplankton_biomass,Currie_CCIW_Hamilton_Harbour_phytoplankton_biomass,Planktosphaeria_gelatinosa_GMSmith_mg_m-3,0,
Currie,CCIW_Hamilton_Harbour,1,phytoplankton_biomass,Currie_CCIW_Hamilton_Harbour_phytoplankton_biomass,Scenedesmus_sp_mg_m-3,4.2,
Currie,CCIW_Hamilton_Harbour,1,phytoplankton_biomass,Currie_CCIW_Hamilton_Harbour_phytoplankton_biomass,Spermatozopsis_exsultans_Korshikov_mg_m-3,0,
Currie,CCIW_Hamilton_Harbour,1,phytoplankton_biomass,Currie_CCIW_Hamilton_Harbour_phytoplankton_biomass,Stichococcus_sp_mg_m-3,0,
Currie,CCIW_Hamilton_Harbour,1,phytoplankton_biomass,Currie_CCIW_Hamilton_Harbour_phytoplankton_biomass,Tetraedron_triangulare_Korshikov_mg_m-3,0,
Currie,CCIW_Hamilton_Harbour,1,phytoplankton_biomass,Currie_CCIW_Hamilton_Harbour_phytoplankton_biomass,Tetrastrum_heteracanthum_Nordst_Chod_mg_m-3,0,
Currie,CCIW_Hamilton_Harbour,1,phytoplankton_biomass,Currie_CCIW_Hamilton_Harbour_phytoplankton_biomass,Euglena_sp_mg_m-3,0,
Currie,CCIW_Hamilton_Harbour,1,phytoplankton_biomass,Currie_CCIW_Hamilton_Harbour_phytoplankton_biomass,Aulomonas_purdyi_Lackey_mg_m-3,0,
Currie,CCIW_Hamilton_Harbour,1,phytoplankton_biomass,Currie_CCIW_Hamilton_Harbour_phytoplankton_biomass,Bicoeca_sp_mg_m-3,0,
Currie,CCIW_Hamilton_Harbour,1,phytoplankton_biomass,Currie_CCIW_Hamilton_Harbour_phytoplankton_biomass,Chrysochromulina_parva_Lackey_mg_m-3,0,
Currie,CCIW_Hamilton_Harbour,1,phytoplankton_biomass,Currie_CCIW_Hamilton_Harbour_phytoplankton_biomass,Chrysococcus_sp_mg_m-3,0,
Currie,CCIW_Hamilton_Harbour,1,phytoplankton_biomass,Currie_CCIW_Hamilton_Harbour_phytoplankton_biomass,Chrysolykos_planktonicus_Mack_mg_m-3,0,
Currie,CCIW_Hamilton_Harbour,1,phytoplankton_biomass,Currie_CCIW_Hamilton_Harbour_phytoplankton_biomass,Chrysophyceae_Cyst_mg_m-3,0,
Currie,CCIW_Hamilton_Harbour,1,phytoplankton_biomass,Currie_CCIW_Hamilton_Harbour_phytoplankton_biomass,Chrysophyceae_spp_mg_m-3,3.1,
Currie,CCIW_Hamilton_Harbour,1,phytoplankton_biomass,Currie_CCIW_Hamilton_Harbour_phytoplankton_biomass,Dinobryon_cylindricum_Imhof_mg_m-3,0,
Currie,CCIW_Hamilton_Harbour,1,phytoplankton_biomass,Currie_CCIW_Hamilton_Harbour_phytoplankton_biomass,Dinobryon_sertularia_Ehrenberg_mg_m-3,0,
Currie,CCIW_Hamilton_Harbour,1,phytoplankton_biomass,Currie_CCIW_Hamilton_Harbour_phytoplankton_biomass,Dinobryon_sp_mg_m-3,0,
Currie,CCIW_Hamilton_Harbour,1,phytoplankton_biomass,Currie_CCIW_Hamilton_Harbour_phytoplankton_biomass,Epipyxis_sp_mg_m-3,0,
Currie,CCIW_Hamilton_Harbour,1,phytoplankton_biomass,Currie_CCIW_Hamilton_Harbour_phytoplankton_biomass,Mallomonas_elongata_Reverdin_mg_m-3,0,
Currie,CCIW_Hamilton_Harbour,1,phytoplankton_biomass,Currie_CCIW_Hamilton_Harbour_phytoplankton_biomass,Mallomonas_sp_mg_m-3,0,
Currie,CCIW_Hamilton_Harbour,1,phytoplankton_biomass,Currie_CCIW_Hamilton_Harbour_phytoplankton_biomass,Ochromonad_sp_mg_m-3,20.2,
Currie,CCIW_Hamilton_Harbour,1,phytoplankton_biomass,Currie_CCIW_Hamilton_Harbour_phytoplankton_biomass,Ochromonas_sp_mg_m-3,43.9,
Currie,CCIW_Hamilton_Harbour,1,phytoplankton_biomass,Currie_CCIW_Hamilton_Harbour_phytoplankton_biomass,Pseudopedinella_sp_mg_m-3,0,
Currie,CCIW_Hamilton_Harbour,1,phytoplankton_biomass,Currie_CCIW_Hamilton_Harbour_phytoplankton_biomass,Rhizochrysis_limnetica_GM_Smith_mg_m-3,0,
Currie,CCIW_Hamilton_Harbour,1,phytoplankton_biomass,Currie_CCIW_Hamilton_Harbour_phytoplankton_biomass,Salpingoeca_frequentissima_Zacharias_Lemmermann_mg_m-3,0,
Currie,CCIW_Hamilton_Harbour,1,phytoplankton_biomass,Currie_CCIW_Hamilton_Harbour_phytoplankton_biomass,Spiniferomonas_sp_mg_m-3,0,
Currie,CCIW_Hamilton_Harbour,1,phytoplankton_biomass,Currie_CCIW_Hamilton_Harbour_phytoplankton_biomass,Stelexomonas_dichotoma_JLackey_mg_m-3,0,
Currie,CCIW_Hamilton_Harbour,1,phytoplankton_biomass,Currie_CCIW_Hamilton_Harbour_phytoplankton_biomass,Synura_sp_mg_m-3,0,
Currie,CCIW_Hamilton_Harbour,1,phytoplankton_biomass,Currie_CCIW_Hamilton_Harbour_phytoplankton_biomass,Achnanthidium_sp_mg_m-3,0,
Currie,CCIW_Hamilton_Harbour,1,phytoplankton_biomass,Currie_CCIW_Hamilton_Harbour_phytoplankton_biomass,Asterionella_formosa_Hassall_mg_m-3,99.7,
Currie,CCIW_Hamilton_Harbour,1,phytoplankton_biomass,Currie_CCIW_Hamilton_Harbour_phytoplankton_biomass,Aulacoseira_ambigua_Grunow_Simonsen_mg_m-3,0,
Currie,CCIW_Hamilton_Harbour,1,phytoplankton_biomass,Currie_CCIW_Hamilton_Harbour_phytoplankton_biomass,Aulacoseira_distans_Ehrenb_Simonsen_mg_m-3,4.3,
Currie,CCIW_Hamilton_Harbour,1,phytoplankton_biomass,Currie_CCIW_Hamilton_Harbour_phytoplankton_biomass,Aulacoseira_islandica_O_Mull_Simonsen_mg_m-3,1259.9,
Currie,CCIW_Hamilton_Harbour,1,phytoplankton_biomass,Currie_CCIW_Hamilton_Harbour_phytoplankton_biomass,Bacillariophyceae_spp_mg_m-3,60,
Currie,CCIW_Hamilton_Harbour,1,phytoplankton_biomass,Currie_CCIW_Hamilton_Harbour_phytoplankton_biomass,Cocconeis_pediculus_Ehrenb_mg_m-3,0,
Currie,CCIW_Hamilton_Harbour,1,phytoplankton_biomass,Currie_CCIW_Hamilton_Harbour_phytoplankton_biomass,Cyclotella_comensis_Grunow_mg_m-3,0,
Currie,CCIW_Hamilton_Harbour,1,phytoplankton_biomass,Currie_CCIW_Hamilton_Harbour_phytoplankton_biomass,Cyclotella_ocellata_Pantocsek_mg_m-3,0,
Currie,CCIW_Hamilton_Harbour,1,phytoplankton_biomass,Currie_CCIW_Hamilton_Harbour_phytoplankton_biomass,Cyclotella_sp_mg_m-3,0,
Currie,CCIW_Hamilton_Harbour,1,phytoplankton_biomass,Currie_CCIW_Hamilton_Harbour_phytoplankton_biomass,Diatoma_tenue_var_elongatum_Lyngb_mg_m-3,0,
Currie,CCIW_Hamilton_Harbour,1,phytoplankton_biomass,Currie_CCIW_Hamilton_Harbour_phytoplankton_biomass,Diatoma_vulgaris_Bory_mg_m-3,5.8,
Currie,CCIW_Hamilton_Harbour,1,phytoplankton_biomass,Currie_CCIW_Hamilton_Harbour_phytoplankton_biomass,Encyonema_minutum_Hilse_DGMann_mg_m-3,0,
Currie,CCIW_Hamilton_Harbour,1,phytoplankton_biomass,Currie_CCIW_Hamilton_Harbour_phytoplankton_biomass,Encyonema_sp_mg_m-3,0,
Currie,CCIW_Hamilton_Harbour,1,phytoplankton_biomass,Currie_CCIW_Hamilton_Harbour_phytoplankton_biomass,Fragilaria_capucina_Desmazières_mg_m-3,0,
Currie,CCIW_Hamilton_Harbour,1,phytoplankton_biomass,Currie_CCIW_Hamilton_Harbour_phytoplankton_biomass,Fragilaria_construens_Ehr_Grunow_mg_m-3,1.2,
Currie,CCIW_Hamilton_Harbour,1,phytoplankton_biomass,Currie_CCIW_Hamilton_Harbour_phytoplankton_biomass,Fragilaria_sp_mg_m-3,0,
Currie,CCIW_Hamilton_Harbour,1,phytoplankton_biomass,Currie_CCIW_Hamilton_Harbour_phytoplankton_biomass,Gomphonema_sp_mg_m-3,0,
Currie,CCIW_Hamilton_Harbour,1,phytoplankton_biomass,Currie_CCIW_Hamilton_Harbour_phytoplankton_biomass,Navicula_sp_mg_m-3,0,
Currie,CCIW_Hamilton_Harbour,1,phytoplankton_biomass,Currie_CCIW_Hamilton_Harbour_phytoplankton_biomass,Navicula_tripunctata_O_F_Müll_Bory_mg_m-3,0.7,
Currie,CCIW_Hamilton_Harbour,1,phytoplankton_biomass,Currie_CCIW_Hamilton_Harbour_phytoplankton_biomass,Nitzschia_acicularis_Kütz_W_Smith_mg_m-3,0,
Currie,CCIW_Hamilton_Harbour,1,phytoplankton_biomass,Currie_CCIW_Hamilton_Harbour_phytoplankton_biomass,Nitzschia_linearis_C_Agardh_W_Sm_mg_m-3,0,
Currie,CCIW_Hamilton_Harbour,1,phytoplankton_biomass,Currie_CCIW_Hamilton_Harbour_phytoplankton_biomass,Nitzschia_sp_mg_m-3,0,
Currie,CCIW_Hamilton_Harbour,1,phytoplankton_biomass,Currie_CCIW_Hamilton_Harbour_phytoplankton_biomass,Rhoicosphenia_abbreviata_CAgardh_Lange-Bertalot_mg_m-3,0,
Currie,CCIW_Hamilton_Harbour,1,phytoplankton_biomass,Currie_CCIW_Hamilton_Harbour_phytoplankton_biomass,Skeletonema_potamos_Weber_Hasle_mg_m-3,0,
Currie,CCIW_Hamilton_Harbour,1,phytoplankton_biomass,Currie_CCIW_Hamilton_Harbour_phytoplankton_biomass,Stephanodiscus_agassizensis_Håk&_Kling_mg_m-3,473.9,
Currie,CCIW_Hamilton_Harbour,1,phytoplankton_biomass,Currie_CCIW_Hamilton_Harbour_phytoplankton_biomass,Stephanodiscus_binderanus_Kütz_Willi_Kreig_mg_m-3,0,
Currie,CCIW_Hamilton_Harbour,1,phytoplankton_biomass,Currie_CCIW_Hamilton_Harbour_phytoplankton_biomass,Stephanodiscus_hantzschii_Grunow_mg_m-3,16.5,
Currie,CCIW_Hamilton_Harbour,1,phytoplankton_biomass,Currie_CCIW_Hamilton_Harbour_phytoplankton_biomass,Stephanodiscus_sp_mg_m-3,0,
Currie,CCIW_Hamilton_Harbour,1,phytoplankton_biomass,Currie_CCIW_Hamilton_Harbour_phytoplankton_biomass,Synedra_acus_var_radians_Kütz_Hustedt_mg_m-3,0,
Currie,CCIW_Hamilton_Harbour,1,phytoplankton_biomass,Currie_CCIW_Hamilton_Harbour_phytoplankton_biomass,Synedra_sp_mg_m-3,0,
Currie,CCIW_Hamilton_Harbour,1,phytoplankton_biomass,Currie_CCIW_Hamilton_Harbour_phytoplankton_biomass,Tabellaria_fenestrata_Lyngb_Kütz_mg_m-3,13.1,
Currie,CCIW_Hamilton_Harbour,1,phytoplankton_biomass,Currie_CCIW_Hamilton_Harbour_phytoplankton_biomass,Urosolenia_eriensis_Crawford_&_Mann_mg_m-3,0,
Currie,CCIW_Hamilton_Harbour,1,phytoplankton_biomass,Currie_CCIW_Hamilton_Harbour_phytoplankton_biomass,Cryptomonas_erosa_Ehrenberg_mg_m-3,0,
Currie,CCIW_Hamilton_Harbour,1,phytoplankton_biomass,Currie_CCIW_Hamilton_Harbour_phytoplankton_biomass,Cryptomonas_marssonii_Skuja_mg_m-3,0,
Currie,CCIW_Hamilton_Harbour,1,phytoplankton_biomass,Currie_CCIW_Hamilton_Harbour_phytoplankton_biomass,Cryptomonas_obovata_Skuja_mg_m-3,0,
Currie,CCIW_Hamilton_Harbour,1,phytoplankton_biomass,Currie_CCIW_Hamilton_Harbour_phytoplankton_biomass,Cryptomonas_reflexa_Skuja_mg_m-3,0,
Currie,CCIW_Hamilton_Harbour,1,phytoplankton_biomass,Currie_CCIW_Hamilton_Harbour_phytoplankton_biomass,Cryptomonas_rostratiformis_Skuja_mg_m-3,0,
Currie,CCIW_Hamilton_Harbour,1,phytoplankton_biomass,Currie_CCIW_Hamilton_Harbour_phytoplankton_biomass,Cryptomonas_sp_mg_m-3,1.8,
Currie,CCIW_Hamilton_Harbour,1,phytoplankton_biomass,Currie_CCIW_Hamilton_Harbour_phytoplankton_biomass,Katablepharis_ovalis_Skuja_mg_m-3,2.4,
Currie,CCIW_Hamilton_Harbour,1,phytoplankton_biomass,Currie_CCIW_Hamilton_Harbour_phytoplankton_biomass,Rhodomonas_minuta_var_nannoplanctica_Skuja_mg_m-3,32.9,
Currie,CCIW_Hamilton_Harbour,1,phytoplankton_biomass,Currie_CCIW_Hamilton_Harbour_phytoplankton_biomass,Glenodinium_sp_mg_m-3,0,
Currie,CCIW_Hamilton_Harbour,1,phytoplankton_biomass,Currie_CCIW_Hamilton_Harbour_phytoplankton_biomass,Gymnodinium_helveticum_Penard_mg_m-3,0,
Currie,CCIW_Hamilton_Harbour,1,phytoplankton_biomass,Currie_CCIW_Hamilton_Harbour_phytoplankton_biomass,Gymnodinium_sp_mg_m-3,14.1,
Currie,CCIW_Hamilton_Harbour,1,phytoplankton_biomass,Currie_CCIW_Hamilton_Harbour_phytoplankton_biomass,Peridinium_aciculiferum_Lemmermann_mg_m-3,20.4,
Currie,CCIW_Hamilton_Harbour,1,phytoplankton_biomass,Currie_CCIW_Hamilton_Harbour_phytoplankton_biomass,Peridinium_sp_mg_m-3,0,
Currie,CCIW_Hamilton_Harbour,1,phytoplankton_biomass,Currie_CCIW_Hamilton_Harbour_phytoplankton_biomass,total_biomass_mg_m-3,2154.3,
Currie,CCIW_Hamilton_Harbour,1,phytoplankton_biomass,Currie_CCIW_Hamilton_Harbour_phytoplankton_biomass,Total_Cyanobacteria_mg_m-3,3.5,
Currie,CCIW_Hamilton_Harbour,1,phytoplankton_biomass,Currie_CCIW_Hamilton_Harbour_phytoplankton_biomass,Total_Chlorophyta_mg_m-3,76.9,
Currie,CCIW_Hamilton_Harbour,1,phytoplankton_biomass,Currie_CCIW_Hamilton_Harbour_phytoplankton_biomass,Total_Euglenophyta_mg_m-3,0,
Currie,CCIW_Hamilton_Harbour,1,phytoplankton_biomass,Currie_CCIW_Hamilton_Harbour_phytoplankton_biomass,Total_Chrysophycea_mg_m-3,67.2,
Currie,CCIW_Hamilton_Harbour,1,phytoplankton_biomass,Currie_CCIW_Hamilton_Harbour_phytoplankton_biomass,Total_Diatomeae_mg_m-3,1935.1,
Currie,CCIW_Hamilton_Harbour,1,phytoplankton_biomass,Currie_CCIW_Hamilton_Harbour_phytoplankton_biomass,Total_Cryptophyta_mg_m-3,37.1,
Currie,CCIW_Hamilton_Harbour,1,phytoplankton_biomass,Currie_CCIW_Hamilton_Harbour_phytoplankton_biomass,Total_Peridineae_mg_m-3,34.5,
Ozersky,Apostles,0.4,phytoplankton_biomass,Ozersky_Apostles_phytoplankton_biomass,Aphanocapsa_holsatica_Lemm_Cronb_&_Kom_mg_m-3,0,
Ozersky,Apostles,0.4,phytoplankton_biomass,Ozersky_Apostles_phytoplankton_biomass,Aphanocapsa_sp_mg_m-3,0,
Ozersky,Apostles,0.4,phytoplankton_biomass,Ozersky_Apostles_phytoplankton_biomass,Cyanodictyon_filiforme_JKomárková-Legnerová_&_GCronberg_mg_m-3,0,
Ozersky,Apostles,0.4,phytoplankton_biomass,Ozersky_Apostles_phytoplankton_biomass,Cyanophyta_sp_mg_m-3,4.8,
Ozersky,Apostles,0.4,phytoplankton_biomass,Ozersky_Apostles_phytoplankton_biomass,Gloeocapsa_sp_mg_m-3,0,
Ozersky,Apostles,0.4,phytoplankton_biomass,Ozersky_Apostles_phytoplankton_biomass,Microcystis_sp_mg_m-3,0,
Ozersky,Apostles,0.4,phytoplankton_biomass,Ozersky_Apostles_phytoplankton_biomass,Planktothrix_agardhii_Gomont_Anag_and_Komar_mg_m-3,0,
Ozersky,Apostles,0.4,phytoplankton_biomass,Ozersky_Apostles_phytoplankton_biomass,Pseudanabaena_contorta_Kling_&_Watson_mg_m-3,0.5,
Ozersky,Apostles,0.4,phytoplankton_biomass,Ozersky_Apostles_phytoplankton_biomass,Pseudanabaena_sp_mg_m-3,0,
Ozersky,Apostles,0.4,phytoplankton_biomass,Ozersky_Apostles_phytoplankton_biomass,Synechococcus_sp_mg_m-3,0,
Ozersky,Apostles,0.4,phytoplankton_biomass,Ozersky_Apostles_phytoplankton_biomass,Woronichinia_sp_mg_m-3,0,
Ozersky,Apostles,0.4,phytoplankton_biomass,Ozersky_Apostles_phytoplankton_biomass,Actinastrum_hantzschii_Lagerheim_mg_m-3,0,
Ozersky,Apostles,0.4,phytoplankton_biomass,Ozersky_Apostles_phytoplankton_biomass,Botryococcus_sp_mg_m-3,0,
Ozersky,Apostles,0.4,phytoplankton_biomass,Ozersky_Apostles_phytoplankton_biomass,Campylomonas_sp_mg_m-3,0,
Ozersky,Apostles,0.4,phytoplankton_biomass,Ozersky_Apostles_phytoplankton_biomass,Chlorogonium_minimum_Playfair_mg_m-3,0,
Ozersky,Apostles,0.4,phytoplankton_biomass,Ozersky_Apostles_phytoplankton_biomass,Chlorophyceae_spp_mg_m-3,4.5,
Ozersky,Apostles,0.4,phytoplankton_biomass,Ozersky_Apostles_phytoplankton_biomass,Closterium_aciculare_T_West_mg_m-3,0,
Ozersky,Apostles,0.4,phytoplankton_biomass,Ozersky_Apostles_phytoplankton_biomass,Closterium_strigosum_Brebisson_mg_m-3,0,
Ozersky,Apostles,0.4,phytoplankton_biomass,Ozersky_Apostles_phytoplankton_biomass,Collodictyon_triciliatum_H_Carter_mg_m-3,0,
Ozersky,Apostles,0.4,phytoplankton_biomass,Ozersky_Apostles_phytoplankton_biomass,Desmodesmus_sp_mg_m-3,0,
Ozersky,Apostles,0.4,phytoplankton_biomass,Ozersky_Apostles_phytoplankton_biomass,Gloeotila_pelagica_Nyegaard_Skuja_mg_m-3,0,
Ozersky,Apostles,0.4,phytoplankton_biomass,Ozersky_Apostles_phytoplankton_biomass,Koliella_longiseta_Vischer_Hindák_mg_m-3,0,
Ozersky,Apostles,0.4,phytoplankton_biomass,Ozersky_Apostles_phytoplankton_biomass,Koliella_sp_mg_m-3,0,
Ozersky,Apostles,0.4,phytoplankton_biomass,Ozersky_Apostles_phytoplankton_biomass,Lagerheimia_genevensis_Chodat_mg_m-3,0,
Ozersky,Apostles,0.4,phytoplankton_biomass,Ozersky_Apostles_phytoplankton_biomass,Monoraphidium_arcuatum_Korshikov_Hindák_mg_m-3,0,
Ozersky,Apostles,0.4,phytoplankton_biomass,Ozersky_Apostles_phytoplankton_biomass,Monoraphidium_contortum_Thurs_Kom_mg_m-3,0,
Ozersky,Apostles,0.4,phytoplankton_biomass,Ozersky_Apostles_phytoplankton_biomass,Monoraphidium_minutum_Nägeli_Komárková-legnerová_mg_m-3,0,
Ozersky,Apostles,0.4,phytoplankton_biomass,Ozersky_Apostles_phytoplankton_biomass,Mougeotia_sp_mg_m-3,0,
Ozersky,Apostles,0.4,phytoplankton_biomass,Ozersky_Apostles_phytoplankton_biomass,Nephrochlamys_sp_mg_m-3,0,
Ozersky,Apostles,0.4,phytoplankton_biomass,Ozersky_Apostles_phytoplankton_biomass,Oocystis_solitaria_Wittrock_mg_m-3,0,
Ozersky,Apostles,0.4,phytoplankton_biomass,Ozersky_Apostles_phytoplankton_biomass,Oocystis_sp_mg_m-3,0,
Ozersky,Apostles,0.4,phytoplankton_biomass,Ozersky_Apostles_phytoplankton_biomass,Planktosphaeria_gelatinosa_GMSmith_mg_m-3,0,
Ozersky,Apostles,0.4,phytoplankton_biomass,Ozersky_Apostles_phytoplankton_biomass,Scenedesmus_sp_mg_m-3,0,
Ozersky,Apostles,0.4,phytoplankton_biomass,Ozersky_Apostles_phytoplankton_biomass,Spermatozopsis_exsultans_Korshikov_mg_m-3,0,
Ozersky,Apostles,0.4,phytoplankton_biomass,Ozersky_Apostles_phytoplankton_biomass,Stichococcus_sp_mg_m-3,0.3,
Ozersky,Apostles,0.4,phytoplankton_biomass,Ozersky_Apostles_phytoplankton_biomass,Tetraedron_triangulare_Korshikov_mg_m-3,0,
Ozersky,Apostles,0.4,phytoplankton_biomass,Ozersky_Apostles_phytoplankton_biomass,Tetrastrum_heteracanthum_Nordst_Chod_mg_m-3,0,
Ozersky,Apostles,0.4,phytoplankton_biomass,Ozersky_Apostles_phytoplankton_biomass,Euglena_sp_mg_m-3,0,
Ozersky,Apostles,0.4,phytoplankton_biomass,Ozersky_Apostles_phytoplankton_biomass,Aulomonas_purdyi_Lackey_mg_m-3,0.8,
Ozersky,Apostles,0.4,phytoplankton_biomass,Ozersky_Apostles_phytoplankton_biomass,Bicoeca_sp_mg_m-3,0,
Ozersky,Apostles,0.4,phytoplankton_biomass,Ozersky_Apostles_phytoplankton_biomass,Chrysochromulina_parva_Lackey_mg_m-3,0,
Ozersky,Apostles,0.4,phytoplankton_biomass,Ozersky_Apostles_phytoplankton_biomass,Chrysococcus_sp_mg_m-3,0,
Ozersky,Apostles,0.4,phytoplankton_biomass,Ozersky_Apostles_phytoplankton_biomass,Chrysolykos_planktonicus_Mack_mg_m-3,0,
Ozersky,Apostles,0.4,phytoplankton_biomass,Ozersky_Apostles_phytoplankton_biomass,Chrysophyceae_Cyst_mg_m-3,0,
Ozersky,Apostles,0.4,phytoplankton_biomass,Ozersky_Apostles_phytoplankton_biomass,Chrysophyceae_spp_mg_m-3,1.7,
Ozersky,Apostles,0.4,phytoplankton_biomass,Ozersky_Apostles_phytoplankton_biomass,Dinobryon_cylindricum_Imhof_mg_m-3,2.1,
Ozersky,Apostles,0.4,phytoplankton_biomass,Ozersky_Apostles_phytoplankton_biomass,Dinobryon_sertularia_Ehrenberg_mg_m-3,0,
Ozersky,Apostles,0.4,phytoplankton_biomass,Ozersky_Apostles_phytoplankton_biomass,Dinobryon_sp_mg_m-3,0,
Ozersky,Apostles,0.4,phytoplankton_biomass,Ozersky_Apostles_phytoplankton_biomass,Epipyxis_sp_mg_m-3,0,
Ozersky,Apostles,0.4,phytoplankton_biomass,Ozersky_Apostles_phytoplankton_biomass,Mallomonas_elongata_Reverdin_mg_m-3,0,
Ozersky,Apostles,0.4,phytoplankton_biomass,Ozersky_Apostles_phytoplankton_biomass,Mallomonas_sp_mg_m-3,0.4,
Ozersky,Apostles,0.4,phytoplankton_biomass,Ozersky_Apostles_phytoplankton_biomass,Ochromonad_sp_mg_m-3,0,
Ozersky,Apostles,0.4,phytoplankton_biomass,Ozersky_Apostles_phytoplankton_biomass,Ochromonas_sp_mg_m-3,0,
Ozersky,Apostles,0.4,phytoplankton_biomass,Ozersky_Apostles_phytoplankton_biomass,Pseudopedinella_sp_mg_m-3,0,
Ozersky,Apostles,0.4,phytoplankton_biomass,Ozersky_Apostles_phytoplankton_biomass,Rhizochrysis_limnetica_GM_Smith_mg_m-3,0,
Ozersky,Apostles,0.4,phytoplankton_biomass,Ozersky_Apostles_phytoplankton_biomass,Salpingoeca_frequentissima_Zacharias_Lemmermann_mg_m-3,0,
Ozersky,Apostles,0.4,phytoplankton_biomass,Ozersky_Apostles_phytoplankton_biomass,Spiniferomonas_sp_mg_m-3,0,
Ozersky,Apostles,0.4,phytoplankton_biomass,Ozersky_Apostles_phytoplankton_biomass,Stelexomonas_dichotoma_JLackey_mg_m-3,0,
Ozersky,Apostles,0.4,phytoplankton_biomass,Ozersky_Apostles_phytoplankton_biomass,Synura_sp_mg_m-3,0,
Ozersky,Apostles,0.4,phytoplankton_biomass,Ozersky_Apostles_phytoplankton_biomass,Achnanthidium_sp_mg_m-3,0,
Ozersky,Apostles,0.4,phytoplankton_biomass,Ozersky_Apostles_phytoplankton_biomass,Asterionella_formosa_Hassall_mg_m-3,1.7,
Ozersky,Apostles,0.4,phytoplankton_biomass,Ozersky_Apostles_phytoplankton_biomass,Aulacoseira_ambigua_Grunow_Simonsen_mg_m-3,0,
Ozersky,Apostles,0.4,phytoplankton_biomass,Ozersky_Apostles_phytoplankton_biomass,Aulacoseira_distans_Ehrenb_Simonsen_mg_m-3,0,
Ozersky,Apostles,0.4,phytoplankton_biomass,Ozersky_Apostles_phytoplankton_biomass,Aulacoseira_islandica_O_Mull_Simonsen_mg_m-3,0,
Ozersky,Apostles,0.4,phytoplankton_biomass,Ozersky_Apostles_phytoplankton_biomass,Bacillariophyceae_spp_mg_m-3,0.6,
Ozersky,Apostles,0.4,phytoplankton_biomass,Ozersky_Apostles_phytoplankton_biomass,Cocconeis_pediculus_Ehrenb_mg_m-3,0,
Ozersky,Apostles,0.4,phytoplankton_biomass,Ozersky_Apostles_phytoplankton_biomass,Cyclotella_comensis_Grunow_mg_m-3,0,
Ozersky,Apostles,0.4,phytoplankton_biomass,Ozersky_Apostles_phytoplankton_biomass,Cyclotella_ocellata_Pantocsek_mg_m-3,0,
Ozersky,Apostles,0.4,phytoplankton_biomass,Ozersky_Apostles_phytoplankton_biomass,Cyclotella_sp_mg_m-3,0,
Ozersky,Apostles,0.4,phytoplankton_biomass,Ozersky_Apostles_phytoplankton_biomass,Diatoma_tenue_var_elongatum_Lyngb_mg_m-3,0,
Ozersky,Apostles,0.4,phytoplankton_biomass,Ozersky_Apostles_phytoplankton_biomass,Diatoma_vulgaris_Bory_mg_m-3,0,
Ozersky,Apostles,0.4,phytoplankton_biomass,Ozersky_Apostles_phytoplankton_biomass,Encyonema_minutum_Hilse_DGMann_mg_m-3,0,
Ozersky,Apostles,0.4,phytoplankton_biomass,Ozersky_Apostles_phytoplankton_biomass,Encyonema_sp_mg_m-3,0,
Ozersky,Apostles,0.4,phytoplankton_biomass,Ozersky_Apostles_phytoplankton_biomass,Fragilaria_capucina_Desmazières_mg_m-3,0,
Ozersky,Apostles,0.4,phytoplankton_biomass,Ozersky_Apostles_phytoplankton_biomass,Fragilaria_construens_Ehr_Grunow_mg_m-3,0,
Ozersky,Apostles,0.4,phytoplankton_biomass,Ozersky_Apostles_phytoplankton_biomass,Fragilaria_sp_mg_m-3,0.5,
Ozersky,Apostles,0.4,phytoplankton_biomass,Ozersky_Apostles_phytoplankton_biomass,Gomphonema_sp_mg_m-3,0,
Ozersky,Apostles,0.4,phytoplankton_biomass,Ozersky_Apostles_phytoplankton_biomass,Navicula_sp_mg_m-3,0,
Ozersky,Apostles,0.4,phytoplankton_biomass,Ozersky_Apostles_phytoplankton_biomass,Navicula_tripunctata_O_F_Müll_Bory_mg_m-3,0,
Ozersky,Apostles,0.4,phytoplankton_biomass,Ozersky_Apostles_phytoplankton_biomass,Nitzschia_acicularis_Kütz_W_Smith_mg_m-3,0,
Ozersky,Apostles,0.4,phytoplankton_biomass,Ozersky_Apostles_phytoplankton_biomass,Nitzschia_linearis_C_Agardh_W_Sm_mg_m-3,0,
Ozersky,Apostles,0.4,phytoplankton_biomass,Ozersky_Apostles_phytoplankton_biomass,Nitzschia_sp_mg_m-3,0,
Ozersky,Apostles,0.4,phytoplankton_biomass,Ozersky_Apostles_phytoplankton_biomass,Rhoicosphenia_abbreviata_CAgardh_Lange-Bertalot_mg_m-3,0,
Ozersky,Apostles,0.4,phytoplankton_biomass,Ozersky_Apostles_phytoplankton_biomass,Skeletonema_potamos_Weber_Hasle_mg_m-3,0,
Ozersky,Apostles,0.4,phytoplankton_biomass,Ozersky_Apostles_phytoplankton_biomass,Stephanodiscus_agassizensis_Håk&_Kling_mg_m-3,0,
Ozersky,Apostles,0.4,phytoplankton_biomass,Ozersky_Apostles_phytoplankton_biomass,Stephanodiscus_binderanus_Kütz_Willi_Kreig_mg_m-3,0,
Ozersky,Apostles,0.4,phytoplankton_biomass,Ozersky_Apostles_phytoplankton_biomass,Stephanodiscus_hantzschii_Grunow_mg_m-3,0,
Ozersky,Apostles,0.4,phytoplankton_biomass,Ozersky_Apostles_phytoplankton_biomass,Stephanodiscus_sp_mg_m-3,0,
Ozersky,Apostles,0.4,phytoplankton_biomass,Ozersky_Apostles_phytoplankton_biomass,Synedra_acus_var_radians_Kütz_Hustedt_mg_m-3,0,
Ozersky,Apostles,0.4,phytoplankton_biomass,Ozersky_Apostles_phytoplankton_biomass,Synedra_sp_mg_m-3,0,
Ozersky,Apostles,0.4,phytoplankton_biomass,Ozersky_Apostles_phytoplankton_biomass,Tabellaria_fenestrata_Lyngb_Kütz_mg_m-3,0,
Ozersky,Apostles,0.4,phytoplankton_biomass,Ozersky_Apostles_phytoplankton_biomass,Urosolenia_eriensis_Crawford_&_Mann_mg_m-3,0.2,
Ozersky,Apostles,0.4,phytoplankton_biomass,Ozersky_Apostles_phytoplankton_biomass,Cryptomonas_erosa_Ehrenberg_mg_m-3,0,
Ozersky,Apostles,0.4,phytoplankton_biomass,Ozersky_Apostles_phytoplankton_biomass,Cryptomonas_marssonii_Skuja_mg_m-3,0.8,
Ozersky,Apostles,0.4,phytoplankton_biomass,Ozersky_Apostles_phytoplankton_biomass,Cryptomonas_obovata_Skuja_mg_m-3,0,
Ozersky,Apostles,0.4,phytoplankton_biomass,Ozersky_Apostles_phytoplankton_biomass,Cryptomonas_reflexa_Skuja_mg_m-3,1.2,
Ozersky,Apostles,0.4,phytoplankton_biomass,Ozersky_Apostles_phytoplankton_biomass,Cryptomonas_rostratiformis_Skuja_mg_m-3,0,
Ozersky,Apostles,0.4,phytoplankton_biomass,Ozersky_Apostles_phytoplankton_biomass,Cryptomonas_sp_mg_m-3,0,
Ozersky,Apostles,0.4,phytoplankton_biomass,Ozersky_Apostles_phytoplankton_biomass,Katablepharis_ovalis_Skuja_mg_m-3,0,
Ozersky,Apostles,0.4,phytoplankton_biomass,Ozersky_Apostles_phytoplankton_biomass,Rhodomonas_minuta_var_nannoplanctica_Skuja_mg_m-3,35.3,
Ozersky,Apostles,0.4,phytoplankton_biomass,Ozersky_Apostles_phytoplankton_biomass,Glenodinium_sp_mg_m-3,0,
Ozersky,Apostles,0.4,phytoplankton_biomass,Ozersky_Apostles_phytoplankton_biomass,Gymnodinium_helveticum_Penard_mg_m-3,0,
Ozersky,Apostles,0.4,phytoplankton_biomass,Ozersky_Apostles_phytoplankton_biomass,Gymnodinium_sp_mg_m-3,0.8,
Ozersky,Apostles,0.4,phytoplankton_biomass,Ozersky_Apostles_phytoplankton_biomass,Peridinium_aciculiferum_Lemmermann_mg_m-3,9.7,
Ozersky,Apostles,0.4,phytoplankton_biomass,Ozersky_Apostles_phytoplankton_biomass,Peridinium_sp_mg_m-3,0,
Ozersky,Apostles,0.4,phytoplankton_biomass,Ozersky_Apostles_phytoplankton_biomass,total_biomass_mg_m-3,65.9,
Ozersky,Apostles,0.4,phytoplankton_biomass,Ozersky_Apostles_phytoplankton_biomass,Total_Cyanobacteria_mg_m-3,5.3,
Ozersky,Apostles,0.4,phytoplankton_biomass,Ozersky_Apostles_phytoplankton_biomass,Total_Chlorophyta_mg_m-3,4.8,
Ozersky,Apostles,0.4,phytoplankton_biomass,Ozersky_Apostles_phytoplankton_biomass,Total_Euglenophyta_mg_m-3,0,
Ozersky,Apostles,0.4,phytoplankton_biomass,Ozersky_Apostles_phytoplankton_biomass,Total_Chrysophycea_mg_m-3,5,
Ozersky,Apostles,0.4,phytoplankton_biomass,Ozersky_Apostles_phytoplankton_biomass,Total_Diatomeae_mg_m-3,3,
Ozersky,Apostles,0.4,phytoplankton_biomass,Ozersky_Apostles_phytoplankton_biomass,Total_Cryptophyta_mg_m-3,37.3,
Ozersky,Apostles,0.4,phytoplankton_biomass,Ozersky_Apostles_phytoplankton_biomass,Total_Peridineae_mg_m-3,10.5,
Trista Vick-majors,Keweenaw_Waterway_KW,0.5,phytoplankton_biomass,Trista Vick-majors_Keweenaw_Waterway_KW_phytoplankton_biomass,Aphanocapsa_holsatica_Lemm_Cronb_&_Kom_mg_m-3,0,
Trista Vick-majors,Keweenaw_Waterway_KW,0.5,phytoplankton_biomass,Trista Vick-majors_Keweenaw_Waterway_KW_phytoplankton_biomass,Aphanocapsa_sp_mg_m-3,0,
Trista Vick-majors,Keweenaw_Waterway_KW,0.5,phytoplankton_biomass,Trista Vick-majors_Keweenaw_Waterway_KW_phytoplankton_biomass,Cyanodictyon_filiforme_JKomárková-Legnerová_&_GCronberg_mg_m-3,0,
Trista Vick-majors,Keweenaw_Waterway_KW,0.5,phytoplankton_biomass,Trista Vick-majors_Keweenaw_Waterway_KW_phytoplankton_biomass,Cyanophyta_sp_mg_m-3,4.1,
Trista Vick-majors,Keweenaw_Waterway_KW,0.5,phytoplankton_biomass,Trista Vick-majors_Keweenaw_Waterway_KW_phytoplankton_biomass,Gloeocapsa_sp_mg_m-3,0,
Trista Vick-majors,Keweenaw_Waterway_KW,0.5,phytoplankton_biomass,Trista Vick-majors_Keweenaw_Waterway_KW_phytoplankton_biomass,Microcystis_sp_mg_m-3,0,
Trista Vick-majors,Keweenaw_Waterway_KW,0.5,phytoplankton_biomass,Trista Vick-majors_Keweenaw_Waterway_KW_phytoplankton_biomass,Planktothrix_agardhii_Gomont_Anag_and_Komar_mg_m-3,0,
Trista Vick-majors,Keweenaw_Waterway_KW,0.5,phytoplankton_biomass,Trista Vick-majors_Keweenaw_Waterway_KW_phytoplankton_biomass,Pseudanabaena_contorta_Kling_&_Watson_mg_m-3,0,
Trista Vick-majors,Keweenaw_Waterway_KW,0.5,phytoplankton_biomass,Trista Vick-majors_Keweenaw_Waterway_KW_phytoplankton_biomass,Pseudanabaena_sp_mg_m-3,0.2,
Trista Vick-majors,Keweenaw_Waterway_KW,0.5,phytoplankton_biomass,Trista Vick-majors_Keweenaw_Waterway_KW_phytoplankton_biomass,Synechococcus_sp_mg_m-3,0.7,
Trista Vick-majors,Keweenaw_Waterway_KW,0.5,phytoplankton_biomass,Trista Vick-majors_Keweenaw_Waterway_KW_phytoplankton_biomass,Woronichinia_sp_mg_m-3,0,
Trista Vick-majors,Keweenaw_Waterway_KW,0.5,phytoplankton_biomass,Trista Vick-majors_Keweenaw_Waterway_KW_phytoplankton_biomass,Actinastrum_hantzschii_Lagerheim_mg_m-3,0,
Trista Vick-majors,Keweenaw_Waterway_KW,0.5,phytoplankton_biomass,Trista Vick-majors_Keweenaw_Waterway_KW_phytoplankton_biomass,Botryococcus_sp_mg_m-3,6.4,
Trista Vick-majors,Keweenaw_Waterway_KW,0.5,phytoplankton_biomass,Trista Vick-majors_Keweenaw_Waterway_KW_phytoplankton_biomass,Campylomonas_sp_mg_m-3,0,
Trista Vick-majors,Keweenaw_Waterway_KW,0.5,phytoplankton_biomass,Trista Vick-majors_Keweenaw_Waterway_KW_phytoplankton_biomass,Chlorogonium_minimum_Playfair_mg_m-3,0,
Trista Vick-majors,Keweenaw_Waterway_KW,0.5,phytoplankton_biomass,Trista Vick-majors_Keweenaw_Waterway_KW_phytoplankton_biomass,Chlorophyceae_spp_mg_m-3,19.1,
Trista Vick-majors,Keweenaw_Waterway_KW,0.5,phytoplankton_biomass,Trista Vick-majors_Keweenaw_Waterway_KW_phytoplankton_biomass,Closterium_aciculare_T_West_mg_m-3,0,
Trista Vick-majors,Keweenaw_Waterway_KW,0.5,phytoplankton_biomass,Trista Vick-majors_Keweenaw_Waterway_KW_phytoplankton_biomass,Closterium_strigosum_Brebisson_mg_m-3,0,
Trista Vick-majors,Keweenaw_Waterway_KW,0.5,phytoplankton_biomass,Trista Vick-majors_Keweenaw_Waterway_KW_phytoplankton_biomass,Collodictyon_triciliatum_H_Carter_mg_m-3,0,
Trista Vick-majors,Keweenaw_Waterway_KW,0.5,phytoplankton_biomass,Trista Vick-majors_Keweenaw_Waterway_KW_phytoplankton_biomass,Desmodesmus_sp_mg_m-3,0,
Trista Vick-majors,Keweenaw_Waterway_KW,0.5,phytoplankton_biomass,Trista Vick-majors_Keweenaw_Waterway_KW_phytoplankton_biomass,Gloeotila_pelagica_Nyegaard_Skuja_mg_m-3,0.2,
Trista Vick-majors,Keweenaw_Waterway_KW,0.5,phytoplankton_biomass,Trista Vick-majors_Keweenaw_Waterway_KW_phytoplankton_biomass,Koliella_longiseta_Vischer_Hindák_mg_m-3,0,
Trista Vick-majors,Keweenaw_Waterway_KW,0.5,phytoplankton_biomass,Trista Vick-majors_Keweenaw_Waterway_KW_phytoplankton_biomass,Koliella_sp_mg_m-3,0,
Trista Vick-majors,Keweenaw_Waterway_KW,0.5,phytoplankton_biomass,Trista Vick-majors_Keweenaw_Waterway_KW_phytoplankton_biomass,Lagerheimia_genevensis_Chodat_mg_m-3,0,
Trista Vick-majors,Keweenaw_Waterway_KW,0.5,phytoplankton_biomass,Trista Vick-majors_Keweenaw_Waterway_KW_phytoplankton_biomass,Monoraphidium_arcuatum_Korshikov_Hindák_mg_m-3,0,
Trista Vick-majors,Keweenaw_Waterway_KW,0.5,phytoplankton_biomass,Trista Vick-majors_Keweenaw_Waterway_KW_phytoplankton_biomass,Monoraphidium_contortum_Thurs_Kom_mg_m-3,0,
Trista Vick-majors,Keweenaw_Waterway_KW,0.5,phytoplankton_biomass,Trista Vick-majors_Keweenaw_Waterway_KW_phytoplankton_biomass,Monoraphidium_minutum_Nägeli_Komárková-legnerová_mg_m-3,0,
Trista Vick-majors,Keweenaw_Waterway_KW,0.5,phytoplankton_biomass,Trista Vick-majors_Keweenaw_Waterway_KW_phytoplankton_biomass,Mougeotia_sp_mg_m-3,0,
Trista Vick-majors,Keweenaw_Waterway_KW,0.5,phytoplankton_biomass,Trista Vick-majors_Keweenaw_Waterway_KW_phytoplankton_biomass,Nephrochlamys_sp_mg_m-3,0,
Trista Vick-majors,Keweenaw_Waterway_KW,0.5,phytoplankton_biomass,Trista Vick-majors_Keweenaw_Waterway_KW_phytoplankton_biomass,Oocystis_solitaria_Wittrock_mg_m-3,0,
Trista Vick-majors,Keweenaw_Waterway_KW,0.5,phytoplankton_biomass,Trista Vick-majors_Keweenaw_Waterway_KW_phytoplankton_biomass,Oocystis_sp_mg_m-3,0,
Trista Vick-majors,Keweenaw_Waterway_KW,0.5,phytoplankton_biomass,Trista Vick-majors_Keweenaw_Waterway_KW_phytoplankton_biomass,Planktosphaeria_gelatinosa_GMSmith_mg_m-3,0,
Trista Vick-majors,Keweenaw_Waterway_KW,0.5,phytoplankton_biomass,Trista Vick-majors_Keweenaw_Waterway_KW_phytoplankton_biomass,Scenedesmus_sp_mg_m-3,0,
Trista Vick-majors,Keweenaw_Waterway_KW,0.5,phytoplankton_biomass,Trista Vick-majors_Keweenaw_Waterway_KW_phytoplankton_biomass,Spermatozopsis_exsultans_Korshikov_mg_m-3,0,
Trista Vick-majors,Keweenaw_Waterway_KW,0.5,phytoplankton_biomass,Trista Vick-majors_Keweenaw_Waterway_KW_phytoplankton_biomass,Stichococcus_sp_mg_m-3,0,
Trista Vick-majors,Keweenaw_Waterway_KW,0.5,phytoplankton_biomass,Trista Vick-majors_Keweenaw_Waterway_KW_phytoplankton_biomass,Tetraedron_triangulare_Korshikov_mg_m-3,0,
Trista Vick-majors,Keweenaw_Waterway_KW,0.5,phytoplankton_biomass,Trista Vick-majors_Keweenaw_Waterway_KW_phytoplankton_biomass,Tetrastrum_heteracanthum_Nordst_Chod_mg_m-3,0,
Trista Vick-majors,Keweenaw_Waterway_KW,0.5,phytoplankton_biomass,Trista Vick-majors_Keweenaw_Waterway_KW_phytoplankton_biomass,Euglena_sp_mg_m-3,0,
Trista Vick-majors,Keweenaw_Waterway_KW,0.5,phytoplankton_biomass,Trista Vick-majors_Keweenaw_Waterway_KW_phytoplankton_biomass,Aulomonas_purdyi_Lackey_mg_m-3,0,
Trista Vick-majors,Keweenaw_Waterway_KW,0.5,phytoplankton_biomass,Trista Vick-majors_Keweenaw_Waterway_KW_phytoplankton_biomass,Bicoeca_sp_mg_m-3,0,
Trista Vick-majors,Keweenaw_Waterway_KW,0.5,phytoplankton_biomass,Trista Vick-majors_Keweenaw_Waterway_KW_phytoplankton_biomass,Chrysochromulina_parva_Lackey_mg_m-3,0,
Trista Vick-majors,Keweenaw_Waterway_KW,0.5,phytoplankton_biomass,Trista Vick-majors_Keweenaw_Waterway_KW_phytoplankton_biomass,Chrysococcus_sp_mg_m-3,0,
Trista Vick-majors,Keweenaw_Waterway_KW,0.5,phytoplankton_biomass,Trista Vick-majors_Keweenaw_Waterway_KW_phytoplankton_biomass,Chrysolykos_planktonicus_Mack_mg_m-3,0,
Trista Vick-majors,Keweenaw_Waterway_KW,0.5,phytoplankton_biomass,Trista Vick-majors_Keweenaw_Waterway_KW_phytoplankton_biomass,Chrysophyceae_Cyst_mg_m-3,0,
Trista Vick-majors,Keweenaw_Waterway_KW,0.5,phytoplankton_biomass,Trista Vick-majors_Keweenaw_Waterway_KW_phytoplankton_biomass,Chrysophyceae_spp_mg_m-3,0,
Trista Vick-majors,Keweenaw_Waterway_KW,0.5,phytoplankton_biomass,Trista Vick-majors_Keweenaw_Waterway_KW_phytoplankton_biomass,Dinobryon_cylindricum_Imhof_mg_m-3,0,
Trista Vick-majors,Keweenaw_Waterway_KW,0.5,phytoplankton_biomass,Trista Vick-majors_Keweenaw_Waterway_KW_phytoplankton_biomass,Dinobryon_sertularia_Ehrenberg_mg_m-3,0,
Trista Vick-majors,Keweenaw_Waterway_KW,0.5,phytoplankton_biomass,Trista Vick-majors_Keweenaw_Waterway_KW_phytoplankton_biomass,Dinobryon_sp_mg_m-3,0,
Trista Vick-majors,Keweenaw_Waterway_KW,0.5,phytoplankton_biomass,Trista Vick-majors_Keweenaw_Waterway_KW_phytoplankton_biomass,Epipyxis_sp_mg_m-3,0,
Trista Vick-majors,Keweenaw_Waterway_KW,0.5,phytoplankton_biomass,Trista Vick-majors_Keweenaw_Waterway_KW_phytoplankton_biomass,Mallomonas_elongata_Reverdin_mg_m-3,0,
Trista Vick-majors,Keweenaw_Waterway_KW,0.5,phytoplankton_biomass,Trista Vick-majors_Keweenaw_Waterway_KW_phytoplankton_biomass,Mallomonas_sp_mg_m-3,0,
Trista Vick-majors,Keweenaw_Waterway_KW,0.5,phytoplankton_biomass,Trista Vick-majors_Keweenaw_Waterway_KW_phytoplankton_biomass,Ochromonad_sp_mg_m-3,4.6,
Trista Vick-majors,Keweenaw_Waterway_KW,0.5,phytoplankton_biomass,Trista Vick-majors_Keweenaw_Waterway_KW_phytoplankton_biomass,Ochromonas_sp_mg_m-3,0,
Trista Vick-majors,Keweenaw_Waterway_KW,0.5,phytoplankton_biomass,Trista Vick-majors_Keweenaw_Waterway_KW_phytoplankton_biomass,Pseudopedinella_sp_mg_m-3,0,
Trista Vick-majors,Keweenaw_Waterway_KW,0.5,phytoplankton_biomass,Trista Vick-majors_Keweenaw_Waterway_KW_phytoplankton_biomass,Rhizochrysis_limnetica_GM_Smith_mg_m-3,0,
Trista Vick-majors,Keweenaw_Waterway_KW,0.5,phytoplankton_biomass,Trista Vick-majors_Keweenaw_Waterway_KW_phytoplankton_biomass,Salpingoeca_frequentissima_Zacharias_Lemmermann_mg_m-3,0,
Trista Vick-majors,Keweenaw_Waterway_KW,0.5,phytoplankton_biomass,Trista Vick-majors_Keweenaw_Waterway_KW_phytoplankton_biomass,Spiniferomonas_sp_mg_m-3,0,
Trista Vick-majors,Keweenaw_Waterway_KW,0.5,phytoplankton_biomass,Trista Vick-majors_Keweenaw_Waterway_KW_phytoplankton_biomass,Stelexomonas_dichotoma_JLackey_mg_m-3,0,
Trista Vick-majors,Keweenaw_Waterway_KW,0.5,phytoplankton_biomass,Trista Vick-majors_Keweenaw_Waterway_KW_phytoplankton_biomass,Synura_sp_mg_m-3,0,
Trista Vick-majors,Keweenaw_Waterway_KW,0.5,phytoplankton_biomass,Trista Vick-majors_Keweenaw_Waterway_KW_phytoplankton_biomass,Achnanthidium_sp_mg_m-3,0,
Trista Vick-majors,Keweenaw_Waterway_KW,0.5,phytoplankton_biomass,Trista Vick-majors_Keweenaw_Waterway_KW_phytoplankton_biomass,Asterionella_formosa_Hassall_mg_m-3,0.4,
Trista Vick-majors,Keweenaw_Waterway_KW,0.5,phytoplankton_biomass,Trista Vick-majors_Keweenaw_Waterway_KW_phytoplankton_biomass,Aulacoseira_ambigua_Grunow_Simonsen_mg_m-3,0,
Trista Vick-majors,Keweenaw_Waterway_KW,0.5,phytoplankton_biomass,Trista Vick-majors_Keweenaw_Waterway_KW_phytoplankton_biomass,Aulacoseira_distans_Ehrenb_Simonsen_mg_m-3,0,
Trista Vick-majors,Keweenaw_Waterway_KW,0.5,phytoplankton_biomass,Trista Vick-majors_Keweenaw_Waterway_KW_phytoplankton_biomass,Aulacoseira_islandica_O_Mull_Simonsen_mg_m-3,0,
Trista Vick-majors,Keweenaw_Waterway_KW,0.5,phytoplankton_biomass,Trista Vick-majors_Keweenaw_Waterway_KW_phytoplankton_biomass,Bacillariophyceae_spp_mg_m-3,0.7,
Trista Vick-majors,Keweenaw_Waterway_KW,0.5,phytoplankton_biomass,Trista Vick-majors_Keweenaw_Waterway_KW_phytoplankton_biomass,Cocconeis_pediculus_Ehrenb_mg_m-3,0,
Trista Vick-majors,Keweenaw_Waterway_KW,0.5,phytoplankton_biomass,Trista Vick-majors_Keweenaw_Waterway_KW_phytoplankton_biomass,Cyclotella_comensis_Grunow_mg_m-3,0,
Trista Vick-majors,Keweenaw_Waterway_KW,0.5,phytoplankton_biomass,Trista Vick-majors_Keweenaw_Waterway_KW_phytoplankton_biomass,Cyclotella_ocellata_Pantocsek_mg_m-3,0,
Trista Vick-majors,Keweenaw_Waterway_KW,0.5,phytoplankton_biomass,Trista Vick-majors_Keweenaw_Waterway_KW_phytoplankton_biomass,Cyclotella_sp_mg_m-3,0,
Trista Vick-majors,Keweenaw_Waterway_KW,0.5,phytoplankton_biomass,Trista Vick-majors_Keweenaw_Waterway_KW_phytoplankton_biomass,Diatoma_tenue_var_elongatum_Lyngb_mg_m-3,0,
Trista Vick-majors,Keweenaw_Waterway_KW,0.5,phytoplankton_biomass,Trista Vick-majors_Keweenaw_Waterway_KW_phytoplankton_biomass,Diatoma_vulgaris_Bory_mg_m-3,0,
Trista Vick-majors,Keweenaw_Waterway_KW,0.5,phytoplankton_biomass,Trista Vick-majors_Keweenaw_Waterway_KW_phytoplankton_biomass,Encyonema_minutum_Hilse_DGMann_mg_m-3,0,
Trista Vick-majors,Keweenaw_Waterway_KW,0.5,phytoplankton_biomass,Trista Vick-majors_Keweenaw_Waterway_KW_phytoplankton_biomass,Encyonema_sp_mg_m-3,0,
Trista Vick-majors,Keweenaw_Waterway_KW,0.5,phytoplankton_biomass,Trista Vick-majors_Keweenaw_Waterway_KW_phytoplankton_biomass,Fragilaria_capucina_Desmazières_mg_m-3,0,
Trista Vick-majors,Keweenaw_Waterway_KW,0.5,phytoplankton_biomass,Trista Vick-majors_Keweenaw_Waterway_KW_phytoplankton_biomass,Fragilaria_construens_Ehr_Grunow_mg_m-3,0,
Trista Vick-majors,Keweenaw_Waterway_KW,0.5,phytoplankton_biomass,Trista Vick-majors_Keweenaw_Waterway_KW_phytoplankton_biomass,Fragilaria_sp_mg_m-3,0.3,
Trista Vick-majors,Keweenaw_Waterway_KW,0.5,phytoplankton_biomass,Trista Vick-majors_Keweenaw_Waterway_KW_phytoplankton_biomass,Gomphonema_sp_mg_m-3,0,
Trista Vick-majors,Keweenaw_Waterway_KW,0.5,phytoplankton_biomass,Trista Vick-majors_Keweenaw_Waterway_KW_phytoplankton_biomass,Navicula_sp_mg_m-3,0,
Trista Vick-majors,Keweenaw_Waterway_KW,0.5,phytoplankton_biomass,Trista Vick-majors_Keweenaw_Waterway_KW_phytoplankton_biomass,Navicula_tripunctata_O_F_Müll_Bory_mg_m-3,0,
Trista Vick-majors,Keweenaw_Waterway_KW,0.5,phytoplankton_biomass,Trista Vick-majors_Keweenaw_Waterway_KW_phytoplankton_biomass,Nitzschia_acicularis_Kütz_W_Smith_mg_m-3,0,
Trista Vick-majors,Keweenaw_Waterway_KW,0.5,phytoplankton_biomass,Trista Vick-majors_Keweenaw_Waterway_KW_phytoplankton_biomass,Nitzschia_linearis_C_Agardh_W_Sm_mg_m-3,0,
Trista Vick-majors,Keweenaw_Waterway_KW,0.5,phytoplankton_biomass,Trista Vick-majors_Keweenaw_Waterway_KW_phytoplankton_biomass,Nitzschia_sp_mg_m-3,0,
Trista Vick-majors,Keweenaw_Waterway_KW,0.5,phytoplankton_biomass,Trista Vick-majors_Keweenaw_Waterway_KW_phytoplankton_biomass,Rhoicosphenia_abbreviata_CAgardh_Lange-Bertalot_mg_m-3,0,
Trista Vick-majors,Keweenaw_Waterway_KW,0.5,phytoplankton_biomass,Trista Vick-majors_Keweenaw_Waterway_KW_phytoplankton_biomass,Skeletonema_potamos_Weber_Hasle_mg_m-3,0,
Trista Vick-majors,Keweenaw_Waterway_KW,0.5,phytoplankton_biomass,Trista Vick-majors_Keweenaw_Waterway_KW_phytoplankton_biomass,Stephanodiscus_agassizensis_Håk&_Kling_mg_m-3,0,
Trista Vick-majors,Keweenaw_Waterway_KW,0.5,phytoplankton_biomass,Trista Vick-majors_Keweenaw_Waterway_KW_phytoplankton_biomass,Stephanodiscus_binderanus_Kütz_Willi_Kreig_mg_m-3,0,
Trista Vick-majors,Keweenaw_Waterway_KW,0.5,phytoplankton_biomass,Trista Vick-majors_Keweenaw_Waterway_KW_phytoplankton_biomass,Stephanodiscus_hantzschii_Grunow_mg_m-3,0,
Trista Vick-majors,Keweenaw_Waterway_KW,0.5,phytoplankton_biomass,Trista Vick-majors_Keweenaw_Waterway_KW_phytoplankton_biomass,Stephanodiscus_sp_mg_m-3,0,
Trista Vick-majors,Keweenaw_Waterway_KW,0.5,phytoplankton_biomass,Trista Vick-majors_Keweenaw_Waterway_KW_phytoplankton_biomass,Synedra_acus_var_radians_Kütz_Hustedt_mg_m-3,0.9,
Trista Vick-majors,Keweenaw_Waterway_KW,0.5,phytoplankton_biomass,Trista Vick-majors_Keweenaw_Waterway_KW_phytoplankton_biomass,Synedra_sp_mg_m-3,0,
Trista Vick-majors,Keweenaw_Waterway_KW,0.5,phytoplankton_biomass,Trista Vick-majors_Keweenaw_Waterway_KW_phytoplankton_biomass,Tabellaria_fenestrata_Lyngb_Kütz_mg_m-3,0,
Trista Vick-majors,Keweenaw_Waterway_KW,0.5,phytoplankton_biomass,Trista Vick-majors_Keweenaw_Waterway_KW_phytoplankton_biomass,Urosolenia_eriensis_Crawford_&_Mann_mg_m-3,0.1,
Trista Vick-majors,Keweenaw_Waterway_KW,0.5,phytoplankton_biomass,Trista Vick-majors_Keweenaw_Waterway_KW_phytoplankton_biomass,Cryptomonas_erosa_Ehrenberg_mg_m-3,0,
Trista Vick-majors,Keweenaw_Waterway_KW,0.5,phytoplankton_biomass,Trista Vick-majors_Keweenaw_Waterway_KW_phytoplankton_biomass,Cryptomonas_marssonii_Skuja_mg_m-3,0,
Trista Vick-majors,Keweenaw_Waterway_KW,0.5,phytoplankton_biomass,Trista Vick-majors_Keweenaw_Waterway_KW_phytoplankton_biomass,Cryptomonas_obovata_Skuja_mg_m-3,0,
Trista Vick-majors,Keweenaw_Waterway_KW,0.5,phytoplankton_biomass,Trista Vick-majors_Keweenaw_Waterway_KW_phytoplankton_biomass,Cryptomonas_reflexa_Skuja_mg_m-3,0,
Trista Vick-majors,Keweenaw_Waterway_KW,0.5,phytoplankton_biomass,Trista Vick-majors_Keweenaw_Waterway_KW_phytoplankton_biomass,Cryptomonas_rostratiformis_Skuja_mg_m-3,0,
Trista Vick-majors,Keweenaw_Waterway_KW,0.5,phytoplankton_biomass,Trista Vick-majors_Keweenaw_Waterway_KW_phytoplankton_biomass,Cryptomonas_sp_mg_m-3,0,
Trista Vick-majors,Keweenaw_Waterway_KW,0.5,phytoplankton_biomass,Trista Vick-majors_Keweenaw_Waterway_KW_phytoplankton_biomass,Katablepharis_ovalis_Skuja_mg_m-3,0,
Trista Vick-majors,Keweenaw_Waterway_KW,0.5,phytoplankton_biomass,Trista Vick-majors_Keweenaw_Waterway_KW_phytoplankton_biomass,Rhodomonas_minuta_var_nannoplanctica_Skuja_mg_m-3,1.1,
Trista Vick-majors,Keweenaw_Waterway_KW,0.5,phytoplankton_biomass,Trista Vick-majors_Keweenaw_Waterway_KW_phytoplankton_biomass,Glenodinium_sp_mg_m-3,0,
Trista Vick-majors,Keweenaw_Waterway_KW,0.5,phytoplankton_biomass,Trista Vick-majors_Keweenaw_Waterway_KW_phytoplankton_biomass,Gymnodinium_helveticum_Penard_mg_m-3,0,
Trista Vick-majors,Keweenaw_Waterway_KW,0.5,phytoplankton_biomass,Trista Vick-majors_Keweenaw_Waterway_KW_phytoplankton_biomass,Gymnodinium_sp_mg_m-3,0,
Trista Vick-majors,Keweenaw_Waterway_KW,0.5,phytoplankton_biomass,Trista Vick-majors_Keweenaw_Waterway_KW_phytoplankton_biomass,Peridinium_aciculiferum_Lemmermann_mg_m-3,0,
Trista Vick-majors,Keweenaw_Waterway_KW,0.5,phytoplankton_biomass,Trista Vick-majors_Keweenaw_Waterway_KW_phytoplankton_biomass,Peridinium_sp_mg_m-3,0,
Trista Vick-majors,Keweenaw_Waterway_KW,0.5,phytoplankton_biomass,Trista Vick-majors_Keweenaw_Waterway_KW_phytoplankton_biomass,total_biomass_mg_m-3,38.8,
Trista Vick-majors,Keweenaw_Waterway_KW,0.5,phytoplankton_biomass,Trista Vick-majors_Keweenaw_Waterway_KW_phytoplankton_biomass,Total_Cyanobacteria_mg_m-3,5,
Trista Vick-majors,Keweenaw_Waterway_KW,0.5,phytoplankton_biomass,Trista Vick-majors_Keweenaw_Waterway_KW_phytoplankton_biomass,Total_Chlorophyta_mg_m-3,25.7,
Trista Vick-majors,Keweenaw_Waterway_KW,0.5,phytoplankton_biomass,Trista Vick-majors_Keweenaw_Waterway_KW_phytoplankton_biomass,Total_Euglenophyta_mg_m-3,0,
Trista Vick-majors,Keweenaw_Waterway_KW,0.5,phytoplankton_biomass,Trista Vick-majors_Keweenaw_Waterway_KW_phytoplankton_biomass,Total_Chrysophycea_mg_m-3,4.6,
Trista Vick-majors,Keweenaw_Waterway_KW,0.5,phytoplankton_biomass,Trista Vick-majors_Keweenaw_Waterway_KW_phytoplankton_biomass,Total_Diatomeae_mg_m-3,2.4,
Trista Vick-majors,Keweenaw_Waterway_KW,0.5,phytoplankton_biomass,Trista Vick-majors_Keweenaw_Waterway_KW_phytoplankton_biomass,Total_Cryptophyta_mg_m-3,1.1,
Trista Vick-majors,Keweenaw_Waterway_KW,0.5,phytoplankton_biomass,Trista Vick-majors_Keweenaw_Waterway_KW_phytoplankton_biomass,Total_Peridineae_mg_m-3,0,
McKay/Drouillard,LSC-MB,1,phytoplankton_biomass,McKay/Drouillard_LSC-MB_phytoplankton_biomass,Aphanocapsa_holsatica_Lemm_Cronb_&_Kom_mg_m-3,0,
McKay/Drouillard,LSC-MB,1,phytoplankton_biomass,McKay/Drouillard_LSC-MB_phytoplankton_biomass,Aphanocapsa_sp_mg_m-3,0,
McKay/Drouillard,LSC-MB,1,phytoplankton_biomass,McKay/Drouillard_LSC-MB_phytoplankton_biomass,Cyanodictyon_filiforme_JKomárková-Legnerová_&_GCronberg_mg_m-3,0,
McKay/Drouillard,LSC-MB,1,phytoplankton_biomass,McKay/Drouillard_LSC-MB_phytoplankton_biomass,Cyanophyta_sp_mg_m-3,3.3,
McKay/Drouillard,LSC-MB,1,phytoplankton_biomass,McKay/Drouillard_LSC-MB_phytoplankton_biomass,Gloeocapsa_sp_mg_m-3,0,
McKay/Drouillard,LSC-MB,1,phytoplankton_biomass,McKay/Drouillard_LSC-MB_phytoplankton_biomass,Microcystis_sp_mg_m-3,0,
McKay/Drouillard,LSC-MB,1,phytoplankton_biomass,McKay/Drouillard_LSC-MB_phytoplankton_biomass,Planktothrix_agardhii_Gomont_Anag_and_Komar_mg_m-3,0,
McKay/Drouillard,LSC-MB,1,phytoplankton_biomass,McKay/Drouillard_LSC-MB_phytoplankton_biomass,Pseudanabaena_contorta_Kling_&_Watson_mg_m-3,0,
McKay/Drouillard,LSC-MB,1,phytoplankton_biomass,McKay/Drouillard_LSC-MB_phytoplankton_biomass,Pseudanabaena_sp_mg_m-3,0,
McKay/Drouillard,LSC-MB,1,phytoplankton_biomass,McKay/Drouillard_LSC-MB_phytoplankton_biomass,Synechococcus_sp_mg_m-3,0,
McKay/Drouillard,LSC-MB,1,phytoplankton_biomass,McKay/Drouillard_LSC-MB_phytoplankton_biomass,Woronichinia_sp_mg_m-3,0,
McKay/Drouillard,LSC-MB,1,phytoplankton_biomass,McKay/Drouillard_LSC-MB_phytoplankton_biomass,Actinastrum_hantzschii_Lagerheim_mg_m-3,0,
McKay/Drouillard,LSC-MB,1,phytoplankton_biomass,McKay/Drouillard_LSC-MB_phytoplankton_biomass,Botryococcus_sp_mg_m-3,0,
McKay/Drouillard,LSC-MB,1,phytoplankton_biomass,McKay/Drouillard_LSC-MB_phytoplankton_biomass,Campylomonas_sp_mg_m-3,0,
McKay/Drouillard,LSC-MB,1,phytoplankton_biomass,McKay/Drouillard_LSC-MB_phytoplankton_biomass,Chlorogonium_minimum_Playfair_mg_m-3,0,
McKay/Drouillard,LSC-MB,1,phytoplankton_biomass,McKay/Drouillard_LSC-MB_phytoplankton_biomass,Chlorophyceae_spp_mg_m-3,41.3,
McKay/Drouillard,LSC-MB,1,phytoplankton_biomass,McKay/Drouillard_LSC-MB_phytoplankton_biomass,Closterium_aciculare_T_West_mg_m-3,0,
McKay/Drouillard,LSC-MB,1,phytoplankton_biomass,McKay/Drouillard_LSC-MB_phytoplankton_biomass,Closterium_strigosum_Brebisson_mg_m-3,0,
McKay/Drouillard,LSC-MB,1,phytoplankton_biomass,McKay/Drouillard_LSC-MB_phytoplankton_biomass,Collodictyon_triciliatum_H_Carter_mg_m-3,0,
McKay/Drouillard,LSC-MB,1,phytoplankton_biomass,McKay/Drouillard_LSC-MB_phytoplankton_biomass,Desmodesmus_sp_mg_m-3,0,
McKay/Drouillard,LSC-MB,1,phytoplankton_biomass,McKay/Drouillard_LSC-MB_phytoplankton_biomass,Gloeotila_pelagica_Nyegaard_Skuja_mg_m-3,0,
McKay/Drouillard,LSC-MB,1,phytoplankton_biomass,McKay/Drouillard_LSC-MB_phytoplankton_biomass,Koliella_longiseta_Vischer_Hindák_mg_m-3,0,
McKay/Drouillard,LSC-MB,1,phytoplankton_biomass,McKay/Drouillard_LSC-MB_phytoplankton_biomass,Koliella_sp_mg_m-3,0,
McKay/Drouillard,LSC-MB,1,phytoplankton_biomass,McKay/Drouillard_LSC-MB_phytoplankton_biomass,Lagerheimia_genevensis_Chodat_mg_m-3,0,
McKay/Drouillard,LSC-MB,1,phytoplankton_biomass,McKay/Drouillard_LSC-MB_phytoplankton_biomass,Monoraphidium_arcuatum_Korshikov_Hindák_mg_m-3,0,
McKay/Drouillard,LSC-MB,1,phytoplankton_biomass,McKay/Drouillard_LSC-MB_phytoplankton_biomass,Monoraphidium_contortum_Thurs_Kom_mg_m-3,0,
McKay/Drouillard,LSC-MB,1,phytoplankton_biomass,McKay/Drouillard_LSC-MB_phytoplankton_biomass,Monoraphidium_minutum_Nägeli_Komárková-legnerová_mg_m-3,0,
McKay/Drouillard,LSC-MB,1,phytoplankton_biomass,McKay/Drouillard_LSC-MB_phytoplankton_biomass,Mougeotia_sp_mg_m-3,0,
McKay/Drouillard,LSC-MB,1,phytoplankton_biomass,McKay/Drouillard_LSC-MB_phytoplankton_biomass,Nephrochlamys_sp_mg_m-3,0,
McKay/Drouillard,LSC-MB,1,phytoplankton_biomass,McKay/Drouillard_LSC-MB_phytoplankton_biomass,Oocystis_solitaria_Wittrock_mg_m-3,0,
McKay/Drouillard,LSC-MB,1,phytoplankton_biomass,McKay/Drouillard_LSC-MB_phytoplankton_biomass,Oocystis_sp_mg_m-3,0,
McKay/Drouillard,LSC-MB,1,phytoplankton_biomass,McKay/Drouillard_LSC-MB_phytoplankton_biomass,Planktosphaeria_gelatinosa_GMSmith_mg_m-3,1.1,
McKay/Drouillard,LSC-MB,1,phytoplankton_biomass,McKay/Drouillard_LSC-MB_phytoplankton_biomass,Scenedesmus_sp_mg_m-3,0.9,
McKay/Drouillard,LSC-MB,1,phytoplankton_biomass,McKay/Drouillard_LSC-MB_phytoplankton_biomass,Spermatozopsis_exsultans_Korshikov_mg_m-3,0,
McKay/Drouillard,LSC-MB,1,phytoplankton_biomass,McKay/Drouillard_LSC-MB_phytoplankton_biomass,Stichococcus_sp_mg_m-3,0,
McKay/Drouillard,LSC-MB,1,phytoplankton_biomass,McKay/Drouillard_LSC-MB_phytoplankton_biomass,Tetraedron_triangulare_Korshikov_mg_m-3,0,
McKay/Drouillard,LSC-MB,1,phytoplankton_biomass,McKay/Drouillard_LSC-MB_phytoplankton_biomass,Tetrastrum_heteracanthum_Nordst_Chod_mg_m-3,0,
McKay/Drouillard,LSC-MB,1,phytoplankton_biomass,McKay/Drouillard_LSC-MB_phytoplankton_biomass,Euglena_sp_mg_m-3,0,
McKay/Drouillard,LSC-MB,1,phytoplankton_biomass,McKay/Drouillard_LSC-MB_phytoplankton_biomass,Aulomonas_purdyi_Lackey_mg_m-3,0,
McKay/Drouillard,LSC-MB,1,phytoplankton_biomass,McKay/Drouillard_LSC-MB_phytoplankton_biomass,Bicoeca_sp_mg_m-3,0,
McKay/Drouillard,LSC-MB,1,phytoplankton_biomass,McKay/Drouillard_LSC-MB_phytoplankton_biomass,Chrysochromulina_parva_Lackey_mg_m-3,3.9,
McKay/Drouillard,LSC-MB,1,phytoplankton_biomass,McKay/Drouillard_LSC-MB_phytoplankton_biomass,Chrysococcus_sp_mg_m-3,0,
McKay/Drouillard,LSC-MB,1,phytoplankton_biomass,McKay/Drouillard_LSC-MB_phytoplankton_biomass,Chrysolykos_planktonicus_Mack_mg_m-3,0,
McKay/Drouillard,LSC-MB,1,phytoplankton_biomass,McKay/Drouillard_LSC-MB_phytoplankton_biomass,Chrysophyceae_Cyst_mg_m-3,0,
McKay/Drouillard,LSC-MB,1,phytoplankton_biomass,McKay/Drouillard_LSC-MB_phytoplankton_biomass,Chrysophyceae_spp_mg_m-3,2.4,
McKay/Drouillard,LSC-MB,1,phytoplankton_biomass,McKay/Drouillard_LSC-MB_phytoplankton_biomass,Dinobryon_cylindricum_Imhof_mg_m-3,0,
McKay/Drouillard,LSC-MB,1,phytoplankton_biomass,McKay/Drouillard_LSC-MB_phytoplankton_biomass,Dinobryon_sertularia_Ehrenberg_mg_m-3,0,
McKay/Drouillard,LSC-MB,1,phytoplankton_biomass,McKay/Drouillard_LSC-MB_phytoplankton_biomass,Dinobryon_sp_mg_m-3,0,
McKay/Drouillard,LSC-MB,1,phytoplankton_biomass,McKay/Drouillard_LSC-MB_phytoplankton_biomass,Epipyxis_sp_mg_m-3,0,
McKay/Drouillard,LSC-MB,1,phytoplankton_biomass,McKay/Drouillard_LSC-MB_phytoplankton_biomass,Mallomonas_elongata_Reverdin_mg_m-3,0,
McKay/Drouillard,LSC-MB,1,phytoplankton_biomass,McKay/Drouillard_LSC-MB_phytoplankton_biomass,Mallomonas_sp_mg_m-3,8.6,
McKay/Drouillard,LSC-MB,1,phytoplankton_biomass,McKay/Drouillard_LSC-MB_phytoplankton_biomass,Ochromonad_sp_mg_m-3,6.9,
McKay/Drouillard,LSC-MB,1,phytoplankton_biomass,McKay/Drouillard_LSC-MB_phytoplankton_biomass,Ochromonas_sp_mg_m-3,0,
McKay/Drouillard,LSC-MB,1,phytoplankton_biomass,McKay/Drouillard_LSC-MB_phytoplankton_biomass,Pseudopedinella_sp_mg_m-3,0,
McKay/Drouillard,LSC-MB,1,phytoplankton_biomass,McKay/Drouillard_LSC-MB_phytoplankton_biomass,Rhizochrysis_limnetica_GM_Smith_mg_m-3,0,
McKay/Drouillard,LSC-MB,1,phytoplankton_biomass,McKay/Drouillard_LSC-MB_phytoplankton_biomass,Salpingoeca_frequentissima_Zacharias_Lemmermann_mg_m-3,2,
McKay/Drouillard,LSC-MB,1,phytoplankton_biomass,McKay/Drouillard_LSC-MB_phytoplankton_biomass,Spiniferomonas_sp_mg_m-3,0,
McKay/Drouillard,LSC-MB,1,phytoplankton_biomass,McKay/Drouillard_LSC-MB_phytoplankton_biomass,Stelexomonas_dichotoma_JLackey_mg_m-3,0,
McKay/Drouillard,LSC-MB,1,phytoplankton_biomass,McKay/Drouillard_LSC-MB_phytoplankton_biomass,Synura_sp_mg_m-3,0,
McKay/Drouillard,LSC-MB,1,phytoplankton_biomass,McKay/Drouillard_LSC-MB_phytoplankton_biomass,Achnanthidium_sp_mg_m-3,0,
McKay/Drouillard,LSC-MB,1,phytoplankton_biomass,McKay/Drouillard_LSC-MB_phytoplankton_biomass,Asterionella_formosa_Hassall_mg_m-3,0,
McKay/Drouillard,LSC-MB,1,phytoplankton_biomass,McKay/Drouillard_LSC-MB_phytoplankton_biomass,Aulacoseira_ambigua_Grunow_Simonsen_mg_m-3,0,
McKay/Drouillard,LSC-MB,1,phytoplankton_biomass,McKay/Drouillard_LSC-MB_phytoplankton_biomass,Aulacoseira_distans_Ehrenb_Simonsen_mg_m-3,0,
McKay/Drouillard,LSC-MB,1,phytoplankton_biomass,McKay/Drouillard_LSC-MB_phytoplankton_biomass,Aulacoseira_islandica_O_Mull_Simonsen_mg_m-3,0,
McKay/Drouillard,LSC-MB,1,phytoplankton_biomass,McKay/Drouillard_LSC-MB_phytoplankton_biomass,Bacillariophyceae_spp_mg_m-3,0,
McKay/Drouillard,LSC-MB,1,phytoplankton_biomass,McKay/Drouillard_LSC-MB_phytoplankton_biomass,Cocconeis_pediculus_Ehrenb_mg_m-3,0,
McKay/Drouillard,LSC-MB,1,phytoplankton_biomass,McKay/Drouillard_LSC-MB_phytoplankton_biomass,Cyclotella_comensis_Grunow_mg_m-3,0,
McKay/Drouillard,LSC-MB,1,phytoplankton_biomass,McKay/Drouillard_LSC-MB_phytoplankton_biomass,Cyclotella_ocellata_Pantocsek_mg_m-3,161.3,
McKay/Drouillard,LSC-MB,1,phytoplankton_biomass,McKay/Drouillard_LSC-MB_phytoplankton_biomass,Cyclotella_sp_mg_m-3,0,
McKay/Drouillard,LSC-MB,1,phytoplankton_biomass,McKay/Drouillard_LSC-MB_phytoplankton_biomass,Diatoma_tenue_var_elongatum_Lyngb_mg_m-3,0,
McKay/Drouillard,LSC-MB,1,phytoplankton_biomass,McKay/Drouillard_LSC-MB_phytoplankton_biomass,Diatoma_vulgaris_Bory_mg_m-3,0,
McKay/Drouillard,LSC-MB,1,phytoplankton_biomass,McKay/Drouillard_LSC-MB_phytoplankton_biomass,Encyonema_minutum_Hilse_DGMann_mg_m-3,0,
McKay/Drouillard,LSC-MB,1,phytoplankton_biomass,McKay/Drouillard_LSC-MB_phytoplankton_biomass,Encyonema_sp_mg_m-3,0,
McKay/Drouillard,LSC-MB,1,phytoplankton_biomass,McKay/Drouillard_LSC-MB_phytoplankton_biomass,Fragilaria_capucina_Desmazières_mg_m-3,0,
McKay/Drouillard,LSC-MB,1,phytoplankton_biomass,McKay/Drouillard_LSC-MB_phytoplankton_biomass,Fragilaria_construens_Ehr_Grunow_mg_m-3,0,
McKay/Drouillard,LSC-MB,1,phytoplankton_biomass,McKay/Drouillard_LSC-MB_phytoplankton_biomass,Fragilaria_sp_mg_m-3,0.8,
McKay/Drouillard,LSC-MB,1,phytoplankton_biomass,McKay/Drouillard_LSC-MB_phytoplankton_biomass,Gomphonema_sp_mg_m-3,0,
McKay/Drouillard,LSC-MB,1,phytoplankton_biomass,McKay/Drouillard_LSC-MB_phytoplankton_biomass,Navicula_sp_mg_m-3,0,
McKay/Drouillard,LSC-MB,1,phytoplankton_biomass,McKay/Drouillard_LSC-MB_phytoplankton_biomass,Navicula_tripunctata_O_F_Müll_Bory_mg_m-3,0,
McKay/Drouillard,LSC-MB,1,phytoplankton_biomass,McKay/Drouillard_LSC-MB_phytoplankton_biomass,Nitzschia_acicularis_Kütz_W_Smith_mg_m-3,0.1,
McKay/Drouillard,LSC-MB,1,phytoplankton_biomass,McKay/Drouillard_LSC-MB_phytoplankton_biomass,Nitzschia_linearis_C_Agardh_W_Sm_mg_m-3,0,
McKay/Drouillard,LSC-MB,1,phytoplankton_biomass,McKay/Drouillard_LSC-MB_phytoplankton_biomass,Nitzschia_sp_mg_m-3,0,
McKay/Drouillard,LSC-MB,1,phytoplankton_biomass,McKay/Drouillard_LSC-MB_phytoplankton_biomass,Rhoicosphenia_abbreviata_CAgardh_Lange-Bertalot_mg_m-3,0,
McKay/Drouillard,LSC-MB,1,phytoplankton_biomass,McKay/Drouillard_LSC-MB_phytoplankton_biomass,Skeletonema_potamos_Weber_Hasle_mg_m-3,0,
McKay/Drouillard,LSC-MB,1,phytoplankton_biomass,McKay/Drouillard_LSC-MB_phytoplankton_biomass,Stephanodiscus_agassizensis_Håk&_Kling_mg_m-3,0,
McKay/Drouillard,LSC-MB,1,phytoplankton_biomass,McKay/Drouillard_LSC-MB_phytoplankton_biomass,Stephanodiscus_binderanus_Kütz_Willi_Kreig_mg_m-3,0,
McKay/Drouillard,LSC-MB,1,phytoplankton_biomass,McKay/Drouillard_LSC-MB_phytoplankton_biomass,Stephanodiscus_hantzschii_Grunow_mg_m-3,0,
McKay/Drouillard,LSC-MB,1,phytoplankton_biomass,McKay/Drouillard_LSC-MB_phytoplankton_biomass,Stephanodiscus_sp_mg_m-3,0,
McKay/Drouillard,LSC-MB,1,phytoplankton_biomass,McKay/Drouillard_LSC-MB_phytoplankton_biomass,Synedra_acus_var_radians_Kütz_Hustedt_mg_m-3,0.5,
McKay/Drouillard,LSC-MB,1,phytoplankton_biomass,McKay/Drouillard_LSC-MB_phytoplankton_biomass,Synedra_sp_mg_m-3,0,
McKay/Drouillard,LSC-MB,1,phytoplankton_biomass,McKay/Drouillard_LSC-MB_phytoplankton_biomass,Tabellaria_fenestrata_Lyngb_Kütz_mg_m-3,0,
McKay/Drouillard,LSC-MB,1,phytoplankton_biomass,McKay/Drouillard_LSC-MB_phytoplankton_biomass,Urosolenia_eriensis_Crawford_&_Mann_mg_m-3,0,
McKay/Drouillard,LSC-MB,1,phytoplankton_biomass,McKay/Drouillard_LSC-MB_phytoplankton_biomass,Cryptomonas_erosa_Ehrenberg_mg_m-3,0,
McKay/Drouillard,LSC-MB,1,phytoplankton_biomass,McKay/Drouillard_LSC-MB_phytoplankton_biomass,Cryptomonas_marssonii_Skuja_mg_m-3,0,
McKay/Drouillard,LSC-MB,1,phytoplankton_biomass,McKay/Drouillard_LSC-MB_phytoplankton_biomass,Cryptomonas_obovata_Skuja_mg_m-3,0,
McKay/Drouillard,LSC-MB,1,phytoplankton_biomass,McKay/Drouillard_LSC-MB_phytoplankton_biomass,Cryptomonas_reflexa_Skuja_mg_m-3,0,
McKay/Drouillard,LSC-MB,1,phytoplankton_biomass,McKay/Drouillard_LSC-MB_phytoplankton_biomass,Cryptomonas_rostratiformis_Skuja_mg_m-3,0,
McKay/Drouillard,LSC-MB,1,phytoplankton_biomass,McKay/Drouillard_LSC-MB_phytoplankton_biomass,Cryptomonas_sp_mg_m-3,0,
McKay/Drouillard,LSC-MB,1,phytoplankton_biomass,McKay/Drouillard_LSC-MB_phytoplankton_biomass,Katablepharis_ovalis_Skuja_mg_m-3,0.7,
McKay/Drouillard,LSC-MB,1,phytoplankton_biomass,McKay/Drouillard_LSC-MB_phytoplankton_biomass,Rhodomonas_minuta_var_nannoplanctica_Skuja_mg_m-3,1.4,
McKay/Drouillard,LSC-MB,1,phytoplankton_biomass,McKay/Drouillard_LSC-MB_phytoplankton_biomass,Glenodinium_sp_mg_m-3,0,
McKay/Drouillard,LSC-MB,1,phytoplankton_biomass,McKay/Drouillard_LSC-MB_phytoplankton_biomass,Gymnodinium_helveticum_Penard_mg_m-3,0,
McKay/Drouillard,LSC-MB,1,phytoplankton_biomass,McKay/Drouillard_LSC-MB_phytoplankton_biomass,Gymnodinium_sp_mg_m-3,0,
McKay/Drouillard,LSC-MB,1,phytoplankton_biomass,McKay/Drouillard_LSC-MB_phytoplankton_biomass,Peridinium_aciculiferum_Lemmermann_mg_m-3,0,
McKay/Drouillard,LSC-MB,1,phytoplankton_biomass,McKay/Drouillard_LSC-MB_phytoplankton_biomass,Peridinium_sp_mg_m-3,0,
McKay/Drouillard,LSC-MB,1,phytoplankton_biomass,McKay/Drouillard_LSC-MB_phytoplankton_biomass,total_biomass_mg_m-3,235.2,
McKay/Drouillard,LSC-MB,1,phytoplankton_biomass,McKay/Drouillard_LSC-MB_phytoplankton_biomass,Total_Cyanobacteria_mg_m-3,3.3,
McKay/Drouillard,LSC-MB,1,phytoplankton_biomass,McKay/Drouillard_LSC-MB_phytoplankton_biomass,Total_Chlorophyta_mg_m-3,43.3,
McKay/Drouillard,LSC-MB,1,phytoplankton_biomass,McKay/Drouillard_LSC-MB_phytoplankton_biomass,Total_Euglenophyta_mg_m-3,0,
McKay/Drouillard,LSC-MB,1,phytoplankton_biomass,McKay/Drouillard_LSC-MB_phytoplankton_biomass,Total_Chrysophycea_mg_m-3,23.8,
McKay/Drouillard,LSC-MB,1,phytoplankton_biomass,McKay/Drouillard_LSC-MB_phytoplankton_biomass,Total_Diatomeae_mg_m-3,162.7,
McKay/Drouillard,LSC-MB,1,phytoplankton_biomass,McKay/Drouillard_LSC-MB_phytoplankton_biomass,Total_Cryptophyta_mg_m-3,2.1,
McKay/Drouillard,LSC-MB,1,phytoplankton_biomass,McKay/Drouillard_LSC-MB_phytoplankton_biomass,Total_Peridineae_mg_m-3,0,
