pi_name,station,depth_m,analysis,sample_name,instrument,temp_c,odo_perc_sat,odo_mg_l,cond_µs_cm,tds_mg_l,chl_µg_l,notes
Chaffin,South_Bass_Island,0.34,CTD_profile,Chaffin_South_Bass_Island_0.34_CTD_profile,YSI_EXO2,7.2,94,11.34,NA,NA,NA,
Chaffin,South_Bass_Island,0.51,CTD_profile,Chaffin_South_Bass_Island_0.51_CTD_profile,YSI_EXO2,7.11,95.3,11.53,NA,NA,NA,
Chaffin,South_Bass_Island,1.08,CTD_profile,Chaffin_South_Bass_Island_1.08_CTD_profile,YSI_EXO2,7.12,96.1,11.62,NA,NA,NA,
Chaffin,South_Bass_Island,1.57,CTD_profile,Chaffin_South_Bass_Island_1.57_CTD_profile,YSI_EXO2,7.16,95.6,11.54,NA,NA,NA,
Chaffin,South_Bass_Island,2.03,CTD_profile,Chaffin_South_Bass_Island_2.03_CTD_profile,YSI_EXO2,7.16,95.6,11.54,NA,NA,NA,
Chaffin,South_Bass_Island,2.59,CTD_profile,Chaffin_South_Bass_Island_2.59_CTD_profile,YSI_EXO2,7.17,95.5,11.53,NA,NA,NA,
Chaffin,South_Bass_Island,3,CTD_profile,Chaffin_South_Bass_Island_3_CTD_profile,YSI_EXO2,7.17,95.5,11.53,NA,NA,NA,
Chaffin,South_Bass_Island,3.51,CTD_profile,Chaffin_South_Bass_Island_3.51_CTD_profile,YSI_EXO2,7.16,95.4,11.52,NA,NA,NA,
Chaffin,South_Bass_Island,4.01,CTD_profile,Chaffin_South_Bass_Island_4.01_CTD_profile,YSI_EXO2,7.15,95.3,11.51,NA,NA,NA,
Chaffin,South_Bass_Island,4.57,CTD_profile,Chaffin_South_Bass_Island_4.57_CTD_profile,YSI_EXO2,7.15,95,11.47,NA,NA,NA,
Chaffin,South_Bass_Island,5.05,CTD_profile,Chaffin_South_Bass_Island_5.05_CTD_profile,YSI_EXO2,7.15,94.9,11.47,NA,NA,NA,
Chaffin,South_Bass_Island,5.55,CTD_profile,Chaffin_South_Bass_Island_5.55_CTD_profile,YSI_EXO2,7.15,94.9,11.46,NA,NA,NA,
Chaffin,South_Bass_Island,6.08,CTD_profile,Chaffin_South_Bass_Island_6.08_CTD_profile,YSI_EXO2,7.15,94.9,11.46,NA,NA,NA,
Chaffin,South_Bass_Island,6.56,CTD_profile,Chaffin_South_Bass_Island_6.56_CTD_profile,YSI_EXO2,7.15,94.9,11.46,NA,NA,NA,
Chaffin,South_Bass_Island,7.05,CTD_profile,Chaffin_South_Bass_Island_7.05_CTD_profile,YSI_EXO2,7.14,95,11.48,NA,NA,NA,
Chaffin,South_Bass_Island,7.61,CTD_profile,Chaffin_South_Bass_Island_7.61_CTD_profile,YSI_EXO2,7.15,95.1,11.48,NA,NA,NA,
Chaffin,South_Bass_Island,8.09,CTD_profile,Chaffin_South_Bass_Island_8.09_CTD_profile,YSI_EXO2,7.15,95.2,11.49,NA,NA,NA,
Chaffin,South_Bass_Island,8.5,CTD_profile,Chaffin_South_Bass_Island_8.5_CTD_profile,YSI_EXO2,7.16,95.3,11.5,NA,NA,NA,
Chaffin,South_Bass_Island,9.08,CTD_profile,Chaffin_South_Bass_Island_9.08_CTD_profile,YSI_EXO2,7.19,95.3,11.49,NA,NA,NA,
Chaffin,South_Bass_Island,9.55,CTD_profile,Chaffin_South_Bass_Island_9.55_CTD_profile,YSI_EXO2,7.2,95.4,11.5,NA,NA,NA,
Chaffin,South_Bass_Island,10.09,CTD_profile,Chaffin_South_Bass_Island_10.09_CTD_profile,YSI_EXO2,7.21,95.4,11.51,NA,NA,NA,
Chaffin,South_Bass_Island,10.31,CTD_profile,Chaffin_South_Bass_Island_10.31_CTD_profile,YSI_EXO2,7.21,95.4,11.51,NA,NA,NA,
Currie,Bronte_Pier,0.04,CTD_profile,Currie_Bronte_Pier_0.04_CTD_profile,YSI_EXO2,2.25,85,11.64,395.2,454,NA,
Currie,Bronte_Pier,0.05,CTD_profile,Currie_Bronte_Pier_0.05_CTD_profile,YSI_EXO2,2.24,85,11.64,394.5,454,NA,
Currie,Bronte_Pier,0.08,CTD_profile,Currie_Bronte_Pier_0.08_CTD_profile,YSI_EXO2,2.24,85,11.65,347.8,400,NA,
Currie,Bronte_Pier,0.13,CTD_profile,Currie_Bronte_Pier_0.13_CTD_profile,YSI_EXO2,2.23,85,11.66,385.7,444,NA,
Currie,Bronte_Pier,0.22,CTD_profile,Currie_Bronte_Pier_0.22_CTD_profile,YSI_EXO2,2.22,85.1,11.67,394.5,454,NA,
Currie,Bronte_Pier,0.25,CTD_profile,Currie_Bronte_Pier_0.25_CTD_profile,YSI_EXO2,2.2,85.3,11.7,397,457,NA,
Currie,Bronte_Pier,0.25,CTD_profile,Currie_Bronte_Pier_0.25_CTD_profile,YSI_EXO2,2.2,85.3,11.7,396.9,457,NA,
Currie,Bronte_Pier,0.26,CTD_profile,Currie_Bronte_Pier_0.26_CTD_profile,YSI_EXO2,2.22,85.1,11.67,396.6,456,NA,
Currie,Bronte_Pier,0.26,CTD_profile,Currie_Bronte_Pier_0.26_CTD_profile,YSI_EXO2,2.21,85.2,11.69,397,457,NA,
Currie,Bronte_Pier,0.26,CTD_profile,Currie_Bronte_Pier_0.26_CTD_profile,YSI_EXO2,2.2,85.3,11.71,396.8,457,NA,
Currie,Bronte_Pier,0.26,CTD_profile,Currie_Bronte_Pier_0.26_CTD_profile,YSI_EXO2,2.13,85.6,11.76,397.1,458,NA,
Currie,Bronte_Pier,0.27,CTD_profile,Currie_Bronte_Pier_0.27_CTD_profile,YSI_EXO2,2.19,85.4,11.72,396.8,457,NA,
Currie,Bronte_Pier,0.27,CTD_profile,Currie_Bronte_Pier_0.27_CTD_profile,YSI_EXO2,2.15,85.5,11.75,397.1,458,NA,
Currie,Bronte_Pier,0.27,CTD_profile,Currie_Bronte_Pier_0.27_CTD_profile,YSI_EXO2,2.13,85.7,11.78,397.1,458,NA,
Currie,Bronte_Pier,0.28,CTD_profile,Currie_Bronte_Pier_0.28_CTD_profile,YSI_EXO2,2.21,85.2,11.69,397,457,NA,
Currie,Bronte_Pier,0.28,CTD_profile,Currie_Bronte_Pier_0.28_CTD_profile,YSI_EXO2,2.19,85.5,11.74,396.9,457,NA,
Currie,Bronte_Pier,0.28,CTD_profile,Currie_Bronte_Pier_0.28_CTD_profile,YSI_EXO2,2.18,85.5,11.74,397,457,NA,
Currie,Bronte_Pier,0.28,CTD_profile,Currie_Bronte_Pier_0.28_CTD_profile,YSI_EXO2,2.16,85.6,11.75,397,458,NA,
Currie,Bronte_Pier,0.28,CTD_profile,Currie_Bronte_Pier_0.28_CTD_profile,YSI_EXO2,2.13,85.8,11.8,397,458,NA,
Currie,Bronte_Pier,0.29,CTD_profile,Currie_Bronte_Pier_0.29_CTD_profile,YSI_EXO2,2.21,85.1,11.68,397.1,457,NA,
Currie,Bronte_Pier,0.31,CTD_profile,Currie_Bronte_Pier_0.31_CTD_profile,YSI_EXO2,2.13,86,11.82,397,458,NA,
Currie,Bronte_Pier,1.29,CTD_profile,Currie_Bronte_Pier_1.29_CTD_profile,YSI_EXO2,2.13,86.1,11.83,397,458,NA,
Currie,Bronte_Pier,1.35,CTD_profile,Currie_Bronte_Pier_1.35_CTD_profile,YSI_EXO2,2.12,86.1,11.84,396.9,458,NA,
Currie,Bronte_Pier,1.38,CTD_profile,Currie_Bronte_Pier_1.38_CTD_profile,YSI_EXO2,2.12,86.4,11.88,396.8,458,NA,
Currie,Bronte_Pier,1.4,CTD_profile,Currie_Bronte_Pier_1.4_CTD_profile,YSI_EXO2,2.12,86.3,11.86,396.9,458,NA,
Currie,Bronte_Pier,1.46,CTD_profile,Currie_Bronte_Pier_1.46_CTD_profile,YSI_EXO2,2.12,86.4,11.89,396.8,458,NA,
Currie,Bronte_Pier,1.57,CTD_profile,Currie_Bronte_Pier_1.57_CTD_profile,YSI_EXO2,2.12,86.6,11.9,396.8,458,NA,
Currie,Bronte_Pier,1.65,CTD_profile,Currie_Bronte_Pier_1.65_CTD_profile,YSI_EXO2,2.12,86.7,11.92,396.8,458,NA,
Currie,Bronte_Pier,1.72,CTD_profile,Currie_Bronte_Pier_1.72_CTD_profile,YSI_EXO2,2.12,86.8,11.93,396.8,458,NA,
Currie,Bronte_Pier,1.89,CTD_profile,Currie_Bronte_Pier_1.89_CTD_profile,YSI_EXO2,2.12,86.8,11.95,396.8,458,NA,
Currie,Bronte_Pier,2.09,CTD_profile,Currie_Bronte_Pier_2.09_CTD_profile,YSI_EXO2,2.12,87,11.96,396.8,458,NA,
Currie,Bronte_Pier,3.11,CTD_profile,Currie_Bronte_Pier_3.11_CTD_profile,YSI_EXO2,2.12,87.1,11.97,396.8,458,NA,
Currie,Bronte_Pier,3.53,CTD_profile,Currie_Bronte_Pier_3.53_CTD_profile,YSI_EXO2,2.12,87.2,11.99,396.9,458,NA,
Currie,Bronte_Pier,3.8,CTD_profile,Currie_Bronte_Pier_3.8_CTD_profile,YSI_EXO2,2.12,87.3,12,397.1,458,NA,
Currie,Bronte_Pier,4.02,CTD_profile,Currie_Bronte_Pier_4.02_CTD_profile,YSI_EXO2,2.12,87.4,12.02,397.2,459,NA,
Currie,Bronte_Pier,4.26,CTD_profile,Currie_Bronte_Pier_4.26_CTD_profile,YSI_EXO2,2.12,87.5,12.03,397.6,459,NA,
Currie,Bronte_Pier,4.38,CTD_profile,Currie_Bronte_Pier_4.38_CTD_profile,YSI_EXO2,2.13,87.6,12.05,398.1,460,NA,
Currie,Bronte_Pier,4.41,CTD_profile,Currie_Bronte_Pier_4.41_CTD_profile,YSI_EXO2,2.13,87.7,12.06,398.7,460,NA,
Currie,Bronte_Pier,4.43,CTD_profile,Currie_Bronte_Pier_4.43_CTD_profile,YSI_EXO2,2.14,87.8,12.07,399.1,461,NA,
Currie,Bronte_Pier,4.46,CTD_profile,Currie_Bronte_Pier_4.46_CTD_profile,YSI_EXO2,2.14,87.9,12.09,399.8,461,NA,
Currie,Bronte_Pier,4.54,CTD_profile,Currie_Bronte_Pier_4.54_CTD_profile,YSI_EXO2,2.15,88,12.1,400.4,462,NA,
Currie,Bronte_Pier,4.61,CTD_profile,Currie_Bronte_Pier_4.61_CTD_profile,YSI_EXO2,2.15,88.1,12.11,401.2,463,NA,
Currie,Bronte_Pier,5.66,CTD_profile,Currie_Bronte_Pier_5.66_CTD_profile,YSI_EXO2,2.16,88.3,12.13,401.8,463,NA,
Currie,Bronte_Pier,6.08,CTD_profile,Currie_Bronte_Pier_6.08_CTD_profile,YSI_EXO2,2.16,88.4,12.14,402.6,464,NA,
Currie,Bronte_Pier,6.32,CTD_profile,Currie_Bronte_Pier_6.32_CTD_profile,YSI_EXO2,2.17,88.5,12.15,403.5,465,NA,
Currie,Bronte_Pier,6.62,CTD_profile,Currie_Bronte_Pier_6.62_CTD_profile,YSI_EXO2,2.18,88.6,12.17,404.4,466,NA,
Currie,Bronte_Pier,6.8,CTD_profile,Currie_Bronte_Pier_6.8_CTD_profile,YSI_EXO2,2.19,88.7,12.18,405.1,467,NA,
Currie,Bronte_Pier,6.85,CTD_profile,Currie_Bronte_Pier_6.85_CTD_profile,YSI_EXO2,2.2,88.9,12.21,407,469,NA,
Currie,Bronte_Pier,6.86,CTD_profile,Currie_Bronte_Pier_6.86_CTD_profile,YSI_EXO2,2.19,88.8,12.2,406,468,NA,
Currie,Bronte_Pier,6.86,CTD_profile,Currie_Bronte_Pier_6.86_CTD_profile,YSI_EXO2,2.21,89,12.22,407.9,470,NA,
Currie,Bronte_Pier,6.93,CTD_profile,Currie_Bronte_Pier_6.93_CTD_profile,YSI_EXO2,2.22,89.1,12.23,408.5,470,NA,
Currie,Bronte_Pier,7.04,CTD_profile,Currie_Bronte_Pier_7.04_CTD_profile,YSI_EXO2,2.22,89.2,12.24,409.4,471,NA,
Currie,Bronte_Pier,7.11,CTD_profile,Currie_Bronte_Pier_7.11_CTD_profile,YSI_EXO2,2.23,89.3,12.25,410.3,472,NA,
Currie,Bronte_Pier,7.2,CTD_profile,Currie_Bronte_Pier_7.2_CTD_profile,YSI_EXO2,2.24,89.4,12.27,411.1,473,NA,
Currie,Bronte_Pier,7.24,CTD_profile,Currie_Bronte_Pier_7.24_CTD_profile,YSI_EXO2,2.24,89.6,12.28,411.7,473,NA,
Currie,Bronte_Pier,7.28,CTD_profile,Currie_Bronte_Pier_7.28_CTD_profile,YSI_EXO2,2.25,89.6,12.29,412.6,474,NA,
Currie,Bronte_Pier,7.28,CTD_profile,Currie_Bronte_Pier_7.28_CTD_profile,YSI_EXO2,2.26,89.8,12.31,414.2,476,NA,
Currie,Bronte_Pier,7.29,CTD_profile,Currie_Bronte_Pier_7.29_CTD_profile,YSI_EXO2,2.26,89.7,12.3,413.4,475,NA,
Currie,Bronte_Pier,7.29,CTD_profile,Currie_Bronte_Pier_7.29_CTD_profile,YSI_EXO2,2.27,89.9,12.32,414.7,476,NA,
Currie,Bronte_Pier,7.3,CTD_profile,Currie_Bronte_Pier_7.3_CTD_profile,YSI_EXO2,2.27,90,12.33,415.3,477,NA,
Currie,Bronte_Pier,7.33,CTD_profile,Currie_Bronte_Pier_7.33_CTD_profile,YSI_EXO2,2.28,90.1,12.34,415.9,478,NA,
Currie,Bronte_Pier,7.38,CTD_profile,Currie_Bronte_Pier_7.38_CTD_profile,YSI_EXO2,2.28,90.2,12.35,416.2,478,NA,
Currie,Bronte_Pier,8.13,CTD_profile,Currie_Bronte_Pier_8.13_CTD_profile,YSI_EXO2,2.28,90.3,12.36,416.5,478,NA,
Currie,CCIW_Hamilton_Harbour,0.02,CTD_profile,Currie_CCIW_Hamilton_Harbour_0.02_CTD_profile,YSI_EXO2,1.47,88.2,12.24,300.5,355,0.73,
Currie,CCIW_Hamilton_Harbour,0.03,CTD_profile,Currie_CCIW_Hamilton_Harbour_0.03_CTD_profile,YSI_EXO2,1.5,90,12.63,305.2,360,1,
Currie,CCIW_Hamilton_Harbour,0.03,CTD_profile,Currie_CCIW_Hamilton_Harbour_0.03_CTD_profile,YSI_EXO2,1.51,89.8,12.58,305.8,361,1.12,
Currie,CCIW_Hamilton_Harbour,0.04,CTD_profile,Currie_CCIW_Hamilton_Harbour_0.04_CTD_profile,YSI_EXO2,1.5,90.2,12.63,305.8,361,1.38,
Currie,CCIW_Hamilton_Harbour,0.04,CTD_profile,Currie_CCIW_Hamilton_Harbour_0.04_CTD_profile,YSI_EXO2,1.51,90.3,12.64,305,360,1.59,
Currie,CCIW_Hamilton_Harbour,0.04,CTD_profile,Currie_CCIW_Hamilton_Harbour_0.04_CTD_profile,YSI_EXO2,1.49,90.4,12.66,305.3,360,1.87,
Currie,CCIW_Hamilton_Harbour,0.05,CTD_profile,Currie_CCIW_Hamilton_Harbour_0.05_CTD_profile,YSI_EXO2,1.47,90.7,12.69,305.3,360,2.05,
Currie,CCIW_Hamilton_Harbour,0.05,CTD_profile,Currie_CCIW_Hamilton_Harbour_0.05_CTD_profile,YSI_EXO2,1.45,91,12.74,305.4,361,2.3,
Currie,CCIW_Hamilton_Harbour,0.05,CTD_profile,Currie_CCIW_Hamilton_Harbour_0.05_CTD_profile,YSI_EXO2,1.44,91.3,12.79,305.6,361,2.47,
Currie,CCIW_Hamilton_Harbour,0.06,CTD_profile,Currie_CCIW_Hamilton_Harbour_0.06_CTD_profile,YSI_EXO2,1.42,91.4,12.82,305.7,361,2.74,
Currie,CCIW_Hamilton_Harbour,0.06,CTD_profile,Currie_CCIW_Hamilton_Harbour_0.06_CTD_profile,YSI_EXO2,1.42,91.7,12.85,305.7,362,2.84,
Currie,CCIW_Hamilton_Harbour,0.07,CTD_profile,Currie_CCIW_Hamilton_Harbour_0.07_CTD_profile,YSI_EXO2,1.42,91.8,12.88,305.7,362,3.07,
Currie,CCIW_Hamilton_Harbour,0.07,CTD_profile,Currie_CCIW_Hamilton_Harbour_0.07_CTD_profile,YSI_EXO2,1.42,92,12.9,305.7,362,3.26,
Currie,CCIW_Hamilton_Harbour,0.07,CTD_profile,Currie_CCIW_Hamilton_Harbour_0.07_CTD_profile,YSI_EXO2,1.41,92.1,12.92,305.7,362,3.56,
Currie,CCIW_Hamilton_Harbour,0.07,CTD_profile,Currie_CCIW_Hamilton_Harbour_0.07_CTD_profile,YSI_EXO2,1.41,92.2,12.93,305.7,362,3.72,
Currie,CCIW_Hamilton_Harbour,0.08,CTD_profile,Currie_CCIW_Hamilton_Harbour_0.08_CTD_profile,YSI_EXO2,1.4,92.3,12.95,305.7,362,4,
Currie,CCIW_Hamilton_Harbour,0.08,CTD_profile,Currie_CCIW_Hamilton_Harbour_0.08_CTD_profile,YSI_EXO2,1.4,92.4,12.96,305.5,362,4.15,
Currie,CCIW_Hamilton_Harbour,0.09,CTD_profile,Currie_CCIW_Hamilton_Harbour_0.09_CTD_profile,YSI_EXO2,1.39,92.4,12.97,305.4,362,4.39,
Currie,CCIW_Hamilton_Harbour,0.09,CTD_profile,Currie_CCIW_Hamilton_Harbour_0.09_CTD_profile,YSI_EXO2,1.38,92.5,12.98,305.3,361,4.48,
Currie,CCIW_Hamilton_Harbour,0.09,CTD_profile,Currie_CCIW_Hamilton_Harbour_0.09_CTD_profile,YSI_EXO2,1.38,92.6,13,305.1,361,4.6,
Currie,CCIW_Hamilton_Harbour,0.1,CTD_profile,Currie_CCIW_Hamilton_Harbour_0.1_CTD_profile,YSI_EXO2,1.38,92.6,13.01,305,361,4.64,
Currie,CCIW_Hamilton_Harbour,0.1,CTD_profile,Currie_CCIW_Hamilton_Harbour_0.1_CTD_profile,YSI_EXO2,1.37,92.7,13.02,304.9,361,4.66,
Currie,CCIW_Hamilton_Harbour,0.11,CTD_profile,Currie_CCIW_Hamilton_Harbour_0.11_CTD_profile,YSI_EXO2,1.37,92.8,13.03,304.8,361,4.71,
Currie,CCIW_Hamilton_Harbour,0.11,CTD_profile,Currie_CCIW_Hamilton_Harbour_0.11_CTD_profile,YSI_EXO2,1.36,92.8,13.04,304.6,361,4.74,
Currie,CCIW_Hamilton_Harbour,0.11,CTD_profile,Currie_CCIW_Hamilton_Harbour_0.11_CTD_profile,YSI_EXO2,1.36,92.9,13.05,304.5,361,4.75,
Currie,CCIW_Hamilton_Harbour,0.12,CTD_profile,Currie_CCIW_Hamilton_Harbour_0.12_CTD_profile,YSI_EXO2,1.36,93,13.06,304.4,361,4.78,
Currie,CCIW_Hamilton_Harbour,0.12,CTD_profile,Currie_CCIW_Hamilton_Harbour_0.12_CTD_profile,YSI_EXO2,1.35,93,13.07,304.3,361,4.8,
Currie,CCIW_Hamilton_Harbour,0.12,CTD_profile,Currie_CCIW_Hamilton_Harbour_0.12_CTD_profile,YSI_EXO2,1.34,93.1,13.08,304.1,361,4.78,
Currie,CCIW_Hamilton_Harbour,0.13,CTD_profile,Currie_CCIW_Hamilton_Harbour_0.13_CTD_profile,YSI_EXO2,1.33,93.1,13.09,304,361,4.74,
Currie,CCIW_Hamilton_Harbour,0.14,CTD_profile,Currie_CCIW_Hamilton_Harbour_0.14_CTD_profile,YSI_EXO2,1.32,93.2,13.1,303.9,361,4.83,
Currie,CCIW_Hamilton_Harbour,0.14,CTD_profile,Currie_CCIW_Hamilton_Harbour_0.14_CTD_profile,YSI_EXO2,1.31,93.3,13.13,303.9,361,4.84,
Currie,CCIW_Hamilton_Harbour,0.14,CTD_profile,Currie_CCIW_Hamilton_Harbour_0.14_CTD_profile,YSI_EXO2,1.3,93.5,13.16,303.8,361,4.84,
Currie,CCIW_Hamilton_Harbour,0.15,CTD_profile,Currie_CCIW_Hamilton_Harbour_0.15_CTD_profile,YSI_EXO2,1.3,93.6,13.18,303.7,361,4.94,
Currie,CCIW_Hamilton_Harbour,0.15,CTD_profile,Currie_CCIW_Hamilton_Harbour_0.15_CTD_profile,YSI_EXO2,1.3,93.8,13.2,303.6,361,4.98,
Currie,CCIW_Hamilton_Harbour,0.16,CTD_profile,Currie_CCIW_Hamilton_Harbour_0.16_CTD_profile,YSI_EXO2,1.3,93.9,13.22,303.5,360,4.97,
Currie,CCIW_Hamilton_Harbour,0.16,CTD_profile,Currie_CCIW_Hamilton_Harbour_0.16_CTD_profile,YSI_EXO2,1.29,94.1,13.24,303.4,360,4.93,
Currie,CCIW_Hamilton_Harbour,0.17,CTD_profile,Currie_CCIW_Hamilton_Harbour_0.17_CTD_profile,YSI_EXO2,1.29,94.2,13.25,303.3,360,5,
Currie,CCIW_Hamilton_Harbour,0.17,CTD_profile,Currie_CCIW_Hamilton_Harbour_0.17_CTD_profile,YSI_EXO2,1.29,94.3,13.27,303.2,360,5.03,
Currie,CCIW_Hamilton_Harbour,0.18,CTD_profile,Currie_CCIW_Hamilton_Harbour_0.18_CTD_profile,YSI_EXO2,1.28,94.4,13.29,303.1,360,5.12,
Currie,CCIW_Hamilton_Harbour,0.18,CTD_profile,Currie_CCIW_Hamilton_Harbour_0.18_CTD_profile,YSI_EXO2,1.28,94.5,13.31,303,360,5.16,
Currie,CCIW_Hamilton_Harbour,0.19,CTD_profile,Currie_CCIW_Hamilton_Harbour_0.19_CTD_profile,YSI_EXO2,1.28,94.6,13.32,303,360,5.13,
Currie,CCIW_Hamilton_Harbour,0.19,CTD_profile,Currie_CCIW_Hamilton_Harbour_0.19_CTD_profile,YSI_EXO2,1.28,94.7,13.34,302.9,360,5.18,
Currie,CCIW_Hamilton_Harbour,0.2,CTD_profile,Currie_CCIW_Hamilton_Harbour_0.2_CTD_profile,YSI_EXO2,1.28,94.9,13.36,302.9,360,5.08,
Currie,CCIW_Hamilton_Harbour,0.2,CTD_profile,Currie_CCIW_Hamilton_Harbour_0.2_CTD_profile,YSI_EXO2,1.29,95,13.37,302.9,360,5.11,
Currie,CCIW_Hamilton_Harbour,0.21,CTD_profile,Currie_CCIW_Hamilton_Harbour_0.21_CTD_profile,YSI_EXO2,1.29,95.1,13.39,303,360,5.09,
Currie,CCIW_Hamilton_Harbour,0.21,CTD_profile,Currie_CCIW_Hamilton_Harbour_0.21_CTD_profile,YSI_EXO2,1.29,95.2,13.4,303,360,5,
Currie,CCIW_Hamilton_Harbour,0.21,CTD_profile,Currie_CCIW_Hamilton_Harbour_0.21_CTD_profile,YSI_EXO2,1.29,95.3,13.42,303,360,5.1,
Currie,CCIW_Hamilton_Harbour,0.22,CTD_profile,Currie_CCIW_Hamilton_Harbour_0.22_CTD_profile,YSI_EXO2,1.28,95.4,13.43,303,360,5.07,
Currie,CCIW_Hamilton_Harbour,0.22,CTD_profile,Currie_CCIW_Hamilton_Harbour_0.22_CTD_profile,YSI_EXO2,1.28,95.5,13.45,303.1,360,5.12,
Currie,CCIW_Hamilton_Harbour,0.23,CTD_profile,Currie_CCIW_Hamilton_Harbour_0.23_CTD_profile,YSI_EXO2,1.28,95.6,13.46,303.1,360,5.14,
Currie,CCIW_Hamilton_Harbour,0.23,CTD_profile,Currie_CCIW_Hamilton_Harbour_0.23_CTD_profile,YSI_EXO2,1.28,95.7,13.48,303.2,360,5.25,
Currie,CCIW_Hamilton_Harbour,0.23,CTD_profile,Currie_CCIW_Hamilton_Harbour_0.23_CTD_profile,YSI_EXO2,1.33,96.5,13.6,115.6,137,4.91,
Currie,CCIW_Hamilton_Harbour,0.24,CTD_profile,Currie_CCIW_Hamilton_Harbour_0.24_CTD_profile,YSI_EXO2,1.28,95.8,13.49,303.2,360,5.15,
Currie,CCIW_Hamilton_Harbour,0.24,CTD_profile,Currie_CCIW_Hamilton_Harbour_0.24_CTD_profile,YSI_EXO2,1.28,95.9,13.5,303.3,360,5.14,
Currie,CCIW_Hamilton_Harbour,0.24,CTD_profile,Currie_CCIW_Hamilton_Harbour_0.24_CTD_profile,YSI_EXO2,1.28,96,13.52,121,144,5.1,
Currie,CCIW_Hamilton_Harbour,0.24,CTD_profile,Currie_CCIW_Hamilton_Harbour_0.24_CTD_profile,YSI_EXO2,1.29,96.1,13.53,51.8,62,4.97,
Currie,CCIW_Hamilton_Harbour,0.24,CTD_profile,Currie_CCIW_Hamilton_Harbour_0.24_CTD_profile,YSI_EXO2,1.29,96.2,13.56,23.9,28,4.97,
Currie,CCIW_Hamilton_Harbour,0.24,CTD_profile,Currie_CCIW_Hamilton_Harbour_0.24_CTD_profile,YSI_EXO2,1.3,96.3,13.58,16.5,20,5.02,
Currie,CCIW_Hamilton_Harbour,0.24,CTD_profile,Currie_CCIW_Hamilton_Harbour_0.24_CTD_profile,YSI_EXO2,1.32,96.4,13.59,12.6,15,4.95,
Currie,CCIW_Hamilton_Harbour,0.24,CTD_profile,Currie_CCIW_Hamilton_Harbour_0.24_CTD_profile,YSI_EXO2,1.33,96.5,13.6,194.3,231,4.79,
Currie,CCIW_Hamilton_Harbour,0.24,CTD_profile,Currie_CCIW_Hamilton_Harbour_0.24_CTD_profile,YSI_EXO2,1.33,96.6,13.6,274.4,326,4.69,
Currie,CCIW_Hamilton_Harbour,0.24,CTD_profile,Currie_CCIW_Hamilton_Harbour_0.24_CTD_profile,YSI_EXO2,1.32,96.7,13.6,293.8,349,4.57,
Currie,CCIW_Hamilton_Harbour,0.24,CTD_profile,Currie_CCIW_Hamilton_Harbour_0.24_CTD_profile,YSI_EXO2,1.32,96.7,13.6,298.2,354,4.48,
Currie,CCIW_Hamilton_Harbour,0.24,CTD_profile,Currie_CCIW_Hamilton_Harbour_0.24_CTD_profile,YSI_EXO2,1.32,96.8,13.61,300,356,4.33,
Currie,CCIW_Hamilton_Harbour,0.25,CTD_profile,Currie_CCIW_Hamilton_Harbour_0.25_CTD_profile,YSI_EXO2,1.32,96.8,13.62,300.7,357,4.32,
Currie,CCIW_Hamilton_Harbour,0.25,CTD_profile,Currie_CCIW_Hamilton_Harbour_0.25_CTD_profile,YSI_EXO2,1.31,96.9,13.63,301,357,4.34,
Currie,CCIW_Hamilton_Harbour,0.26,CTD_profile,Currie_CCIW_Hamilton_Harbour_0.26_CTD_profile,YSI_EXO2,1.3,96.9,13.64,301.3,358,4.44,
Currie,CCIW_Hamilton_Harbour,0.26,CTD_profile,Currie_CCIW_Hamilton_Harbour_0.26_CTD_profile,YSI_EXO2,1.3,97,13.64,301.3,358,4.57,
Currie,CCIW_Hamilton_Harbour,0.27,CTD_profile,Currie_CCIW_Hamilton_Harbour_0.27_CTD_profile,YSI_EXO2,1.29,97,13.65,301.3,358,4.54,
Currie,CCIW_Hamilton_Harbour,0.27,CTD_profile,Currie_CCIW_Hamilton_Harbour_0.27_CTD_profile,YSI_EXO2,1.29,97.1,13.66,301.2,358,4.58,
Currie,CCIW_Hamilton_Harbour,0.28,CTD_profile,Currie_CCIW_Hamilton_Harbour_0.28_CTD_profile,YSI_EXO2,1.28,97.1,13.67,301.2,358,4.47,
Currie,CCIW_Hamilton_Harbour,0.29,CTD_profile,Currie_CCIW_Hamilton_Harbour_0.29_CTD_profile,YSI_EXO2,1.27,97.2,13.68,301.2,358,4.47,
Currie,CCIW_Hamilton_Harbour,0.3,CTD_profile,Currie_CCIW_Hamilton_Harbour_0.3_CTD_profile,YSI_EXO2,1.27,97.2,13.69,301.2,358,4.38,
Currie,CCIW_Hamilton_Harbour,0.31,CTD_profile,Currie_CCIW_Hamilton_Harbour_0.31_CTD_profile,YSI_EXO2,1.27,97.3,13.7,301.2,358,4.41,
Currie,CCIW_Hamilton_Harbour,0.31,CTD_profile,Currie_CCIW_Hamilton_Harbour_0.31_CTD_profile,YSI_EXO2,1.27,97.3,13.71,301.3,358,4.43,
Currie,CCIW_Hamilton_Harbour,0.32,CTD_profile,Currie_CCIW_Hamilton_Harbour_0.32_CTD_profile,YSI_EXO2,1.26,97.4,13.71,301.3,358,4.52,
Currie,CCIW_Hamilton_Harbour,0.33,CTD_profile,Currie_CCIW_Hamilton_Harbour_0.33_CTD_profile,YSI_EXO2,1.26,97.4,13.72,301.4,358,4.58,
Currie,CCIW_Hamilton_Harbour,1.07,CTD_profile,Currie_CCIW_Hamilton_Harbour_1.07_CTD_profile,YSI_EXO2,1.26,97.5,13.73,301.4,358,4.69,
Currie,CCIW_Hamilton_Harbour,1.13,CTD_profile,Currie_CCIW_Hamilton_Harbour_1.13_CTD_profile,YSI_EXO2,1.26,97.5,13.74,301.5,359,4.62,
Currie,CCIW_Hamilton_Harbour,1.17,CTD_profile,Currie_CCIW_Hamilton_Harbour_1.17_CTD_profile,YSI_EXO2,1.26,97.6,13.74,301.5,359,4.81,
Currie,CCIW_Hamilton_Harbour,1.27,CTD_profile,Currie_CCIW_Hamilton_Harbour_1.27_CTD_profile,YSI_EXO2,1.26,97.6,13.75,301.6,359,4.86,
Currie,CCIW_Hamilton_Harbour,1.37,CTD_profile,Currie_CCIW_Hamilton_Harbour_1.37_CTD_profile,YSI_EXO2,1.25,97.6,13.75,301.6,359,5.03,
Currie,CCIW_Hamilton_Harbour,1.48,CTD_profile,Currie_CCIW_Hamilton_Harbour_1.48_CTD_profile,YSI_EXO2,1.23,97.6,13.76,301.7,359,5.09,
Currie,CCIW_Hamilton_Harbour,1.54,CTD_profile,Currie_CCIW_Hamilton_Harbour_1.54_CTD_profile,YSI_EXO2,1.22,97.7,13.77,301.7,359,5.25,
Currie,CCIW_Hamilton_Harbour,1.55,CTD_profile,Currie_CCIW_Hamilton_Harbour_1.55_CTD_profile,YSI_EXO2,1.21,97.7,13.77,301.7,360,5.34,
Currie,CCIW_Hamilton_Harbour,1.57,CTD_profile,Currie_CCIW_Hamilton_Harbour_1.57_CTD_profile,YSI_EXO2,1.2,97.7,13.78,301.8,360,5.45,
Currie,CCIW_Hamilton_Harbour,1.59,CTD_profile,Currie_CCIW_Hamilton_Harbour_1.59_CTD_profile,YSI_EXO2,1.2,97.8,13.8,301.8,360,5.5,
Currie,CCIW_Hamilton_Harbour,1.63,CTD_profile,Currie_CCIW_Hamilton_Harbour_1.63_CTD_profile,YSI_EXO2,1.2,97.8,13.81,301.9,360,5.63,
Currie,CCIW_Hamilton_Harbour,1.66,CTD_profile,Currie_CCIW_Hamilton_Harbour_1.66_CTD_profile,YSI_EXO2,1.21,97.9,13.81,301.9,360,5.75,
Currie,CCIW_Hamilton_Harbour,1.68,CTD_profile,Currie_CCIW_Hamilton_Harbour_1.68_CTD_profile,YSI_EXO2,1.21,97.9,13.82,302,360,5.2,
Currie,CCIW_Hamilton_Harbour,1.71,CTD_profile,Currie_CCIW_Hamilton_Harbour_1.71_CTD_profile,YSI_EXO2,1.21,98,13.83,302,360,7.75,
Currie,CCIW_Hamilton_Harbour,1.73,CTD_profile,Currie_CCIW_Hamilton_Harbour_1.73_CTD_profile,YSI_EXO2,1.21,98,13.83,302.1,360,7.15,
Currie,CCIW_Hamilton_Harbour,1.76,CTD_profile,Currie_CCIW_Hamilton_Harbour_1.76_CTD_profile,YSI_EXO2,1.21,98.1,13.84,302.1,360,5.11,
Currie,CCIW_Hamilton_Harbour,1.79,CTD_profile,Currie_CCIW_Hamilton_Harbour_1.79_CTD_profile,YSI_EXO2,1.21,98.1,13.85,302.1,360,8.3,
Currie,CCIW_Hamilton_Harbour,1.82,CTD_profile,Currie_CCIW_Hamilton_Harbour_1.82_CTD_profile,YSI_EXO2,1.22,98.2,13.86,302.2,360,7.98,
Currie,CCIW_Hamilton_Harbour,1.86,CTD_profile,Currie_CCIW_Hamilton_Harbour_1.86_CTD_profile,YSI_EXO2,1.22,98.3,13.86,302.2,360,7.98,
Currie,CCIW_Hamilton_Harbour,1.89,CTD_profile,Currie_CCIW_Hamilton_Harbour_1.89_CTD_profile,YSI_EXO2,1.22,98.3,13.87,302.3,360,7.98,
Currie,CCIW_Hamilton_Harbour,1.91,CTD_profile,Currie_CCIW_Hamilton_Harbour_1.91_CTD_profile,YSI_EXO2,1.23,98.4,13.88,302.4,360,7.98,
Currie,CCIW_Hamilton_Harbour,1.95,CTD_profile,Currie_CCIW_Hamilton_Harbour_1.95_CTD_profile,YSI_EXO2,1.23,98.4,13.88,302.4,360,7.87,
Currie,CCIW_Hamilton_Harbour,1.98,CTD_profile,Currie_CCIW_Hamilton_Harbour_1.98_CTD_profile,YSI_EXO2,1.24,98.5,13.89,302.4,360,7.92,
Currie,CCIW_Hamilton_Harbour,2.02,CTD_profile,Currie_CCIW_Hamilton_Harbour_2.02_CTD_profile,YSI_EXO2,1.24,98.5,13.89,302.5,360,7.92,
Currie,CCIW_Hamilton_Harbour,2.06,CTD_profile,Currie_CCIW_Hamilton_Harbour_2.06_CTD_profile,YSI_EXO2,1.25,98.6,13.9,302.5,360,8.12,
Currie,CCIW_Hamilton_Harbour,2.09,CTD_profile,Currie_CCIW_Hamilton_Harbour_2.09_CTD_profile,YSI_EXO2,1.25,98.6,13.9,302.6,360,8.28,
Currie,CCIW_Hamilton_Harbour,2.99,CTD_profile,Currie_CCIW_Hamilton_Harbour_2.99_CTD_profile,YSI_EXO2,1.26,98.7,13.91,302.6,360,8.29,
Currie,CCIW_Hamilton_Harbour,3.1,CTD_profile,Currie_CCIW_Hamilton_Harbour_3.1_CTD_profile,YSI_EXO2,1.26,98.7,13.91,302.7,360,8.42,
Currie,CCIW_Hamilton_Harbour,3.18,CTD_profile,Currie_CCIW_Hamilton_Harbour_3.18_CTD_profile,YSI_EXO2,1.27,98.8,13.92,302.8,360,8.41,
Currie,CCIW_Hamilton_Harbour,3.25,CTD_profile,Currie_CCIW_Hamilton_Harbour_3.25_CTD_profile,YSI_EXO2,1.27,98.9,13.93,303,360,8.53,
Currie,CCIW_Hamilton_Harbour,3.32,CTD_profile,Currie_CCIW_Hamilton_Harbour_3.32_CTD_profile,YSI_EXO2,1.28,98.9,13.93,303.2,360,11.52,
Currie,CCIW_Hamilton_Harbour,3.4,CTD_profile,Currie_CCIW_Hamilton_Harbour_3.4_CTD_profile,YSI_EXO2,1.29,99,13.94,303.5,360,10.28,
Currie,CCIW_Hamilton_Harbour,3.4,CTD_profile,Currie_CCIW_Hamilton_Harbour_3.4_CTD_profile,YSI_EXO2,1.3,99,13.95,303.8,361,6.54,
Currie,CCIW_Hamilton_Harbour,3.42,CTD_profile,Currie_CCIW_Hamilton_Harbour_3.42_CTD_profile,YSI_EXO2,1.31,99.1,13.95,304,361,7.16,
Currie,CCIW_Hamilton_Harbour,3.45,CTD_profile,Currie_CCIW_Hamilton_Harbour_3.45_CTD_profile,YSI_EXO2,1.33,99.2,13.96,304.3,361,6.7,
Currie,CCIW_Hamilton_Harbour,3.46,CTD_profile,Currie_CCIW_Hamilton_Harbour_3.46_CTD_profile,YSI_EXO2,1.34,99.2,13.96,304.7,361,11.19,
Currie,CCIW_Hamilton_Harbour,3.49,CTD_profile,Currie_CCIW_Hamilton_Harbour_3.49_CTD_profile,YSI_EXO2,1.35,99.3,13.97,305.2,362,14.63,
Currie,CCIW_Hamilton_Harbour,3.51,CTD_profile,Currie_CCIW_Hamilton_Harbour_3.51_CTD_profile,YSI_EXO2,1.37,99.4,13.98,305.9,362,7.93,
Currie,CCIW_Hamilton_Harbour,3.56,CTD_profile,Currie_CCIW_Hamilton_Harbour_3.56_CTD_profile,YSI_EXO2,1.38,99.5,13.98,343,406,11.73,
Currie,CCIW_Hamilton_Harbour,3.63,CTD_profile,Currie_CCIW_Hamilton_Harbour_3.63_CTD_profile,YSI_EXO2,1.4,99.5,13.98,345.5,409,12.4,
Currie,CCIW_Hamilton_Harbour,3.69,CTD_profile,Currie_CCIW_Hamilton_Harbour_3.69_CTD_profile,YSI_EXO2,1.41,99.6,13.98,347.5,411,11.1,
Currie,CCIW_Hamilton_Harbour,3.76,CTD_profile,Currie_CCIW_Hamilton_Harbour_3.76_CTD_profile,YSI_EXO2,1.43,99.7,13.99,348.1,412,13.41,
Currie,CCIW_Hamilton_Harbour,3.83,CTD_profile,Currie_CCIW_Hamilton_Harbour_3.83_CTD_profile,YSI_EXO2,1.45,99.7,13.99,348.1,411,10.59,
Currie,CCIW_Hamilton_Harbour,3.86,CTD_profile,Currie_CCIW_Hamilton_Harbour_3.86_CTD_profile,YSI_EXO2,1.46,99.8,13.99,350,413,12.07,
Currie,CCIW_Hamilton_Harbour,3.92,CTD_profile,Currie_CCIW_Hamilton_Harbour_3.92_CTD_profile,YSI_EXO2,1.48,99.8,13.99,351.5,415,12.07,
Currie,CCIW_Hamilton_Harbour,3.96,CTD_profile,Currie_CCIW_Hamilton_Harbour_3.96_CTD_profile,YSI_EXO2,1.49,99.9,13.99,351.6,415,12.07,
Currie,CCIW_Hamilton_Harbour,4.01,CTD_profile,Currie_CCIW_Hamilton_Harbour_4.01_CTD_profile,YSI_EXO2,1.51,100,14,352,415,12.07,
Currie,CCIW_Hamilton_Harbour,4.06,CTD_profile,Currie_CCIW_Hamilton_Harbour_4.06_CTD_profile,YSI_EXO2,1.53,100,14,352.6,415,12.15,
Currie,CCIW_Hamilton_Harbour,4.92,CTD_profile,Currie_CCIW_Hamilton_Harbour_4.92_CTD_profile,YSI_EXO2,1.54,100.1,14,353.4,416,12.23,
Currie,CCIW_Hamilton_Harbour,5.09,CTD_profile,Currie_CCIW_Hamilton_Harbour_5.09_CTD_profile,YSI_EXO2,1.56,100.2,14.01,354,417,12.25,
Currie,CCIW_Hamilton_Harbour,5.18,CTD_profile,Currie_CCIW_Hamilton_Harbour_5.18_CTD_profile,YSI_EXO2,1.58,100.2,14.01,354.8,417,14.37,
Currie,CCIW_Hamilton_Harbour,5.27,CTD_profile,Currie_CCIW_Hamilton_Harbour_5.27_CTD_profile,YSI_EXO2,1.61,100.3,14.01,355.6,418,10.82,
Currie,CCIW_Hamilton_Harbour,5.42,CTD_profile,Currie_CCIW_Hamilton_Harbour_5.42_CTD_profile,YSI_EXO2,1.62,100.4,14.01,356.3,418,11.58,
Currie,CCIW_Hamilton_Harbour,5.48,CTD_profile,Currie_CCIW_Hamilton_Harbour_5.48_CTD_profile,YSI_EXO2,1.65,100.5,14.01,357.1,419,13.32,
Currie,CCIW_Hamilton_Harbour,5.49,CTD_profile,Currie_CCIW_Hamilton_Harbour_5.49_CTD_profile,YSI_EXO2,1.67,100.5,14.02,357.6,419,13.07,
Currie,CCIW_Hamilton_Harbour,5.5,CTD_profile,Currie_CCIW_Hamilton_Harbour_5.5_CTD_profile,YSI_EXO2,1.69,100.6,14.02,358.1,420,11.96,
Currie,CCIW_Hamilton_Harbour,5.52,CTD_profile,Currie_CCIW_Hamilton_Harbour_5.52_CTD_profile,YSI_EXO2,1.71,100.6,14.01,358.7,420,13.72,
Currie,CCIW_Hamilton_Harbour,5.57,CTD_profile,Currie_CCIW_Hamilton_Harbour_5.57_CTD_profile,YSI_EXO2,1.73,100.7,14.01,359.2,420,10.72,
Currie,CCIW_Hamilton_Harbour,5.61,CTD_profile,Currie_CCIW_Hamilton_Harbour_5.61_CTD_profile,YSI_EXO2,1.75,100.7,14.01,359.6,421,9.76,
Currie,CCIW_Hamilton_Harbour,5.67,CTD_profile,Currie_CCIW_Hamilton_Harbour_5.67_CTD_profile,YSI_EXO2,1.77,100.8,14.02,360.4,421,11.92,
Currie,CCIW_Hamilton_Harbour,5.73,CTD_profile,Currie_CCIW_Hamilton_Harbour_5.73_CTD_profile,YSI_EXO2,1.8,100.9,14.01,361.3,422,12.57,
Currie,CCIW_Hamilton_Harbour,5.81,CTD_profile,Currie_CCIW_Hamilton_Harbour_5.81_CTD_profile,YSI_EXO2,1.82,100.9,14.01,362.2,422,12.37,
Currie,CCIW_Hamilton_Harbour,6.7,CTD_profile,Currie_CCIW_Hamilton_Harbour_6.7_CTD_profile,YSI_EXO2,1.85,100.9,14.01,362.8,423,12.45,
Currie,CCIW_Hamilton_Harbour,6.8,CTD_profile,Currie_CCIW_Hamilton_Harbour_6.8_CTD_profile,YSI_EXO2,1.88,101,14,363.7,423,11.8,
Currie,CCIW_Hamilton_Harbour,6.91,CTD_profile,Currie_CCIW_Hamilton_Harbour_6.91_CTD_profile,YSI_EXO2,1.9,101,14,364.5,424,11.8,
Currie,CCIW_Hamilton_Harbour,7.05,CTD_profile,Currie_CCIW_Hamilton_Harbour_7.05_CTD_profile,YSI_EXO2,1.92,101,13.99,365.3,425,11.8,
Currie,CCIW_Hamilton_Harbour,7.18,CTD_profile,Currie_CCIW_Hamilton_Harbour_7.18_CTD_profile,YSI_EXO2,1.95,101,13.98,365.9,425,11.77,
Currie,CCIW_Hamilton_Harbour,7.36,CTD_profile,Currie_CCIW_Hamilton_Harbour_7.36_CTD_profile,YSI_EXO2,1.97,101,13.98,366.6,425,11.55,
Currie,CCIW_Hamilton_Harbour,7.41,CTD_profile,Currie_CCIW_Hamilton_Harbour_7.41_CTD_profile,YSI_EXO2,1.99,101.1,13.97,367.2,426,10.35,
Currie,CCIW_Hamilton_Harbour,7.42,CTD_profile,Currie_CCIW_Hamilton_Harbour_7.42_CTD_profile,YSI_EXO2,2.01,101.1,13.96,367.8,426,15.54,
Currie,CCIW_Hamilton_Harbour,7.47,CTD_profile,Currie_CCIW_Hamilton_Harbour_7.47_CTD_profile,YSI_EXO2,2.04,101.1,13.95,368.3,427,14.34,
Currie,CCIW_Hamilton_Harbour,7.52,CTD_profile,Currie_CCIW_Hamilton_Harbour_7.52_CTD_profile,YSI_EXO2,2.06,101.1,13.94,369.2,427,10.64,
Currie,CCIW_Hamilton_Harbour,7.63,CTD_profile,Currie_CCIW_Hamilton_Harbour_7.63_CTD_profile,YSI_EXO2,2.08,101.1,13.94,370.5,428,10.18,
Currie,CCIW_Hamilton_Harbour,7.75,CTD_profile,Currie_CCIW_Hamilton_Harbour_7.75_CTD_profile,YSI_EXO2,2.1,101.1,13.92,371.7,429,10.39,
Currie,CCIW_Hamilton_Harbour,7.83,CTD_profile,Currie_CCIW_Hamilton_Harbour_7.83_CTD_profile,YSI_EXO2,2.13,101,13.91,372.6,430,9.07,
Currie,CCIW_Hamilton_Harbour,7.95,CTD_profile,Currie_CCIW_Hamilton_Harbour_7.95_CTD_profile,YSI_EXO2,2.15,101,13.9,373.8,431,9.07,
Currie,CCIW_Hamilton_Harbour,8.02,CTD_profile,Currie_CCIW_Hamilton_Harbour_8.02_CTD_profile,YSI_EXO2,2.16,101,13.89,374.9,432,9.2,
Currie,CCIW_Hamilton_Harbour,8.11,CTD_profile,Currie_CCIW_Hamilton_Harbour_8.11_CTD_profile,YSI_EXO2,2.18,100.9,13.87,376,433,15.62,
Currie,CCIW_Hamilton_Harbour,8.15,CTD_profile,Currie_CCIW_Hamilton_Harbour_8.15_CTD_profile,YSI_EXO2,2.2,100.9,13.86,376.7,434,13.62,
Currie,CCIW_Hamilton_Harbour,8.2,CTD_profile,Currie_CCIW_Hamilton_Harbour_8.2_CTD_profile,YSI_EXO2,2.21,100.8,13.85,377.7,435,11.22,
Currie,CCIW_Hamilton_Harbour,8.23,CTD_profile,Currie_CCIW_Hamilton_Harbour_8.23_CTD_profile,YSI_EXO2,2.22,100.8,13.83,378.7,436,12.76,
Doubek,Saint_Martin_Bay_SM-LH,0.1,CTD_profile,Doubek_Saint_Martin_Bay_SM-LH_0.1_CTD_profile,HydroLab_Minisonde_5,0.49,96.9,13.83,216.1,NA,NA,
Doubek,Saint_Martin_Bay_SM-LH,0.25,CTD_profile,Doubek_Saint_Martin_Bay_SM-LH_0.25_CTD_profile,HydroLab_Minisonde_5,0.43,94,13.41,217.3,NA,NA,
Doubek,Saint_Martin_Bay_SM-LH,0.5,CTD_profile,Doubek_Saint_Martin_Bay_SM-LH_0.5_CTD_profile,HydroLab_Minisonde_5,0.56,92.1,13.14,216.2,NA,NA,
Doubek,Saint_Martin_Bay_SM-LH,0.75,CTD_profile,Doubek_Saint_Martin_Bay_SM-LH_0.75_CTD_profile,HydroLab_Minisonde_5,0.55,92.8,13.31,217,NA,NA,
Doubek,Saint_Martin_Bay_SM-LH,1,CTD_profile,Doubek_Saint_Martin_Bay_SM-LH_1_CTD_profile,HydroLab_Minisonde_5,0.45,92.1,13.33,218.2,NA,NA,
Doubek,Saint_Martin_Bay_SM-LH,1.25,CTD_profile,Doubek_Saint_Martin_Bay_SM-LH_1.25_CTD_profile,HydroLab_Minisonde_5,0.58,91,12.97,216.3,NA,NA,
Doubek,Saint_Martin_Bay_SM-LH,1.5,CTD_profile,Doubek_Saint_Martin_Bay_SM-LH_1.5_CTD_profile,HydroLab_Minisonde_5,0.63,90.5,12.97,217,NA,NA,
Doubek,Saint_Martin_Bay_SM-LH,1.75,CTD_profile,Doubek_Saint_Martin_Bay_SM-LH_1.75_CTD_profile,HydroLab_Minisonde_5,0.62,91.3,13.04,217.3,NA,NA,
Doubek,Saint_Martin_Bay_SM-LH,2,CTD_profile,Doubek_Saint_Martin_Bay_SM-LH_2_CTD_profile,HydroLab_Minisonde_5,0.67,89.2,12.73,217.4,NA,NA,
Doubek,Saint_Martin_Bay_SM-LH,2.25,CTD_profile,Doubek_Saint_Martin_Bay_SM-LH_2.25_CTD_profile,HydroLab_Minisonde_5,0.72,89.1,12.8,218.5,NA,NA,
Doubek,Saint_Martin_Bay_SM-LH,2.5,CTD_profile,Doubek_Saint_Martin_Bay_SM-LH_2.5_CTD_profile,HydroLab_Minisonde_5,0.76,89.2,12.88,218.1,NA,NA,
Doubek,Saint_Martin_Bay_SM-LH,2.75,CTD_profile,Doubek_Saint_Martin_Bay_SM-LH_2.75_CTD_profile,HydroLab_Minisonde_5,0.73,89.8,12.9,216,NA,NA,
Doubek,Saint_Martin_Bay_SM-LH,3,CTD_profile,Doubek_Saint_Martin_Bay_SM-LH_3_CTD_profile,HydroLab_Minisonde_5,0.7,90.2,12.94,216.1,NA,NA,
Doubek,Saint_Martin_Bay_SM-LH,3.25,CTD_profile,Doubek_Saint_Martin_Bay_SM-LH_3.25_CTD_profile,HydroLab_Minisonde_5,0.79,90.4,12.98,216.9,NA,NA,
Doubek,Saint_Martin_Bay_SM-LH,3.5,CTD_profile,Doubek_Saint_Martin_Bay_SM-LH_3.5_CTD_profile,HydroLab_Minisonde_5,0.86,91.5,13.09,218.4,NA,NA,
Doubek,Saint_Martin_Bay_SM-LH,3.75,CTD_profile,Doubek_Saint_Martin_Bay_SM-LH_3.75_CTD_profile,HydroLab_Minisonde_5,0.89,90,12.83,216.8,NA,NA,
Doubek,Saint_Martin_Bay_SM-LH,4,CTD_profile,Doubek_Saint_Martin_Bay_SM-LH_4_CTD_profile,HydroLab_Minisonde_5,0.92,90.3,12.97,223.3,NA,NA,
Doubek,Saint_Martin_Bay_SM-LH,4.25,CTD_profile,Doubek_Saint_Martin_Bay_SM-LH_4.25_CTD_profile,HydroLab_Minisonde_5,0.97,90.1,12.85,225,NA,NA,
Doubek,Saint_Martin_Bay_SM-LH,4.5,CTD_profile,Doubek_Saint_Martin_Bay_SM-LH_4.5_CTD_profile,HydroLab_Minisonde_5,1.21,91.1,13.01,227,NA,NA,
Doubek,Saint_Martin_Bay_SM-LH,4.75,CTD_profile,Doubek_Saint_Martin_Bay_SM-LH_4.75_CTD_profile,HydroLab_Minisonde_5,1.21,91.5,13.02,227.1,NA,NA,
Doubek,Saint_Martin_Bay_SM-LH,5,CTD_profile,Doubek_Saint_Martin_Bay_SM-LH_5_CTD_profile,HydroLab_Minisonde_5,1.22,93.6,13.38,229.3,NA,NA,
Doubek,Saint_Martin_Bay_SM-LH,5.25,CTD_profile,Doubek_Saint_Martin_Bay_SM-LH_5.25_CTD_profile,HydroLab_Minisonde_5,1.12,90.7,12.88,227.2,NA,NA,
Doubek,Saint_Martin_Bay_SM-LH,5.5,CTD_profile,Doubek_Saint_Martin_Bay_SM-LH_5.5_CTD_profile,HydroLab_Minisonde_5,1.05,92.5,13.17,228.7,NA,NA,
Doubek,Saint_Martin_Bay_SM-LH,5.75,CTD_profile,Doubek_Saint_Martin_Bay_SM-LH_5.75_CTD_profile,HydroLab_Minisonde_5,1.15,91.5,13,228.3,NA,NA,
Doubek,Saint_Martin_Bay_SM-LH,6,CTD_profile,Doubek_Saint_Martin_Bay_SM-LH_6_CTD_profile,HydroLab_Minisonde_5,1.05,92.7,13.24,232.1,NA,NA,
Doubek,Saint_Martin_Bay_SM-LH,6.25,CTD_profile,Doubek_Saint_Martin_Bay_SM-LH_6.25_CTD_profile,HydroLab_Minisonde_5,1.06,93.1,13.21,233.3,NA,NA,
Doubek,Saint_Martin_Bay_SM-LH,6.5,CTD_profile,Doubek_Saint_Martin_Bay_SM-LH_6.5_CTD_profile,HydroLab_Minisonde_5,1.12,92.7,13.14,232.3,NA,NA,
Doubek,Saint_Martin_Bay_SM-LH,6.75,CTD_profile,Doubek_Saint_Martin_Bay_SM-LH_6.75_CTD_profile,HydroLab_Minisonde_5,1.07,93.2,13.22,232.2,NA,NA,
Doubek,Saint_Martin_Bay_SM-LH,7,CTD_profile,Doubek_Saint_Martin_Bay_SM-LH_7_CTD_profile,HydroLab_Minisonde_5,1.14,93,13.22,231.1,NA,NA,
Doubek,Saint_Martin_Bay_SM-LH,7.25,CTD_profile,Doubek_Saint_Martin_Bay_SM-LH_7.25_CTD_profile,HydroLab_Minisonde_5,1.1,93.2,13.22,231.5,NA,NA,
Doubek,Saint_Martin_Bay_SM-LH,7.5,CTD_profile,Doubek_Saint_Martin_Bay_SM-LH_7.5_CTD_profile,HydroLab_Minisonde_5,1.15,92.6,13.17,231.3,NA,NA,
Doubek,Saint_Martin_Bay_SM-LH,7.75,CTD_profile,Doubek_Saint_Martin_Bay_SM-LH_7.75_CTD_profile,HydroLab_Minisonde_5,1.34,92,13,230.3,NA,NA,
Doubek,Saint_Martin_Bay_SM-LH,8,CTD_profile,Doubek_Saint_Martin_Bay_SM-LH_8_CTD_profile,HydroLab_Minisonde_5,1.25,94,13.33,231.4,NA,NA,
Doubek,Saint_Martin_Bay_SM-LH,8.25,CTD_profile,Doubek_Saint_Martin_Bay_SM-LH_8.25_CTD_profile,HydroLab_Minisonde_5,1.3,94.2,13.34,230.7,NA,NA,
Doubek,Saint_Martin_Bay_SM-LH,8.5,CTD_profile,Doubek_Saint_Martin_Bay_SM-LH_8.5_CTD_profile,HydroLab_Minisonde_5,1.49,90.4,12.76,229.6,NA,NA,
Doubek,Saint_Martin_Bay_SM-LH,8.75,CTD_profile,Doubek_Saint_Martin_Bay_SM-LH_8.75_CTD_profile,HydroLab_Minisonde_5,1.88,82,11.42,237.7,NA,NA,
Doubek,Saint_Martin_Bay_SM-LH,9,CTD_profile,Doubek_Saint_Martin_Bay_SM-LH_9_CTD_profile,HydroLab_Minisonde_5,2.1,80.5,11.18,239.5,NA,NA,
Doubek,Saint_Martin_Bay_SM-LH,9.25,CTD_profile,Doubek_Saint_Martin_Bay_SM-LH_9.25_CTD_profile,HydroLab_Minisonde_5,2.33,74.3,10.19,236.9,NA,NA,
Doubek,Saint_Martin_Bay_SM-LH,9.5,CTD_profile,Doubek_Saint_Martin_Bay_SM-LH_9.5_CTD_profile,HydroLab_Minisonde_5,2.42,74.5,10.28,237.6,NA,NA,
Doubek,Whitefish_Bay_WB-LS,0.1,CTD_profile,Doubek_Whitefish_Bay_WB-LS_0.1_CTD_profile,HydroLab_Minisonde_5,0.9,101.4,14.91,253.9,NA,NA,
Doubek,Whitefish_Bay_WB-LS,0.25,CTD_profile,Doubek_Whitefish_Bay_WB-LS_0.25_CTD_profile,HydroLab_Minisonde_5,0.9,102,14.99,250.3,NA,NA,
Doubek,Whitefish_Bay_WB-LS,0.5,CTD_profile,Doubek_Whitefish_Bay_WB-LS_0.5_CTD_profile,HydroLab_Minisonde_5,0.9,100.6,14.78,250.7,NA,NA,
Doubek,Whitefish_Bay_WB-LS,0.75,CTD_profile,Doubek_Whitefish_Bay_WB-LS_0.75_CTD_profile,HydroLab_Minisonde_5,0.9,101,14.84,250.6,NA,NA,
Doubek,Whitefish_Bay_WB-LS,1,CTD_profile,Doubek_Whitefish_Bay_WB-LS_1_CTD_profile,HydroLab_Minisonde_5,0.9,92.6,13.54,250.8,NA,NA,
Doubek,Whitefish_Bay_WB-LS,1.25,CTD_profile,Doubek_Whitefish_Bay_WB-LS_1.25_CTD_profile,HydroLab_Minisonde_5,0.9,92.9,13.77,250.4,NA,NA,
Doubek,Whitefish_Bay_WB-LS,1.5,CTD_profile,Doubek_Whitefish_Bay_WB-LS_1.5_CTD_profile,HydroLab_Minisonde_5,0.9,96,14.16,250.3,NA,NA,
Doubek,Whitefish_Bay_WB-LS,1.75,CTD_profile,Doubek_Whitefish_Bay_WB-LS_1.75_CTD_profile,HydroLab_Minisonde_5,0.9,95.5,14.04,250.3,NA,NA,
Doubek,Whitefish_Bay_WB-LS,2,CTD_profile,Doubek_Whitefish_Bay_WB-LS_2_CTD_profile,HydroLab_Minisonde_5,0.9,93.5,13.82,250.3,NA,NA,
Doubek,Whitefish_Bay_WB-LS,2.25,CTD_profile,Doubek_Whitefish_Bay_WB-LS_2.25_CTD_profile,HydroLab_Minisonde_5,0.8,99.6,14.62,250.3,NA,NA,
Doubek,Whitefish_Bay_WB-LS,2.5,CTD_profile,Doubek_Whitefish_Bay_WB-LS_2.5_CTD_profile,HydroLab_Minisonde_5,0.9,99,14.53,250.3,NA,NA,
Doubek,Whitefish_Bay_WB-LS,2.75,CTD_profile,Doubek_Whitefish_Bay_WB-LS_2.75_CTD_profile,HydroLab_Minisonde_5,0.9,98.8,14.54,250.3,NA,NA,
Doubek,Whitefish_Bay_WB-LS,3,CTD_profile,Doubek_Whitefish_Bay_WB-LS_3_CTD_profile,HydroLab_Minisonde_5,0.9,96,14.21,250.3,NA,NA,
Doubek,Whitefish_Bay_WB-LS,3.25,CTD_profile,Doubek_Whitefish_Bay_WB-LS_3.25_CTD_profile,HydroLab_Minisonde_5,0.9,99.2,14.59,250.2,NA,NA,
Doubek,Whitefish_Bay_WB-LS,3.5,CTD_profile,Doubek_Whitefish_Bay_WB-LS_3.5_CTD_profile,HydroLab_Minisonde_5,0.9,98.9,14.5,250.7,NA,NA,
Doubek,Whitefish_Bay_WB-LS,3.75,CTD_profile,Doubek_Whitefish_Bay_WB-LS_3.75_CTD_profile,HydroLab_Minisonde_5,0.9,98.6,14.44,250.6,NA,NA,
Doubek,Whitefish_Bay_WB-LS,4,CTD_profile,Doubek_Whitefish_Bay_WB-LS_4_CTD_profile,HydroLab_Minisonde_5,0.9,96.6,14.24,250.6,NA,NA,
Doubek,Whitefish_Bay_WB-LS,4.25,CTD_profile,Doubek_Whitefish_Bay_WB-LS_4.25_CTD_profile,HydroLab_Minisonde_5,0.9,98.4,14.46,250.5,NA,NA,
Doubek,Whitefish_Bay_WB-LS,4.5,CTD_profile,Doubek_Whitefish_Bay_WB-LS_4.5_CTD_profile,HydroLab_Minisonde_5,0.9,98.5,14.44,250.5,NA,NA,
Doubek,Whitefish_Bay_WB-LS,4.75,CTD_profile,Doubek_Whitefish_Bay_WB-LS_4.75_CTD_profile,HydroLab_Minisonde_5,0.9,98.2,14.44,250.7,NA,NA,
Doubek,Whitefish_Bay_WB-LS,5,CTD_profile,Doubek_Whitefish_Bay_WB-LS_5_CTD_profile,HydroLab_Minisonde_5,0.9,97.1,14.28,250.3,NA,NA,
Doubek,Whitefish_Bay_WB-LS,5.25,CTD_profile,Doubek_Whitefish_Bay_WB-LS_5.25_CTD_profile,HydroLab_Minisonde_5,0.9,98.5,14.44,250.6,NA,NA,
Doubek,Whitefish_Bay_WB-LS,5.5,CTD_profile,Doubek_Whitefish_Bay_WB-LS_5.5_CTD_profile,HydroLab_Minisonde_5,0.9,98,14.38,250.5,NA,NA,
Doubek,Whitefish_Bay_WB-LS,5.75,CTD_profile,Doubek_Whitefish_Bay_WB-LS_5.75_CTD_profile,HydroLab_Minisonde_5,0.9,97.9,14.38,250.5,NA,NA,
Doubek,Whitefish_Bay_WB-LS,6,CTD_profile,Doubek_Whitefish_Bay_WB-LS_6_CTD_profile,HydroLab_Minisonde_5,0.9,96.6,14.22,250.6,NA,NA,
Doubek,Whitefish_Bay_WB-LS,6.25,CTD_profile,Doubek_Whitefish_Bay_WB-LS_6.25_CTD_profile,HydroLab_Minisonde_5,0.9,98.6,14.37,250.9,NA,NA,
Doubek,Whitefish_Bay_WB-LS,6.5,CTD_profile,Doubek_Whitefish_Bay_WB-LS_6.5_CTD_profile,HydroLab_Minisonde_5,0.9,98,14.35,250.8,NA,NA,
Doubek,Whitefish_Bay_WB-LS,6.75,CTD_profile,Doubek_Whitefish_Bay_WB-LS_6.75_CTD_profile,HydroLab_Minisonde_5,0.9,97.8,14.34,251,NA,NA,
Doubek,Whitefish_Bay_WB-LS,7,CTD_profile,Doubek_Whitefish_Bay_WB-LS_7_CTD_profile,HydroLab_Minisonde_5,0.9,96.9,14.28,251.1,NA,NA,
Doubek,Whitefish_Bay_WB-LS,7.25,CTD_profile,Doubek_Whitefish_Bay_WB-LS_7.25_CTD_profile,HydroLab_Minisonde_5,0.9,97.1,14.22,251.1,NA,NA,
Doubek,Whitefish_Bay_WB-LS,7.5,CTD_profile,Doubek_Whitefish_Bay_WB-LS_7.5_CTD_profile,HydroLab_Minisonde_5,0.8,96.8,14.2,251.5,NA,NA,
Doubek,Whitefish_Bay_WB-LS,7.75,CTD_profile,Doubek_Whitefish_Bay_WB-LS_7.75_CTD_profile,HydroLab_Minisonde_5,0.8,97.5,14.34,251.8,NA,NA,
Doubek,Whitefish_Bay_WB-LS,8,CTD_profile,Doubek_Whitefish_Bay_WB-LS_8_CTD_profile,HydroLab_Minisonde_5,0.9,97.2,14.34,251.9,NA,NA,
Doubek,Whitefish_Bay_WB-LS,8.25,CTD_profile,Doubek_Whitefish_Bay_WB-LS_8.25_CTD_profile,HydroLab_Minisonde_5,0.8,96,14.12,251.5,NA,NA,
Doubek,Whitefish_Bay_WB-LS,8.5,CTD_profile,Doubek_Whitefish_Bay_WB-LS_8.5_CTD_profile,HydroLab_Minisonde_5,0.8,96.3,13.94,251.4,NA,NA,
Doubek,Whitefish_Bay_WB-LS,8.75,CTD_profile,Doubek_Whitefish_Bay_WB-LS_8.75_CTD_profile,HydroLab_Minisonde_5,0.8,96.8,13.99,251.7,NA,NA,
Doubek,Whitefish_Bay_WB-LS,9,CTD_profile,Doubek_Whitefish_Bay_WB-LS_9_CTD_profile,HydroLab_Minisonde_5,0.9,97.5,14.33,251.6,NA,NA,
Doubek,Whitefish_Bay_WB-LS,9.25,CTD_profile,Doubek_Whitefish_Bay_WB-LS_9.25_CTD_profile,HydroLab_Minisonde_5,0.6,93.6,13.6,251.4,NA,NA,
Doubek,Whitefish_Bay_WB-LS,9.5,CTD_profile,Doubek_Whitefish_Bay_WB-LS_9.5_CTD_profile,HydroLab_Minisonde_5,0.6,94.8,13.66,251,NA,NA,
Doubek,Whitefish_Bay_WB-LS,9.75,CTD_profile,Doubek_Whitefish_Bay_WB-LS_9.75_CTD_profile,HydroLab_Minisonde_5,0.6,96.3,13.87,250.5,NA,NA,
Doubek,Whitefish_Bay_WB-LS,9.9,CTD_profile,Doubek_Whitefish_Bay_WB-LS_9.9_CTD_profile,HydroLab_Minisonde_5,0.6,96.6,14.08,251.1,NA,NA,
Eveleth,Lorain,0.01,CTD_profile,Eveleth_Lorain_0.01_CTD_profile,YSI_ProDSS,0.11,37.6,5.47,289.1,188,NA,
Eveleth,Lorain,0.05,CTD_profile,Eveleth_Lorain_0.05_CTD_profile,YSI_ProDSS,0.11,37,5.38,289.1,188,NA,
Eveleth,Lorain,0.18,CTD_profile,Eveleth_Lorain_0.18_CTD_profile,YSI_ProDSS,0.11,36.4,5.3,289.1,188,NA,
Eveleth,Lorain,0.26,CTD_profile,Eveleth_Lorain_0.26_CTD_profile,YSI_ProDSS,0.11,35.9,5.23,289.1,188,NA,
Eveleth,Lorain,0.29,CTD_profile,Eveleth_Lorain_0.29_CTD_profile,YSI_ProDSS,0.11,35.5,5.17,289.1,188,NA,
Eveleth,Lorain,0.3,CTD_profile,Eveleth_Lorain_0.3_CTD_profile,YSI_ProDSS,0.11,34.8,5.07,289.2,188,NA,
Eveleth,Lorain,0.31,CTD_profile,Eveleth_Lorain_0.31_CTD_profile,YSI_ProDSS,0.11,35.1,5.12,289.1,188,NA,
Eveleth,Lorain,0.32,CTD_profile,Eveleth_Lorain_0.32_CTD_profile,YSI_ProDSS,0.11,34.5,5.03,289.2,188,NA,
Eveleth,Lorain,0.33,CTD_profile,Eveleth_Lorain_0.33_CTD_profile,YSI_ProDSS,0.11,34.3,5,289.1,188,NA,
Eveleth,Lorain,0.37,CTD_profile,Eveleth_Lorain_0.37_CTD_profile,YSI_ProDSS,0.11,34.1,4.96,289.1,188,NA,
Eveleth,Lorain,0.5,CTD_profile,Eveleth_Lorain_0.5_CTD_profile,YSI_ProDSS,0.11,33.8,4.93,289.1,188,NA,
Eveleth,Lorain,0.61,CTD_profile,Eveleth_Lorain_0.61_CTD_profile,YSI_ProDSS,0.11,33.6,4.89,289.2,188,NA,
Eveleth,Lorain,0.65,CTD_profile,Eveleth_Lorain_0.65_CTD_profile,YSI_ProDSS,0.11,33.4,4.86,289.2,188,NA,
Eveleth,Lorain,0.65,CTD_profile,Eveleth_Lorain_0.65_CTD_profile,YSI_ProDSS,0.11,33.2,4.84,289.2,188,NA,
Eveleth,Lorain,0.66,CTD_profile,Eveleth_Lorain_0.66_CTD_profile,YSI_ProDSS,0.11,33.1,4.82,289.2,188,NA,
Eveleth,Lorain,0.66,CTD_profile,Eveleth_Lorain_0.66_CTD_profile,YSI_ProDSS,0.11,32.9,4.8,289.2,188,NA,
Eveleth,Lorain,0.67,CTD_profile,Eveleth_Lorain_0.67_CTD_profile,YSI_ProDSS,0.11,32.8,4.78,289.2,188,NA,
Eveleth,Lorain,0.72,CTD_profile,Eveleth_Lorain_0.72_CTD_profile,YSI_ProDSS,0.11,32.7,4.76,289.2,188,NA,
Eveleth,Lorain,0.77,CTD_profile,Eveleth_Lorain_0.77_CTD_profile,YSI_ProDSS,0.11,32.6,4.74,289.2,188,NA,
Eveleth,Lorain,0.78,CTD_profile,Eveleth_Lorain_0.78_CTD_profile,YSI_ProDSS,0.11,32.4,4.72,289.2,188,NA,
Eveleth,Lorain,0.79,CTD_profile,Eveleth_Lorain_0.79_CTD_profile,YSI_ProDSS,0.11,32.3,4.7,289.3,188,NA,
Eveleth,Lorain,0.8,CTD_profile,Eveleth_Lorain_0.8_CTD_profile,YSI_ProDSS,0.11,32.2,4.68,289.2,188,NA,
Eveleth,Lorain,0.82,CTD_profile,Eveleth_Lorain_0.82_CTD_profile,YSI_ProDSS,0.11,32.1,4.67,289.2,188,NA,
Eveleth,Lorain,0.87,CTD_profile,Eveleth_Lorain_0.87_CTD_profile,YSI_ProDSS,0.11,32,4.65,289.2,188,NA,
Eveleth,Lorain,0.98,CTD_profile,Eveleth_Lorain_0.98_CTD_profile,YSI_ProDSS,0.11,31.8,4.64,289.2,188,NA,
Eveleth,Lorain,1.07,CTD_profile,Eveleth_Lorain_1.07_CTD_profile,YSI_ProDSS,0.11,31.7,4.62,289.2,188,NA,
Eveleth,Lorain,1.1,CTD_profile,Eveleth_Lorain_1.1_CTD_profile,YSI_ProDSS,0.11,31.6,4.61,289.2,188,NA,
Eveleth,Lorain,1.1,CTD_profile,Eveleth_Lorain_1.1_CTD_profile,YSI_ProDSS,0.11,31.5,4.59,289.2,188,NA,
Eveleth,Lorain,1.11,CTD_profile,Eveleth_Lorain_1.11_CTD_profile,YSI_ProDSS,0.11,31.5,4.58,289.2,188,NA,
Eveleth,Lorain,1.17,CTD_profile,Eveleth_Lorain_1.17_CTD_profile,YSI_ProDSS,0.11,31.4,4.57,289.2,188,NA,
Eveleth,Lorain,1.34,CTD_profile,Eveleth_Lorain_1.34_CTD_profile,YSI_ProDSS,0.11,31.3,4.56,289.2,188,NA,
Eveleth,Lorain,1.45,CTD_profile,Eveleth_Lorain_1.45_CTD_profile,YSI_ProDSS,0.11,31.2,4.55,289.1,188,NA,
Eveleth,Lorain,1.47,CTD_profile,Eveleth_Lorain_1.47_CTD_profile,YSI_ProDSS,0.11,31.2,4.54,289.1,188,NA,
Eveleth,Lorain,1.48,CTD_profile,Eveleth_Lorain_1.48_CTD_profile,YSI_ProDSS,0.11,31.1,4.53,289.2,188,NA,
Eveleth,Lorain,1.49,CTD_profile,Eveleth_Lorain_1.49_CTD_profile,YSI_ProDSS,0.11,31,4.52,289.2,188,NA,
Eveleth,Lorain,1.49,CTD_profile,Eveleth_Lorain_1.49_CTD_profile,YSI_ProDSS,0.11,31,4.51,289.2,188,NA,
Eveleth,Lorain,1.49,CTD_profile,Eveleth_Lorain_1.49_CTD_profile,YSI_ProDSS,0.11,30.9,4.5,289.2,188,NA,
Eveleth,Lorain,1.49,CTD_profile,Eveleth_Lorain_1.49_CTD_profile,YSI_ProDSS,0.11,30.9,4.5,289.2,188,NA,
Eveleth,Lorain,1.58,CTD_profile,Eveleth_Lorain_1.58_CTD_profile,YSI_ProDSS,0.11,30.8,4.49,289.2,188,NA,
Eveleth,Lorain,1.75,CTD_profile,Eveleth_Lorain_1.75_CTD_profile,YSI_ProDSS,0.11,30.8,4.48,289.2,188,NA,
Eveleth,Lorain,1.87,CTD_profile,Eveleth_Lorain_1.87_CTD_profile,YSI_ProDSS,0.11,30.3,4.41,289.2,188,NA,
Eveleth,Lorain,1.89,CTD_profile,Eveleth_Lorain_1.89_CTD_profile,YSI_ProDSS,0.11,30.4,4.42,289.2,188,NA,
Eveleth,Lorain,1.91,CTD_profile,Eveleth_Lorain_1.91_CTD_profile,YSI_ProDSS,0.11,30.7,4.47,289.2,188,NA,
Eveleth,Lorain,1.92,CTD_profile,Eveleth_Lorain_1.92_CTD_profile,YSI_ProDSS,0.11,30.4,4.43,289.2,188,NA,
Eveleth,Lorain,1.93,CTD_profile,Eveleth_Lorain_1.93_CTD_profile,YSI_ProDSS,0.11,30.4,4.43,289.2,188,NA,
Eveleth,Lorain,1.94,CTD_profile,Eveleth_Lorain_1.94_CTD_profile,YSI_ProDSS,0.11,30.5,4.44,289.2,188,NA,
Eveleth,Lorain,1.95,CTD_profile,Eveleth_Lorain_1.95_CTD_profile,YSI_ProDSS,0.11,30.5,4.44,289.2,188,NA,
Eveleth,Lorain,1.95,CTD_profile,Eveleth_Lorain_1.95_CTD_profile,YSI_ProDSS,0.11,30.3,4.41,289.2,188,NA,
Eveleth,Lorain,1.96,CTD_profile,Eveleth_Lorain_1.96_CTD_profile,YSI_ProDSS,0.11,30.6,4.46,289.2,188,NA,
Eveleth,Lorain,1.96,CTD_profile,Eveleth_Lorain_1.96_CTD_profile,YSI_ProDSS,0.11,30.6,4.46,289.2,188,NA,
Eveleth,Lorain,1.96,CTD_profile,Eveleth_Lorain_1.96_CTD_profile,YSI_ProDSS,0.11,30.6,4.45,289.2,188,NA,
Eveleth,Lorain,2.04,CTD_profile,Eveleth_Lorain_2.04_CTD_profile,YSI_ProDSS,0.11,30,4.37,289.2,188,NA,
Eveleth,Lorain,2.04,CTD_profile,Eveleth_Lorain_2.04_CTD_profile,YSI_ProDSS,0.11,30,4.36,289.2,188,NA,
Eveleth,Lorain,2.05,CTD_profile,Eveleth_Lorain_2.05_CTD_profile,YSI_ProDSS,0.11,30.2,4.4,289.2,188,NA,
Eveleth,Lorain,2.06,CTD_profile,Eveleth_Lorain_2.06_CTD_profile,YSI_ProDSS,0.11,30.1,4.38,289.2,188,NA,
Eveleth,Lorain,2.06,CTD_profile,Eveleth_Lorain_2.06_CTD_profile,YSI_ProDSS,0.11,30,4.37,289.2,188,NA,
Eveleth,Lorain,2.07,CTD_profile,Eveleth_Lorain_2.07_CTD_profile,YSI_ProDSS,0.11,30.1,4.38,289.2,188,NA,
Eveleth,Lorain,2.07,CTD_profile,Eveleth_Lorain_2.07_CTD_profile,YSI_ProDSS,0.11,30.1,4.38,289.2,188,NA,
Eveleth,Lorain,2.08,CTD_profile,Eveleth_Lorain_2.08_CTD_profile,YSI_ProDSS,0.11,30.2,4.39,289.2,188,NA,
Eveleth,Lorain,2.08,CTD_profile,Eveleth_Lorain_2.08_CTD_profile,YSI_ProDSS,0.11,30.1,4.39,289.2,188,NA,
Eveleth,Lorain,2.15,CTD_profile,Eveleth_Lorain_2.15_CTD_profile,YSI_ProDSS,0.11,29.9,4.36,289.2,188,NA,
Eveleth,Lorain,2.29,CTD_profile,Eveleth_Lorain_2.29_CTD_profile,YSI_ProDSS,0.11,29.9,4.35,289.2,188,NA,
Eveleth,Lorain,2.35,CTD_profile,Eveleth_Lorain_2.35_CTD_profile,YSI_ProDSS,0.11,29.9,4.35,289.2,188,NA,
Eveleth,Lorain,2.36,CTD_profile,Eveleth_Lorain_2.36_CTD_profile,YSI_ProDSS,0.11,29.8,4.34,289.2,188,NA,
Eveleth,Lorain,2.37,CTD_profile,Eveleth_Lorain_2.37_CTD_profile,YSI_ProDSS,0.11,29.8,4.34,289.2,188,NA,
Eveleth,Lorain,2.37,CTD_profile,Eveleth_Lorain_2.37_CTD_profile,YSI_ProDSS,0.11,29.8,4.34,289.2,188,NA,
Eveleth,Lorain,2.37,CTD_profile,Eveleth_Lorain_2.37_CTD_profile,YSI_ProDSS,0.11,29.8,4.34,289.2,188,NA,
Eveleth,Lorain,2.37,CTD_profile,Eveleth_Lorain_2.37_CTD_profile,YSI_ProDSS,0.11,29.8,4.33,289.2,188,NA,
Eveleth,Lorain,2.37,CTD_profile,Eveleth_Lorain_2.37_CTD_profile,YSI_ProDSS,0.11,29.7,4.33,289.2,188,NA,
Eveleth,Lorain,2.38,CTD_profile,Eveleth_Lorain_2.38_CTD_profile,YSI_ProDSS,0.11,29.7,4.33,289.2,188,NA,
Eveleth,Lorain,2.38,CTD_profile,Eveleth_Lorain_2.38_CTD_profile,YSI_ProDSS,0.11,29.7,4.32,289.2,188,NA,
Eveleth,Lorain,2.39,CTD_profile,Eveleth_Lorain_2.39_CTD_profile,YSI_ProDSS,0.11,29.7,4.33,289.2,188,NA,
Eveleth,Lorain,2.39,CTD_profile,Eveleth_Lorain_2.39_CTD_profile,YSI_ProDSS,0.11,29.6,4.32,289.3,188,NA,
Eveleth,Lorain,2.47,CTD_profile,Eveleth_Lorain_2.47_CTD_profile,YSI_ProDSS,0.11,29.6,4.31,289.3,188,NA,
Eveleth,Lorain,2.57,CTD_profile,Eveleth_Lorain_2.57_CTD_profile,YSI_ProDSS,0.11,29.6,4.31,289.3,188,NA,
Eveleth,Lorain,2.6,CTD_profile,Eveleth_Lorain_2.6_CTD_profile,YSI_ProDSS,0.11,29.4,4.27,289.3,188,NA,
Eveleth,Lorain,2.61,CTD_profile,Eveleth_Lorain_2.61_CTD_profile,YSI_ProDSS,0.11,29.5,4.3,289.3,188,NA,
Eveleth,Lorain,2.61,CTD_profile,Eveleth_Lorain_2.61_CTD_profile,YSI_ProDSS,0.11,29.5,4.3,289.3,188,NA,
Eveleth,Lorain,2.61,CTD_profile,Eveleth_Lorain_2.61_CTD_profile,YSI_ProDSS,0.11,29.4,4.28,289.3,188,NA,
Eveleth,Lorain,2.61,CTD_profile,Eveleth_Lorain_2.61_CTD_profile,YSI_ProDSS,0.11,29.3,4.27,289.3,188,NA,
Eveleth,Lorain,2.61,CTD_profile,Eveleth_Lorain_2.61_CTD_profile,YSI_ProDSS,0.11,29.3,4.27,289.3,188,NA,
Eveleth,Lorain,2.62,CTD_profile,Eveleth_Lorain_2.62_CTD_profile,YSI_ProDSS,0.11,29.5,4.29,289.3,188,NA,
Eveleth,Lorain,2.62,CTD_profile,Eveleth_Lorain_2.62_CTD_profile,YSI_ProDSS,0.11,29.5,4.29,289.3,188,NA,
Eveleth,Lorain,2.62,CTD_profile,Eveleth_Lorain_2.62_CTD_profile,YSI_ProDSS,0.11,29.5,4.29,289.3,188,NA,
Eveleth,Lorain,2.62,CTD_profile,Eveleth_Lorain_2.62_CTD_profile,YSI_ProDSS,0.11,29.4,4.28,289.3,188,NA,
Eveleth,Lorain,2.62,CTD_profile,Eveleth_Lorain_2.62_CTD_profile,YSI_ProDSS,0.11,29.4,4.28,289.3,188,NA,
Eveleth,Lorain,2.62,CTD_profile,Eveleth_Lorain_2.62_CTD_profile,YSI_ProDSS,0.11,29.4,4.28,289.3,188,NA,
Eveleth,Lorain,2.63,CTD_profile,Eveleth_Lorain_2.63_CTD_profile,YSI_ProDSS,0.11,29.4,4.29,289.3,188,NA,
Eveleth,Lorain,2.65,CTD_profile,Eveleth_Lorain_2.65_CTD_profile,YSI_ProDSS,0.11,29.3,4.26,289.3,188,NA,
Eveleth,Lorain,2.74,CTD_profile,Eveleth_Lorain_2.74_CTD_profile,YSI_ProDSS,0.11,29.3,4.26,289.3,188,NA,
Eveleth,Lorain,2.8,CTD_profile,Eveleth_Lorain_2.8_CTD_profile,YSI_ProDSS,0.11,29.2,4.26,289.3,188,NA,
Eveleth,Lorain,2.81,CTD_profile,Eveleth_Lorain_2.81_CTD_profile,YSI_ProDSS,0.11,29.2,4.25,289.3,188,NA,
Eveleth,Lorain,2.81,CTD_profile,Eveleth_Lorain_2.81_CTD_profile,YSI_ProDSS,0.11,29.2,4.25,289.3,188,NA,
Eveleth,Lorain,2.81,CTD_profile,Eveleth_Lorain_2.81_CTD_profile,YSI_ProDSS,0.11,29.2,4.24,289.4,188,NA,
Eveleth,Lorain,2.84,CTD_profile,Eveleth_Lorain_2.84_CTD_profile,YSI_ProDSS,0.11,29.1,4.24,289.3,188,NA,
Eveleth,Lorain,2.89,CTD_profile,Eveleth_Lorain_2.89_CTD_profile,YSI_ProDSS,0.11,29.1,4.23,289.3,188,NA,
Eveleth,Lorain,2.92,CTD_profile,Eveleth_Lorain_2.92_CTD_profile,YSI_ProDSS,0.11,28.9,4.21,289.3,188,NA,
Eveleth,Lorain,2.93,CTD_profile,Eveleth_Lorain_2.93_CTD_profile,YSI_ProDSS,0.11,28.8,4.19,289.3,188,NA,
Eveleth,Lorain,2.93,CTD_profile,Eveleth_Lorain_2.93_CTD_profile,YSI_ProDSS,0.11,28.7,4.17,289.3,188,NA,
Eveleth,Lorain,2.93,CTD_profile,Eveleth_Lorain_2.93_CTD_profile,YSI_ProDSS,0.11,28.6,4.16,289.3,188,NA,
Godwin,SB1,0.18,CTD_profile,Godwin_SB1_0.18_CTD_profile,YSI_EXO,-0.29,112.6,16.59,469.9,305,NA,
Godwin,SB1,0.19,CTD_profile,Godwin_SB1_0.19_CTD_profile,YSI_EXO,-0.2,112.9,16.59,468.5,305,NA,
Godwin,SB1,0.2,CTD_profile,Godwin_SB1_0.2_CTD_profile,YSI_EXO,-0.15,113.2,16.61,467.5,304,NA,
Godwin,SB1,0.21,CTD_profile,Godwin_SB1_0.21_CTD_profile,YSI_EXO,-0.1,113.5,16.63,467,304,NA,
Godwin,SB1,0.23,CTD_profile,Godwin_SB1_0.23_CTD_profile,YSI_EXO,-0.06,113.8,16.66,466.4,303,NA,
Godwin,SB1,0.24,CTD_profile,Godwin_SB1_0.24_CTD_profile,YSI_EXO,-0.03,114.1,16.68,465.9,303,NA,
Godwin,SB1,0.25,CTD_profile,Godwin_SB1_0.25_CTD_profile,YSI_EXO,0,114.4,16.71,465.5,303,NA,
Godwin,SB1,0.26,CTD_profile,Godwin_SB1_0.26_CTD_profile,YSI_EXO,0.03,114.7,16.73,465.2,302,NA,
Godwin,SB1,0.27,CTD_profile,Godwin_SB1_0.27_CTD_profile,YSI_EXO,0.05,118.7,17.31,464.9,302,NA,
Godwin,SB1,0.29,CTD_profile,Godwin_SB1_0.29_CTD_profile,YSI_EXO,0.07,119.1,17.36,464.7,302,NA,
Godwin,SB1,0.3,CTD_profile,Godwin_SB1_0.3_CTD_profile,YSI_EXO,0.11,119.6,17.42,463.9,302,NA,
Godwin,SB1,0.31,CTD_profile,Godwin_SB1_0.31_CTD_profile,YSI_EXO,0.17,119.9,17.44,463.1,301,NA,
Godwin,SB1,0.33,CTD_profile,Godwin_SB1_0.33_CTD_profile,YSI_EXO,0.21,119.9,17.42,462.5,301,NA,
Godwin,SB1,0.34,CTD_profile,Godwin_SB1_0.34_CTD_profile,YSI_EXO,0.23,120.2,17.43,462.1,300,NA,
Godwin,SB1,0.35,CTD_profile,Godwin_SB1_0.35_CTD_profile,YSI_EXO,0.25,120.3,17.45,461.9,300,NA,
Godwin,SB1,0.37,CTD_profile,Godwin_SB1_0.37_CTD_profile,YSI_EXO,0.26,120.5,17.46,461.7,300,NA,
Godwin,SB1,0.38,CTD_profile,Godwin_SB1_0.38_CTD_profile,YSI_EXO,0.28,120.6,17.48,461.5,300,NA,
Godwin,SB1,0.39,CTD_profile,Godwin_SB1_0.39_CTD_profile,YSI_EXO,0.28,120.8,17.5,461.3,300,NA,
Godwin,SB1,0.4,CTD_profile,Godwin_SB1_0.4_CTD_profile,YSI_EXO,0.29,120.9,17.51,461.2,300,NA,
Godwin,SB1,0.42,CTD_profile,Godwin_SB1_0.42_CTD_profile,YSI_EXO,0.3,121.1,17.53,461.1,300,NA,
Godwin,SB1,0.43,CTD_profile,Godwin_SB1_0.43_CTD_profile,YSI_EXO,0.3,121.2,17.55,460.9,300,NA,
Godwin,SB1,0.44,CTD_profile,Godwin_SB1_0.44_CTD_profile,YSI_EXO,0.31,121.4,17.57,460.8,300,NA,
Godwin,SB1,0.47,CTD_profile,Godwin_SB1_0.47_CTD_profile,YSI_EXO,0.32,121.6,17.6,460.5,299,NA,
Godwin,SB1,0.5,CTD_profile,Godwin_SB1_0.5_CTD_profile,YSI_EXO,0.34,121.8,17.62,460.1,299,NA,
Godwin,SB1,0.51,CTD_profile,Godwin_SB1_0.51_CTD_profile,YSI_EXO,0.36,122,17.64,459.6,299,NA,
Godwin,SB1,1.31,CTD_profile,Godwin_SB1_1.31_CTD_profile,YSI_EXO,0.39,122.4,17.68,459.1,298,NA,
Godwin,SB1,1.32,CTD_profile,Godwin_SB1_1.32_CTD_profile,YSI_EXO,0.41,122.7,17.72,458.5,298,NA,
Godwin,SB1,1.35,CTD_profile,Godwin_SB1_1.35_CTD_profile,YSI_EXO,0.44,123.1,17.76,458,298,NA,
Godwin,SB1,1.48,CTD_profile,Godwin_SB1_1.48_CTD_profile,YSI_EXO,0.47,123.4,17.79,457.4,297,NA,
Godwin,SB1,1.55,CTD_profile,Godwin_SB1_1.55_CTD_profile,YSI_EXO,0.51,123.8,17.83,457,297,NA,
Godwin,SB1,1.61,CTD_profile,Godwin_SB1_1.61_CTD_profile,YSI_EXO,0.55,124.1,17.85,456.5,297,NA,
Godwin,SB1,1.66,CTD_profile,Godwin_SB1_1.66_CTD_profile,YSI_EXO,0.59,124.5,17.88,456.1,296,NA,
Godwin,SB1,1.72,CTD_profile,Godwin_SB1_1.72_CTD_profile,YSI_EXO,0.63,124.8,17.9,455.6,296,NA,
Godwin,SB1,1.75,CTD_profile,Godwin_SB1_1.75_CTD_profile,YSI_EXO,0.67,125.1,17.93,455.2,296,NA,
Godwin,SB1,1.78,CTD_profile,Godwin_SB1_1.78_CTD_profile,YSI_EXO,0.71,125.3,17.94,454.9,296,NA,
Godwin,SB1,1.81,CTD_profile,Godwin_SB1_1.81_CTD_profile,YSI_EXO,0.75,125.5,17.95,454.8,296,NA,
Godwin,SB1,1.84,CTD_profile,Godwin_SB1_1.84_CTD_profile,YSI_EXO,0.78,125.7,17.96,455,296,NA,
Godwin,SB1,1.88,CTD_profile,Godwin_SB1_1.88_CTD_profile,YSI_EXO,0.81,125.9,17.98,455.3,296,NA,
Godwin,SB1,1.93,CTD_profile,Godwin_SB1_1.93_CTD_profile,YSI_EXO,0.86,126.1,17.98,455.5,296,NA,
Godwin,SB1,1.97,CTD_profile,Godwin_SB1_1.97_CTD_profile,YSI_EXO,0.89,126.4,18,455.9,296,NA,
Godwin,SB1,2.03,CTD_profile,Godwin_SB1_2.03_CTD_profile,YSI_EXO,0.94,126.6,18.01,456.1,296,NA,
Godwin,SB1,2.08,CTD_profile,Godwin_SB1_2.08_CTD_profile,YSI_EXO,0.99,126.8,18.02,456.4,297,NA,
Godwin,SB1,2.86,CTD_profile,Godwin_SB1_2.86_CTD_profile,YSI_EXO,1.1,127.4,18.05,456.8,297,NA,
Godwin,SB1,2.9,CTD_profile,Godwin_SB1_2.9_CTD_profile,YSI_EXO,1.04,127.1,18.04,456.6,297,NA,
Godwin,SB1,2.91,CTD_profile,Godwin_SB1_2.91_CTD_profile,YSI_EXO,1.18,127.6,18.04,456.7,297,NA,
Godwin,SB1,2.95,CTD_profile,Godwin_SB1_2.95_CTD_profile,YSI_EXO,1.25,127.9,18.04,456.8,297,NA,
Godwin,SB1,3.06,CTD_profile,Godwin_SB1_3.06_CTD_profile,YSI_EXO,1.33,128.2,18.06,457.4,297,NA,
Godwin,SB1,3.15,CTD_profile,Godwin_SB1_3.15_CTD_profile,YSI_EXO,1.42,132.2,18.57,458.4,298,NA,
Godwin,SB1,3.21,CTD_profile,Godwin_SB1_3.21_CTD_profile,YSI_EXO,1.54,132.2,18.53,459.4,299,NA,
Godwin,SB1,3.25,CTD_profile,Godwin_SB1_3.25_CTD_profile,YSI_EXO,1.67,132.1,18.46,460.8,299,NA,
Godwin,SB1,3.31,CTD_profile,Godwin_SB1_3.31_CTD_profile,YSI_EXO,1.78,133,18.53,462.5,301,NA,
Godwin,SB1,3.38,CTD_profile,Godwin_SB1_3.38_CTD_profile,YSI_EXO,2.96,133.3,17.97,447.9,291,NA,
Godwin,SB1,3.45,CTD_profile,Godwin_SB1_3.45_CTD_profile,YSI_EXO,3.02,132.5,17.82,450,293,NA,
Godwin,SB1,3.51,CTD_profile,Godwin_SB1_3.51_CTD_profile,YSI_EXO,3.04,131.9,17.72,452.5,294,NA,
Godwin,SB1,3.55,CTD_profile,Godwin_SB1_3.55_CTD_profile,YSI_EXO,3.04,131.9,17.72,455.7,296,NA,
Godwin,SB1,3.57,CTD_profile,Godwin_SB1_3.57_CTD_profile,YSI_EXO,3.07,132.1,17.73,458.1,298,NA,
Godwin,SB14,0.25,CTD_profile,Godwin_SB14_0.25_CTD_profile,YSI_EXO,-0.05,111.3,16.27,323.6,210,NA,
Godwin,SB14,0.25,CTD_profile,Godwin_SB14_0.25_CTD_profile,YSI_EXO,-0.05,111.3,16.28,324.6,211,NA,
Godwin,SB14,0.26,CTD_profile,Godwin_SB14_0.26_CTD_profile,YSI_EXO,-0.05,111.3,16.28,326.2,212,NA,
Godwin,SB14,0.26,CTD_profile,Godwin_SB14_0.26_CTD_profile,YSI_EXO,-0.05,111.3,16.28,329.1,214,NA,
Godwin,SB14,0.28,CTD_profile,Godwin_SB14_0.28_CTD_profile,YSI_EXO,-0.05,111.3,16.28,333,216,NA,
Godwin,SB14,0.29,CTD_profile,Godwin_SB14_0.29_CTD_profile,YSI_EXO,-0.05,111.3,16.28,338.2,220,NA,
Godwin,SB14,0.29,CTD_profile,Godwin_SB14_0.29_CTD_profile,YSI_EXO,-0.05,111.3,16.28,343.8,223,NA,
Godwin,SB14,0.31,CTD_profile,Godwin_SB14_0.31_CTD_profile,YSI_EXO,-0.05,111.3,16.28,348.7,227,NA,
Godwin,SB14,0.33,CTD_profile,Godwin_SB14_0.33_CTD_profile,YSI_EXO,-0.04,111.4,16.28,354.3,230,NA,
Godwin,SB14,0.35,CTD_profile,Godwin_SB14_0.35_CTD_profile,YSI_EXO,-0.04,111.4,16.29,359.1,233,NA,
Godwin,SB14,0.37,CTD_profile,Godwin_SB14_0.37_CTD_profile,YSI_EXO,-0.04,111.4,16.29,364.5,237,NA,
Godwin,SB14,0.39,CTD_profile,Godwin_SB14_0.39_CTD_profile,YSI_EXO,-0.04,111.4,16.29,369.1,240,NA,
Godwin,SB14,0.4,CTD_profile,Godwin_SB14_0.4_CTD_profile,YSI_EXO,-0.04,111.4,16.29,374.1,243,NA,
Godwin,SB14,0.43,CTD_profile,Godwin_SB14_0.43_CTD_profile,YSI_EXO,-0.03,111.4,16.29,378,246,NA,
Godwin,SB14,0.45,CTD_profile,Godwin_SB14_0.45_CTD_profile,YSI_EXO,-0.03,111.5,16.29,382.5,249,NA,
Godwin,SB14,1.34,CTD_profile,Godwin_SB14_1.34_CTD_profile,YSI_EXO,-0.02,111.5,16.29,385.3,250,NA,
Godwin,SB14,1.44,CTD_profile,Godwin_SB14_1.44_CTD_profile,YSI_EXO,-0.01,111.6,16.3,387.9,252,NA,
Godwin,SB14,1.51,CTD_profile,Godwin_SB14_1.51_CTD_profile,YSI_EXO,0.01,111.7,16.32,388.9,253,NA,
Godwin,SB14,1.57,CTD_profile,Godwin_SB14_1.57_CTD_profile,YSI_EXO,0.02,111.9,16.33,389.2,253,NA,
Godwin,SB14,1.62,CTD_profile,Godwin_SB14_1.62_CTD_profile,YSI_EXO,0.05,112.1,16.36,389.1,253,NA,
Godwin,SB14,1.69,CTD_profile,Godwin_SB14_1.69_CTD_profile,YSI_EXO,0.08,112.4,16.39,388.9,253,NA,
Godwin,SB14,1.74,CTD_profile,Godwin_SB14_1.74_CTD_profile,YSI_EXO,0.12,112.6,16.4,388.5,253,NA,
Godwin,SB14,1.78,CTD_profile,Godwin_SB14_1.78_CTD_profile,YSI_EXO,0.17,112.9,16.42,388,252,NA,
Godwin,SB14,1.81,CTD_profile,Godwin_SB14_1.81_CTD_profile,YSI_EXO,0.22,113.2,16.44,387.2,252,NA,
Godwin,SB14,1.82,CTD_profile,Godwin_SB14_1.82_CTD_profile,YSI_EXO,0.3,113.4,16.45,386.5,251,NA,
Godwin,SB14,1.83,CTD_profile,Godwin_SB14_1.83_CTD_profile,YSI_EXO,0.37,113.7,16.45,385.5,251,NA,
Godwin,SB14,1.84,CTD_profile,Godwin_SB14_1.84_CTD_profile,YSI_EXO,0.45,114,16.45,384.7,250,NA,
Godwin,SB14,1.84,CTD_profile,Godwin_SB14_1.84_CTD_profile,YSI_EXO,0.52,114.2,16.44,383.8,249,NA,
Godwin,SB14,1.85,CTD_profile,Godwin_SB14_1.85_CTD_profile,YSI_EXO,0.6,114.3,16.44,382.8,249,NA,
Godwin,SB14,1.86,CTD_profile,Godwin_SB14_1.86_CTD_profile,YSI_EXO,0.67,114.5,16.42,381.5,248,NA,
Godwin,SB14,1.88,CTD_profile,Godwin_SB14_1.88_CTD_profile,YSI_EXO,0.75,114.6,16.41,380.3,247,NA,
Godwin,SB14,1.89,CTD_profile,Godwin_SB14_1.89_CTD_profile,YSI_EXO,0.82,114.8,16.4,378.9,246,NA,
Godwin,SB14,1.91,CTD_profile,Godwin_SB14_1.91_CTD_profile,YSI_EXO,0.9,114.9,16.39,377.6,245,NA,
Godwin,SB14,1.94,CTD_profile,Godwin_SB14_1.94_CTD_profile,YSI_EXO,0.98,115,16.36,377.3,245,NA,
Godwin,SB14,1.98,CTD_profile,Godwin_SB14_1.98_CTD_profile,YSI_EXO,1.05,115.1,16.34,378.4,246,NA,
Godwin,SB14,2.01,CTD_profile,Godwin_SB14_2.01_CTD_profile,YSI_EXO,1.13,115.2,16.32,379.6,247,NA,
Godwin,SB14,2.81,CTD_profile,Godwin_SB14_2.81_CTD_profile,YSI_EXO,1.18,115.3,16.31,381.6,248,NA,
Godwin,SB14,2.88,CTD_profile,Godwin_SB14_2.88_CTD_profile,YSI_EXO,1.23,115.4,16.29,383.6,249,NA,
Godwin,SB14,2.94,CTD_profile,Godwin_SB14_2.94_CTD_profile,YSI_EXO,1.33,115.6,16.27,389.3,253,NA,
Godwin,SB14,2.98,CTD_profile,Godwin_SB14_2.98_CTD_profile,YSI_EXO,1.38,115.7,16.26,392.7,255,NA,
Godwin,SB14,2.99,CTD_profile,Godwin_SB14_2.99_CTD_profile,YSI_EXO,1.28,115.5,16.28,386.6,251,NA,
Godwin,SB14,3.02,CTD_profile,Godwin_SB14_3.02_CTD_profile,YSI_EXO,1.44,115.8,16.26,395.9,257,NA,
Godwin,SB14,3.07,CTD_profile,Godwin_SB14_3.07_CTD_profile,YSI_EXO,1.49,115.9,16.25,399.6,260,NA,
Godwin,SB14,3.11,CTD_profile,Godwin_SB14_3.11_CTD_profile,YSI_EXO,1.54,116,16.23,403,262,NA,
Godwin,SB14,3.14,CTD_profile,Godwin_SB14_3.14_CTD_profile,YSI_EXO,1.59,116,16.21,407.1,265,NA,
Godwin,SB14,3.17,CTD_profile,Godwin_SB14_3.17_CTD_profile,YSI_EXO,1.62,115.9,16.19,411.9,268,NA,
Godwin,SB14,3.2,CTD_profile,Godwin_SB14_3.2_CTD_profile,YSI_EXO,1.65,115.9,16.18,415.4,270,NA,
Godwin,SB14,3.23,CTD_profile,Godwin_SB14_3.23_CTD_profile,YSI_EXO,1.68,116,16.17,418.8,272,NA,
Godwin,SB14,3.26,CTD_profile,Godwin_SB14_3.26_CTD_profile,YSI_EXO,1.71,116,16.15,422.6,275,NA,
Godwin,SB14,3.28,CTD_profile,Godwin_SB14_3.28_CTD_profile,YSI_EXO,1.74,116,16.14,426.8,277,NA,
Godwin,SB14,3.31,CTD_profile,Godwin_SB14_3.31_CTD_profile,YSI_EXO,1.77,115.9,16.12,430.3,280,NA,
Godwin,SB14,3.34,CTD_profile,Godwin_SB14_3.34_CTD_profile,YSI_EXO,1.8,116,16.11,433.8,282,NA,
Godwin,SB14,3.36,CTD_profile,Godwin_SB14_3.36_CTD_profile,YSI_EXO,1.83,116,16.1,436.9,284,NA,
Godwin,SB14,3.39,CTD_profile,Godwin_SB14_3.39_CTD_profile,YSI_EXO,1.86,116,16.09,440.3,286,NA,
Godwin,SB14,3.42,CTD_profile,Godwin_SB14_3.42_CTD_profile,YSI_EXO,1.89,116,16.08,443,288,NA,
Godwin,SB14,3.44,CTD_profile,Godwin_SB14_3.44_CTD_profile,YSI_EXO,1.92,116,16.06,446.2,290,NA,
Godwin,SB14,3.46,CTD_profile,Godwin_SB14_3.46_CTD_profile,YSI_EXO,1.95,116,16.05,449,292,NA,
Godwin,SB14,3.48,CTD_profile,Godwin_SB14_3.48_CTD_profile,YSI_EXO,1.98,116,16.04,451.8,294,NA,
Godwin,SB14,3.51,CTD_profile,Godwin_SB14_3.51_CTD_profile,YSI_EXO,2.01,116.1,16.03,454.3,295,NA,
Godwin,SB14,3.53,CTD_profile,Godwin_SB14_3.53_CTD_profile,YSI_EXO,2.04,116.1,16.02,456.7,297,NA,
Godwin,SB14,3.54,CTD_profile,Godwin_SB14_3.54_CTD_profile,YSI_EXO,2.07,116.1,16,458.4,298,NA,
Godwin,SB14,3.56,CTD_profile,Godwin_SB14_3.56_CTD_profile,YSI_EXO,2.1,116.1,15.99,459.4,299,NA,
Godwin,SB14,3.58,CTD_profile,Godwin_SB14_3.58_CTD_profile,YSI_EXO,2.12,116.1,15.98,460.3,299,NA,
Godwin,SB14,3.59,CTD_profile,Godwin_SB14_3.59_CTD_profile,YSI_EXO,2.14,116.1,15.98,461,300,NA,
Godwin,SB14,3.61,CTD_profile,Godwin_SB14_3.61_CTD_profile,YSI_EXO,2.16,116.1,15.97,461.6,300,NA,
Godwin,SB14,3.62,CTD_profile,Godwin_SB14_3.62_CTD_profile,YSI_EXO,2.18,116.1,15.96,462.1,300,NA,
Godwin,SB14,3.64,CTD_profile,Godwin_SB14_3.64_CTD_profile,YSI_EXO,2.19,116.1,15.95,462.5,301,NA,
Godwin,SB14,3.65,CTD_profile,Godwin_SB14_3.65_CTD_profile,YSI_EXO,2.21,116,15.94,462.9,301,NA,
Godwin,SB14,3.66,CTD_profile,Godwin_SB14_3.66_CTD_profile,YSI_EXO,2.22,116,15.93,463.3,301,NA,
Godwin,SB14,3.67,CTD_profile,Godwin_SB14_3.67_CTD_profile,YSI_EXO,2.23,116,15.92,463.8,301,NA,
Pearce/Xenopolous,BQ1,0.36,CTD_profile,Pearce/Xenopolous_BQ1_0.36_CTD_profile,RBRmaestro,0.5,106.5,14.19,173.76,NA,0.85,
Pearce/Xenopolous,BQ1,0.36,CTD_profile,Pearce/Xenopolous_BQ1_0.36_CTD_profile,RBRmaestro,0.51,106.7,14.38,172.35,NA,0.83,
Pearce/Xenopolous,BQ1,0.36,CTD_profile,Pearce/Xenopolous_BQ1_0.36_CTD_profile,RBRmaestro,0.52,106.7,14.38,172.67,NA,0.81,
Pearce/Xenopolous,BQ1,0.37,CTD_profile,Pearce/Xenopolous_BQ1_0.37_CTD_profile,RBRmaestro,0.52,106.7,14.38,171.96,NA,0.81,
Pearce/Xenopolous,BQ1,0.37,CTD_profile,Pearce/Xenopolous_BQ1_0.37_CTD_profile,RBRmaestro,0.53,106.7,14.38,172.91,NA,0.8,
Pearce/Xenopolous,BQ1,0.37,CTD_profile,Pearce/Xenopolous_BQ1_0.37_CTD_profile,RBRmaestro,0.52,106.7,14.38,173.58,NA,0.81,
Pearce/Xenopolous,BQ1,0.37,CTD_profile,Pearce/Xenopolous_BQ1_0.37_CTD_profile,RBRmaestro,0.52,105.7,14.31,173.08,NA,0.82,
Pearce/Xenopolous,BQ1,0.37,CTD_profile,Pearce/Xenopolous_BQ1_0.37_CTD_profile,RBRmaestro,0.51,105.7,14.31,172.5,NA,0.84,
Pearce/Xenopolous,BQ1,0.37,CTD_profile,Pearce/Xenopolous_BQ1_0.37_CTD_profile,RBRmaestro,0.51,105.7,14.31,173.15,NA,0.84,
Pearce/Xenopolous,BQ1,0.37,CTD_profile,Pearce/Xenopolous_BQ1_0.37_CTD_profile,RBRmaestro,0.51,105.7,14.31,173.07,NA,0.84,
Pearce/Xenopolous,BQ1,0.37,CTD_profile,Pearce/Xenopolous_BQ1_0.37_CTD_profile,RBRmaestro,0.52,107.3,14.64,172.41,NA,0.87,
Pearce/Xenopolous,BQ1,0.38,CTD_profile,Pearce/Xenopolous_BQ1_0.38_CTD_profile,RBRmaestro,0.51,105.7,14.31,172.37,NA,0.85,
Pearce/Xenopolous,BQ1,0.38,CTD_profile,Pearce/Xenopolous_BQ1_0.38_CTD_profile,RBRmaestro,0.51,105.7,14.31,172.18,NA,0.86,
Pearce/Xenopolous,BQ1,0.38,CTD_profile,Pearce/Xenopolous_BQ1_0.38_CTD_profile,RBRmaestro,0.51,105.7,14.31,173.82,NA,0.84,
Pearce/Xenopolous,BQ1,0.38,CTD_profile,Pearce/Xenopolous_BQ1_0.38_CTD_profile,RBRmaestro,0.51,105.7,14.31,173.08,NA,0.83,
Pearce/Xenopolous,BQ1,0.38,CTD_profile,Pearce/Xenopolous_BQ1_0.38_CTD_profile,RBRmaestro,0.51,107.2,14.59,172.7,NA,0.83,
Pearce/Xenopolous,BQ1,0.38,CTD_profile,Pearce/Xenopolous_BQ1_0.38_CTD_profile,RBRmaestro,0.51,107.2,14.59,172.35,NA,0.84,
Pearce/Xenopolous,BQ1,0.38,CTD_profile,Pearce/Xenopolous_BQ1_0.38_CTD_profile,RBRmaestro,0.51,107.2,14.59,173.47,NA,0.85,
Pearce/Xenopolous,BQ1,0.38,CTD_profile,Pearce/Xenopolous_BQ1_0.38_CTD_profile,RBRmaestro,0.51,107.2,14.59,172.62,NA,0.84,
Pearce/Xenopolous,BQ1,0.38,CTD_profile,Pearce/Xenopolous_BQ1_0.38_CTD_profile,RBRmaestro,0.51,107.2,14.59,173.45,NA,0.85,
Pearce/Xenopolous,BQ1,0.38,CTD_profile,Pearce/Xenopolous_BQ1_0.38_CTD_profile,RBRmaestro,0.51,107.2,14.59,173.41,NA,0.86,
Pearce/Xenopolous,BQ1,0.38,CTD_profile,Pearce/Xenopolous_BQ1_0.38_CTD_profile,RBRmaestro,0.52,107.2,14.59,173,NA,0.85,
Pearce/Xenopolous,BQ1,0.38,CTD_profile,Pearce/Xenopolous_BQ1_0.38_CTD_profile,RBRmaestro,0.52,107.2,14.59,173.32,NA,0.84,
Pearce/Xenopolous,BQ1,0.38,CTD_profile,Pearce/Xenopolous_BQ1_0.38_CTD_profile,RBRmaestro,0.52,107.7,14.64,172.27,NA,0.83,
Pearce/Xenopolous,BQ1,0.38,CTD_profile,Pearce/Xenopolous_BQ1_0.38_CTD_profile,RBRmaestro,0.51,107.7,14.64,172.06,NA,0.84,
Pearce/Xenopolous,BQ1,0.38,CTD_profile,Pearce/Xenopolous_BQ1_0.38_CTD_profile,RBRmaestro,0.52,107.8,14.63,171.67,NA,0.84,
Pearce/Xenopolous,BQ1,0.38,CTD_profile,Pearce/Xenopolous_BQ1_0.38_CTD_profile,RBRmaestro,0.51,107.8,14.63,173.01,NA,0.87,
Pearce/Xenopolous,BQ1,0.38,CTD_profile,Pearce/Xenopolous_BQ1_0.38_CTD_profile,RBRmaestro,0.52,107.8,14.63,172.54,NA,0.87,
Pearce/Xenopolous,BQ1,0.38,CTD_profile,Pearce/Xenopolous_BQ1_0.38_CTD_profile,RBRmaestro,0.52,107.8,14.63,172.64,NA,0.85,
Pearce/Xenopolous,BQ1,0.38,CTD_profile,Pearce/Xenopolous_BQ1_0.38_CTD_profile,RBRmaestro,0.52,107.8,14.63,172.47,NA,0.86,
Pearce/Xenopolous,BQ1,0.38,CTD_profile,Pearce/Xenopolous_BQ1_0.38_CTD_profile,RBRmaestro,0.51,107.8,14.63,172.6,NA,0.86,
Pearce/Xenopolous,BQ1,0.38,CTD_profile,Pearce/Xenopolous_BQ1_0.38_CTD_profile,RBRmaestro,0.53,106.9,14.52,173.03,NA,0.85,
Pearce/Xenopolous,BQ1,0.38,CTD_profile,Pearce/Xenopolous_BQ1_0.38_CTD_profile,RBRmaestro,0.54,106.9,14.52,173.1,NA,0.84,
Pearce/Xenopolous,BQ1,0.38,CTD_profile,Pearce/Xenopolous_BQ1_0.38_CTD_profile,RBRmaestro,0.52,106.9,14.52,172.96,NA,0.83,
Pearce/Xenopolous,BQ1,0.38,CTD_profile,Pearce/Xenopolous_BQ1_0.38_CTD_profile,RBRmaestro,0.52,106.9,14.52,171.87,NA,0.83,
Pearce/Xenopolous,BQ1,0.38,CTD_profile,Pearce/Xenopolous_BQ1_0.38_CTD_profile,RBRmaestro,0.52,106.9,14.52,172.41,NA,0.82,
Pearce/Xenopolous,BQ1,0.38,CTD_profile,Pearce/Xenopolous_BQ1_0.38_CTD_profile,RBRmaestro,0.52,107.3,14.64,171.03,NA,0.84,
Pearce/Xenopolous,BQ1,0.38,CTD_profile,Pearce/Xenopolous_BQ1_0.38_CTD_profile,RBRmaestro,0.52,107.3,14.64,173.01,NA,0.88,
Pearce/Xenopolous,BQ1,0.38,CTD_profile,Pearce/Xenopolous_BQ1_0.38_CTD_profile,RBRmaestro,0.51,107.3,14.64,171.98,NA,1.09,
Pearce/Xenopolous,BQ1,0.38,CTD_profile,Pearce/Xenopolous_BQ1_0.38_CTD_profile,RBRmaestro,0.51,107.3,14.64,172.09,NA,1.11,
Pearce/Xenopolous,BQ1,0.38,CTD_profile,Pearce/Xenopolous_BQ1_0.38_CTD_profile,RBRmaestro,0.5,107.3,14.64,172.06,NA,1.01,
Pearce/Xenopolous,BQ1,0.38,CTD_profile,Pearce/Xenopolous_BQ1_0.38_CTD_profile,RBRmaestro,0.5,107.3,14.64,171.79,NA,0.93,
Pearce/Xenopolous,BQ1,0.38,CTD_profile,Pearce/Xenopolous_BQ1_0.38_CTD_profile,RBRmaestro,0.5,107.3,14.64,172.93,NA,0.88,
Pearce/Xenopolous,BQ1,0.39,CTD_profile,Pearce/Xenopolous_BQ1_0.39_CTD_profile,RBRmaestro,0.51,107.7,14.64,172.32,NA,0.83,
Pearce/Xenopolous,BQ1,0.39,CTD_profile,Pearce/Xenopolous_BQ1_0.39_CTD_profile,RBRmaestro,0.51,107.7,14.64,173.43,NA,0.82,
Pearce/Xenopolous,BQ1,0.39,CTD_profile,Pearce/Xenopolous_BQ1_0.39_CTD_profile,RBRmaestro,0.51,107.7,14.64,173.44,NA,0.83,
Pearce/Xenopolous,BQ1,0.39,CTD_profile,Pearce/Xenopolous_BQ1_0.39_CTD_profile,RBRmaestro,0.51,107.7,14.64,173,NA,0.83,
Pearce/Xenopolous,BQ1,0.39,CTD_profile,Pearce/Xenopolous_BQ1_0.39_CTD_profile,RBRmaestro,0.51,107.7,14.64,173.73,NA,0.83,
Pearce/Xenopolous,BQ1,0.39,CTD_profile,Pearce/Xenopolous_BQ1_0.39_CTD_profile,RBRmaestro,0.51,107.7,14.64,172.1,NA,0.82,
Pearce/Xenopolous,BQ1,0.39,CTD_profile,Pearce/Xenopolous_BQ1_0.39_CTD_profile,RBRmaestro,0.51,107.8,14.63,173.48,NA,0.82,
Pearce/Xenopolous,BQ1,0.39,CTD_profile,Pearce/Xenopolous_BQ1_0.39_CTD_profile,RBRmaestro,0.52,107.8,14.63,172.14,NA,0.83,
Pearce/Xenopolous,BQ1,0.39,CTD_profile,Pearce/Xenopolous_BQ1_0.39_CTD_profile,RBRmaestro,0.51,106.9,14.52,171.35,NA,0.84,
Pearce/Xenopolous,BQ1,0.39,CTD_profile,Pearce/Xenopolous_BQ1_0.39_CTD_profile,RBRmaestro,0.51,106.9,14.52,172.56,NA,0.84,
Pearce/Xenopolous,BQ1,0.39,CTD_profile,Pearce/Xenopolous_BQ1_0.39_CTD_profile,RBRmaestro,0.51,106.9,14.52,172.15,NA,0.83,
Pearce/Xenopolous,BQ1,0.39,CTD_profile,Pearce/Xenopolous_BQ1_0.39_CTD_profile,RBRmaestro,0.5,107.1,14.67,172.43,NA,0.87,
Pearce/Xenopolous,BQ1,0.39,CTD_profile,Pearce/Xenopolous_BQ1_0.39_CTD_profile,RBRmaestro,0.5,107.1,14.67,173.14,NA,0.84,
Pearce/Xenopolous,BQ1,0.39,CTD_profile,Pearce/Xenopolous_BQ1_0.39_CTD_profile,RBRmaestro,0.51,107.1,14.67,172.43,NA,0.84,
Pearce/Xenopolous,BQ1,0.39,CTD_profile,Pearce/Xenopolous_BQ1_0.39_CTD_profile,RBRmaestro,0.51,107.1,14.67,171.96,NA,0.83,
Pearce/Xenopolous,BQ1,0.39,CTD_profile,Pearce/Xenopolous_BQ1_0.39_CTD_profile,RBRmaestro,0.51,107.1,14.67,172.69,NA,0.83,
Pearce/Xenopolous,BQ1,0.39,CTD_profile,Pearce/Xenopolous_BQ1_0.39_CTD_profile,RBRmaestro,0.52,107.1,14.67,172.54,NA,0.83,
Pearce/Xenopolous,BQ1,0.39,CTD_profile,Pearce/Xenopolous_BQ1_0.39_CTD_profile,RBRmaestro,0.52,107.1,14.67,171.84,NA,0.83,
Pearce/Xenopolous,BQ1,0.39,CTD_profile,Pearce/Xenopolous_BQ1_0.39_CTD_profile,RBRmaestro,0.52,107.1,14.67,171.6,NA,0.84,
Pearce/Xenopolous,BQ1,0.39,CTD_profile,Pearce/Xenopolous_BQ1_0.39_CTD_profile,RBRmaestro,0.51,108.3,14.86,171.77,NA,0.85,
Pearce/Xenopolous,BQ1,0.39,CTD_profile,Pearce/Xenopolous_BQ1_0.39_CTD_profile,RBRmaestro,0.5,108.3,14.86,171.96,NA,0.86,
Pearce/Xenopolous,BQ1,0.39,CTD_profile,Pearce/Xenopolous_BQ1_0.39_CTD_profile,RBRmaestro,0.5,108.3,14.86,171.9,NA,0.86,
Pearce/Xenopolous,BQ1,0.39,CTD_profile,Pearce/Xenopolous_BQ1_0.39_CTD_profile,RBRmaestro,0.5,108.3,14.86,171.45,NA,0.86,
Pearce/Xenopolous,BQ1,0.39,CTD_profile,Pearce/Xenopolous_BQ1_0.39_CTD_profile,RBRmaestro,0.5,108.3,14.86,172.11,NA,0.85,
Pearce/Xenopolous,BQ1,0.4,CTD_profile,Pearce/Xenopolous_BQ1_0.4_CTD_profile,RBRmaestro,0.5,108.3,14.86,172.16,NA,0.85,
Pearce/Xenopolous,BQ1,0.4,CTD_profile,Pearce/Xenopolous_BQ1_0.4_CTD_profile,RBRmaestro,0.5,108.3,14.86,171.66,NA,0.84,
Pearce/Xenopolous,BQ1,0.4,CTD_profile,Pearce/Xenopolous_BQ1_0.4_CTD_profile,RBRmaestro,0.5,108.3,14.86,171.84,NA,0.84,
Pearce/Xenopolous,BQ1,0.4,CTD_profile,Pearce/Xenopolous_BQ1_0.4_CTD_profile,RBRmaestro,0.5,107.5,14.74,171.88,NA,0.84,
Pearce/Xenopolous,BQ1,0.4,CTD_profile,Pearce/Xenopolous_BQ1_0.4_CTD_profile,RBRmaestro,0.51,107.5,14.74,172.13,NA,0.85,
Pearce/Xenopolous,BQ1,0.4,CTD_profile,Pearce/Xenopolous_BQ1_0.4_CTD_profile,RBRmaestro,0.51,107.5,14.74,172.07,NA,0.85,
Pearce/Xenopolous,BQ1,0.4,CTD_profile,Pearce/Xenopolous_BQ1_0.4_CTD_profile,RBRmaestro,0.51,107.5,14.74,171.15,NA,0.84,
Pearce/Xenopolous,BQ1,0.4,CTD_profile,Pearce/Xenopolous_BQ1_0.4_CTD_profile,RBRmaestro,0.53,107.5,14.74,171.95,NA,0.83,
Pearce/Xenopolous,BQ1,0.4,CTD_profile,Pearce/Xenopolous_BQ1_0.4_CTD_profile,RBRmaestro,0.52,107.5,14.74,172.01,NA,0.82,
Pearce/Xenopolous,BQ1,0.4,CTD_profile,Pearce/Xenopolous_BQ1_0.4_CTD_profile,RBRmaestro,0.51,107.5,14.74,171.58,NA,0.83,
Pearce/Xenopolous,BQ1,0.4,CTD_profile,Pearce/Xenopolous_BQ1_0.4_CTD_profile,RBRmaestro,0.51,107.5,14.74,171.93,NA,0.85,
Pearce/Xenopolous,BQ1,0.4,CTD_profile,Pearce/Xenopolous_BQ1_0.4_CTD_profile,RBRmaestro,0.51,107.5,14.79,172.63,NA,0.86,
Pearce/Xenopolous,BQ1,0.4,CTD_profile,Pearce/Xenopolous_BQ1_0.4_CTD_profile,RBRmaestro,0.51,107.5,14.79,172.25,NA,0.87,
Pearce/Xenopolous,BQ1,0.4,CTD_profile,Pearce/Xenopolous_BQ1_0.4_CTD_profile,RBRmaestro,0.52,108.5,14.94,173.18,NA,0.83,
Pearce/Xenopolous,BQ1,0.4,CTD_profile,Pearce/Xenopolous_BQ1_0.4_CTD_profile,RBRmaestro,0.53,108.5,14.94,173.13,NA,0.84,
Pearce/Xenopolous,BQ1,0.41,CTD_profile,Pearce/Xenopolous_BQ1_0.41_CTD_profile,RBRmaestro,0.5,107.5,14.79,171.75,NA,0.88,
Pearce/Xenopolous,BQ1,0.41,CTD_profile,Pearce/Xenopolous_BQ1_0.41_CTD_profile,RBRmaestro,0.49,107.5,14.79,170.93,NA,0.9,
Pearce/Xenopolous,BQ1,0.41,CTD_profile,Pearce/Xenopolous_BQ1_0.41_CTD_profile,RBRmaestro,0.5,107.5,14.79,171.75,NA,0.87,
Pearce/Xenopolous,BQ1,0.41,CTD_profile,Pearce/Xenopolous_BQ1_0.41_CTD_profile,RBRmaestro,0.51,107.5,14.79,172.16,NA,0.84,
Pearce/Xenopolous,BQ1,0.41,CTD_profile,Pearce/Xenopolous_BQ1_0.41_CTD_profile,RBRmaestro,0.54,107.5,14.79,170.44,NA,0.85,
Pearce/Xenopolous,BQ1,0.41,CTD_profile,Pearce/Xenopolous_BQ1_0.41_CTD_profile,RBRmaestro,0.54,107.5,14.79,171.65,NA,0.87,
Pearce/Xenopolous,BQ1,0.41,CTD_profile,Pearce/Xenopolous_BQ1_0.41_CTD_profile,RBRmaestro,0.53,107.4,14.78,171.54,NA,0.86,
Pearce/Xenopolous,BQ1,0.41,CTD_profile,Pearce/Xenopolous_BQ1_0.41_CTD_profile,RBRmaestro,0.53,107.4,14.78,171.02,NA,0.86,
Pearce/Xenopolous,BQ1,0.41,CTD_profile,Pearce/Xenopolous_BQ1_0.41_CTD_profile,RBRmaestro,0.52,107.4,14.78,171.82,NA,0.86,
Pearce/Xenopolous,BQ1,0.41,CTD_profile,Pearce/Xenopolous_BQ1_0.41_CTD_profile,RBRmaestro,0.52,107.4,14.78,171.93,NA,0.85,
Pearce/Xenopolous,BQ1,0.41,CTD_profile,Pearce/Xenopolous_BQ1_0.41_CTD_profile,RBRmaestro,0.51,107.4,14.78,172.49,NA,0.84,
Pearce/Xenopolous,BQ1,0.41,CTD_profile,Pearce/Xenopolous_BQ1_0.41_CTD_profile,RBRmaestro,0.5,107.4,14.78,172.83,NA,0.86,
Pearce/Xenopolous,BQ1,0.41,CTD_profile,Pearce/Xenopolous_BQ1_0.41_CTD_profile,RBRmaestro,0.5,107.4,14.78,172.06,NA,0.86,
Pearce/Xenopolous,BQ1,0.41,CTD_profile,Pearce/Xenopolous_BQ1_0.41_CTD_profile,RBRmaestro,0.5,107.4,14.78,171.71,NA,0.87,
Pearce/Xenopolous,BQ1,0.41,CTD_profile,Pearce/Xenopolous_BQ1_0.41_CTD_profile,RBRmaestro,0.5,108,14.88,173.26,NA,0.87,
Pearce/Xenopolous,BQ1,0.41,CTD_profile,Pearce/Xenopolous_BQ1_0.41_CTD_profile,RBRmaestro,0.5,108,14.88,173.43,NA,0.88,
Pearce/Xenopolous,BQ1,0.41,CTD_profile,Pearce/Xenopolous_BQ1_0.41_CTD_profile,RBRmaestro,0.51,108,14.88,171.73,NA,0.87,
Pearce/Xenopolous,BQ1,0.41,CTD_profile,Pearce/Xenopolous_BQ1_0.41_CTD_profile,RBRmaestro,0.52,108,14.88,172.87,NA,0.85,
Pearce/Xenopolous,BQ1,0.41,CTD_profile,Pearce/Xenopolous_BQ1_0.41_CTD_profile,RBRmaestro,0.54,108,14.88,171.95,NA,0.87,
Pearce/Xenopolous,BQ1,0.41,CTD_profile,Pearce/Xenopolous_BQ1_0.41_CTD_profile,RBRmaestro,0.52,108,14.88,172.55,NA,0.87,
Pearce/Xenopolous,BQ1,0.41,CTD_profile,Pearce/Xenopolous_BQ1_0.41_CTD_profile,RBRmaestro,0.51,108,14.88,171.86,NA,0.86,
Pearce/Xenopolous,BQ1,0.41,CTD_profile,Pearce/Xenopolous_BQ1_0.41_CTD_profile,RBRmaestro,0.51,108,14.88,172.14,NA,0.84,
Pearce/Xenopolous,BQ1,0.41,CTD_profile,Pearce/Xenopolous_BQ1_0.41_CTD_profile,RBRmaestro,0.51,108.5,14.94,172.13,NA,0.84,
Pearce/Xenopolous,BQ1,0.41,CTD_profile,Pearce/Xenopolous_BQ1_0.41_CTD_profile,RBRmaestro,0.52,108.5,14.94,171.8,NA,0.85,
Pearce/Xenopolous,BQ1,0.41,CTD_profile,Pearce/Xenopolous_BQ1_0.41_CTD_profile,RBRmaestro,0.51,108.5,14.94,172.28,NA,0.86,
Pearce/Xenopolous,BQ1,0.41,CTD_profile,Pearce/Xenopolous_BQ1_0.41_CTD_profile,RBRmaestro,0.51,108.5,14.94,173.29,NA,0.86,
Pearce/Xenopolous,BQ1,0.41,CTD_profile,Pearce/Xenopolous_BQ1_0.41_CTD_profile,RBRmaestro,0.51,108.5,14.94,172.53,NA,0.83,
Pearce/Xenopolous,BQ1,0.41,CTD_profile,Pearce/Xenopolous_BQ1_0.41_CTD_profile,RBRmaestro,0.51,108.5,14.94,172.68,NA,0.82,
Pearce/Xenopolous,BQ1,0.41,CTD_profile,Pearce/Xenopolous_BQ1_0.41_CTD_profile,RBRmaestro,0.51,108.5,14.94,171.7,NA,0.82,
Pearce/Xenopolous,BQ1,0.41,CTD_profile,Pearce/Xenopolous_BQ1_0.41_CTD_profile,RBRmaestro,0.51,108.5,14.94,173.29,NA,0.82,
Pearce/Xenopolous,BQ1,0.41,CTD_profile,Pearce/Xenopolous_BQ1_0.41_CTD_profile,RBRmaestro,0.53,108.5,14.94,172.79,NA,0.83,
Pearce/Xenopolous,BQ1,0.41,CTD_profile,Pearce/Xenopolous_BQ1_0.41_CTD_profile,RBRmaestro,0.52,108.5,14.94,173.05,NA,0.83,
Pearce/Xenopolous,BQ1,0.41,CTD_profile,Pearce/Xenopolous_BQ1_0.41_CTD_profile,RBRmaestro,0.51,108.5,14.94,171.78,NA,0.82,
Pearce/Xenopolous,BQ1,0.41,CTD_profile,Pearce/Xenopolous_BQ1_0.41_CTD_profile,RBRmaestro,0.52,108.5,14.91,170.52,NA,0.82,
Pearce/Xenopolous,BQ1,0.41,CTD_profile,Pearce/Xenopolous_BQ1_0.41_CTD_profile,RBRmaestro,0.53,108.5,14.91,171.01,NA,0.83,
Pearce/Xenopolous,BQ1,0.42,CTD_profile,Pearce/Xenopolous_BQ1_0.42_CTD_profile,RBRmaestro,0.51,108.5,14.94,172.15,NA,0.82,
Pearce/Xenopolous,BQ1,0.42,CTD_profile,Pearce/Xenopolous_BQ1_0.42_CTD_profile,RBRmaestro,0.51,108.5,14.94,171.01,NA,0.83,
Pearce/Xenopolous,BQ1,0.42,CTD_profile,Pearce/Xenopolous_BQ1_0.42_CTD_profile,RBRmaestro,0.51,108.5,14.94,171.37,NA,0.83,
Pearce/Xenopolous,BQ1,0.42,CTD_profile,Pearce/Xenopolous_BQ1_0.42_CTD_profile,RBRmaestro,0.51,108.5,14.91,172.01,NA,0.82,
Pearce/Xenopolous,BQ1,0.42,CTD_profile,Pearce/Xenopolous_BQ1_0.42_CTD_profile,RBRmaestro,0.51,108.5,14.91,171.14,NA,0.83,
Pearce/Xenopolous,BQ1,0.42,CTD_profile,Pearce/Xenopolous_BQ1_0.42_CTD_profile,RBRmaestro,0.51,107.4,14.82,171.01,NA,0.83,
Pearce/Xenopolous,BQ1,0.43,CTD_profile,Pearce/Xenopolous_BQ1_0.43_CTD_profile,RBRmaestro,0.52,108.5,14.91,171.57,NA,0.83,
Pearce/Xenopolous,BQ1,0.43,CTD_profile,Pearce/Xenopolous_BQ1_0.43_CTD_profile,RBRmaestro,0.53,108.5,14.91,170.58,NA,0.85,
Pearce/Xenopolous,BQ1,0.43,CTD_profile,Pearce/Xenopolous_BQ1_0.43_CTD_profile,RBRmaestro,0.52,108.5,14.91,171.01,NA,0.83,
Pearce/Xenopolous,BQ1,0.43,CTD_profile,Pearce/Xenopolous_BQ1_0.43_CTD_profile,RBRmaestro,0.51,108.5,14.91,171.72,NA,0.83,
Pearce/Xenopolous,BQ1,0.43,CTD_profile,Pearce/Xenopolous_BQ1_0.43_CTD_profile,RBRmaestro,0.55,107.4,14.82,172.2,NA,0.85,
Pearce/Xenopolous,BQ1,0.43,CTD_profile,Pearce/Xenopolous_BQ1_0.43_CTD_profile,RBRmaestro,0.59,107.4,14.82,171.46,NA,0.85,
Pearce/Xenopolous,BQ1,0.43,CTD_profile,Pearce/Xenopolous_BQ1_0.43_CTD_profile,RBRmaestro,0.53,106.4,14.75,171.14,NA,0.87,
Pearce/Xenopolous,BQ1,0.43,CTD_profile,Pearce/Xenopolous_BQ1_0.43_CTD_profile,RBRmaestro,0.52,106.4,14.75,171.45,NA,0.89,
Pearce/Xenopolous,BQ1,0.43,CTD_profile,Pearce/Xenopolous_BQ1_0.43_CTD_profile,RBRmaestro,0.52,106,14.72,170.67,NA,0.89,
Pearce/Xenopolous,BQ1,0.44,CTD_profile,Pearce/Xenopolous_BQ1_0.44_CTD_profile,RBRmaestro,0.59,107.4,14.82,171.14,NA,0.86,
Pearce/Xenopolous,BQ1,0.44,CTD_profile,Pearce/Xenopolous_BQ1_0.44_CTD_profile,RBRmaestro,0.58,107.4,14.82,172.11,NA,0.86,
Pearce/Xenopolous,BQ1,0.44,CTD_profile,Pearce/Xenopolous_BQ1_0.44_CTD_profile,RBRmaestro,0.57,107.4,14.82,172.09,NA,0.88,
Pearce/Xenopolous,BQ1,0.44,CTD_profile,Pearce/Xenopolous_BQ1_0.44_CTD_profile,RBRmaestro,0.57,107.4,14.82,172.02,NA,0.86,
Pearce/Xenopolous,BQ1,0.44,CTD_profile,Pearce/Xenopolous_BQ1_0.44_CTD_profile,RBRmaestro,0.51,106,14.72,169.64,NA,0.89,
Pearce/Xenopolous,BQ1,0.45,CTD_profile,Pearce/Xenopolous_BQ1_0.45_CTD_profile,RBRmaestro,0.56,107.4,14.82,171.59,NA,0.85,
Pearce/Xenopolous,BQ1,0.45,CTD_profile,Pearce/Xenopolous_BQ1_0.45_CTD_profile,RBRmaestro,0.55,106.4,14.75,170.84,NA,0.84,
Pearce/Xenopolous,BQ1,0.45,CTD_profile,Pearce/Xenopolous_BQ1_0.45_CTD_profile,RBRmaestro,0.53,106.4,14.75,170.81,NA,0.84,
Pearce/Xenopolous,BQ1,0.46,CTD_profile,Pearce/Xenopolous_BQ1_0.46_CTD_profile,RBRmaestro,0.55,106.4,14.75,171.42,NA,0.84,
Pearce/Xenopolous,BQ1,0.46,CTD_profile,Pearce/Xenopolous_BQ1_0.46_CTD_profile,RBRmaestro,0.55,106.4,14.75,171.89,NA,0.84,
Pearce/Xenopolous,BQ1,0.46,CTD_profile,Pearce/Xenopolous_BQ1_0.46_CTD_profile,RBRmaestro,0.54,106.4,14.75,171.01,NA,0.83,
Pearce/Xenopolous,BQ1,0.46,CTD_profile,Pearce/Xenopolous_BQ1_0.46_CTD_profile,RBRmaestro,0.55,106.4,14.75,170.54,NA,0.84,
Pearce/Xenopolous,BQ1,0.46,CTD_profile,Pearce/Xenopolous_BQ1_0.46_CTD_profile,RBRmaestro,0.5,106,14.72,169.83,NA,0.86,
Pearce/Xenopolous,BQ1,0.48,CTD_profile,Pearce/Xenopolous_BQ1_0.48_CTD_profile,RBRmaestro,0.5,106,14.72,169.47,NA,0.84,
Pearce/Xenopolous,BQ1,0.5,CTD_profile,Pearce/Xenopolous_BQ1_0.5_CTD_profile,RBRmaestro,0.49,106,14.72,169.16,NA,0.83,
Pearce/Xenopolous,BQ1,0.53,CTD_profile,Pearce/Xenopolous_BQ1_0.53_CTD_profile,RBRmaestro,0.49,106,14.72,169.42,NA,0.9,
Pearce/Xenopolous,BQ1,0.56,CTD_profile,Pearce/Xenopolous_BQ1_0.56_CTD_profile,RBRmaestro,0.5,106,14.72,169.16,NA,0.91,
Pearce/Xenopolous,BQ1,0.59,CTD_profile,Pearce/Xenopolous_BQ1_0.59_CTD_profile,RBRmaestro,0.51,106,14.72,168.41,NA,0.89,
Pearce/Xenopolous,BQ1,0.62,CTD_profile,Pearce/Xenopolous_BQ1_0.62_CTD_profile,RBRmaestro,0.51,105,14.63,169,NA,0.87,
Pearce/Xenopolous,BQ1,0.66,CTD_profile,Pearce/Xenopolous_BQ1_0.66_CTD_profile,RBRmaestro,0.51,105,14.63,169.06,NA,0.86,
Pearce/Xenopolous,BQ1,0.7,CTD_profile,Pearce/Xenopolous_BQ1_0.7_CTD_profile,RBRmaestro,0.51,105,14.63,168.48,NA,0.85,
Pearce/Xenopolous,BQ1,0.74,CTD_profile,Pearce/Xenopolous_BQ1_0.74_CTD_profile,RBRmaestro,0.51,105,14.63,169.36,NA,0.85,
Pearce/Xenopolous,BQ1,0.77,CTD_profile,Pearce/Xenopolous_BQ1_0.77_CTD_profile,RBRmaestro,0.51,105,14.63,169.66,NA,0.84,
Pearce/Xenopolous,BQ1,0.79,CTD_profile,Pearce/Xenopolous_BQ1_0.79_CTD_profile,RBRmaestro,0.51,105,14.63,169.34,NA,0.89,
Pearce/Xenopolous,BQ1,0.82,CTD_profile,Pearce/Xenopolous_BQ1_0.82_CTD_profile,RBRmaestro,0.52,105,14.63,169.15,NA,0.88,
Pearce/Xenopolous,BQ1,0.83,CTD_profile,Pearce/Xenopolous_BQ1_0.83_CTD_profile,RBRmaestro,0.52,105,14.63,169.12,NA,0.86,
Pearce/Xenopolous,BQ1,0.85,CTD_profile,Pearce/Xenopolous_BQ1_0.85_CTD_profile,RBRmaestro,0.52,105.4,14.79,169.06,NA,0.85,
Pearce/Xenopolous,BQ1,0.87,CTD_profile,Pearce/Xenopolous_BQ1_0.87_CTD_profile,RBRmaestro,0.51,105.4,14.79,169,NA,0.85,
Pearce/Xenopolous,BQ1,0.89,CTD_profile,Pearce/Xenopolous_BQ1_0.89_CTD_profile,RBRmaestro,0.51,105.4,14.79,169.96,NA,0.85,
Pearce/Xenopolous,BQ1,0.91,CTD_profile,Pearce/Xenopolous_BQ1_0.91_CTD_profile,RBRmaestro,0.51,105.4,14.79,168.35,NA,0.84,
Pearce/Xenopolous,BQ1,0.92,CTD_profile,Pearce/Xenopolous_BQ1_0.92_CTD_profile,RBRmaestro,0.51,105.4,14.79,168.52,NA,0.84,
Pearce/Xenopolous,BQ1,0.94,CTD_profile,Pearce/Xenopolous_BQ1_0.94_CTD_profile,RBRmaestro,0.51,105.4,14.79,168.78,NA,0.85,
Pearce/Xenopolous,BQ1,0.95,CTD_profile,Pearce/Xenopolous_BQ1_0.95_CTD_profile,RBRmaestro,0.51,105.4,14.79,169.82,NA,0.84,
Pearce/Xenopolous,BQ1,0.97,CTD_profile,Pearce/Xenopolous_BQ1_0.97_CTD_profile,RBRmaestro,0.51,105.4,14.79,169.26,NA,0.83,
Pearce/Xenopolous,BQ1,1,CTD_profile,Pearce/Xenopolous_BQ1_1_CTD_profile,RBRmaestro,0.51,106,14.88,168.03,NA,0.83,
Pearce/Xenopolous,BQ1,1.03,CTD_profile,Pearce/Xenopolous_BQ1_1.03_CTD_profile,RBRmaestro,0.52,106,14.88,168.8,NA,0.86,
Pearce/Xenopolous,BQ1,1.05,CTD_profile,Pearce/Xenopolous_BQ1_1.05_CTD_profile,RBRmaestro,0.52,106,14.88,169.04,NA,0.86,
Pearce/Xenopolous,BQ1,1.09,CTD_profile,Pearce/Xenopolous_BQ1_1.09_CTD_profile,RBRmaestro,0.52,106,14.88,168.14,NA,0.86,
Pearce/Xenopolous,BQ1,1.12,CTD_profile,Pearce/Xenopolous_BQ1_1.12_CTD_profile,RBRmaestro,0.51,106,14.88,168.44,NA,0.85,
Pearce/Xenopolous,BQ1,1.16,CTD_profile,Pearce/Xenopolous_BQ1_1.16_CTD_profile,RBRmaestro,0.52,106,14.88,168.35,NA,0.84,
Pearce/Xenopolous,BQ1,1.19,CTD_profile,Pearce/Xenopolous_BQ1_1.19_CTD_profile,RBRmaestro,0.52,106,14.88,168.74,NA,0.85,
Pearce/Xenopolous,BQ1,1.22,CTD_profile,Pearce/Xenopolous_BQ1_1.22_CTD_profile,RBRmaestro,0.52,106,14.88,167.96,NA,0.86,
Pearce/Xenopolous,BQ1,1.24,CTD_profile,Pearce/Xenopolous_BQ1_1.24_CTD_profile,RBRmaestro,0.52,105.6,14.81,168.53,NA,0.86,
Pearce/Xenopolous,BQ1,1.27,CTD_profile,Pearce/Xenopolous_BQ1_1.27_CTD_profile,RBRmaestro,0.52,105.6,14.81,168.72,NA,0.86,
Pearce/Xenopolous,BQ1,1.3,CTD_profile,Pearce/Xenopolous_BQ1_1.3_CTD_profile,RBRmaestro,0.52,105.6,14.81,169.24,NA,0.87,
Pearce/Xenopolous,BQ1,1.33,CTD_profile,Pearce/Xenopolous_BQ1_1.33_CTD_profile,RBRmaestro,0.52,105.6,14.81,169.54,NA,0.87,
Pearce/Xenopolous,BQ1,1.36,CTD_profile,Pearce/Xenopolous_BQ1_1.36_CTD_profile,RBRmaestro,0.52,105.6,14.81,169.04,NA,0.88,
Pearce/Xenopolous,BQ1,1.38,CTD_profile,Pearce/Xenopolous_BQ1_1.38_CTD_profile,RBRmaestro,0.52,105.6,14.81,168.66,NA,0.88,
Pearce/Xenopolous,BQ1,1.41,CTD_profile,Pearce/Xenopolous_BQ1_1.41_CTD_profile,RBRmaestro,0.52,105.6,14.81,168.55,NA,0.89,
Pearce/Xenopolous,BQ1,1.43,CTD_profile,Pearce/Xenopolous_BQ1_1.43_CTD_profile,RBRmaestro,0.52,105.6,14.81,169.22,NA,0.88,
Pearce/Xenopolous,BQ1,1.45,CTD_profile,Pearce/Xenopolous_BQ1_1.45_CTD_profile,RBRmaestro,0.52,106.6,14.99,168.48,NA,0.88,
Pearce/Xenopolous,BQ1,1.48,CTD_profile,Pearce/Xenopolous_BQ1_1.48_CTD_profile,RBRmaestro,0.52,106.6,14.99,168.98,NA,0.9,
Pearce/Xenopolous,BQ1,1.51,CTD_profile,Pearce/Xenopolous_BQ1_1.51_CTD_profile,RBRmaestro,0.52,106.6,14.99,168.35,NA,0.91,
Pearce/Xenopolous,BQ1,1.54,CTD_profile,Pearce/Xenopolous_BQ1_1.54_CTD_profile,RBRmaestro,0.52,106.6,14.99,168.68,NA,0.9,
Pearce/Xenopolous,BQ1,1.58,CTD_profile,Pearce/Xenopolous_BQ1_1.58_CTD_profile,RBRmaestro,0.51,106.6,14.99,167.56,NA,0.89,
Pearce/Xenopolous,BQ1,1.61,CTD_profile,Pearce/Xenopolous_BQ1_1.61_CTD_profile,RBRmaestro,0.52,106.6,14.99,168.46,NA,0.89,
Pearce/Xenopolous,BQ1,1.65,CTD_profile,Pearce/Xenopolous_BQ1_1.65_CTD_profile,RBRmaestro,0.52,106.6,14.99,167.88,NA,0.9,
Pearce/Xenopolous,BQ1,1.68,CTD_profile,Pearce/Xenopolous_BQ1_1.68_CTD_profile,RBRmaestro,0.52,106.6,14.99,168.48,NA,0.91,
Pearce/Xenopolous,BQ1,1.72,CTD_profile,Pearce/Xenopolous_BQ1_1.72_CTD_profile,RBRmaestro,0.52,106.8,15.02,170.03,NA,0.89,
Pearce/Xenopolous,BQ1,1.76,CTD_profile,Pearce/Xenopolous_BQ1_1.76_CTD_profile,RBRmaestro,0.52,106.8,15.02,169.19,NA,0.9,
Pearce/Xenopolous,BQ1,1.79,CTD_profile,Pearce/Xenopolous_BQ1_1.79_CTD_profile,RBRmaestro,0.52,106.8,15.02,168.96,NA,0.91,
Pearce/Xenopolous,BQ1,1.82,CTD_profile,Pearce/Xenopolous_BQ1_1.82_CTD_profile,RBRmaestro,0.52,106.8,15.02,168.85,NA,0.92,
Pearce/Xenopolous,BQ1,1.85,CTD_profile,Pearce/Xenopolous_BQ1_1.85_CTD_profile,RBRmaestro,0.51,106.8,15.02,168.4,NA,0.92,
Pearce/Xenopolous,BQ1,1.86,CTD_profile,Pearce/Xenopolous_BQ1_1.86_CTD_profile,RBRmaestro,0.51,106.8,15.02,169.6,NA,0.93,
Pearce/Xenopolous,BQ1,1.89,CTD_profile,Pearce/Xenopolous_BQ1_1.89_CTD_profile,RBRmaestro,0.51,106.8,15.02,167.95,NA,0.94,
Pearce/Xenopolous,BQ1,1.91,CTD_profile,Pearce/Xenopolous_BQ1_1.91_CTD_profile,RBRmaestro,0.51,106.8,15.02,168.12,NA,0.95,
Pearce/Xenopolous,BQ1,1.94,CTD_profile,Pearce/Xenopolous_BQ1_1.94_CTD_profile,RBRmaestro,0.51,106.8,15.05,169.22,NA,0.97,
Pearce/Xenopolous,BQ1,1.97,CTD_profile,Pearce/Xenopolous_BQ1_1.97_CTD_profile,RBRmaestro,0.51,106.8,15.05,169.43,NA,0.97,
Pearce/Xenopolous,BQ1,2,CTD_profile,Pearce/Xenopolous_BQ1_2_CTD_profile,RBRmaestro,0.51,106.8,15.05,168.42,NA,0.97,
Pearce/Xenopolous,BQ1,2.04,CTD_profile,Pearce/Xenopolous_BQ1_2.04_CTD_profile,RBRmaestro,0.51,106.8,15.05,168.01,NA,1.01,
Pearce/Xenopolous,BQ1,2.08,CTD_profile,Pearce/Xenopolous_BQ1_2.08_CTD_profile,RBRmaestro,0.51,106.8,15.05,168.98,NA,1.02,
Pearce/Xenopolous,BQ1,2.11,CTD_profile,Pearce/Xenopolous_BQ1_2.11_CTD_profile,RBRmaestro,0.51,106.8,15.05,168.89,NA,1,
Pearce/Xenopolous,BQ1,2.16,CTD_profile,Pearce/Xenopolous_BQ1_2.16_CTD_profile,RBRmaestro,0.51,106.8,15.05,168.38,NA,1.01,
Pearce/Xenopolous,BQ1,2.19,CTD_profile,Pearce/Xenopolous_BQ1_2.19_CTD_profile,RBRmaestro,0.52,106.8,15.05,167.97,NA,0.99,
Pearce/Xenopolous,BQ1,2.22,CTD_profile,Pearce/Xenopolous_BQ1_2.22_CTD_profile,RBRmaestro,0.52,107.4,15.14,168.1,NA,1,
Pearce/Xenopolous,BQ1,2.23,CTD_profile,Pearce/Xenopolous_BQ1_2.23_CTD_profile,RBRmaestro,0.52,107.4,15.14,168.55,NA,1.03,
Pearce/Xenopolous,BQ1,2.24,CTD_profile,Pearce/Xenopolous_BQ1_2.24_CTD_profile,RBRmaestro,0.52,107.4,15.14,169,NA,1.07,
Pearce/Xenopolous,BQ1,2.24,CTD_profile,Pearce/Xenopolous_BQ1_2.24_CTD_profile,RBRmaestro,0.52,107.4,15.14,168.77,NA,1.06,
Pearce/Xenopolous,BQ1,2.25,CTD_profile,Pearce/Xenopolous_BQ1_2.25_CTD_profile,RBRmaestro,0.53,107.4,15.14,168.64,NA,1.07,
Pearce/Xenopolous,BQ1,2.27,CTD_profile,Pearce/Xenopolous_BQ1_2.27_CTD_profile,RBRmaestro,0.52,107.4,15.14,168.36,NA,1.03,
Pearce/Xenopolous,BQ1,2.3,CTD_profile,Pearce/Xenopolous_BQ1_2.3_CTD_profile,RBRmaestro,0.52,107.4,15.14,168.85,NA,0.99,
Pearce/Xenopolous,BQ1,2.33,CTD_profile,Pearce/Xenopolous_BQ1_2.33_CTD_profile,RBRmaestro,0.52,107.4,15.14,168.85,NA,0.97,
Pearce/Xenopolous,BQ1,2.36,CTD_profile,Pearce/Xenopolous_BQ1_2.36_CTD_profile,RBRmaestro,0.52,108.3,15.28,168.6,NA,0.99,
Pearce/Xenopolous,BQ1,2.39,CTD_profile,Pearce/Xenopolous_BQ1_2.39_CTD_profile,RBRmaestro,0.52,108.3,15.28,168.98,NA,1.03,
Pearce/Xenopolous,BQ1,2.43,CTD_profile,Pearce/Xenopolous_BQ1_2.43_CTD_profile,RBRmaestro,0.51,108.3,15.28,169.28,NA,1.05,
Pearce/Xenopolous,BQ1,2.47,CTD_profile,Pearce/Xenopolous_BQ1_2.47_CTD_profile,RBRmaestro,0.51,108.3,15.28,168.44,NA,1.06,
Pearce/Xenopolous,BQ1,2.51,CTD_profile,Pearce/Xenopolous_BQ1_2.51_CTD_profile,RBRmaestro,0.51,108.3,15.28,168.86,NA,1.04,
Pearce/Xenopolous,BQ1,2.56,CTD_profile,Pearce/Xenopolous_BQ1_2.56_CTD_profile,RBRmaestro,0.51,108.3,15.28,168.68,NA,1.06,
Pearce/Xenopolous,BQ1,2.6,CTD_profile,Pearce/Xenopolous_BQ1_2.6_CTD_profile,RBRmaestro,0.51,108.3,15.28,168.94,NA,1.06,
Pearce/Xenopolous,BQ1,2.64,CTD_profile,Pearce/Xenopolous_BQ1_2.64_CTD_profile,RBRmaestro,0.51,108.3,15.28,168.88,NA,1.08,
Pearce/Xenopolous,BQ1,2.68,CTD_profile,Pearce/Xenopolous_BQ1_2.68_CTD_profile,RBRmaestro,0.51,107.7,15.22,168.83,NA,1.06,
Pearce/Xenopolous,BQ1,2.72,CTD_profile,Pearce/Xenopolous_BQ1_2.72_CTD_profile,RBRmaestro,0.51,107.7,15.22,168.19,NA,1.03,
Pearce/Xenopolous,BQ1,2.75,CTD_profile,Pearce/Xenopolous_BQ1_2.75_CTD_profile,RBRmaestro,0.51,107.7,15.22,167.87,NA,1.05,
Pearce/Xenopolous,BQ1,2.77,CTD_profile,Pearce/Xenopolous_BQ1_2.77_CTD_profile,RBRmaestro,0.51,107.7,15.22,168.64,NA,1.05,
Pearce/Xenopolous,BQ1,2.78,CTD_profile,Pearce/Xenopolous_BQ1_2.78_CTD_profile,RBRmaestro,0.51,107.7,15.22,168.47,NA,1.11,
Pearce/Xenopolous,BQ1,2.81,CTD_profile,Pearce/Xenopolous_BQ1_2.81_CTD_profile,RBRmaestro,0.51,107.7,15.22,169.07,NA,1.1,
Pearce/Xenopolous,BQ1,2.83,CTD_profile,Pearce/Xenopolous_BQ1_2.83_CTD_profile,RBRmaestro,0.51,107.7,15.22,168.86,NA,1.08,
Pearce/Xenopolous,BQ1,2.86,CTD_profile,Pearce/Xenopolous_BQ1_2.86_CTD_profile,RBRmaestro,0.51,107.7,15.22,169.2,NA,1.11,
Pearce/Xenopolous,BQ1,2.88,CTD_profile,Pearce/Xenopolous_BQ1_2.88_CTD_profile,RBRmaestro,0.52,108.4,15.34,168.58,NA,1.11,
Pearce/Xenopolous,BQ1,2.91,CTD_profile,Pearce/Xenopolous_BQ1_2.91_CTD_profile,RBRmaestro,0.52,108.4,15.34,169.59,NA,1.08,
Pearce/Xenopolous,BQ1,2.93,CTD_profile,Pearce/Xenopolous_BQ1_2.93_CTD_profile,RBRmaestro,0.52,108.4,15.34,169.05,NA,1.14,
Pearce/Xenopolous,BQ1,2.96,CTD_profile,Pearce/Xenopolous_BQ1_2.96_CTD_profile,RBRmaestro,0.52,108.4,15.34,168.6,NA,1.12,
Pearce/Xenopolous,BQ1,2.99,CTD_profile,Pearce/Xenopolous_BQ1_2.99_CTD_profile,RBRmaestro,0.52,108.4,15.34,169.22,NA,1.11,
Pearce/Xenopolous,BQ1,3.01,CTD_profile,Pearce/Xenopolous_BQ1_3.01_CTD_profile,RBRmaestro,0.52,108.4,15.34,169.2,NA,1.09,
Pearce/Xenopolous,BQ1,3.04,CTD_profile,Pearce/Xenopolous_BQ1_3.04_CTD_profile,RBRmaestro,0.52,108.4,15.34,168.79,NA,1.07,
Pearce/Xenopolous,BQ1,3.05,CTD_profile,Pearce/Xenopolous_BQ1_3.05_CTD_profile,RBRmaestro,0.52,108.4,15.34,169.63,NA,1.13,
Pearce/Xenopolous,BQ1,3.06,CTD_profile,Pearce/Xenopolous_BQ1_3.06_CTD_profile,RBRmaestro,0.52,108.6,15.37,168.66,NA,1.14,
Pearce/Xenopolous,BQ1,3.07,CTD_profile,Pearce/Xenopolous_BQ1_3.07_CTD_profile,RBRmaestro,0.52,108.6,15.37,168.68,NA,1.12,
Pearce/Xenopolous,BQ1,3.09,CTD_profile,Pearce/Xenopolous_BQ1_3.09_CTD_profile,RBRmaestro,0.53,108.6,15.37,169.27,NA,1.12,
Pearce/Xenopolous,BQ1,3.11,CTD_profile,Pearce/Xenopolous_BQ1_3.11_CTD_profile,RBRmaestro,0.53,108.6,15.37,168.99,NA,1.13,
Pearce/Xenopolous,BQ1,3.13,CTD_profile,Pearce/Xenopolous_BQ1_3.13_CTD_profile,RBRmaestro,0.52,108.6,15.37,169.52,NA,1.13,
Pearce/Xenopolous,BQ1,3.16,CTD_profile,Pearce/Xenopolous_BQ1_3.16_CTD_profile,RBRmaestro,0.52,108.6,15.37,169.22,NA,1.13,
Pearce/Xenopolous,BQ1,3.19,CTD_profile,Pearce/Xenopolous_BQ1_3.19_CTD_profile,RBRmaestro,0.52,108.6,15.37,168.9,NA,1.1,
Pearce/Xenopolous,BQ1,3.22,CTD_profile,Pearce/Xenopolous_BQ1_3.22_CTD_profile,RBRmaestro,0.52,108.6,15.37,168.11,NA,1.12,
Pearce/Xenopolous,BQ1,3.26,CTD_profile,Pearce/Xenopolous_BQ1_3.26_CTD_profile,RBRmaestro,0.52,109,15.42,169.52,NA,1.15,
Pearce/Xenopolous,BQ1,3.29,CTD_profile,Pearce/Xenopolous_BQ1_3.29_CTD_profile,RBRmaestro,0.52,109,15.42,169.07,NA,1.16,
Pearce/Xenopolous,BQ1,3.32,CTD_profile,Pearce/Xenopolous_BQ1_3.32_CTD_profile,RBRmaestro,0.52,109,15.42,168.99,NA,1.13,
Pearce/Xenopolous,BQ1,3.35,CTD_profile,Pearce/Xenopolous_BQ1_3.35_CTD_profile,RBRmaestro,0.51,109,15.42,169.29,NA,1.12,
Pearce/Xenopolous,BQ1,3.38,CTD_profile,Pearce/Xenopolous_BQ1_3.38_CTD_profile,RBRmaestro,0.51,109,15.42,169.07,NA,1.11,
Pearce/Xenopolous,BQ1,3.39,CTD_profile,Pearce/Xenopolous_BQ1_3.39_CTD_profile,RBRmaestro,0.52,109,15.42,169.25,NA,1.11,
Pearce/Xenopolous,BQ1,3.4,CTD_profile,Pearce/Xenopolous_BQ1_3.4_CTD_profile,RBRmaestro,0.53,109,15.42,169.2,NA,1.11,
Pearce/Xenopolous,BQ1,3.4,CTD_profile,Pearce/Xenopolous_BQ1_3.4_CTD_profile,RBRmaestro,0.54,109,15.42,168.32,NA,1.13,
Pearce/Xenopolous,BQ1,3.41,CTD_profile,Pearce/Xenopolous_BQ1_3.41_CTD_profile,RBRmaestro,0.53,109.4,15.5,169.55,NA,1.11,
Pearce/Xenopolous,BQ1,3.42,CTD_profile,Pearce/Xenopolous_BQ1_3.42_CTD_profile,RBRmaestro,0.52,109.4,15.5,168.69,NA,1.11,
Pearce/Xenopolous,BQ1,3.43,CTD_profile,Pearce/Xenopolous_BQ1_3.43_CTD_profile,RBRmaestro,0.52,109.4,15.5,168.69,NA,1.23,
Pearce/Xenopolous,BQ1,3.45,CTD_profile,Pearce/Xenopolous_BQ1_3.45_CTD_profile,RBRmaestro,0.52,109.4,15.5,169.07,NA,1.21,
Pearce/Xenopolous,BQ1,3.47,CTD_profile,Pearce/Xenopolous_BQ1_3.47_CTD_profile,RBRmaestro,0.52,109.4,15.5,169.89,NA,1.17,
Pearce/Xenopolous,BQ1,3.5,CTD_profile,Pearce/Xenopolous_BQ1_3.5_CTD_profile,RBRmaestro,0.52,109.4,15.5,168.77,NA,1.14,
Pearce/Xenopolous,BQ1,3.53,CTD_profile,Pearce/Xenopolous_BQ1_3.53_CTD_profile,RBRmaestro,0.53,109.4,15.5,168.49,NA,1.13,
Pearce/Xenopolous,BQ1,3.55,CTD_profile,Pearce/Xenopolous_BQ1_3.55_CTD_profile,RBRmaestro,0.56,109.4,15.5,168.95,NA,1.11,
Pearce/Xenopolous,BQ1,3.59,CTD_profile,Pearce/Xenopolous_BQ1_3.59_CTD_profile,RBRmaestro,0.59,109.4,15.49,169.96,NA,1.12,
Pearce/Xenopolous,BQ1,3.63,CTD_profile,Pearce/Xenopolous_BQ1_3.63_CTD_profile,RBRmaestro,0.61,109.4,15.49,169.35,NA,1.1,
Pearce/Xenopolous,BQ1,3.65,CTD_profile,Pearce/Xenopolous_BQ1_3.65_CTD_profile,RBRmaestro,0.61,109.4,15.49,169.66,NA,1.16,
Pearce/Xenopolous,BQ1,3.67,CTD_profile,Pearce/Xenopolous_BQ1_3.67_CTD_profile,RBRmaestro,0.61,109.4,15.49,169.22,NA,1.21,
Pearce/Xenopolous,BQ1,3.68,CTD_profile,Pearce/Xenopolous_BQ1_3.68_CTD_profile,RBRmaestro,0.61,109.4,15.49,168.69,NA,1.15,
Pearce/Xenopolous,BQ1,3.7,CTD_profile,Pearce/Xenopolous_BQ1_3.7_CTD_profile,RBRmaestro,0.61,109.4,15.49,168.6,NA,1.14,
Pearce/Xenopolous,BQ1,3.72,CTD_profile,Pearce/Xenopolous_BQ1_3.72_CTD_profile,RBRmaestro,0.61,109.4,15.49,169.63,NA,1.11,
Pearce/Xenopolous,BQ1,3.74,CTD_profile,Pearce/Xenopolous_BQ1_3.74_CTD_profile,RBRmaestro,0.61,109.4,15.49,169.23,NA,1.13,
Pearce/Xenopolous,BQ1,3.77,CTD_profile,Pearce/Xenopolous_BQ1_3.77_CTD_profile,RBRmaestro,0.62,109.4,15.51,169.96,NA,1.13,
Pearce/Xenopolous,BQ1,3.8,CTD_profile,Pearce/Xenopolous_BQ1_3.8_CTD_profile,RBRmaestro,0.62,109.4,15.51,170,NA,1.13,
Pearce/Xenopolous,BQ1,3.83,CTD_profile,Pearce/Xenopolous_BQ1_3.83_CTD_profile,RBRmaestro,0.62,109.4,15.51,169.2,NA,1.14,
Pearce/Xenopolous,BQ1,3.87,CTD_profile,Pearce/Xenopolous_BQ1_3.87_CTD_profile,RBRmaestro,0.62,109.4,15.51,169.74,NA,1.16,
Pearce/Xenopolous,BQ1,3.91,CTD_profile,Pearce/Xenopolous_BQ1_3.91_CTD_profile,RBRmaestro,0.62,109.4,15.51,169.91,NA,1.19,
Pearce/Xenopolous,BQ1,3.94,CTD_profile,Pearce/Xenopolous_BQ1_3.94_CTD_profile,RBRmaestro,0.62,109.4,15.51,169.61,NA,1.16,
Pearce/Xenopolous,BQ1,3.97,CTD_profile,Pearce/Xenopolous_BQ1_3.97_CTD_profile,RBRmaestro,0.62,109.4,15.51,169.4,NA,1.14,
Pearce/Xenopolous,BQ1,3.98,CTD_profile,Pearce/Xenopolous_BQ1_3.98_CTD_profile,RBRmaestro,0.62,109.4,15.51,169.68,NA,1.15,
Pearce/Xenopolous,BQ1,3.99,CTD_profile,Pearce/Xenopolous_BQ1_3.99_CTD_profile,RBRmaestro,0.63,109.6,15.54,170,NA,1.25,
Pearce/Xenopolous,BQ1,4.01,CTD_profile,Pearce/Xenopolous_BQ1_4.01_CTD_profile,RBRmaestro,0.64,109.6,15.54,169.16,NA,1.2,
Pearce/Xenopolous,BQ1,4.02,CTD_profile,Pearce/Xenopolous_BQ1_4.02_CTD_profile,RBRmaestro,0.63,109.6,15.54,169.51,NA,1.16,
Pearce/Xenopolous,BQ1,4.04,CTD_profile,Pearce/Xenopolous_BQ1_4.04_CTD_profile,RBRmaestro,0.63,109.6,15.54,169.98,NA,1.13,
Pearce/Xenopolous,BQ1,4.05,CTD_profile,Pearce/Xenopolous_BQ1_4.05_CTD_profile,RBRmaestro,0.63,109.6,15.54,169.29,NA,1.17,
Pearce/Xenopolous,BQ1,4.08,CTD_profile,Pearce/Xenopolous_BQ1_4.08_CTD_profile,RBRmaestro,0.63,109.6,15.54,169.36,NA,1.18,
Pearce/Xenopolous,BQ1,4.1,CTD_profile,Pearce/Xenopolous_BQ1_4.1_CTD_profile,RBRmaestro,0.63,109.6,15.54,169.74,NA,1.21,
Pearce/Xenopolous,BQ1,4.12,CTD_profile,Pearce/Xenopolous_BQ1_4.12_CTD_profile,RBRmaestro,0.63,109.6,15.54,168.75,NA,1.2,
Pearce/Xenopolous,BQ1,4.15,CTD_profile,Pearce/Xenopolous_BQ1_4.15_CTD_profile,RBRmaestro,0.63,109.9,15.58,169.42,NA,1.2,
Pearce/Xenopolous,BQ1,4.17,CTD_profile,Pearce/Xenopolous_BQ1_4.17_CTD_profile,RBRmaestro,0.63,109.9,15.58,169.68,NA,1.19,
Pearce/Xenopolous,BQ1,4.18,CTD_profile,Pearce/Xenopolous_BQ1_4.18_CTD_profile,RBRmaestro,0.63,109.9,15.58,170.45,NA,1.17,
Pearce/Xenopolous,BQ1,4.18,CTD_profile,Pearce/Xenopolous_BQ1_4.18_CTD_profile,RBRmaestro,0.63,109.9,15.58,169.63,NA,1.17,
Pearce/Xenopolous,BQ1,4.19,CTD_profile,Pearce/Xenopolous_BQ1_4.19_CTD_profile,RBRmaestro,0.63,109.9,15.58,169.87,NA,1.16,
Pearce/Xenopolous,BQ1,4.21,CTD_profile,Pearce/Xenopolous_BQ1_4.21_CTD_profile,RBRmaestro,0.63,109.9,15.58,170.82,NA,1.16,
Pearce/Xenopolous,BQ1,4.22,CTD_profile,Pearce/Xenopolous_BQ1_4.22_CTD_profile,RBRmaestro,0.63,109.9,15.58,170.26,NA,1.18,
Pearce/Xenopolous,BQ1,4.23,CTD_profile,Pearce/Xenopolous_BQ1_4.23_CTD_profile,RBRmaestro,0.63,109.9,15.58,170.17,NA,1.13,
Pearce/Xenopolous,BQ1,4.25,CTD_profile,Pearce/Xenopolous_BQ1_4.25_CTD_profile,RBRmaestro,0.63,110.1,15.59,169.74,NA,1.14,
Pearce/Xenopolous,BQ1,4.27,CTD_profile,Pearce/Xenopolous_BQ1_4.27_CTD_profile,RBRmaestro,0.63,110.1,15.59,170.8,NA,1.15,
Pearce/Xenopolous,BQ1,4.29,CTD_profile,Pearce/Xenopolous_BQ1_4.29_CTD_profile,RBRmaestro,0.63,110.1,15.59,169.53,NA,1.16,
Pearce/Xenopolous,BQ1,4.31,CTD_profile,Pearce/Xenopolous_BQ1_4.31_CTD_profile,RBRmaestro,0.63,110.1,15.59,170.41,NA,1.17,
Pearce/Xenopolous,BQ1,4.33,CTD_profile,Pearce/Xenopolous_BQ1_4.33_CTD_profile,RBRmaestro,0.63,110.1,15.59,169.25,NA,1.19,
Pearce/Xenopolous,BQ1,4.34,CTD_profile,Pearce/Xenopolous_BQ1_4.34_CTD_profile,RBRmaestro,0.63,110.1,15.59,169.64,NA,1.25,
Pearce/Xenopolous,BQ1,4.36,CTD_profile,Pearce/Xenopolous_BQ1_4.36_CTD_profile,RBRmaestro,0.63,110.1,15.59,170.11,NA,1.3,
Pearce/Xenopolous,BQ1,4.39,CTD_profile,Pearce/Xenopolous_BQ1_4.39_CTD_profile,RBRmaestro,0.63,110.1,15.59,170.07,NA,1.27,
Pearce/Xenopolous,BQ1,4.41,CTD_profile,Pearce/Xenopolous_BQ1_4.41_CTD_profile,RBRmaestro,0.63,109.5,15.51,169.63,NA,1.25,
Pearce/Xenopolous,BQ1,4.43,CTD_profile,Pearce/Xenopolous_BQ1_4.43_CTD_profile,RBRmaestro,0.63,109.5,15.51,170.34,NA,1.24,
Pearce/Xenopolous,BQ1,4.45,CTD_profile,Pearce/Xenopolous_BQ1_4.45_CTD_profile,RBRmaestro,0.65,109.5,15.51,169.83,NA,1.2,
Pearce/Xenopolous,BQ1,4.47,CTD_profile,Pearce/Xenopolous_BQ1_4.47_CTD_profile,RBRmaestro,0.64,109.5,15.51,169.38,NA,1.16,
Pearce/Xenopolous,BQ1,4.5,CTD_profile,Pearce/Xenopolous_BQ1_4.5_CTD_profile,RBRmaestro,0.63,109.5,15.51,169.42,NA,1.16,
Pearce/Xenopolous,BQ1,4.53,CTD_profile,Pearce/Xenopolous_BQ1_4.53_CTD_profile,RBRmaestro,0.63,109.5,15.51,170.34,NA,1.15,
Pearce/Xenopolous,BQ1,4.54,CTD_profile,Pearce/Xenopolous_BQ1_4.54_CTD_profile,RBRmaestro,0.63,109.5,15.51,169.83,NA,1.11,
Pearce/Xenopolous,BQ1,4.57,CTD_profile,Pearce/Xenopolous_BQ1_4.57_CTD_profile,RBRmaestro,0.63,109.5,15.51,169.2,NA,1.14,
Pearce/Xenopolous,BQ1,4.59,CTD_profile,Pearce/Xenopolous_BQ1_4.59_CTD_profile,RBRmaestro,0.63,109.8,15.56,170.84,NA,1.17,
Pearce/Xenopolous,BQ1,4.61,CTD_profile,Pearce/Xenopolous_BQ1_4.61_CTD_profile,RBRmaestro,0.63,109.8,15.56,170.22,NA,1.19,
Pearce/Xenopolous,BQ1,4.63,CTD_profile,Pearce/Xenopolous_BQ1_4.63_CTD_profile,RBRmaestro,0.63,109.8,15.56,170.58,NA,1.15,
Pearce/Xenopolous,BQ1,4.65,CTD_profile,Pearce/Xenopolous_BQ1_4.65_CTD_profile,RBRmaestro,0.63,109.8,15.56,170.45,NA,1.13,
Pearce/Xenopolous,BQ1,4.67,CTD_profile,Pearce/Xenopolous_BQ1_4.67_CTD_profile,RBRmaestro,0.63,109.8,15.56,170.78,NA,1.14,
Pearce/Xenopolous,BQ1,4.7,CTD_profile,Pearce/Xenopolous_BQ1_4.7_CTD_profile,RBRmaestro,0.63,109.8,15.56,170.52,NA,1.13,
Pearce/Xenopolous,BQ1,4.73,CTD_profile,Pearce/Xenopolous_BQ1_4.73_CTD_profile,RBRmaestro,0.63,109.8,15.56,169.81,NA,1.11,
Pearce/Xenopolous,BQ1,4.75,CTD_profile,Pearce/Xenopolous_BQ1_4.75_CTD_profile,RBRmaestro,0.63,109.8,15.56,169.46,NA,1.1,
Pearce/Xenopolous,BQ1,4.77,CTD_profile,Pearce/Xenopolous_BQ1_4.77_CTD_profile,RBRmaestro,0.63,109.8,15.58,169.85,NA,1.18,
Pearce/Xenopolous,BQ1,4.79,CTD_profile,Pearce/Xenopolous_BQ1_4.79_CTD_profile,RBRmaestro,0.63,109.8,15.58,170.45,NA,1.21,
Pearce/Xenopolous,BQ1,4.8,CTD_profile,Pearce/Xenopolous_BQ1_4.8_CTD_profile,RBRmaestro,0.63,109.8,15.58,170.6,NA,1.21,
Pearce/Xenopolous,BQ1,4.82,CTD_profile,Pearce/Xenopolous_BQ1_4.82_CTD_profile,RBRmaestro,0.63,109.8,15.58,170.17,NA,1.19,
Pearce/Xenopolous,BQ1,4.83,CTD_profile,Pearce/Xenopolous_BQ1_4.83_CTD_profile,RBRmaestro,0.63,109.8,15.58,170.37,NA,1.15,
Pearce/Xenopolous,BQ1,4.85,CTD_profile,Pearce/Xenopolous_BQ1_4.85_CTD_profile,RBRmaestro,0.63,109.8,15.58,170.2,NA,1.15,
Pearce/Xenopolous,BQ1,4.87,CTD_profile,Pearce/Xenopolous_BQ1_4.87_CTD_profile,RBRmaestro,0.63,109.8,15.58,170.56,NA,1.17,
Pearce/Xenopolous,BQ1,4.89,CTD_profile,Pearce/Xenopolous_BQ1_4.89_CTD_profile,RBRmaestro,0.63,109.8,15.58,170.15,NA,1.15,
Pearce/Xenopolous,BQ1,4.92,CTD_profile,Pearce/Xenopolous_BQ1_4.92_CTD_profile,RBRmaestro,0.63,110,15.61,170.84,NA,1.17,
Pearce/Xenopolous,BQ1,4.95,CTD_profile,Pearce/Xenopolous_BQ1_4.95_CTD_profile,RBRmaestro,0.63,110,15.61,170.52,NA,1.16,
Pearce/Xenopolous,BQ1,4.98,CTD_profile,Pearce/Xenopolous_BQ1_4.98_CTD_profile,RBRmaestro,0.63,110,15.61,169.87,NA,1.14,
Pearce/Xenopolous,BQ1,5.02,CTD_profile,Pearce/Xenopolous_BQ1_5.02_CTD_profile,RBRmaestro,0.65,110,15.61,170.13,NA,1.14,
Pearce/Xenopolous,BQ1,5.06,CTD_profile,Pearce/Xenopolous_BQ1_5.06_CTD_profile,RBRmaestro,0.69,110,15.61,171.42,NA,1.15,
Pearce/Xenopolous,BQ1,5.09,CTD_profile,Pearce/Xenopolous_BQ1_5.09_CTD_profile,RBRmaestro,0.73,110,15.61,171.64,NA,1.13,
Pearce/Xenopolous,BQ1,5.11,CTD_profile,Pearce/Xenopolous_BQ1_5.11_CTD_profile,RBRmaestro,0.74,110,15.61,171.72,NA,1.12,
Pearce/Xenopolous,BQ1,5.13,CTD_profile,Pearce/Xenopolous_BQ1_5.13_CTD_profile,RBRmaestro,0.74,110,15.61,171.7,NA,1.11,
Pearce/Xenopolous,BQ1,5.15,CTD_profile,Pearce/Xenopolous_BQ1_5.15_CTD_profile,RBRmaestro,0.74,109.9,15.6,171.01,NA,1.12,
Pearce/Xenopolous,BQ1,5.17,CTD_profile,Pearce/Xenopolous_BQ1_5.17_CTD_profile,RBRmaestro,0.73,109.9,15.6,171.94,NA,1.17,
Pearce/Xenopolous,BQ1,5.18,CTD_profile,Pearce/Xenopolous_BQ1_5.18_CTD_profile,RBRmaestro,0.73,109.9,15.6,172.22,NA,1.18,
Pearce/Xenopolous,BQ1,5.2,CTD_profile,Pearce/Xenopolous_BQ1_5.2_CTD_profile,RBRmaestro,0.74,109.9,15.6,171.98,NA,1.14,
Pearce/Xenopolous,BQ1,5.22,CTD_profile,Pearce/Xenopolous_BQ1_5.22_CTD_profile,RBRmaestro,0.74,109.9,15.6,171.36,NA,1.14,
Pearce/Xenopolous,BQ1,5.24,CTD_profile,Pearce/Xenopolous_BQ1_5.24_CTD_profile,RBRmaestro,0.75,109.9,15.6,171.38,NA,1.21,
Pearce/Xenopolous,BQ1,5.26,CTD_profile,Pearce/Xenopolous_BQ1_5.26_CTD_profile,RBRmaestro,0.75,109.9,15.6,171.98,NA,1.22,
Pearce/Xenopolous,BQ1,5.29,CTD_profile,Pearce/Xenopolous_BQ1_5.29_CTD_profile,RBRmaestro,0.75,109.9,15.6,171.9,NA,1.2,
Pearce/Xenopolous,BQ1,5.31,CTD_profile,Pearce/Xenopolous_BQ1_5.31_CTD_profile,RBRmaestro,0.76,110.1,15.64,171.16,NA,1.22,
Pearce/Xenopolous,BQ1,5.35,CTD_profile,Pearce/Xenopolous_BQ1_5.35_CTD_profile,RBRmaestro,0.76,110.1,15.64,171.1,NA,1.26,
Pearce/Xenopolous,BQ1,5.38,CTD_profile,Pearce/Xenopolous_BQ1_5.38_CTD_profile,RBRmaestro,0.76,110.1,15.64,171.98,NA,1.28,
Pearce/Xenopolous,BQ1,5.4,CTD_profile,Pearce/Xenopolous_BQ1_5.4_CTD_profile,RBRmaestro,0.75,110.1,15.64,171.1,NA,1.23,
Pearce/Xenopolous,BQ1,5.42,CTD_profile,Pearce/Xenopolous_BQ1_5.42_CTD_profile,RBRmaestro,0.75,110.1,15.64,172.67,NA,1.23,
Pearce/Xenopolous,BQ1,5.44,CTD_profile,Pearce/Xenopolous_BQ1_5.44_CTD_profile,RBRmaestro,0.76,110.1,15.64,171.91,NA,1.2,
Pearce/Xenopolous,BQ1,5.45,CTD_profile,Pearce/Xenopolous_BQ1_5.45_CTD_profile,RBRmaestro,0.77,110.1,15.64,171.33,NA,1.17,
Pearce/Xenopolous,BQ1,5.47,CTD_profile,Pearce/Xenopolous_BQ1_5.47_CTD_profile,RBRmaestro,0.77,110.1,15.64,171.64,NA,1.15,
Pearce/Xenopolous,BQ1,5.5,CTD_profile,Pearce/Xenopolous_BQ1_5.5_CTD_profile,RBRmaestro,0.76,110.2,15.63,170.82,NA,1.13,
Pearce/Xenopolous,BQ1,5.52,CTD_profile,Pearce/Xenopolous_BQ1_5.52_CTD_profile,RBRmaestro,0.75,110.2,15.63,171.74,NA,1.14,
Pearce/Xenopolous,BQ1,5.54,CTD_profile,Pearce/Xenopolous_BQ1_5.54_CTD_profile,RBRmaestro,0.76,110.2,15.63,172.32,NA,1.15,
Pearce/Xenopolous,BQ1,5.56,CTD_profile,Pearce/Xenopolous_BQ1_5.56_CTD_profile,RBRmaestro,0.76,110.2,15.63,172.39,NA,1.16,
Pearce/Xenopolous,BQ1,5.59,CTD_profile,Pearce/Xenopolous_BQ1_5.59_CTD_profile,RBRmaestro,0.76,110.2,15.63,171.16,NA,1.16,
Pearce/Xenopolous,BQ1,5.63,CTD_profile,Pearce/Xenopolous_BQ1_5.63_CTD_profile,RBRmaestro,0.76,110.2,15.63,172.6,NA,1.19,
Pearce/Xenopolous,BQ1,5.66,CTD_profile,Pearce/Xenopolous_BQ1_5.66_CTD_profile,RBRmaestro,0.76,110.2,15.63,171.38,NA,1.2,
Pearce/Xenopolous,BQ1,5.69,CTD_profile,Pearce/Xenopolous_BQ1_5.69_CTD_profile,RBRmaestro,0.77,110.2,15.63,172.28,NA,1.16,
Pearce/Xenopolous,BQ1,5.72,CTD_profile,Pearce/Xenopolous_BQ1_5.72_CTD_profile,RBRmaestro,0.76,110,15.6,172.56,NA,1.18,
Pearce/Xenopolous,BQ1,5.74,CTD_profile,Pearce/Xenopolous_BQ1_5.74_CTD_profile,RBRmaestro,0.76,110,15.6,172.35,NA,1.27,
Pearce/Xenopolous,BQ1,5.76,CTD_profile,Pearce/Xenopolous_BQ1_5.76_CTD_profile,RBRmaestro,0.76,110,15.6,170.77,NA,1.34,
Pearce/Xenopolous,BQ1,5.77,CTD_profile,Pearce/Xenopolous_BQ1_5.77_CTD_profile,RBRmaestro,0.76,110,15.6,172.45,NA,1.27,
Pearce/Xenopolous,BQ1,5.79,CTD_profile,Pearce/Xenopolous_BQ1_5.79_CTD_profile,RBRmaestro,0.76,110,15.6,171.68,NA,1.23,
Pearce/Xenopolous,BQ1,5.82,CTD_profile,Pearce/Xenopolous_BQ1_5.82_CTD_profile,RBRmaestro,0.76,110,15.6,172.19,NA,1.18,
Pearce/Xenopolous,BQ1,5.85,CTD_profile,Pearce/Xenopolous_BQ1_5.85_CTD_profile,RBRmaestro,0.76,110,15.6,171.27,NA,1.18,
Pearce/Xenopolous,BQ1,5.88,CTD_profile,Pearce/Xenopolous_BQ1_5.88_CTD_profile,RBRmaestro,0.77,110,15.6,171.62,NA,1.16,
Pearce/Xenopolous,BQ1,5.91,CTD_profile,Pearce/Xenopolous_BQ1_5.91_CTD_profile,RBRmaestro,0.77,110.1,15.61,171.01,NA,1.17,
Pearce/Xenopolous,BQ1,5.93,CTD_profile,Pearce/Xenopolous_BQ1_5.93_CTD_profile,RBRmaestro,0.77,110.1,15.61,171.94,NA,1.18,
Pearce/Xenopolous,BQ1,5.96,CTD_profile,Pearce/Xenopolous_BQ1_5.96_CTD_profile,RBRmaestro,0.77,110.1,15.61,171.91,NA,1.22,
Pearce/Xenopolous,BQ1,5.99,CTD_profile,Pearce/Xenopolous_BQ1_5.99_CTD_profile,RBRmaestro,0.76,110.1,15.61,172.34,NA,1.24,
Pearce/Xenopolous,BQ1,6.03,CTD_profile,Pearce/Xenopolous_BQ1_6.03_CTD_profile,RBRmaestro,0.76,110.1,15.61,170.48,NA,1.29,
Pearce/Xenopolous,BQ1,6.07,CTD_profile,Pearce/Xenopolous_BQ1_6.07_CTD_profile,RBRmaestro,0.77,110.1,15.61,172.15,NA,1.3,
Pearce/Xenopolous,BQ1,6.09,CTD_profile,Pearce/Xenopolous_BQ1_6.09_CTD_profile,RBRmaestro,0.78,110.1,15.61,171.76,NA,1.25,
Pearce/Xenopolous,BQ1,6.11,CTD_profile,Pearce/Xenopolous_BQ1_6.11_CTD_profile,RBRmaestro,0.78,110.1,15.61,170.62,NA,1.3,
Pearce/Xenopolous,BQ1,6.13,CTD_profile,Pearce/Xenopolous_BQ1_6.13_CTD_profile,RBRmaestro,0.78,109.7,15.57,170.13,NA,1.27,
Pearce/Xenopolous,BQ1,6.16,CTD_profile,Pearce/Xenopolous_BQ1_6.16_CTD_profile,RBRmaestro,0.78,109.7,15.57,171.85,NA,1.29,
Pearce/Xenopolous,BQ1,6.18,CTD_profile,Pearce/Xenopolous_BQ1_6.18_CTD_profile,RBRmaestro,0.78,109.7,15.57,170.58,NA,1.25,
Pearce/Xenopolous,BQ1,6.2,CTD_profile,Pearce/Xenopolous_BQ1_6.2_CTD_profile,RBRmaestro,0.79,109.7,15.57,170.69,NA,1.22,
Pearce/Xenopolous,BQ1,6.22,CTD_profile,Pearce/Xenopolous_BQ1_6.22_CTD_profile,RBRmaestro,0.79,109.7,15.57,171.2,NA,1.22,
Pearce/Xenopolous,BQ1,6.24,CTD_profile,Pearce/Xenopolous_BQ1_6.24_CTD_profile,RBRmaestro,0.79,109.7,15.57,171.38,NA,1.19,
Pearce/Xenopolous,BQ1,6.27,CTD_profile,Pearce/Xenopolous_BQ1_6.27_CTD_profile,RBRmaestro,0.78,109.7,15.57,171.38,NA,1.17,
Pearce/Xenopolous,BQ1,6.29,CTD_profile,Pearce/Xenopolous_BQ1_6.29_CTD_profile,RBRmaestro,0.78,109.7,15.57,170.6,NA,1.21,
Pearce/Xenopolous,BQ1,6.32,CTD_profile,Pearce/Xenopolous_BQ1_6.32_CTD_profile,RBRmaestro,0.78,110.1,15.62,171.38,NA,1.21,
Pearce/Xenopolous,BQ1,6.34,CTD_profile,Pearce/Xenopolous_BQ1_6.34_CTD_profile,RBRmaestro,0.78,110.1,15.62,170.78,NA,1.2,
Pearce/Xenopolous,BQ1,6.36,CTD_profile,Pearce/Xenopolous_BQ1_6.36_CTD_profile,RBRmaestro,0.79,110.1,15.62,171.48,NA,1.21,
Pearce/Xenopolous,BQ1,6.37,CTD_profile,Pearce/Xenopolous_BQ1_6.37_CTD_profile,RBRmaestro,0.79,110.1,15.62,171.83,NA,1.23,
Pearce/Xenopolous,BQ1,6.39,CTD_profile,Pearce/Xenopolous_BQ1_6.39_CTD_profile,RBRmaestro,0.79,110.1,15.62,171.18,NA,1.27,
Pearce/Xenopolous,BQ1,6.41,CTD_profile,Pearce/Xenopolous_BQ1_6.41_CTD_profile,RBRmaestro,0.79,110.1,15.62,170.93,NA,1.31,
Pearce/Xenopolous,BQ1,6.43,CTD_profile,Pearce/Xenopolous_BQ1_6.43_CTD_profile,RBRmaestro,0.79,110.1,15.62,170.94,NA,1.31,
Pearce/Xenopolous,BQ1,6.43,CTD_profile,Pearce/Xenopolous_BQ1_6.43_CTD_profile,RBRmaestro,0.79,110.1,15.62,170.94,NA,1.31,
Pearce/Xenopolous,BQ1,6.43,CTD_profile,Pearce/Xenopolous_BQ1_6.43_CTD_profile,RBRmaestro,0.79,109.8,15.57,170.58,NA,1.26,
Pearce/Xenopolous,BQ1,6.5,CTD_profile,Pearce/Xenopolous_BQ1_6.5_CTD_profile,RBRmaestro,0.79,109.8,15.57,170.37,NA,1.22,
Pearce/Xenopolous,BQ1,6.52,CTD_profile,Pearce/Xenopolous_BQ1_6.52_CTD_profile,RBRmaestro,0.79,109.8,15.57,171.27,NA,1.22,
Pearce/Xenopolous,BQ1,6.54,CTD_profile,Pearce/Xenopolous_BQ1_6.54_CTD_profile,RBRmaestro,0.79,109.8,15.57,171.85,NA,1.2,
Pearce/Xenopolous,BQ1,6.56,CTD_profile,Pearce/Xenopolous_BQ1_6.56_CTD_profile,RBRmaestro,0.8,109.8,15.57,171.98,NA,1.18,
Pearce/Xenopolous,BQ1,6.57,CTD_profile,Pearce/Xenopolous_BQ1_6.57_CTD_profile,RBRmaestro,0.79,109.8,15.57,170.67,NA,1.17,
Pearce/Xenopolous,BQ1,6.58,CTD_profile,Pearce/Xenopolous_BQ1_6.58_CTD_profile,RBRmaestro,0.79,109.8,15.57,171.12,NA,1.19,
Pearce/Xenopolous,BQ1,6.59,CTD_profile,Pearce/Xenopolous_BQ1_6.59_CTD_profile,RBRmaestro,0.8,109.8,15.57,171.4,NA,1.16,
Pearce/Xenopolous,BQ1,6.6,CTD_profile,Pearce/Xenopolous_BQ1_6.6_CTD_profile,RBRmaestro,0.8,109.6,15.55,171.63,NA,1.14,
Pearce/Xenopolous,BQ1,6.61,CTD_profile,Pearce/Xenopolous_BQ1_6.61_CTD_profile,RBRmaestro,0.8,109.6,15.55,170.62,NA,1.15,
Pearce/Xenopolous,BQ1,6.62,CTD_profile,Pearce/Xenopolous_BQ1_6.62_CTD_profile,RBRmaestro,0.8,109.6,15.55,171.96,NA,1.18,
Pearce/Xenopolous,BQ1,6.63,CTD_profile,Pearce/Xenopolous_BQ1_6.63_CTD_profile,RBRmaestro,0.8,109.6,15.55,172.02,NA,1.18,
Pearce/Xenopolous,BQ1,6.63,CTD_profile,Pearce/Xenopolous_BQ1_6.63_CTD_profile,RBRmaestro,0.8,109.6,15.55,170.62,NA,1.21,
Pearce/Xenopolous,BQ1,6.65,CTD_profile,Pearce/Xenopolous_BQ1_6.65_CTD_profile,RBRmaestro,0.8,109.6,15.55,172.37,NA,1.22,
Pearce/Xenopolous,BQ1,6.65,CTD_profile,Pearce/Xenopolous_BQ1_6.65_CTD_profile,RBRmaestro,0.8,109.6,15.55,171.85,NA,1.26,
Pearce/Xenopolous,BQ1,6.66,CTD_profile,Pearce/Xenopolous_BQ1_6.66_CTD_profile,RBRmaestro,0.8,109.6,15.55,171.74,NA,1.28,
Pearce/Xenopolous,BQ1,6.67,CTD_profile,Pearce/Xenopolous_BQ1_6.67_CTD_profile,RBRmaestro,0.8,110,15.6,171.7,NA,1.19,
Pearce/Xenopolous,BQ1,6.69,CTD_profile,Pearce/Xenopolous_BQ1_6.69_CTD_profile,RBRmaestro,0.8,110,15.6,171.63,NA,1.16,
Pearce/Xenopolous,BQ1,6.7,CTD_profile,Pearce/Xenopolous_BQ1_6.7_CTD_profile,RBRmaestro,0.8,110,15.6,170.65,NA,1.18,
Pearce/Xenopolous,BQ1,6.72,CTD_profile,Pearce/Xenopolous_BQ1_6.72_CTD_profile,RBRmaestro,0.81,110,15.6,171.81,NA,1.19,
Pearce/Xenopolous,BQ1,6.74,CTD_profile,Pearce/Xenopolous_BQ1_6.74_CTD_profile,RBRmaestro,0.82,110,15.6,171.8,NA,1.22,
Pearce/Xenopolous,BQ1,6.76,CTD_profile,Pearce/Xenopolous_BQ1_6.76_CTD_profile,RBRmaestro,0.83,110,15.6,172.41,NA,1.24,
Pearce/Xenopolous,BQ1,6.79,CTD_profile,Pearce/Xenopolous_BQ1_6.79_CTD_profile,RBRmaestro,0.83,110,15.6,172.38,NA,1.22,
Pearce/Xenopolous,BQ1,6.82,CTD_profile,Pearce/Xenopolous_BQ1_6.82_CTD_profile,RBRmaestro,0.84,110,15.6,172.41,NA,1.19,
Pearce/Xenopolous,BQ1,6.84,CTD_profile,Pearce/Xenopolous_BQ1_6.84_CTD_profile,RBRmaestro,0.85,110.3,15.64,173.78,NA,1.16,
Pearce/Xenopolous,BQ1,6.87,CTD_profile,Pearce/Xenopolous_BQ1_6.87_CTD_profile,RBRmaestro,0.85,110.3,15.64,173.01,NA,1.21,
Pearce/Xenopolous,BQ1,6.88,CTD_profile,Pearce/Xenopolous_BQ1_6.88_CTD_profile,RBRmaestro,0.85,110.3,15.64,173.53,NA,1.2,
Pearce/Xenopolous,BQ1,6.9,CTD_profile,Pearce/Xenopolous_BQ1_6.9_CTD_profile,RBRmaestro,0.85,110.3,15.64,174.06,NA,1.24,
Pearce/Xenopolous,BQ1,6.9,CTD_profile,Pearce/Xenopolous_BQ1_6.9_CTD_profile,RBRmaestro,0.85,110.3,15.64,173.83,NA,1.27,
Pearce/Xenopolous,BQ1,6.91,CTD_profile,Pearce/Xenopolous_BQ1_6.91_CTD_profile,RBRmaestro,0.86,110.3,15.64,173.4,NA,1.19,
Pearce/Xenopolous,BQ1,6.92,CTD_profile,Pearce/Xenopolous_BQ1_6.92_CTD_profile,RBRmaestro,0.86,110.3,15.64,172.79,NA,1.17,
Pearce/Xenopolous,BQ1,6.93,CTD_profile,Pearce/Xenopolous_BQ1_6.93_CTD_profile,RBRmaestro,0.86,110.3,15.64,173.33,NA,1.16,
Pearce/Xenopolous,BQ1,6.93,CTD_profile,Pearce/Xenopolous_BQ1_6.93_CTD_profile,RBRmaestro,0.85,110.3,15.63,173.25,NA,1.21,
Pearce/Xenopolous,BQ1,6.94,CTD_profile,Pearce/Xenopolous_BQ1_6.94_CTD_profile,RBRmaestro,0.86,110.3,15.63,172.75,NA,1.17,
Pearce/Xenopolous,BQ1,6.94,CTD_profile,Pearce/Xenopolous_BQ1_6.94_CTD_profile,RBRmaestro,0.86,110.3,15.63,173.37,NA,1.22,
Pearce/Xenopolous,BQ1,6.94,CTD_profile,Pearce/Xenopolous_BQ1_6.94_CTD_profile,RBRmaestro,0.85,110.3,15.63,173.83,NA,1.21,
Pearce/Xenopolous,BQ1,6.94,CTD_profile,Pearce/Xenopolous_BQ1_6.94_CTD_profile,RBRmaestro,0.85,110.3,15.63,173.12,NA,1.2,
Pearce/Xenopolous,BQ1,6.95,CTD_profile,Pearce/Xenopolous_BQ1_6.95_CTD_profile,RBRmaestro,0.86,110.3,15.63,173.05,NA,1.26,
Pearce/Xenopolous,BQ1,6.97,CTD_profile,Pearce/Xenopolous_BQ1_6.97_CTD_profile,RBRmaestro,0.86,110.3,15.63,173.93,NA,1.23,
Pearce/Xenopolous,BQ1,6.98,CTD_profile,Pearce/Xenopolous_BQ1_6.98_CTD_profile,RBRmaestro,0.86,110.3,15.63,174.88,NA,1.24,
Pearce/Xenopolous,BQ1,7,CTD_profile,Pearce/Xenopolous_BQ1_7_CTD_profile,RBRmaestro,0.87,110.3,15.62,175.85,NA,1.22,
Pearce/Xenopolous,BQ1,7.01,CTD_profile,Pearce/Xenopolous_BQ1_7.01_CTD_profile,RBRmaestro,0.88,110.3,15.62,175.29,NA,1.22,
Pearce/Xenopolous,BQ1,7.03,CTD_profile,Pearce/Xenopolous_BQ1_7.03_CTD_profile,RBRmaestro,0.88,110.3,15.62,176.02,NA,1.19,
Pearce/Xenopolous,BQ1,7.04,CTD_profile,Pearce/Xenopolous_BQ1_7.04_CTD_profile,RBRmaestro,0.88,110.3,15.62,176.25,NA,1.18,
Pearce/Xenopolous,BQ1,7.06,CTD_profile,Pearce/Xenopolous_BQ1_7.06_CTD_profile,RBRmaestro,0.88,110.3,15.62,176.41,NA,1.23,
Pearce/Xenopolous,BQ1,7.06,CTD_profile,Pearce/Xenopolous_BQ1_7.06_CTD_profile,RBRmaestro,0.88,110.3,15.62,176.82,NA,1.21,
Pearce/Xenopolous,BQ1,7.07,CTD_profile,Pearce/Xenopolous_BQ1_7.07_CTD_profile,RBRmaestro,0.88,110.3,15.62,176.34,NA,1.24,
Pearce/Xenopolous,BQ1,7.08,CTD_profile,Pearce/Xenopolous_BQ1_7.08_CTD_profile,RBRmaestro,0.88,110.3,15.62,176.23,NA,1.28,
Pearce/Xenopolous,BQ1,7.09,CTD_profile,Pearce/Xenopolous_BQ1_7.09_CTD_profile,RBRmaestro,0.89,110,15.57,177.51,NA,1.27,
Pearce/Xenopolous,BQ1,7.1,CTD_profile,Pearce/Xenopolous_BQ1_7.1_CTD_profile,RBRmaestro,0.89,110,15.57,176.75,NA,1.25,
Pearce/Xenopolous,BQ1,7.1,CTD_profile,Pearce/Xenopolous_BQ1_7.1_CTD_profile,RBRmaestro,0.89,110,15.57,177.72,NA,1.23,
Pearce/Xenopolous,BQ1,7.11,CTD_profile,Pearce/Xenopolous_BQ1_7.11_CTD_profile,RBRmaestro,0.9,110,15.57,177.24,NA,1.23,
Pearce/Xenopolous,BQ1,7.13,CTD_profile,Pearce/Xenopolous_BQ1_7.13_CTD_profile,RBRmaestro,0.89,110,15.57,178.11,NA,1.23,
Pearce/Xenopolous,BQ1,7.16,CTD_profile,Pearce/Xenopolous_BQ1_7.16_CTD_profile,RBRmaestro,0.88,110,15.57,178.86,NA,1.27,
Pearce/Xenopolous,BQ1,7.18,CTD_profile,Pearce/Xenopolous_BQ1_7.18_CTD_profile,RBRmaestro,0.89,110,15.57,180.21,NA,1.27,
Pearce/Xenopolous,BQ1,7.21,CTD_profile,Pearce/Xenopolous_BQ1_7.21_CTD_profile,RBRmaestro,0.89,110,15.57,180.73,NA,1.24,
Pearce/Xenopolous,BQ1,7.25,CTD_profile,Pearce/Xenopolous_BQ1_7.25_CTD_profile,RBRmaestro,0.89,109.9,15.56,181.89,NA,1.26,
Pearce/Xenopolous,BQ1,7.28,CTD_profile,Pearce/Xenopolous_BQ1_7.28_CTD_profile,RBRmaestro,0.89,109.9,15.56,183.05,NA,1.32,
Pearce/Xenopolous,BQ1,7.3,CTD_profile,Pearce/Xenopolous_BQ1_7.3_CTD_profile,RBRmaestro,0.89,109.9,15.56,183.01,NA,1.35,
Pearce/Xenopolous,BQ1,7.32,CTD_profile,Pearce/Xenopolous_BQ1_7.32_CTD_profile,RBRmaestro,0.89,109.9,15.56,183.61,NA,1.34,
Pearce/Xenopolous,BQ1,7.35,CTD_profile,Pearce/Xenopolous_BQ1_7.35_CTD_profile,RBRmaestro,0.89,109.9,15.56,183.95,NA,1.37,
Pearce/Xenopolous,BQ1,7.38,CTD_profile,Pearce/Xenopolous_BQ1_7.38_CTD_profile,RBRmaestro,0.89,109.9,15.56,184.83,NA,1.36,
Pearce/Xenopolous,BQ1,7.43,CTD_profile,Pearce/Xenopolous_BQ1_7.43_CTD_profile,RBRmaestro,0.89,109.9,15.56,185.12,NA,1.34,
Pearce/Xenopolous,BQ1,7.47,CTD_profile,Pearce/Xenopolous_BQ1_7.47_CTD_profile,RBRmaestro,0.89,109.9,15.56,185.24,NA,1.36,
Pearce/Xenopolous,BQ1,7.5,CTD_profile,Pearce/Xenopolous_BQ1_7.5_CTD_profile,RBRmaestro,0.88,109.8,15.55,185.81,NA,1.35,
Pearce/Xenopolous,BQ1,7.54,CTD_profile,Pearce/Xenopolous_BQ1_7.54_CTD_profile,RBRmaestro,0.89,109.8,15.55,185.76,NA,1.44,
Pearce/Xenopolous,BQ1,7.57,CTD_profile,Pearce/Xenopolous_BQ1_7.57_CTD_profile,RBRmaestro,0.89,109.8,15.55,184.88,NA,1.43,
Pearce/Xenopolous,BQ1,7.6,CTD_profile,Pearce/Xenopolous_BQ1_7.6_CTD_profile,RBRmaestro,0.89,109.8,15.55,186.24,NA,1.44,
Pearce/Xenopolous,BQ1,7.62,CTD_profile,Pearce/Xenopolous_BQ1_7.62_CTD_profile,RBRmaestro,0.89,109.8,15.55,186.77,NA,1.41,
Pearce/Xenopolous,BQ1,7.63,CTD_profile,Pearce/Xenopolous_BQ1_7.63_CTD_profile,RBRmaestro,0.88,109.8,15.55,186.13,NA,1.41,
Pearce/Xenopolous,BQ1,7.65,CTD_profile,Pearce/Xenopolous_BQ1_7.65_CTD_profile,RBRmaestro,0.88,109.8,15.55,186.58,NA,1.38,
Pearce/Xenopolous,BQ1,7.66,CTD_profile,Pearce/Xenopolous_BQ1_7.66_CTD_profile,RBRmaestro,0.88,109.8,15.55,185.91,NA,1.43,
Pearce/Xenopolous,BQ1,7.68,CTD_profile,Pearce/Xenopolous_BQ1_7.68_CTD_profile,RBRmaestro,0.89,109.3,15.49,185.89,NA,1.48,
Pearce/Xenopolous,BQ1,7.7,CTD_profile,Pearce/Xenopolous_BQ1_7.7_CTD_profile,RBRmaestro,0.89,109.3,15.49,186.86,NA,1.46,
Pearce/Xenopolous,BQ1,7.72,CTD_profile,Pearce/Xenopolous_BQ1_7.72_CTD_profile,RBRmaestro,0.9,109.3,15.49,187.55,NA,1.4,
Pearce/Xenopolous,BQ1,7.74,CTD_profile,Pearce/Xenopolous_BQ1_7.74_CTD_profile,RBRmaestro,0.92,109.3,15.49,187.35,NA,1.45,
Pearce/Xenopolous,BQ1,7.76,CTD_profile,Pearce/Xenopolous_BQ1_7.76_CTD_profile,RBRmaestro,0.91,109.3,15.49,188.21,NA,1.43,
Pearce/Xenopolous,BQ1,7.77,CTD_profile,Pearce/Xenopolous_BQ1_7.77_CTD_profile,RBRmaestro,0.9,109.3,15.49,187.82,NA,1.42,
Pearce/Xenopolous,BQ1,7.78,CTD_profile,Pearce/Xenopolous_BQ1_7.78_CTD_profile,RBRmaestro,0.9,109.3,15.49,187.39,NA,1.39,
Pearce/Xenopolous,BQ1,7.78,CTD_profile,Pearce/Xenopolous_BQ1_7.78_CTD_profile,RBRmaestro,0.9,109.3,15.49,187.09,NA,1.43,
Pearce/Xenopolous,BQ1,7.78,CTD_profile,Pearce/Xenopolous_BQ1_7.78_CTD_profile,RBRmaestro,0.9,108.7,15.39,186.92,NA,1.42,
Pearce/Xenopolous,BQ1,7.79,CTD_profile,Pearce/Xenopolous_BQ1_7.79_CTD_profile,RBRmaestro,0.9,108.7,15.39,186.27,NA,1.41,
Pearce/Xenopolous,BQ1,7.8,CTD_profile,Pearce/Xenopolous_BQ1_7.8_CTD_profile,RBRmaestro,0.9,108.7,15.39,186.9,NA,1.4,
Pearce/Xenopolous,BQ1,7.81,CTD_profile,Pearce/Xenopolous_BQ1_7.81_CTD_profile,RBRmaestro,0.9,108.7,15.39,187.03,NA,1.43,
Pearce/Xenopolous,BQ1,7.83,CTD_profile,Pearce/Xenopolous_BQ1_7.83_CTD_profile,RBRmaestro,0.9,108.7,15.39,187.07,NA,1.45,
Pearce/Xenopolous,BQ1,7.85,CTD_profile,Pearce/Xenopolous_BQ1_7.85_CTD_profile,RBRmaestro,0.92,108.7,15.39,189.31,NA,1.49,
Pearce/Xenopolous,BQ1,7.87,CTD_profile,Pearce/Xenopolous_BQ1_7.87_CTD_profile,RBRmaestro,0.95,108.7,15.39,189.33,NA,1.47,
Pearce/Xenopolous,BQ1,7.88,CTD_profile,Pearce/Xenopolous_BQ1_7.88_CTD_profile,RBRmaestro,0.97,108.7,15.39,189.74,NA,1.41,
Pearce/Xenopolous,BQ1,7.9,CTD_profile,Pearce/Xenopolous_BQ1_7.9_CTD_profile,RBRmaestro,0.97,107.8,15.26,190.3,NA,1.4,
Pearce/Xenopolous,BQ1,7.92,CTD_profile,Pearce/Xenopolous_BQ1_7.92_CTD_profile,RBRmaestro,0.98,107.8,15.26,190.1,NA,1.44,
Pearce/Xenopolous,BQ1,7.94,CTD_profile,Pearce/Xenopolous_BQ1_7.94_CTD_profile,RBRmaestro,0.98,107.8,15.26,191.12,NA,1.48,
Pearce/Xenopolous,BQ1,7.97,CTD_profile,Pearce/Xenopolous_BQ1_7.97_CTD_profile,RBRmaestro,1,107.8,15.26,192.28,NA,1.48,
Pearce/Xenopolous,BQ1,7.99,CTD_profile,Pearce/Xenopolous_BQ1_7.99_CTD_profile,RBRmaestro,1.01,107.8,15.26,192.3,NA,1.52,
Pearce/Xenopolous,BQ1,8,CTD_profile,Pearce/Xenopolous_BQ1_8_CTD_profile,RBRmaestro,1.02,107.8,15.26,191.26,NA,1.51,
Pearce/Xenopolous,BQ1,8.01,CTD_profile,Pearce/Xenopolous_BQ1_8.01_CTD_profile,RBRmaestro,1.02,107.8,15.26,191.44,NA,1.51,
Pearce/Xenopolous,BQ1,8.02,CTD_profile,Pearce/Xenopolous_BQ1_8.02_CTD_profile,RBRmaestro,1.02,107.8,15.26,192.12,NA,1.49,
Pearce/Xenopolous,BQ1,8.03,CTD_profile,Pearce/Xenopolous_BQ1_8.03_CTD_profile,RBRmaestro,1.01,107.9,15.27,191.65,NA,1.47,
Pearce/Xenopolous,BQ1,8.04,CTD_profile,Pearce/Xenopolous_BQ1_8.04_CTD_profile,RBRmaestro,1.01,107.9,15.27,191.7,NA,1.49,
Pearce/Xenopolous,BQ1,8.05,CTD_profile,Pearce/Xenopolous_BQ1_8.05_CTD_profile,RBRmaestro,1.01,107.9,15.27,191.84,NA,1.48,
Pearce/Xenopolous,BQ1,8.06,CTD_profile,Pearce/Xenopolous_BQ1_8.06_CTD_profile,RBRmaestro,1,107.9,15.27,192.43,NA,1.5,
Pearce/Xenopolous,BQ1,8.06,CTD_profile,Pearce/Xenopolous_BQ1_8.06_CTD_profile,RBRmaestro,1,107.9,15.27,192.04,NA,1.51,
Pearce/Xenopolous,BQ1,8.07,CTD_profile,Pearce/Xenopolous_BQ1_8.07_CTD_profile,RBRmaestro,0.99,107.9,15.27,191.67,NA,1.51,
Pearce/Xenopolous,BQ1,8.09,CTD_profile,Pearce/Xenopolous_BQ1_8.09_CTD_profile,RBRmaestro,1,107.9,15.27,193.11,NA,1.5,
Pearce/Xenopolous,BQ1,8.1,CTD_profile,Pearce/Xenopolous_BQ1_8.1_CTD_profile,RBRmaestro,1,107.9,15.27,192.51,NA,1.46,
Pearce/Xenopolous,BQ1,8.11,CTD_profile,Pearce/Xenopolous_BQ1_8.11_CTD_profile,RBRmaestro,1,107.7,15.22,193.54,NA,1.45,
Pearce/Xenopolous,BQ1,8.13,CTD_profile,Pearce/Xenopolous_BQ1_8.13_CTD_profile,RBRmaestro,1.01,107.7,15.22,193.05,NA,1.43,
Pearce/Xenopolous,BQ1,8.15,CTD_profile,Pearce/Xenopolous_BQ1_8.15_CTD_profile,RBRmaestro,1.02,107.7,15.22,192.47,NA,1.45,
Pearce/Xenopolous,BQ1,8.17,CTD_profile,Pearce/Xenopolous_BQ1_8.17_CTD_profile,RBRmaestro,1.02,107.7,15.22,193.95,NA,1.45,
Pearce/Xenopolous,BQ1,8.19,CTD_profile,Pearce/Xenopolous_BQ1_8.19_CTD_profile,RBRmaestro,1.04,107.7,15.22,193.41,NA,1.47,
Pearce/Xenopolous,BQ1,8.22,CTD_profile,Pearce/Xenopolous_BQ1_8.22_CTD_profile,RBRmaestro,1.06,107.7,15.22,194.12,NA,1.46,
Pearce/Xenopolous,BQ1,8.25,CTD_profile,Pearce/Xenopolous_BQ1_8.25_CTD_profile,RBRmaestro,1.07,107.7,15.22,195.05,NA,1.46,
Pearce/Xenopolous,BQ1,8.29,CTD_profile,Pearce/Xenopolous_BQ1_8.29_CTD_profile,RBRmaestro,1.07,107.7,15.22,194.79,NA,1.46,
Pearce/Xenopolous,BQ1,8.32,CTD_profile,Pearce/Xenopolous_BQ1_8.32_CTD_profile,RBRmaestro,1.08,107,15.11,195.14,NA,1.49,
Pearce/Xenopolous,BQ1,8.33,CTD_profile,Pearce/Xenopolous_BQ1_8.33_CTD_profile,RBRmaestro,1.08,107,15.11,195.44,NA,1.52,
Pearce/Xenopolous,BQ1,8.34,CTD_profile,Pearce/Xenopolous_BQ1_8.34_CTD_profile,RBRmaestro,1.07,107,15.11,195.59,NA,1.49,
Pearce/Xenopolous,BQ1,8.34,CTD_profile,Pearce/Xenopolous_BQ1_8.34_CTD_profile,RBRmaestro,1.07,107,15.11,194.38,NA,1.48,
Pearce/Xenopolous,BQ1,8.34,CTD_profile,Pearce/Xenopolous_BQ1_8.34_CTD_profile,RBRmaestro,1.07,107,15.11,195.91,NA,1.49,
Pearce/Xenopolous,BQ1,8.35,CTD_profile,Pearce/Xenopolous_BQ1_8.35_CTD_profile,RBRmaestro,1.07,107,15.11,195.84,NA,1.48,
Pearce/Xenopolous,BQ1,8.35,CTD_profile,Pearce/Xenopolous_BQ1_8.35_CTD_profile,RBRmaestro,1.07,107,15.11,194.47,NA,1.52,
Pearce/Xenopolous,BQ1,8.36,CTD_profile,Pearce/Xenopolous_BQ1_8.36_CTD_profile,RBRmaestro,1.07,107,15.11,195.54,NA,1.58,
Pearce/Xenopolous,BQ1,8.37,CTD_profile,Pearce/Xenopolous_BQ1_8.37_CTD_profile,RBRmaestro,1.07,106.5,15.03,194.73,NA,1.57,
Pearce/Xenopolous,BQ1,8.39,CTD_profile,Pearce/Xenopolous_BQ1_8.39_CTD_profile,RBRmaestro,1.08,106.5,15.03,194.42,NA,1.5,
Pearce/Xenopolous,BQ1,8.41,CTD_profile,Pearce/Xenopolous_BQ1_8.41_CTD_profile,RBRmaestro,1.08,106.5,15.03,195.37,NA,1.49,
Pearce/Xenopolous,BQ1,8.43,CTD_profile,Pearce/Xenopolous_BQ1_8.43_CTD_profile,RBRmaestro,1.09,106.5,15.03,196.42,NA,1.53,
Pearce/Xenopolous,BQ1,8.46,CTD_profile,Pearce/Xenopolous_BQ1_8.46_CTD_profile,RBRmaestro,1.09,106.5,15.03,196.9,NA,1.54,
Pearce/Xenopolous,BQ1,8.48,CTD_profile,Pearce/Xenopolous_BQ1_8.48_CTD_profile,RBRmaestro,1.09,106.5,15.03,195.95,NA,1.49,
Pearce/Xenopolous,BQ1,8.51,CTD_profile,Pearce/Xenopolous_BQ1_8.51_CTD_profile,RBRmaestro,1.09,106.5,15.03,196.64,NA,1.47,
Pearce/Xenopolous,BQ1,8.53,CTD_profile,Pearce/Xenopolous_BQ1_8.53_CTD_profile,RBRmaestro,1.09,106.5,15.03,197.69,NA,1.48,
Pearce/Xenopolous,BQ1,8.55,CTD_profile,Pearce/Xenopolous_BQ1_8.55_CTD_profile,RBRmaestro,1.1,106.7,15.05,197.22,NA,1.47,
Pearce/Xenopolous,BQ1,8.56,CTD_profile,Pearce/Xenopolous_BQ1_8.56_CTD_profile,RBRmaestro,1.11,106.7,15.05,196.87,NA,1.48,
Pearce/Xenopolous,BQ1,8.57,CTD_profile,Pearce/Xenopolous_BQ1_8.57_CTD_profile,RBRmaestro,1.1,106.7,15.05,197.28,NA,1.48,
Pearce/Xenopolous,BQ1,8.58,CTD_profile,Pearce/Xenopolous_BQ1_8.58_CTD_profile,RBRmaestro,1.1,106.7,15.05,197.16,NA,1.48,
Pearce/Xenopolous,BQ1,8.58,CTD_profile,Pearce/Xenopolous_BQ1_8.58_CTD_profile,RBRmaestro,1.1,106.7,15.05,197.06,NA,1.53,
Pearce/Xenopolous,BQ1,8.59,CTD_profile,Pearce/Xenopolous_BQ1_8.59_CTD_profile,RBRmaestro,1.1,106.7,15.05,197.61,NA,1.63,
Pearce/Xenopolous,BQ1,8.59,CTD_profile,Pearce/Xenopolous_BQ1_8.59_CTD_profile,RBRmaestro,1.1,106.7,15.05,197.71,NA,1.61,
Pearce/Xenopolous,BQ1,8.59,CTD_profile,Pearce/Xenopolous_BQ1_8.59_CTD_profile,RBRmaestro,1.1,106.7,15.05,197.99,NA,1.59,
Pearce/Xenopolous,BQ1,8.6,CTD_profile,Pearce/Xenopolous_BQ1_8.6_CTD_profile,RBRmaestro,1.1,105.8,14.92,196.89,NA,1.61,
Pearce/Xenopolous,BQ1,8.61,CTD_profile,Pearce/Xenopolous_BQ1_8.61_CTD_profile,RBRmaestro,1.11,105.8,14.92,197.07,NA,1.55,
Pearce/Xenopolous,BQ1,8.62,CTD_profile,Pearce/Xenopolous_BQ1_8.62_CTD_profile,RBRmaestro,1.12,105.8,14.92,198.33,NA,1.53,
Pearce/Xenopolous,BQ1,8.62,CTD_profile,Pearce/Xenopolous_BQ1_8.62_CTD_profile,RBRmaestro,1.12,105.8,14.92,198.55,NA,1.53,
Pearce/Xenopolous,BQ1,8.63,CTD_profile,Pearce/Xenopolous_BQ1_8.63_CTD_profile,RBRmaestro,1.12,105.8,14.92,198.68,NA,1.54,
Pearce/Xenopolous,BQ1,8.63,CTD_profile,Pearce/Xenopolous_BQ1_8.63_CTD_profile,RBRmaestro,1.12,105.8,14.92,198.51,NA,1.54,
Pearce/Xenopolous,BQ1,8.63,CTD_profile,Pearce/Xenopolous_BQ1_8.63_CTD_profile,RBRmaestro,1.11,105.8,14.92,196.89,NA,1.51,
Pearce/Xenopolous,BQ1,8.64,CTD_profile,Pearce/Xenopolous_BQ1_8.64_CTD_profile,RBRmaestro,1.11,105.8,14.92,198.29,NA,1.49,
Pearce/Xenopolous,BQ1,8.65,CTD_profile,Pearce/Xenopolous_BQ1_8.65_CTD_profile,RBRmaestro,1.11,105.2,14.83,199.05,NA,1.51,
Pearce/Xenopolous,BQ1,8.67,CTD_profile,Pearce/Xenopolous_BQ1_8.67_CTD_profile,RBRmaestro,1.11,105.2,14.83,198.96,NA,1.52,
Pearce/Xenopolous,BQ1,8.7,CTD_profile,Pearce/Xenopolous_BQ1_8.7_CTD_profile,RBRmaestro,1.12,105.2,14.83,198.79,NA,1.5,
Pearce/Xenopolous,BQ1,8.73,CTD_profile,Pearce/Xenopolous_BQ1_8.73_CTD_profile,RBRmaestro,1.13,105.2,14.83,200.32,NA,1.49,
Pearce/Xenopolous,BQ1,8.77,CTD_profile,Pearce/Xenopolous_BQ1_8.77_CTD_profile,RBRmaestro,1.14,105.2,14.83,201.73,NA,1.47,
Pearce/Xenopolous,BQ1,8.81,CTD_profile,Pearce/Xenopolous_BQ1_8.81_CTD_profile,RBRmaestro,1.19,105.2,14.83,205.93,NA,1.52,
Pearce/Xenopolous,BQ1,8.85,CTD_profile,Pearce/Xenopolous_BQ1_8.85_CTD_profile,RBRmaestro,1.2,105.2,14.83,206.96,NA,1.53,
Pearce/Xenopolous,BQ1,8.9,CTD_profile,Pearce/Xenopolous_BQ1_8.9_CTD_profile,RBRmaestro,1.23,105.2,14.83,210.53,NA,1.51,
Pearce/Xenopolous,BQ1,8.93,CTD_profile,Pearce/Xenopolous_BQ1_8.93_CTD_profile,RBRmaestro,1.26,105.7,14.89,212.76,NA,1.52,
Pearce/Xenopolous,BQ1,8.95,CTD_profile,Pearce/Xenopolous_BQ1_8.95_CTD_profile,RBRmaestro,1.28,105.7,14.89,212.66,NA,1.56,
Pearce/Xenopolous,BQ1,8.96,CTD_profile,Pearce/Xenopolous_BQ1_8.96_CTD_profile,RBRmaestro,1.25,105.7,14.89,213.63,NA,1.58,
Pearce/Xenopolous,BQ1,8.97,CTD_profile,Pearce/Xenopolous_BQ1_8.97_CTD_profile,RBRmaestro,1.25,105.7,14.89,213.28,NA,1.58,
Pearce/Xenopolous,BQ1,8.99,CTD_profile,Pearce/Xenopolous_BQ1_8.99_CTD_profile,RBRmaestro,1.26,105.7,14.89,213.95,NA,1.55,
Pearce/Xenopolous,BQ1,9.01,CTD_profile,Pearce/Xenopolous_BQ1_9.01_CTD_profile,RBRmaestro,1.27,105.7,14.89,214.66,NA,1.54,
Pearce/Xenopolous,BQ1,9.02,CTD_profile,Pearce/Xenopolous_BQ1_9.02_CTD_profile,RBRmaestro,1.28,105.7,14.89,214.38,NA,1.57,
Pearce/Xenopolous,BQ1,9.04,CTD_profile,Pearce/Xenopolous_BQ1_9.04_CTD_profile,RBRmaestro,1.29,105.7,14.89,216.06,NA,1.55,
Pearce/Xenopolous,BQ1,9.06,CTD_profile,Pearce/Xenopolous_BQ1_9.06_CTD_profile,RBRmaestro,1.3,105.2,14.81,216.81,NA,1.56,
Pearce/Xenopolous,BQ1,9.09,CTD_profile,Pearce/Xenopolous_BQ1_9.09_CTD_profile,RBRmaestro,1.3,105.2,14.81,217.5,NA,1.56,
Pearce/Xenopolous,BQ1,9.12,CTD_profile,Pearce/Xenopolous_BQ1_9.12_CTD_profile,RBRmaestro,1.3,105.2,14.81,216.7,NA,1.6,
Pearce/Xenopolous,BQ1,9.16,CTD_profile,Pearce/Xenopolous_BQ1_9.16_CTD_profile,RBRmaestro,1.3,105.2,14.81,218.38,NA,1.66,
Pearce/Xenopolous,BQ1,9.18,CTD_profile,Pearce/Xenopolous_BQ1_9.18_CTD_profile,RBRmaestro,1.3,105.2,14.81,218.62,NA,1.69,
Pearce/Xenopolous,BQ1,9.19,CTD_profile,Pearce/Xenopolous_BQ1_9.19_CTD_profile,RBRmaestro,1.33,105.2,14.81,218.4,NA,1.72,
Pearce/Xenopolous,BQ1,9.2,CTD_profile,Pearce/Xenopolous_BQ1_9.2_CTD_profile,RBRmaestro,1.33,105.2,14.81,217.37,NA,1.76,
Pearce/Xenopolous,BQ1,9.2,CTD_profile,Pearce/Xenopolous_BQ1_9.2_CTD_profile,RBRmaestro,1.32,105.2,14.81,216.9,NA,1.77,
Pearce/Xenopolous,BQ1,9.2,CTD_profile,Pearce/Xenopolous_BQ1_9.2_CTD_profile,RBRmaestro,1.31,105.1,14.78,216.74,NA,1.75,
Pearce/Xenopolous,BQ1,9.21,CTD_profile,Pearce/Xenopolous_BQ1_9.21_CTD_profile,RBRmaestro,1.31,105.1,14.78,217.58,NA,1.74,
Pearce/Xenopolous,BQ1,9.23,CTD_profile,Pearce/Xenopolous_BQ1_9.23_CTD_profile,RBRmaestro,1.31,105.1,14.78,218.18,NA,1.74,
Pearce/Xenopolous,BQ1,9.26,CTD_profile,Pearce/Xenopolous_BQ1_9.26_CTD_profile,RBRmaestro,1.32,105.1,14.78,219.88,NA,1.75,
Pearce/Xenopolous,BQ1,9.29,CTD_profile,Pearce/Xenopolous_BQ1_9.29_CTD_profile,RBRmaestro,1.34,105.1,14.78,221.22,NA,1.78,
Pearce/Xenopolous,BQ1,9.31,CTD_profile,Pearce/Xenopolous_BQ1_9.31_CTD_profile,RBRmaestro,1.34,105.1,14.78,222.18,NA,1.79,
Pearce/Xenopolous,BQ1,9.35,CTD_profile,Pearce/Xenopolous_BQ1_9.35_CTD_profile,RBRmaestro,1.34,105.1,14.78,222.59,NA,1.75,
Pearce/Xenopolous,BQ1,9.39,CTD_profile,Pearce/Xenopolous_BQ1_9.39_CTD_profile,RBRmaestro,1.35,105.1,14.78,223.04,NA,1.75,
Pearce/Xenopolous,BQ1,9.41,CTD_profile,Pearce/Xenopolous_BQ1_9.41_CTD_profile,RBRmaestro,1.35,104.3,14.63,223.62,NA,1.75,
Pearce/Xenopolous,BQ1,9.44,CTD_profile,Pearce/Xenopolous_BQ1_9.44_CTD_profile,RBRmaestro,1.35,104.3,14.63,222.72,NA,1.75,
Pearce/Xenopolous,BQ1,9.46,CTD_profile,Pearce/Xenopolous_BQ1_9.46_CTD_profile,RBRmaestro,1.35,104.3,14.63,223.19,NA,1.77,
Pearce/Xenopolous,BQ1,9.49,CTD_profile,Pearce/Xenopolous_BQ1_9.49_CTD_profile,RBRmaestro,1.35,104.3,14.63,223.47,NA,1.74,
Pearce/Xenopolous,BQ1,9.51,CTD_profile,Pearce/Xenopolous_BQ1_9.51_CTD_profile,RBRmaestro,1.35,104.3,14.63,222.64,NA,1.74,
Pearce/Xenopolous,BQ1,9.53,CTD_profile,Pearce/Xenopolous_BQ1_9.53_CTD_profile,RBRmaestro,1.35,104.3,14.63,223.82,NA,1.79,
Pearce/Xenopolous,BQ1,9.56,CTD_profile,Pearce/Xenopolous_BQ1_9.56_CTD_profile,RBRmaestro,1.35,104.3,14.63,223.67,NA,1.75,
Pearce/Xenopolous,BQ1,9.58,CTD_profile,Pearce/Xenopolous_BQ1_9.58_CTD_profile,RBRmaestro,1.36,104.3,14.63,226.21,NA,1.73,
Pearce/Xenopolous,BQ1,9.6,CTD_profile,Pearce/Xenopolous_BQ1_9.6_CTD_profile,RBRmaestro,1.41,103.1,14.46,234.59,NA,1.74,
Pearce/Xenopolous,BQ1,9.6,CTD_profile,Pearce/Xenopolous_BQ1_9.6_CTD_profile,RBRmaestro,1.49,103.1,14.46,239.8,NA,1.72,
Pearce/Xenopolous,BQ1,9.61,CTD_profile,Pearce/Xenopolous_BQ1_9.61_CTD_profile,RBRmaestro,1.46,103.1,14.46,238.46,NA,1.73,
Pearce/Xenopolous,BQ1,9.61,CTD_profile,Pearce/Xenopolous_BQ1_9.61_CTD_profile,RBRmaestro,1.5,103.1,14.46,238.7,NA,1.75,
Pearce/Xenopolous,BQ1,9.61,CTD_profile,Pearce/Xenopolous_BQ1_9.61_CTD_profile,RBRmaestro,1.51,103.1,14.46,240.74,NA,1.78,
Pearce/Xenopolous,BQ1,9.61,CTD_profile,Pearce/Xenopolous_BQ1_9.61_CTD_profile,RBRmaestro,1.53,103.1,14.46,241.15,NA,1.73,
Pearce/Xenopolous,BQ1,9.62,CTD_profile,Pearce/Xenopolous_BQ1_9.62_CTD_profile,RBRmaestro,1.55,103.1,14.46,242.81,NA,1.76,
Pearce/Xenopolous,GB1,0.01,CTD_profile,Pearce/Xenopolous_GB1_0.01_CTD_profile,RBRmaestro,0.13,100.4,14.52,143.13,NA,1.18,
Pearce/Xenopolous,GB1,0.02,CTD_profile,Pearce/Xenopolous_GB1_0.02_CTD_profile,RBRmaestro,0.13,100.4,14.52,142.57,NA,1.11,
Pearce/Xenopolous,GB1,0.03,CTD_profile,Pearce/Xenopolous_GB1_0.03_CTD_profile,RBRmaestro,0.13,100.4,14.52,141.13,NA,1.15,
Pearce/Xenopolous,GB1,0.05,CTD_profile,Pearce/Xenopolous_GB1_0.05_CTD_profile,RBRmaestro,0.12,100.4,14.52,142.08,NA,1.18,
Pearce/Xenopolous,GB1,0.06,CTD_profile,Pearce/Xenopolous_GB1_0.06_CTD_profile,RBRmaestro,0.12,100.4,14.52,143.07,NA,1.19,
Pearce/Xenopolous,GB1,0.07,CTD_profile,Pearce/Xenopolous_GB1_0.07_CTD_profile,RBRmaestro,0.13,100.4,14.52,141.13,NA,1.22,
Pearce/Xenopolous,GB1,0.08,CTD_profile,Pearce/Xenopolous_GB1_0.08_CTD_profile,RBRmaestro,0.12,100.6,14.56,142.81,NA,1.21,
Pearce/Xenopolous,GB1,0.09,CTD_profile,Pearce/Xenopolous_GB1_0.09_CTD_profile,RBRmaestro,0.12,100.6,14.56,142.08,NA,1.24,
Pearce/Xenopolous,GB1,0.1,CTD_profile,Pearce/Xenopolous_GB1_0.1_CTD_profile,RBRmaestro,0.12,100.6,14.56,141.46,NA,1.28,
Pearce/Xenopolous,GB1,0.11,CTD_profile,Pearce/Xenopolous_GB1_0.11_CTD_profile,RBRmaestro,0.12,100.6,14.56,142.19,NA,1.25,
Pearce/Xenopolous,GB1,0.11,CTD_profile,Pearce/Xenopolous_GB1_0.11_CTD_profile,RBRmaestro,0.12,100.6,14.56,141.28,NA,1.27,
Pearce/Xenopolous,GB1,0.12,CTD_profile,Pearce/Xenopolous_GB1_0.12_CTD_profile,RBRmaestro,0.12,100.6,14.56,142.89,NA,1.32,
Pearce/Xenopolous,GB1,0.12,CTD_profile,Pearce/Xenopolous_GB1_0.12_CTD_profile,RBRmaestro,0.13,100.6,14.56,142.62,NA,1.24,
Pearce/Xenopolous,GB1,0.12,CTD_profile,Pearce/Xenopolous_GB1_0.12_CTD_profile,RBRmaestro,0.13,100.6,14.56,143.28,NA,1.21,
Pearce/Xenopolous,GB1,0.12,CTD_profile,Pearce/Xenopolous_GB1_0.12_CTD_profile,RBRmaestro,0.13,100.6,14.57,142.27,NA,1.23,
Pearce/Xenopolous,GB1,0.13,CTD_profile,Pearce/Xenopolous_GB1_0.13_CTD_profile,RBRmaestro,0.14,100.6,14.57,142.87,NA,1.2,
Pearce/Xenopolous,GB1,0.13,CTD_profile,Pearce/Xenopolous_GB1_0.13_CTD_profile,RBRmaestro,0.13,100.6,14.57,142.01,NA,1.24,
Pearce/Xenopolous,GB1,0.14,CTD_profile,Pearce/Xenopolous_GB1_0.14_CTD_profile,RBRmaestro,0.13,100.6,14.57,142.36,NA,1.35,
Pearce/Xenopolous,GB1,0.15,CTD_profile,Pearce/Xenopolous_GB1_0.15_CTD_profile,RBRmaestro,0.12,100.6,14.57,141.69,NA,1.41,
Pearce/Xenopolous,GB1,0.16,CTD_profile,Pearce/Xenopolous_GB1_0.16_CTD_profile,RBRmaestro,0.12,100.6,14.57,142.1,NA,1.42,
Pearce/Xenopolous,GB1,0.17,CTD_profile,Pearce/Xenopolous_GB1_0.17_CTD_profile,RBRmaestro,0.12,100.6,14.57,143.15,NA,1.36,
Pearce/Xenopolous,GB1,0.18,CTD_profile,Pearce/Xenopolous_GB1_0.18_CTD_profile,RBRmaestro,0.13,100.6,14.57,140.96,NA,1.31,
Pearce/Xenopolous,GB1,0.18,CTD_profile,Pearce/Xenopolous_GB1_0.18_CTD_profile,RBRmaestro,0.13,100.9,14.61,141.34,NA,1.23,
Pearce/Xenopolous,GB1,0.19,CTD_profile,Pearce/Xenopolous_GB1_0.19_CTD_profile,RBRmaestro,0.14,100.9,14.61,141.9,NA,1.22,
Pearce/Xenopolous,GB1,0.2,CTD_profile,Pearce/Xenopolous_GB1_0.2_CTD_profile,RBRmaestro,0.14,100.9,14.61,141.46,NA,1.31,
Pearce/Xenopolous,GB1,0.2,CTD_profile,Pearce/Xenopolous_GB1_0.2_CTD_profile,RBRmaestro,0.14,100.9,14.61,140.87,NA,1.28,
Pearce/Xenopolous,GB1,0.22,CTD_profile,Pearce/Xenopolous_GB1_0.22_CTD_profile,RBRmaestro,0.14,100.9,14.61,141.45,NA,1.24,
Pearce/Xenopolous,GB1,0.23,CTD_profile,Pearce/Xenopolous_GB1_0.23_CTD_profile,RBRmaestro,0.14,100.9,14.61,141.02,NA,1.24,
Pearce/Xenopolous,GB1,0.25,CTD_profile,Pearce/Xenopolous_GB1_0.25_CTD_profile,RBRmaestro,0.15,100.9,14.61,141.99,NA,1.27,
Pearce/Xenopolous,GB1,0.28,CTD_profile,Pearce/Xenopolous_GB1_0.28_CTD_profile,RBRmaestro,0.15,100.9,14.61,140.96,NA,1.32,
Pearce/Xenopolous,GB1,0.3,CTD_profile,Pearce/Xenopolous_GB1_0.3_CTD_profile,RBRmaestro,0.16,100.7,14.59,141.62,NA,1.32,
Pearce/Xenopolous,GB1,0.33,CTD_profile,Pearce/Xenopolous_GB1_0.33_CTD_profile,RBRmaestro,0.16,100.7,14.59,140.2,NA,1.27,
Pearce/Xenopolous,GB1,0.35,CTD_profile,Pearce/Xenopolous_GB1_0.35_CTD_profile,RBRmaestro,0.17,100.7,14.59,141.78,NA,1.27,
Pearce/Xenopolous,GB1,0.37,CTD_profile,Pearce/Xenopolous_GB1_0.37_CTD_profile,RBRmaestro,0.17,100.7,14.59,140.18,NA,1.33,
Pearce/Xenopolous,GB1,0.4,CTD_profile,Pearce/Xenopolous_GB1_0.4_CTD_profile,RBRmaestro,0.19,100.7,14.59,140.16,NA,1.3,
Pearce/Xenopolous,GB1,0.42,CTD_profile,Pearce/Xenopolous_GB1_0.42_CTD_profile,RBRmaestro,0.19,100.7,14.59,139.52,NA,1.31,
Pearce/Xenopolous,GB1,0.44,CTD_profile,Pearce/Xenopolous_GB1_0.44_CTD_profile,RBRmaestro,0.2,100.7,14.59,140.42,NA,1.34,
Pearce/Xenopolous,GB1,0.44,CTD_profile,Pearce/Xenopolous_GB1_0.44_CTD_profile,RBRmaestro,0.2,100.7,14.59,140.12,NA,1.49,
Pearce/Xenopolous,GB1,0.44,CTD_profile,Pearce/Xenopolous_GB1_0.44_CTD_profile,RBRmaestro,0.2,100.5,14.58,141.06,NA,1.39,
Pearce/Xenopolous,GB1,0.44,CTD_profile,Pearce/Xenopolous_GB1_0.44_CTD_profile,RBRmaestro,0.2,100.5,14.58,139.56,NA,1.34,
Pearce/Xenopolous,GB1,0.44,CTD_profile,Pearce/Xenopolous_GB1_0.44_CTD_profile,RBRmaestro,0.2,100.5,14.58,140.78,NA,1.34,
Pearce/Xenopolous,GB1,0.44,CTD_profile,Pearce/Xenopolous_GB1_0.44_CTD_profile,RBRmaestro,0.2,100.5,14.58,141.71,NA,1.32,
Pearce/Xenopolous,GB1,0.44,CTD_profile,Pearce/Xenopolous_GB1_0.44_CTD_profile,RBRmaestro,0.2,100.5,14.58,142.05,NA,1.43,
Pearce/Xenopolous,GB1,0.44,CTD_profile,Pearce/Xenopolous_GB1_0.44_CTD_profile,RBRmaestro,0.2,100.5,14.58,140.81,NA,1.42,
Pearce/Xenopolous,GB1,0.44,CTD_profile,Pearce/Xenopolous_GB1_0.44_CTD_profile,RBRmaestro,0.2,100.5,14.58,140.42,NA,1.36,
Pearce/Xenopolous,GB1,0.46,CTD_profile,Pearce/Xenopolous_GB1_0.46_CTD_profile,RBRmaestro,0.2,100.5,14.58,140.46,NA,1.34,
Pearce/Xenopolous,GB1,0.48,CTD_profile,Pearce/Xenopolous_GB1_0.48_CTD_profile,RBRmaestro,0.2,100.4,14.56,140.68,NA,1.31,
Pearce/Xenopolous,GB1,0.51,CTD_profile,Pearce/Xenopolous_GB1_0.51_CTD_profile,RBRmaestro,0.22,100.4,14.56,140.35,NA,1.32,
Pearce/Xenopolous,GB1,0.55,CTD_profile,Pearce/Xenopolous_GB1_0.55_CTD_profile,RBRmaestro,0.22,100.4,14.56,140.07,NA,1.38,
Pearce/Xenopolous,GB1,0.6,CTD_profile,Pearce/Xenopolous_GB1_0.6_CTD_profile,RBRmaestro,0.24,100.4,14.56,138.98,NA,1.39,
Pearce/Xenopolous,GB1,0.64,CTD_profile,Pearce/Xenopolous_GB1_0.64_CTD_profile,RBRmaestro,0.24,100.4,14.56,139.54,NA,1.38,
Pearce/Xenopolous,GB1,0.65,CTD_profile,Pearce/Xenopolous_GB1_0.65_CTD_profile,RBRmaestro,0.24,100.4,14.56,138.89,NA,1.37,
Pearce/Xenopolous,GB1,0.66,CTD_profile,Pearce/Xenopolous_GB1_0.66_CTD_profile,RBRmaestro,0.25,100.4,14.56,139.17,NA,1.3,
Pearce/Xenopolous,GB1,0.68,CTD_profile,Pearce/Xenopolous_GB1_0.68_CTD_profile,RBRmaestro,0.25,100.4,14.56,139.85,NA,1.28,
Pearce/Xenopolous,GB1,0.68,CTD_profile,Pearce/Xenopolous_GB1_0.68_CTD_profile,RBRmaestro,0.25,100.9,14.62,140.96,NA,1.46,
Pearce/Xenopolous,GB1,0.69,CTD_profile,Pearce/Xenopolous_GB1_0.69_CTD_profile,RBRmaestro,0.25,100.9,14.62,139.54,NA,1.36,
Pearce/Xenopolous,GB1,0.7,CTD_profile,Pearce/Xenopolous_GB1_0.7_CTD_profile,RBRmaestro,0.25,100.9,14.62,140.03,NA,1.36,
Pearce/Xenopolous,GB1,0.71,CTD_profile,Pearce/Xenopolous_GB1_0.71_CTD_profile,RBRmaestro,0.25,100.9,14.62,139.54,NA,1.27,
Pearce/Xenopolous,GB1,0.73,CTD_profile,Pearce/Xenopolous_GB1_0.73_CTD_profile,RBRmaestro,0.25,100.9,14.62,138.09,NA,1.24,
Pearce/Xenopolous,GB1,0.74,CTD_profile,Pearce/Xenopolous_GB1_0.74_CTD_profile,RBRmaestro,0.25,100.9,14.62,139.41,NA,1.2,
Pearce/Xenopolous,GB1,0.74,CTD_profile,Pearce/Xenopolous_GB1_0.74_CTD_profile,RBRmaestro,0.25,100.9,14.62,139.55,NA,1.2,
Pearce/Xenopolous,GB1,0.75,CTD_profile,Pearce/Xenopolous_GB1_0.75_CTD_profile,RBRmaestro,0.25,100.9,14.62,139.4,NA,1.14,
Pearce/Xenopolous,GB1,0.76,CTD_profile,Pearce/Xenopolous_GB1_0.76_CTD_profile,RBRmaestro,0.25,100.8,14.61,139.94,NA,1.17,
Pearce/Xenopolous,GB1,0.78,CTD_profile,Pearce/Xenopolous_GB1_0.78_CTD_profile,RBRmaestro,0.26,100.8,14.61,139.71,NA,1.2,
Pearce/Xenopolous,GB1,0.79,CTD_profile,Pearce/Xenopolous_GB1_0.79_CTD_profile,RBRmaestro,0.26,100.8,14.61,139.69,NA,1.21,
Pearce/Xenopolous,GB1,0.8,CTD_profile,Pearce/Xenopolous_GB1_0.8_CTD_profile,RBRmaestro,0.26,100.8,14.61,139.86,NA,1.17,
Pearce/Xenopolous,GB1,0.81,CTD_profile,Pearce/Xenopolous_GB1_0.81_CTD_profile,RBRmaestro,0.26,100.8,14.61,140.39,NA,1.27,
Pearce/Xenopolous,GB1,0.82,CTD_profile,Pearce/Xenopolous_GB1_0.82_CTD_profile,RBRmaestro,0.26,100.8,14.61,139.88,NA,1.15,
Pearce/Xenopolous,GB1,0.83,CTD_profile,Pearce/Xenopolous_GB1_0.83_CTD_profile,RBRmaestro,0.26,100.8,14.61,138.27,NA,1.09,
Pearce/Xenopolous,GB1,0.84,CTD_profile,Pearce/Xenopolous_GB1_0.84_CTD_profile,RBRmaestro,0.26,100.8,14.61,139.1,NA,1.17,
Pearce/Xenopolous,GB1,0.85,CTD_profile,Pearce/Xenopolous_GB1_0.85_CTD_profile,RBRmaestro,0.26,100.8,14.6,139.6,NA,1.2,
Pearce/Xenopolous,GB1,0.86,CTD_profile,Pearce/Xenopolous_GB1_0.86_CTD_profile,RBRmaestro,0.26,100.8,14.6,139.21,NA,1.15,
Pearce/Xenopolous,GB1,0.87,CTD_profile,Pearce/Xenopolous_GB1_0.87_CTD_profile,RBRmaestro,0.26,100.8,14.6,140.76,NA,1.14,
Pearce/Xenopolous,GB1,0.88,CTD_profile,Pearce/Xenopolous_GB1_0.88_CTD_profile,RBRmaestro,0.26,100.8,14.6,140.93,NA,1.1,
Pearce/Xenopolous,GB1,0.89,CTD_profile,Pearce/Xenopolous_GB1_0.89_CTD_profile,RBRmaestro,0.26,100.8,14.6,138.01,NA,1.05,
Pearce/Xenopolous,GB1,0.89,CTD_profile,Pearce/Xenopolous_GB1_0.89_CTD_profile,RBRmaestro,0.26,100.8,14.6,140.22,NA,1.03,
Pearce/Xenopolous,GB1,0.89,CTD_profile,Pearce/Xenopolous_GB1_0.89_CTD_profile,RBRmaestro,0.26,100.8,14.6,139.81,NA,1.02,
Pearce/Xenopolous,GB1,0.89,CTD_profile,Pearce/Xenopolous_GB1_0.89_CTD_profile,RBRmaestro,0.26,100.8,14.6,139.15,NA,1.02,
Pearce/Xenopolous,GB1,0.89,CTD_profile,Pearce/Xenopolous_GB1_0.89_CTD_profile,RBRmaestro,0.26,101,14.62,139.68,NA,1.03,
Pearce/Xenopolous,GB1,0.89,CTD_profile,Pearce/Xenopolous_GB1_0.89_CTD_profile,RBRmaestro,0.26,101,14.62,140.89,NA,1.05,
Pearce/Xenopolous,GB1,0.89,CTD_profile,Pearce/Xenopolous_GB1_0.89_CTD_profile,RBRmaestro,0.26,101,14.62,140.5,NA,1.04,
Pearce/Xenopolous,GB1,0.91,CTD_profile,Pearce/Xenopolous_GB1_0.91_CTD_profile,RBRmaestro,0.27,101,14.62,139.9,NA,1.06,
Pearce/Xenopolous,GB1,0.93,CTD_profile,Pearce/Xenopolous_GB1_0.93_CTD_profile,RBRmaestro,0.26,101,14.62,140.06,NA,1.08,
Pearce/Xenopolous,GB1,0.94,CTD_profile,Pearce/Xenopolous_GB1_0.94_CTD_profile,RBRmaestro,0.26,101,14.62,140.15,NA,1.14,
Pearce/Xenopolous,GB1,0.95,CTD_profile,Pearce/Xenopolous_GB1_0.95_CTD_profile,RBRmaestro,0.27,101,14.62,139.94,NA,1.19,
Pearce/Xenopolous,GB1,0.97,CTD_profile,Pearce/Xenopolous_GB1_0.97_CTD_profile,RBRmaestro,0.27,101,14.62,139.9,NA,1.17,
Pearce/Xenopolous,GB1,0.98,CTD_profile,Pearce/Xenopolous_GB1_0.98_CTD_profile,RBRmaestro,0.27,100.9,14.58,139.58,NA,1.13,
Pearce/Xenopolous,GB1,0.99,CTD_profile,Pearce/Xenopolous_GB1_0.99_CTD_profile,RBRmaestro,0.27,100.9,14.58,138.82,NA,1.07,
Pearce/Xenopolous,GB1,1.02,CTD_profile,Pearce/Xenopolous_GB1_1.02_CTD_profile,RBRmaestro,0.27,100.9,14.58,139.42,NA,1.01,
Pearce/Xenopolous,GB1,1.03,CTD_profile,Pearce/Xenopolous_GB1_1.03_CTD_profile,RBRmaestro,0.27,100.9,14.58,139.77,NA,1.01,
Pearce/Xenopolous,GB1,1.04,CTD_profile,Pearce/Xenopolous_GB1_1.04_CTD_profile,RBRmaestro,0.27,100.9,14.58,139.16,NA,1.03,
Pearce/Xenopolous,GB1,1.05,CTD_profile,Pearce/Xenopolous_GB1_1.05_CTD_profile,RBRmaestro,0.31,100.9,14.58,139.81,NA,1.01,
Pearce/Xenopolous,GB1,1.07,CTD_profile,Pearce/Xenopolous_GB1_1.07_CTD_profile,RBRmaestro,0.29,100.9,14.58,139.61,NA,0.97,
Pearce/Xenopolous,GB1,1.07,CTD_profile,Pearce/Xenopolous_GB1_1.07_CTD_profile,RBRmaestro,0.28,100.9,14.58,139.92,NA,1.11,
Pearce/Xenopolous,GB1,1.07,CTD_profile,Pearce/Xenopolous_GB1_1.07_CTD_profile,RBRmaestro,0.27,100.6,14.54,140.35,NA,1.29,
Pearce/Xenopolous,GB1,1.07,CTD_profile,Pearce/Xenopolous_GB1_1.07_CTD_profile,RBRmaestro,0.27,100.6,14.54,140.99,NA,1.18,
Pearce/Xenopolous,GB1,1.07,CTD_profile,Pearce/Xenopolous_GB1_1.07_CTD_profile,RBRmaestro,0.28,100.6,14.54,140.17,NA,1.12,
Pearce/Xenopolous,GB1,1.07,CTD_profile,Pearce/Xenopolous_GB1_1.07_CTD_profile,RBRmaestro,0.28,100.6,14.54,138.71,NA,1.07,
Pearce/Xenopolous,GB1,1.07,CTD_profile,Pearce/Xenopolous_GB1_1.07_CTD_profile,RBRmaestro,0.27,100.6,14.54,140.97,NA,1.1,
Pearce/Xenopolous,GB1,1.08,CTD_profile,Pearce/Xenopolous_GB1_1.08_CTD_profile,RBRmaestro,0.28,100.6,14.54,140.39,NA,1.06,
Pearce/Xenopolous,GB1,1.1,CTD_profile,Pearce/Xenopolous_GB1_1.1_CTD_profile,RBRmaestro,0.28,100.6,14.54,139.58,NA,1.06,
Pearce/Xenopolous,GB1,1.12,CTD_profile,Pearce/Xenopolous_GB1_1.12_CTD_profile,RBRmaestro,0.28,100.6,14.54,139.23,NA,1.08,
Pearce/Xenopolous,GB1,1.14,CTD_profile,Pearce/Xenopolous_GB1_1.14_CTD_profile,RBRmaestro,0.27,100.2,14.48,141.14,NA,1.06,
Pearce/Xenopolous,GB1,1.16,CTD_profile,Pearce/Xenopolous_GB1_1.16_CTD_profile,RBRmaestro,0.27,100.2,14.48,139.51,NA,1.02,
Pearce/Xenopolous,GB1,1.17,CTD_profile,Pearce/Xenopolous_GB1_1.17_CTD_profile,RBRmaestro,0.27,100.2,14.48,139.63,NA,1.05,
Pearce/Xenopolous,GB1,1.2,CTD_profile,Pearce/Xenopolous_GB1_1.2_CTD_profile,RBRmaestro,0.27,100.2,14.48,139.85,NA,0.96,
Pearce/Xenopolous,GB1,1.22,CTD_profile,Pearce/Xenopolous_GB1_1.22_CTD_profile,RBRmaestro,0.27,100.2,14.48,139.4,NA,0.97,
Pearce/Xenopolous,GB1,1.23,CTD_profile,Pearce/Xenopolous_GB1_1.23_CTD_profile,RBRmaestro,0.27,100.2,14.48,140,NA,0.98,
Pearce/Xenopolous,GB1,1.25,CTD_profile,Pearce/Xenopolous_GB1_1.25_CTD_profile,RBRmaestro,0.27,100.2,14.48,139.77,NA,1.06,
Pearce/Xenopolous,GB1,1.26,CTD_profile,Pearce/Xenopolous_GB1_1.26_CTD_profile,RBRmaestro,0.27,100.2,14.48,140.92,NA,1.02,
Pearce/Xenopolous,GB1,1.28,CTD_profile,Pearce/Xenopolous_GB1_1.28_CTD_profile,RBRmaestro,0.27,100.5,14.52,138.35,NA,1.08,
Pearce/Xenopolous,GB1,1.3,CTD_profile,Pearce/Xenopolous_GB1_1.3_CTD_profile,RBRmaestro,0.27,100.5,14.52,139.29,NA,1.06,
Pearce/Xenopolous,GB1,1.32,CTD_profile,Pearce/Xenopolous_GB1_1.32_CTD_profile,RBRmaestro,0.27,100.5,14.52,138.67,NA,1.04,
Pearce/Xenopolous,GB1,1.33,CTD_profile,Pearce/Xenopolous_GB1_1.33_CTD_profile,RBRmaestro,0.27,100.5,14.52,138.56,NA,1.02,
Pearce/Xenopolous,GB1,1.35,CTD_profile,Pearce/Xenopolous_GB1_1.35_CTD_profile,RBRmaestro,0.27,100.5,14.52,138.41,NA,0.97,
Pearce/Xenopolous,GB1,1.37,CTD_profile,Pearce/Xenopolous_GB1_1.37_CTD_profile,RBRmaestro,0.27,100.5,14.52,139.53,NA,1,
Pearce/Xenopolous,GB1,1.39,CTD_profile,Pearce/Xenopolous_GB1_1.39_CTD_profile,RBRmaestro,0.27,100.5,14.52,139.44,NA,0.97,
Pearce/Xenopolous,GB1,1.41,CTD_profile,Pearce/Xenopolous_GB1_1.41_CTD_profile,RBRmaestro,0.27,100.5,14.52,139.63,NA,1.09,
Pearce/Xenopolous,GB1,1.43,CTD_profile,Pearce/Xenopolous_GB1_1.43_CTD_profile,RBRmaestro,0.27,100.6,14.54,139.05,NA,1.09,
Pearce/Xenopolous,GB1,1.44,CTD_profile,Pearce/Xenopolous_GB1_1.44_CTD_profile,RBRmaestro,0.27,100.6,14.54,139.36,NA,1.03,
Pearce/Xenopolous,GB1,1.44,CTD_profile,Pearce/Xenopolous_GB1_1.44_CTD_profile,RBRmaestro,0.27,100.6,14.54,139.1,NA,1.05,
Pearce/Xenopolous,GB1,1.45,CTD_profile,Pearce/Xenopolous_GB1_1.45_CTD_profile,RBRmaestro,0.27,100.6,14.54,138.43,NA,1.01,
Pearce/Xenopolous,GB1,1.46,CTD_profile,Pearce/Xenopolous_GB1_1.46_CTD_profile,RBRmaestro,0.28,100.6,14.54,140.92,NA,1.01,
Pearce/Xenopolous,GB1,1.47,CTD_profile,Pearce/Xenopolous_GB1_1.47_CTD_profile,RBRmaestro,0.29,100.6,14.54,140.15,NA,1.13,
Pearce/Xenopolous,GB1,1.49,CTD_profile,Pearce/Xenopolous_GB1_1.49_CTD_profile,RBRmaestro,0.28,100.6,14.54,139.51,NA,1.16,
Pearce/Xenopolous,GB1,1.5,CTD_profile,Pearce/Xenopolous_GB1_1.5_CTD_profile,RBRmaestro,0.28,100.6,14.54,140.06,NA,1.09,
Pearce/Xenopolous,GB1,1.53,CTD_profile,Pearce/Xenopolous_GB1_1.53_CTD_profile,RBRmaestro,0.27,100.6,14.54,140.06,NA,1.09,
Pearce/Xenopolous,GB1,1.54,CTD_profile,Pearce/Xenopolous_GB1_1.54_CTD_profile,RBRmaestro,0.27,100.6,14.54,139.81,NA,1.1,
Pearce/Xenopolous,GB1,1.55,CTD_profile,Pearce/Xenopolous_GB1_1.55_CTD_profile,RBRmaestro,0.27,100.6,14.54,139.29,NA,1.06,
Pearce/Xenopolous,GB1,1.56,CTD_profile,Pearce/Xenopolous_GB1_1.56_CTD_profile,RBRmaestro,0.27,100.6,14.54,139.23,NA,1.15,
Pearce/Xenopolous,GB1,1.58,CTD_profile,Pearce/Xenopolous_GB1_1.58_CTD_profile,RBRmaestro,0.27,100.6,14.54,138.97,NA,1.23,
Pearce/Xenopolous,GB1,1.59,CTD_profile,Pearce/Xenopolous_GB1_1.59_CTD_profile,RBRmaestro,0.27,100.6,14.54,140.63,NA,1.2,
Pearce/Xenopolous,GB1,1.61,CTD_profile,Pearce/Xenopolous_GB1_1.61_CTD_profile,RBRmaestro,0.27,100.6,14.54,139.26,NA,1.1,
Pearce/Xenopolous,GB1,1.62,CTD_profile,Pearce/Xenopolous_GB1_1.62_CTD_profile,RBRmaestro,0.27,100.6,14.54,139.31,NA,1.03,
Pearce/Xenopolous,GB1,1.62,CTD_profile,Pearce/Xenopolous_GB1_1.62_CTD_profile,RBRmaestro,0.27,100.3,14.49,139.89,NA,1.03,
Pearce/Xenopolous,GB1,1.62,CTD_profile,Pearce/Xenopolous_GB1_1.62_CTD_profile,RBRmaestro,0.28,100.3,14.49,139.61,NA,1.11,
Pearce/Xenopolous,GB1,1.63,CTD_profile,Pearce/Xenopolous_GB1_1.63_CTD_profile,RBRmaestro,0.28,100.3,14.49,139.22,NA,1.08,
Pearce/Xenopolous,GB1,1.64,CTD_profile,Pearce/Xenopolous_GB1_1.64_CTD_profile,RBRmaestro,0.28,100.3,14.49,139.42,NA,1.03,
Pearce/Xenopolous,GB1,1.65,CTD_profile,Pearce/Xenopolous_GB1_1.65_CTD_profile,RBRmaestro,0.29,100.3,14.49,141.12,NA,1.08,
Pearce/Xenopolous,GB1,1.67,CTD_profile,Pearce/Xenopolous_GB1_1.67_CTD_profile,RBRmaestro,0.28,100.3,14.49,140.99,NA,0.99,
Pearce/Xenopolous,GB1,1.68,CTD_profile,Pearce/Xenopolous_GB1_1.68_CTD_profile,RBRmaestro,0.28,100.3,14.49,138.6,NA,0.94,
Pearce/Xenopolous,GB1,1.7,CTD_profile,Pearce/Xenopolous_GB1_1.7_CTD_profile,RBRmaestro,0.28,100.3,14.49,139.93,NA,0.98,
Pearce/Xenopolous,GB1,1.71,CTD_profile,Pearce/Xenopolous_GB1_1.71_CTD_profile,RBRmaestro,0.28,100.2,14.48,138.45,NA,0.98,
Pearce/Xenopolous,GB1,1.72,CTD_profile,Pearce/Xenopolous_GB1_1.72_CTD_profile,RBRmaestro,0.28,100.2,14.48,139.33,NA,1.08,
Pearce/Xenopolous,GB1,1.73,CTD_profile,Pearce/Xenopolous_GB1_1.73_CTD_profile,RBRmaestro,0.28,100.2,14.48,140.19,NA,1.23,
Pearce/Xenopolous,GB1,1.74,CTD_profile,Pearce/Xenopolous_GB1_1.74_CTD_profile,RBRmaestro,0.28,100.2,14.48,139.48,NA,1.1,
Pearce/Xenopolous,GB1,1.74,CTD_profile,Pearce/Xenopolous_GB1_1.74_CTD_profile,RBRmaestro,0.28,100.2,14.48,139.48,NA,0.98,
Pearce/Xenopolous,GB1,1.75,CTD_profile,Pearce/Xenopolous_GB1_1.75_CTD_profile,RBRmaestro,0.28,100.2,14.48,139.89,NA,0.93,
Pearce/Xenopolous,GB1,1.76,CTD_profile,Pearce/Xenopolous_GB1_1.76_CTD_profile,RBRmaestro,0.28,100.2,14.48,140.42,NA,1,
Pearce/Xenopolous,GB1,1.77,CTD_profile,Pearce/Xenopolous_GB1_1.77_CTD_profile,RBRmaestro,0.28,100.2,14.48,137.72,NA,1.07,
Pearce/Xenopolous,GB1,1.78,CTD_profile,Pearce/Xenopolous_GB1_1.78_CTD_profile,RBRmaestro,0.28,100,14.46,139.73,NA,1,
Pearce/Xenopolous,GB1,1.79,CTD_profile,Pearce/Xenopolous_GB1_1.79_CTD_profile,RBRmaestro,0.28,100,14.46,140.02,NA,1.01,
Pearce/Xenopolous,GB1,1.8,CTD_profile,Pearce/Xenopolous_GB1_1.8_CTD_profile,RBRmaestro,0.28,100,14.46,139.37,NA,1.1,
Pearce/Xenopolous,GB1,1.81,CTD_profile,Pearce/Xenopolous_GB1_1.81_CTD_profile,RBRmaestro,0.28,100,14.46,140.45,NA,1.12,
Pearce/Xenopolous,GB1,1.81,CTD_profile,Pearce/Xenopolous_GB1_1.81_CTD_profile,RBRmaestro,0.28,100,14.46,140.08,NA,1.09,
Pearce/Xenopolous,GB1,1.81,CTD_profile,Pearce/Xenopolous_GB1_1.81_CTD_profile,RBRmaestro,0.28,100,14.46,139.3,NA,1.09,
Pearce/Xenopolous,GB1,1.81,CTD_profile,Pearce/Xenopolous_GB1_1.81_CTD_profile,RBRmaestro,0.28,100,14.46,139.18,NA,1.01,
Pearce/Xenopolous,GB1,1.81,CTD_profile,Pearce/Xenopolous_GB1_1.81_CTD_profile,RBRmaestro,0.28,100,14.46,138.88,NA,1.03,
Pearce/Xenopolous,GB1,1.81,CTD_profile,Pearce/Xenopolous_GB1_1.81_CTD_profile,RBRmaestro,0.28,100.2,14.48,137.32,NA,1.01,
Pearce/Xenopolous,GB1,1.82,CTD_profile,Pearce/Xenopolous_GB1_1.82_CTD_profile,RBRmaestro,0.28,100.2,14.48,141.35,NA,1,
Pearce/Xenopolous,GB1,1.82,CTD_profile,Pearce/Xenopolous_GB1_1.82_CTD_profile,RBRmaestro,0.28,100.2,14.48,140.02,NA,1.03,
Pearce/Xenopolous,GB1,1.83,CTD_profile,Pearce/Xenopolous_GB1_1.83_CTD_profile,RBRmaestro,0.28,100.2,14.48,138.94,NA,1.07,
Pearce/Xenopolous,GB1,1.86,CTD_profile,Pearce/Xenopolous_GB1_1.86_CTD_profile,RBRmaestro,0.28,100.2,14.48,140.25,NA,1.07,
Pearce/Xenopolous,GB1,1.88,CTD_profile,Pearce/Xenopolous_GB1_1.88_CTD_profile,RBRmaestro,0.28,100.2,14.48,140.74,NA,0.98,
Pearce/Xenopolous,GB1,1.9,CTD_profile,Pearce/Xenopolous_GB1_1.9_CTD_profile,RBRmaestro,0.28,100.2,14.48,139.93,NA,0.96,
Pearce/Xenopolous,GB1,1.91,CTD_profile,Pearce/Xenopolous_GB1_1.91_CTD_profile,RBRmaestro,0.28,100.2,14.48,138.85,NA,1.15,
Pearce/Xenopolous,GB1,1.91,CTD_profile,Pearce/Xenopolous_GB1_1.91_CTD_profile,RBRmaestro,0.28,99.7,14.41,140.28,NA,1.13,
Pearce/Xenopolous,GB1,1.92,CTD_profile,Pearce/Xenopolous_GB1_1.92_CTD_profile,RBRmaestro,0.28,99.7,14.41,140.55,NA,1.07,
Pearce/Xenopolous,GB1,1.93,CTD_profile,Pearce/Xenopolous_GB1_1.93_CTD_profile,RBRmaestro,0.28,99.7,14.41,139.71,NA,1.07,
Pearce/Xenopolous,GB1,1.95,CTD_profile,Pearce/Xenopolous_GB1_1.95_CTD_profile,RBRmaestro,0.28,99.7,14.41,139.86,NA,1.09,
Pearce/Xenopolous,GB1,1.96,CTD_profile,Pearce/Xenopolous_GB1_1.96_CTD_profile,RBRmaestro,0.28,99.7,14.41,139,NA,1.1,
Pearce/Xenopolous,GB1,1.97,CTD_profile,Pearce/Xenopolous_GB1_1.97_CTD_profile,RBRmaestro,0.28,99.7,14.41,138.12,NA,1.08,
Pearce/Xenopolous,GB1,1.97,CTD_profile,Pearce/Xenopolous_GB1_1.97_CTD_profile,RBRmaestro,0.28,99.7,14.41,139.88,NA,1.07,
Pearce/Xenopolous,GB1,1.98,CTD_profile,Pearce/Xenopolous_GB1_1.98_CTD_profile,RBRmaestro,0.28,99.7,14.41,139.19,NA,1.04,
Pearce/Xenopolous,GB1,1.99,CTD_profile,Pearce/Xenopolous_GB1_1.99_CTD_profile,RBRmaestro,0.28,99.8,14.43,141.39,NA,1.03,
Pearce/Xenopolous,GB1,2,CTD_profile,Pearce/Xenopolous_GB1_2_CTD_profile,RBRmaestro,0.29,99.8,14.43,139.77,NA,1.01,
Pearce/Xenopolous,GB1,2.01,CTD_profile,Pearce/Xenopolous_GB1_2.01_CTD_profile,RBRmaestro,0.3,99.8,14.43,141.13,NA,1.04,
Pearce/Xenopolous,GB1,2.02,CTD_profile,Pearce/Xenopolous_GB1_2.02_CTD_profile,RBRmaestro,0.3,99.8,14.43,139.95,NA,1.22,
Pearce/Xenopolous,GB1,2.02,CTD_profile,Pearce/Xenopolous_GB1_2.02_CTD_profile,RBRmaestro,0.29,99.8,14.43,141.45,NA,1.37,
Pearce/Xenopolous,GB1,2.03,CTD_profile,Pearce/Xenopolous_GB1_2.03_CTD_profile,RBRmaestro,0.29,99.8,14.43,141.02,NA,1.52,
Pearce/Xenopolous,GB1,2.05,CTD_profile,Pearce/Xenopolous_GB1_2.05_CTD_profile,RBRmaestro,0.29,99.8,14.43,138.08,NA,1.73,
Pearce/Xenopolous,GB1,2.07,CTD_profile,Pearce/Xenopolous_GB1_2.07_CTD_profile,RBRmaestro,0.29,99.8,14.43,139.52,NA,1.42,
Pearce/Xenopolous,GB1,2.07,CTD_profile,Pearce/Xenopolous_GB1_2.07_CTD_profile,RBRmaestro,0.29,99.5,14.38,139.86,NA,1.21,
Pearce/Xenopolous,GB1,2.08,CTD_profile,Pearce/Xenopolous_GB1_2.08_CTD_profile,RBRmaestro,0.29,99.5,14.38,139.13,NA,1.15,
Pearce/Xenopolous,GB1,2.09,CTD_profile,Pearce/Xenopolous_GB1_2.09_CTD_profile,RBRmaestro,0.29,99.5,14.38,139.65,NA,1.13,
Pearce/Xenopolous,GB1,2.11,CTD_profile,Pearce/Xenopolous_GB1_2.11_CTD_profile,RBRmaestro,0.29,99.5,14.38,138.7,NA,1.06,
Pearce/Xenopolous,GB1,2.12,CTD_profile,Pearce/Xenopolous_GB1_2.12_CTD_profile,RBRmaestro,0.29,99.5,14.38,140.18,NA,1.01,
Pearce/Xenopolous,GB1,2.13,CTD_profile,Pearce/Xenopolous_GB1_2.13_CTD_profile,RBRmaestro,0.29,99.5,14.38,138.8,NA,1.14,
Pearce/Xenopolous,GB1,2.13,CTD_profile,Pearce/Xenopolous_GB1_2.13_CTD_profile,RBRmaestro,0.29,99.5,14.38,138.29,NA,1.21,
Pearce/Xenopolous,GB1,2.14,CTD_profile,Pearce/Xenopolous_GB1_2.14_CTD_profile,RBRmaestro,0.29,99.5,14.38,136.98,NA,1.12,
Pearce/Xenopolous,GB1,2.15,CTD_profile,Pearce/Xenopolous_GB1_2.15_CTD_profile,RBRmaestro,0.29,100,14.44,139.28,NA,1.02,
Pearce/Xenopolous,GB1,2.17,CTD_profile,Pearce/Xenopolous_GB1_2.17_CTD_profile,RBRmaestro,0.29,100,14.44,139.45,NA,0.98,
Pearce/Xenopolous,GB1,2.18,CTD_profile,Pearce/Xenopolous_GB1_2.18_CTD_profile,RBRmaestro,0.29,100,14.44,139.92,NA,1.09,
Pearce/Xenopolous,GB1,2.19,CTD_profile,Pearce/Xenopolous_GB1_2.19_CTD_profile,RBRmaestro,0.29,100,14.44,140.19,NA,1.03,
Pearce/Xenopolous,GB1,2.19,CTD_profile,Pearce/Xenopolous_GB1_2.19_CTD_profile,RBRmaestro,0.29,100,14.44,139.76,NA,1.03,
Pearce/Xenopolous,GB1,2.2,CTD_profile,Pearce/Xenopolous_GB1_2.2_CTD_profile,RBRmaestro,0.29,100,14.44,139.56,NA,0.93,
Pearce/Xenopolous,GB1,2.22,CTD_profile,Pearce/Xenopolous_GB1_2.22_CTD_profile,RBRmaestro,0.29,100,14.44,140.67,NA,0.91,
Pearce/Xenopolous,GB1,2.23,CTD_profile,Pearce/Xenopolous_GB1_2.23_CTD_profile,RBRmaestro,0.29,100,14.44,139.73,NA,0.94,
Pearce/Xenopolous,GB1,2.24,CTD_profile,Pearce/Xenopolous_GB1_2.24_CTD_profile,RBRmaestro,0.29,99.5,14.37,140.01,NA,0.97,
Pearce/Xenopolous,GB1,2.25,CTD_profile,Pearce/Xenopolous_GB1_2.25_CTD_profile,RBRmaestro,0.29,99.5,14.37,136.68,NA,1.05,
Pearce/Xenopolous,GB1,2.27,CTD_profile,Pearce/Xenopolous_GB1_2.27_CTD_profile,RBRmaestro,0.29,99.5,14.37,137.15,NA,0.98,
Pearce/Xenopolous,GB1,2.28,CTD_profile,Pearce/Xenopolous_GB1_2.28_CTD_profile,RBRmaestro,0.29,99.5,14.37,140.99,NA,0.97,
Pearce/Xenopolous,GB1,2.3,CTD_profile,Pearce/Xenopolous_GB1_2.3_CTD_profile,RBRmaestro,0.29,99.5,14.37,139.15,NA,0.96,
Pearce/Xenopolous,GB1,2.31,CTD_profile,Pearce/Xenopolous_GB1_2.31_CTD_profile,RBRmaestro,0.29,99.5,14.37,138.72,NA,0.98,
Pearce/Xenopolous,GB1,2.32,CTD_profile,Pearce/Xenopolous_GB1_2.32_CTD_profile,RBRmaestro,0.29,99.5,14.37,138.8,NA,0.92,
Pearce/Xenopolous,GB1,2.33,CTD_profile,Pearce/Xenopolous_GB1_2.33_CTD_profile,RBRmaestro,0.29,99.5,14.37,142.31,NA,1.03,
Pearce/Xenopolous,GB1,2.34,CTD_profile,Pearce/Xenopolous_GB1_2.34_CTD_profile,RBRmaestro,0.29,99.3,14.35,138.85,NA,1.02,
Pearce/Xenopolous,GB1,2.36,CTD_profile,Pearce/Xenopolous_GB1_2.36_CTD_profile,RBRmaestro,0.29,99.3,14.35,138.2,NA,1.08,
Pearce/Xenopolous,GB1,2.37,CTD_profile,Pearce/Xenopolous_GB1_2.37_CTD_profile,RBRmaestro,0.29,99.3,14.35,139.68,NA,0.96,
Pearce/Xenopolous,GB1,2.38,CTD_profile,Pearce/Xenopolous_GB1_2.38_CTD_profile,RBRmaestro,0.29,99.3,14.35,139.79,NA,0.9,
Pearce/Xenopolous,GB1,2.39,CTD_profile,Pearce/Xenopolous_GB1_2.39_CTD_profile,RBRmaestro,0.29,99.3,14.35,138.52,NA,0.9,
Pearce/Xenopolous,GB1,2.39,CTD_profile,Pearce/Xenopolous_GB1_2.39_CTD_profile,RBRmaestro,0.29,99.3,14.35,139.77,NA,0.95,
Pearce/Xenopolous,GB1,2.4,CTD_profile,Pearce/Xenopolous_GB1_2.4_CTD_profile,RBRmaestro,0.29,99.3,14.35,138.84,NA,0.99,
Pearce/Xenopolous,GB1,2.41,CTD_profile,Pearce/Xenopolous_GB1_2.41_CTD_profile,RBRmaestro,0.3,99.3,14.35,140.58,NA,0.99,
Pearce/Xenopolous,GB1,2.42,CTD_profile,Pearce/Xenopolous_GB1_2.42_CTD_profile,RBRmaestro,0.3,99.5,14.38,138.31,NA,1.02,
Pearce/Xenopolous,GB1,2.42,CTD_profile,Pearce/Xenopolous_GB1_2.42_CTD_profile,RBRmaestro,0.3,99.5,14.38,138.5,NA,1.02,
Pearce/Xenopolous,GB1,2.42,CTD_profile,Pearce/Xenopolous_GB1_2.42_CTD_profile,RBRmaestro,0.3,99.5,14.38,140.61,NA,0.95,
Pearce/Xenopolous,GB1,2.42,CTD_profile,Pearce/Xenopolous_GB1_2.42_CTD_profile,RBRmaestro,0.3,99.5,14.38,140.3,NA,0.89,
Pearce/Xenopolous,GB1,2.42,CTD_profile,Pearce/Xenopolous_GB1_2.42_CTD_profile,RBRmaestro,0.3,99.5,14.38,139.78,NA,1.27,
Pearce/Xenopolous,GB1,2.42,CTD_profile,Pearce/Xenopolous_GB1_2.42_CTD_profile,RBRmaestro,0.3,99.5,14.38,138.15,NA,1.88,
Pearce/Xenopolous,GB1,2.42,CTD_profile,Pearce/Xenopolous_GB1_2.42_CTD_profile,RBRmaestro,0.3,99.5,14.38,138.37,NA,1.58,
Pearce/Xenopolous,GB1,2.42,CTD_profile,Pearce/Xenopolous_GB1_2.42_CTD_profile,RBRmaestro,0.3,99.5,14.38,141.19,NA,1.25,
Pearce/Xenopolous,GB1,2.42,CTD_profile,Pearce/Xenopolous_GB1_2.42_CTD_profile,RBRmaestro,0.3,99.5,14.37,138.5,NA,1.13,
Pearce/Xenopolous,GB1,2.44,CTD_profile,Pearce/Xenopolous_GB1_2.44_CTD_profile,RBRmaestro,0.3,99.5,14.37,140.41,NA,1.04,
Pearce/Xenopolous,GB1,2.46,CTD_profile,Pearce/Xenopolous_GB1_2.46_CTD_profile,RBRmaestro,0.31,99.5,14.37,137.18,NA,0.98,
Pearce/Xenopolous,GB1,2.47,CTD_profile,Pearce/Xenopolous_GB1_2.47_CTD_profile,RBRmaestro,0.31,99.5,14.37,140.35,NA,1.02,
Pearce/Xenopolous,GB1,2.48,CTD_profile,Pearce/Xenopolous_GB1_2.48_CTD_profile,RBRmaestro,0.3,99.5,14.37,140.43,NA,1.11,
Pearce/Xenopolous,GB1,2.48,CTD_profile,Pearce/Xenopolous_GB1_2.48_CTD_profile,RBRmaestro,0.3,99.5,14.37,140.35,NA,1.17,
Pearce/Xenopolous,GB1,2.5,CTD_profile,Pearce/Xenopolous_GB1_2.5_CTD_profile,RBRmaestro,0.31,99.5,14.37,140.95,NA,1.19,
Pearce/Xenopolous,GB1,2.52,CTD_profile,Pearce/Xenopolous_GB1_2.52_CTD_profile,RBRmaestro,0.3,99.5,14.37,140.09,NA,1.04,
Pearce/Xenopolous,GB1,2.52,CTD_profile,Pearce/Xenopolous_GB1_2.52_CTD_profile,RBRmaestro,0.3,99.5,14.37,138.88,NA,1.08,
Pearce/Xenopolous,GB1,2.53,CTD_profile,Pearce/Xenopolous_GB1_2.53_CTD_profile,RBRmaestro,0.3,99.5,14.37,139.54,NA,1.15,
Pearce/Xenopolous,GB1,2.55,CTD_profile,Pearce/Xenopolous_GB1_2.55_CTD_profile,RBRmaestro,0.3,99.5,14.37,139.96,NA,1.07,
Pearce/Xenopolous,GB1,2.56,CTD_profile,Pearce/Xenopolous_GB1_2.56_CTD_profile,RBRmaestro,0.3,99.5,14.37,139.68,NA,1.08,
Pearce/Xenopolous,GB1,2.56,CTD_profile,Pearce/Xenopolous_GB1_2.56_CTD_profile,RBRmaestro,0.3,99.5,14.37,139.46,NA,1.05,
Pearce/Xenopolous,GB1,2.57,CTD_profile,Pearce/Xenopolous_GB1_2.57_CTD_profile,RBRmaestro,0.3,99.5,14.37,137.16,NA,0.95,
Pearce/Xenopolous,GB1,2.58,CTD_profile,Pearce/Xenopolous_GB1_2.58_CTD_profile,RBRmaestro,0.3,99.5,14.37,141.38,NA,0.92,
Pearce/Xenopolous,GB1,2.6,CTD_profile,Pearce/Xenopolous_GB1_2.6_CTD_profile,RBRmaestro,0.3,99.5,14.37,139.33,NA,0.91,
Pearce/Xenopolous,GB1,2.61,CTD_profile,Pearce/Xenopolous_GB1_2.61_CTD_profile,RBRmaestro,0.3,99,14.31,139.16,NA,0.9,
Pearce/Xenopolous,GB1,2.63,CTD_profile,Pearce/Xenopolous_GB1_2.63_CTD_profile,RBRmaestro,0.3,99,14.31,138.47,NA,0.95,
Pearce/Xenopolous,GB1,2.64,CTD_profile,Pearce/Xenopolous_GB1_2.64_CTD_profile,RBRmaestro,0.3,99,14.31,138.67,NA,0.92,
Pearce/Xenopolous,GB1,2.64,CTD_profile,Pearce/Xenopolous_GB1_2.64_CTD_profile,RBRmaestro,0.3,99,14.31,139.38,NA,0.91,
Pearce/Xenopolous,GB1,2.66,CTD_profile,Pearce/Xenopolous_GB1_2.66_CTD_profile,RBRmaestro,0.3,99,14.31,140.71,NA,0.89,
Pearce/Xenopolous,GB1,2.66,CTD_profile,Pearce/Xenopolous_GB1_2.66_CTD_profile,RBRmaestro,0.3,99,14.31,139.94,NA,0.89,
Pearce/Xenopolous,GB1,2.67,CTD_profile,Pearce/Xenopolous_GB1_2.67_CTD_profile,RBRmaestro,0.3,99,14.31,138.09,NA,0.94,
Pearce/Xenopolous,GB1,2.68,CTD_profile,Pearce/Xenopolous_GB1_2.68_CTD_profile,RBRmaestro,0.3,99,14.31,140,NA,0.89,
Pearce/Xenopolous,GB1,2.69,CTD_profile,Pearce/Xenopolous_GB1_2.69_CTD_profile,RBRmaestro,0.3,99.4,14.36,138.97,NA,0.96,
Pearce/Xenopolous,GB1,2.7,CTD_profile,Pearce/Xenopolous_GB1_2.7_CTD_profile,RBRmaestro,0.3,99.4,14.36,139.05,NA,0.96,
Pearce/Xenopolous,GB1,2.72,CTD_profile,Pearce/Xenopolous_GB1_2.72_CTD_profile,RBRmaestro,0.3,99.4,14.36,139.36,NA,0.93,
Pearce/Xenopolous,GB1,2.74,CTD_profile,Pearce/Xenopolous_GB1_2.74_CTD_profile,RBRmaestro,0.3,99.4,14.36,139.42,NA,0.91,
Pearce/Xenopolous,GB1,2.74,CTD_profile,Pearce/Xenopolous_GB1_2.74_CTD_profile,RBRmaestro,0.3,99.4,14.36,139.16,NA,1.02,
Pearce/Xenopolous,GB1,2.75,CTD_profile,Pearce/Xenopolous_GB1_2.75_CTD_profile,RBRmaestro,0.3,99.4,14.36,139.12,NA,1.06,
Pearce/Xenopolous,GB1,2.76,CTD_profile,Pearce/Xenopolous_GB1_2.76_CTD_profile,RBRmaestro,0.3,99.4,14.36,138.88,NA,0.97,
Pearce/Xenopolous,GB1,2.77,CTD_profile,Pearce/Xenopolous_GB1_2.77_CTD_profile,RBRmaestro,0.3,99.4,14.36,140.15,NA,0.9,
Pearce/Xenopolous,GB1,2.78,CTD_profile,Pearce/Xenopolous_GB1_2.78_CTD_profile,RBRmaestro,0.3,99.4,14.37,139.1,NA,0.85,
Pearce/Xenopolous,GB1,2.78,CTD_profile,Pearce/Xenopolous_GB1_2.78_CTD_profile,RBRmaestro,0.3,99.4,14.37,139.57,NA,0.8,
Pearce/Xenopolous,GB1,2.8,CTD_profile,Pearce/Xenopolous_GB1_2.8_CTD_profile,RBRmaestro,0.3,99.4,14.37,139.8,NA,0.81,
Pearce/Xenopolous,GB1,2.81,CTD_profile,Pearce/Xenopolous_GB1_2.81_CTD_profile,RBRmaestro,0.3,99.4,14.37,139.57,NA,0.89,
Pearce/Xenopolous,GB1,2.83,CTD_profile,Pearce/Xenopolous_GB1_2.83_CTD_profile,RBRmaestro,0.3,99.4,14.37,139.37,NA,0.89,
Pearce/Xenopolous,GB1,2.84,CTD_profile,Pearce/Xenopolous_GB1_2.84_CTD_profile,RBRmaestro,0.3,99.4,14.37,138.76,NA,0.87,
Pearce/Xenopolous,GB1,2.86,CTD_profile,Pearce/Xenopolous_GB1_2.86_CTD_profile,RBRmaestro,0.3,99.4,14.37,138.41,NA,0.84,
Pearce/Xenopolous,GB1,2.87,CTD_profile,Pearce/Xenopolous_GB1_2.87_CTD_profile,RBRmaestro,0.3,99.4,14.37,139.25,NA,0.85,
Pearce/Xenopolous,GB1,2.88,CTD_profile,Pearce/Xenopolous_GB1_2.88_CTD_profile,RBRmaestro,0.3,99.3,14.35,139.16,NA,0.9,
Pearce/Xenopolous,GB1,2.89,CTD_profile,Pearce/Xenopolous_GB1_2.89_CTD_profile,RBRmaestro,0.31,99.3,14.35,140.64,NA,0.96,
Pearce/Xenopolous,GB1,2.9,CTD_profile,Pearce/Xenopolous_GB1_2.9_CTD_profile,RBRmaestro,0.31,99.3,14.35,137.87,NA,1.03,
Pearce/Xenopolous,GB1,2.91,CTD_profile,Pearce/Xenopolous_GB1_2.91_CTD_profile,RBRmaestro,0.31,99.3,14.35,140.01,NA,0.95,
Pearce/Xenopolous,GB1,2.92,CTD_profile,Pearce/Xenopolous_GB1_2.92_CTD_profile,RBRmaestro,0.3,99.3,14.35,138.98,NA,0.88,
Pearce/Xenopolous,GB1,2.93,CTD_profile,Pearce/Xenopolous_GB1_2.93_CTD_profile,RBRmaestro,0.3,99.3,14.35,140.39,NA,0.85,
Pearce/Xenopolous,GB1,2.93,CTD_profile,Pearce/Xenopolous_GB1_2.93_CTD_profile,RBRmaestro,0.3,99.3,14.35,139.35,NA,0.95,
Pearce/Xenopolous,GB1,2.94,CTD_profile,Pearce/Xenopolous_GB1_2.94_CTD_profile,RBRmaestro,0.31,99.3,14.35,139.1,NA,0.94,
Pearce/Xenopolous,GB1,2.94,CTD_profile,Pearce/Xenopolous_GB1_2.94_CTD_profile,RBRmaestro,0.31,99.7,14.41,138.56,NA,0.83,
Pearce/Xenopolous,GB1,2.95,CTD_profile,Pearce/Xenopolous_GB1_2.95_CTD_profile,RBRmaestro,0.31,99.7,14.41,139.24,NA,0.8,
Pearce/Xenopolous,GB1,2.96,CTD_profile,Pearce/Xenopolous_GB1_2.96_CTD_profile,RBRmaestro,0.31,99.7,14.41,139.31,NA,0.79,
Pearce/Xenopolous,GB1,2.97,CTD_profile,Pearce/Xenopolous_GB1_2.97_CTD_profile,RBRmaestro,0.31,99.7,14.41,139.37,NA,0.75,
Pearce/Xenopolous,GB1,2.98,CTD_profile,Pearce/Xenopolous_GB1_2.98_CTD_profile,RBRmaestro,0.31,99.7,14.41,139.55,NA,0.84,
Pearce/Xenopolous,GB1,2.99,CTD_profile,Pearce/Xenopolous_GB1_2.99_CTD_profile,RBRmaestro,0.3,99.7,14.41,140.34,NA,0.91,
Pearce/Xenopolous,GB1,2.99,CTD_profile,Pearce/Xenopolous_GB1_2.99_CTD_profile,RBRmaestro,0.3,99.7,14.41,139.93,NA,0.89,
Pearce/Xenopolous,GB1,2.99,CTD_profile,Pearce/Xenopolous_GB1_2.99_CTD_profile,RBRmaestro,0.3,99.7,14.41,137.65,NA,0.82,
Pearce/Xenopolous,GB1,2.99,CTD_profile,Pearce/Xenopolous_GB1_2.99_CTD_profile,RBRmaestro,0.3,99.2,14.33,141.22,NA,0.81,
Pearce/Xenopolous,GB1,2.99,CTD_profile,Pearce/Xenopolous_GB1_2.99_CTD_profile,RBRmaestro,0.31,99.2,14.33,140.36,NA,0.79,
Pearce/Xenopolous,GB1,3.01,CTD_profile,Pearce/Xenopolous_GB1_3.01_CTD_profile,RBRmaestro,0.3,99.2,14.33,138.42,NA,0.79,
Pearce/Xenopolous,GB1,3.03,CTD_profile,Pearce/Xenopolous_GB1_3.03_CTD_profile,RBRmaestro,0.3,99.2,14.33,140.41,NA,0.76,
Pearce/Xenopolous,GB1,3.05,CTD_profile,Pearce/Xenopolous_GB1_3.05_CTD_profile,RBRmaestro,0.3,99.2,14.33,137.19,NA,0.75,
Pearce/Xenopolous,GB1,3.07,CTD_profile,Pearce/Xenopolous_GB1_3.07_CTD_profile,RBRmaestro,0.3,99.2,14.33,140.47,NA,0.76,
Pearce/Xenopolous,GB1,3.09,CTD_profile,Pearce/Xenopolous_GB1_3.09_CTD_profile,RBRmaestro,0.3,99.2,14.33,140.14,NA,0.78,
Pearce/Xenopolous,GB1,3.1,CTD_profile,Pearce/Xenopolous_GB1_3.1_CTD_profile,RBRmaestro,0.3,99.2,14.33,138.01,NA,0.79,
Pearce/Xenopolous,GB1,3.11,CTD_profile,Pearce/Xenopolous_GB1_3.11_CTD_profile,RBRmaestro,0.3,99.4,14.36,139.07,NA,0.78,
Pearce/Xenopolous,GB1,3.12,CTD_profile,Pearce/Xenopolous_GB1_3.12_CTD_profile,RBRmaestro,0.3,99.4,14.36,138.55,NA,0.75,
Pearce/Xenopolous,GB1,3.13,CTD_profile,Pearce/Xenopolous_GB1_3.13_CTD_profile,RBRmaestro,0.3,99.4,14.36,139.63,NA,0.87,
Pearce/Xenopolous,GB1,3.14,CTD_profile,Pearce/Xenopolous_GB1_3.14_CTD_profile,RBRmaestro,0.3,99.4,14.36,140.3,NA,0.84,
Pearce/Xenopolous,GB1,3.15,CTD_profile,Pearce/Xenopolous_GB1_3.15_CTD_profile,RBRmaestro,0.3,99.4,14.36,140.1,NA,0.85,
Pearce/Xenopolous,GB1,3.16,CTD_profile,Pearce/Xenopolous_GB1_3.16_CTD_profile,RBRmaestro,0.3,99.4,14.36,142.31,NA,0.84,
Pearce/Xenopolous,GB1,3.18,CTD_profile,Pearce/Xenopolous_GB1_3.18_CTD_profile,RBRmaestro,0.3,99.4,14.36,139.99,NA,0.77,
Pearce/Xenopolous,GB1,3.19,CTD_profile,Pearce/Xenopolous_GB1_3.19_CTD_profile,RBRmaestro,0.3,99.4,14.36,139.86,NA,0.75,
Pearce/Xenopolous,GB1,3.2,CTD_profile,Pearce/Xenopolous_GB1_3.2_CTD_profile,RBRmaestro,0.3,99.2,14.34,137.51,NA,0.75,
Pearce/Xenopolous,GB1,3.2,CTD_profile,Pearce/Xenopolous_GB1_3.2_CTD_profile,RBRmaestro,0.3,99.2,14.34,139.11,NA,0.86,
Pearce/Xenopolous,GB1,3.21,CTD_profile,Pearce/Xenopolous_GB1_3.21_CTD_profile,RBRmaestro,0.3,99.2,14.34,139,NA,0.92,
Pearce/Xenopolous,GB1,3.22,CTD_profile,Pearce/Xenopolous_GB1_3.22_CTD_profile,RBRmaestro,0.3,99.2,14.34,139.37,NA,0.85,
Pearce/Xenopolous,GB1,3.23,CTD_profile,Pearce/Xenopolous_GB1_3.23_CTD_profile,RBRmaestro,0.3,99.2,14.34,139.75,NA,0.8,
Pearce/Xenopolous,GB1,3.25,CTD_profile,Pearce/Xenopolous_GB1_3.25_CTD_profile,RBRmaestro,0.31,99.2,14.34,139.62,NA,0.84,
Pearce/Xenopolous,GB1,3.26,CTD_profile,Pearce/Xenopolous_GB1_3.26_CTD_profile,RBRmaestro,0.31,99.2,14.34,140.01,NA,0.85,
Pearce/Xenopolous,GB1,3.27,CTD_profile,Pearce/Xenopolous_GB1_3.27_CTD_profile,RBRmaestro,0.31,99.2,14.34,138.63,NA,0.79,
Pearce/Xenopolous,GB1,3.27,CTD_profile,Pearce/Xenopolous_GB1_3.27_CTD_profile,RBRmaestro,0.31,99.5,14.38,138.55,NA,0.81,
Pearce/Xenopolous,GB1,3.28,CTD_profile,Pearce/Xenopolous_GB1_3.28_CTD_profile,RBRmaestro,0.31,99.5,14.38,139.45,NA,0.82,
Pearce/Xenopolous,GB1,3.29,CTD_profile,Pearce/Xenopolous_GB1_3.29_CTD_profile,RBRmaestro,0.31,99.5,14.38,138.83,NA,0.81,
Pearce/Xenopolous,GB1,3.3,CTD_profile,Pearce/Xenopolous_GB1_3.3_CTD_profile,RBRmaestro,0.31,99.5,14.38,139.75,NA,0.81,
Pearce/Xenopolous,GB1,3.3,CTD_profile,Pearce/Xenopolous_GB1_3.3_CTD_profile,RBRmaestro,0.31,99.5,14.38,139.37,NA,0.79,
Pearce/Xenopolous,GB1,3.31,CTD_profile,Pearce/Xenopolous_GB1_3.31_CTD_profile,RBRmaestro,0.31,99.5,14.38,140.27,NA,0.76,
Pearce/Xenopolous,GB1,3.31,CTD_profile,Pearce/Xenopolous_GB1_3.31_CTD_profile,RBRmaestro,0.31,99.5,14.38,137.71,NA,0.74,
Pearce/Xenopolous,GB1,3.31,CTD_profile,Pearce/Xenopolous_GB1_3.31_CTD_profile,RBRmaestro,0.31,99.5,14.38,141.49,NA,0.76,
Pearce/Xenopolous,GB1,3.32,CTD_profile,Pearce/Xenopolous_GB1_3.32_CTD_profile,RBRmaestro,0.31,99.3,14.34,139.65,NA,0.81,
Pearce/Xenopolous,GB1,3.33,CTD_profile,Pearce/Xenopolous_GB1_3.33_CTD_profile,RBRmaestro,0.31,99.3,14.34,139.13,NA,0.87,
Pearce/Xenopolous,GB1,3.33,CTD_profile,Pearce/Xenopolous_GB1_3.33_CTD_profile,RBRmaestro,0.31,99.3,14.34,138.25,NA,0.89,
Pearce/Xenopolous,GB1,3.34,CTD_profile,Pearce/Xenopolous_GB1_3.34_CTD_profile,RBRmaestro,0.31,99.3,14.34,140.18,NA,0.87,
Pearce/Xenopolous,GB1,3.35,CTD_profile,Pearce/Xenopolous_GB1_3.35_CTD_profile,RBRmaestro,0.31,99.3,14.34,140.83,NA,0.84,
Pearce/Xenopolous,GB1,3.36,CTD_profile,Pearce/Xenopolous_GB1_3.36_CTD_profile,RBRmaestro,0.31,99.3,14.34,140.44,NA,0.82,
Pearce/Xenopolous,GB1,3.37,CTD_profile,Pearce/Xenopolous_GB1_3.37_CTD_profile,RBRmaestro,0.31,99.3,14.34,139,NA,0.76,
Pearce/Xenopolous,GB1,3.39,CTD_profile,Pearce/Xenopolous_GB1_3.39_CTD_profile,RBRmaestro,0.31,99.3,14.34,139.45,NA,0.72,
Pearce/Xenopolous,GB1,3.4,CTD_profile,Pearce/Xenopolous_GB1_3.4_CTD_profile,RBRmaestro,0.31,99,14.31,137.47,NA,0.77,
Pearce/Xenopolous,GB1,3.41,CTD_profile,Pearce/Xenopolous_GB1_3.41_CTD_profile,RBRmaestro,0.31,99,14.31,139.9,NA,0.78,
Pearce/Xenopolous,GB1,3.42,CTD_profile,Pearce/Xenopolous_GB1_3.42_CTD_profile,RBRmaestro,0.31,99,14.31,139.49,NA,0.73,
Pearce/Xenopolous,GB1,3.43,CTD_profile,Pearce/Xenopolous_GB1_3.43_CTD_profile,RBRmaestro,0.31,99,14.31,138.7,NA,0.74,
Pearce/Xenopolous,GB1,3.45,CTD_profile,Pearce/Xenopolous_GB1_3.45_CTD_profile,RBRmaestro,0.31,99,14.31,140.02,NA,0.74,
Pearce/Xenopolous,GB1,3.47,CTD_profile,Pearce/Xenopolous_GB1_3.47_CTD_profile,RBRmaestro,0.31,99,14.31,138.27,NA,0.79,
Pearce/Xenopolous,GB1,3.49,CTD_profile,Pearce/Xenopolous_GB1_3.49_CTD_profile,RBRmaestro,0.31,99,14.31,139.72,NA,0.77,
Pearce/Xenopolous,GB1,3.51,CTD_profile,Pearce/Xenopolous_GB1_3.51_CTD_profile,RBRmaestro,0.31,99,14.31,139.48,NA,0.75,
Pearce/Xenopolous,GB1,3.52,CTD_profile,Pearce/Xenopolous_GB1_3.52_CTD_profile,RBRmaestro,0.31,99.3,14.34,138.01,NA,0.72,
Pearce/Xenopolous,GB1,3.52,CTD_profile,Pearce/Xenopolous_GB1_3.52_CTD_profile,RBRmaestro,0.31,99.3,14.34,139.93,NA,0.68,
Pearce/Xenopolous,GB1,3.52,CTD_profile,Pearce/Xenopolous_GB1_3.52_CTD_profile,RBRmaestro,0.31,99.3,14.34,136.7,NA,0.7,
Pearce/Xenopolous,GB1,3.52,CTD_profile,Pearce/Xenopolous_GB1_3.52_CTD_profile,RBRmaestro,0.31,99.3,14.34,140.12,NA,0.88,
Pearce/Xenopolous,GB1,3.52,CTD_profile,Pearce/Xenopolous_GB1_3.52_CTD_profile,RBRmaestro,0.31,99.3,14.34,138.73,NA,0.87,
Pearce/Xenopolous,GB1,3.52,CTD_profile,Pearce/Xenopolous_GB1_3.52_CTD_profile,RBRmaestro,0.31,99.3,14.34,139.53,NA,0.81,
Pearce/Xenopolous,GB1,3.52,CTD_profile,Pearce/Xenopolous_GB1_3.52_CTD_profile,RBRmaestro,0.32,99.3,14.34,139.46,NA,0.79,
Pearce/Xenopolous,GB1,3.53,CTD_profile,Pearce/Xenopolous_GB1_3.53_CTD_profile,RBRmaestro,0.32,99.3,14.34,138.33,NA,0.79,
Pearce/Xenopolous,GB1,3.55,CTD_profile,Pearce/Xenopolous_GB1_3.55_CTD_profile,RBRmaestro,0.32,99,14.3,138.87,NA,0.77,
Pearce/Xenopolous,GB1,3.58,CTD_profile,Pearce/Xenopolous_GB1_3.58_CTD_profile,RBRmaestro,0.32,99,14.3,139.13,NA,0.75,
Pearce/Xenopolous,GB1,3.61,CTD_profile,Pearce/Xenopolous_GB1_3.61_CTD_profile,RBRmaestro,0.31,99,14.3,138.76,NA,0.78,
Pearce/Xenopolous,GB1,3.64,CTD_profile,Pearce/Xenopolous_GB1_3.64_CTD_profile,RBRmaestro,0.32,99,14.3,139.62,NA,0.74,
Pearce/Xenopolous,GB1,3.66,CTD_profile,Pearce/Xenopolous_GB1_3.66_CTD_profile,RBRmaestro,0.32,99,14.3,139.7,NA,0.71,
Pearce/Xenopolous,GB1,3.67,CTD_profile,Pearce/Xenopolous_GB1_3.67_CTD_profile,RBRmaestro,0.32,99,14.3,140.07,NA,0.69,
Pearce/Xenopolous,GB1,3.67,CTD_profile,Pearce/Xenopolous_GB1_3.67_CTD_profile,RBRmaestro,0.32,99,14.3,138.24,NA,0.66,
Pearce/Xenopolous,GB1,3.68,CTD_profile,Pearce/Xenopolous_GB1_3.68_CTD_profile,RBRmaestro,0.32,99,14.3,138.33,NA,0.67,
Pearce/Xenopolous,GB1,3.7,CTD_profile,Pearce/Xenopolous_GB1_3.7_CTD_profile,RBRmaestro,0.32,99,14.31,138.89,NA,0.78,
Pearce/Xenopolous,GB1,3.71,CTD_profile,Pearce/Xenopolous_GB1_3.71_CTD_profile,RBRmaestro,0.32,99,14.31,139.16,NA,0.75,
Pearce/Xenopolous,GB1,3.73,CTD_profile,Pearce/Xenopolous_GB1_3.73_CTD_profile,RBRmaestro,0.32,99,14.31,138.52,NA,0.68,
Pearce/Xenopolous,GB1,3.74,CTD_profile,Pearce/Xenopolous_GB1_3.74_CTD_profile,RBRmaestro,0.32,99,14.31,138.78,NA,0.68,
Pearce/Xenopolous,GB1,3.75,CTD_profile,Pearce/Xenopolous_GB1_3.75_CTD_profile,RBRmaestro,0.32,99,14.31,139.15,NA,0.7,
Pearce/Xenopolous,GB1,3.77,CTD_profile,Pearce/Xenopolous_GB1_3.77_CTD_profile,RBRmaestro,0.32,99,14.31,138.88,NA,0.68,
Pearce/Xenopolous,GB1,3.78,CTD_profile,Pearce/Xenopolous_GB1_3.78_CTD_profile,RBRmaestro,0.32,99,14.31,139.32,NA,0.68,
Pearce/Xenopolous,GB1,3.8,CTD_profile,Pearce/Xenopolous_GB1_3.8_CTD_profile,RBRmaestro,0.32,99,14.31,139.35,NA,0.7,
Pearce/Xenopolous,GB1,3.81,CTD_profile,Pearce/Xenopolous_GB1_3.81_CTD_profile,RBRmaestro,0.32,99,14.3,139.05,NA,0.73,
Pearce/Xenopolous,GB1,3.83,CTD_profile,Pearce/Xenopolous_GB1_3.83_CTD_profile,RBRmaestro,0.32,99,14.3,139.54,NA,0.7,
Pearce/Xenopolous,GB1,3.84,CTD_profile,Pearce/Xenopolous_GB1_3.84_CTD_profile,RBRmaestro,0.32,99,14.3,139.79,NA,0.68,
Pearce/Xenopolous,GB1,3.85,CTD_profile,Pearce/Xenopolous_GB1_3.85_CTD_profile,RBRmaestro,0.33,99,14.3,139.35,NA,0.67,
Pearce/Xenopolous,GB1,3.85,CTD_profile,Pearce/Xenopolous_GB1_3.85_CTD_profile,RBRmaestro,0.33,99,14.3,139.72,NA,0.69,
Pearce/Xenopolous,GB1,3.86,CTD_profile,Pearce/Xenopolous_GB1_3.86_CTD_profile,RBRmaestro,0.33,99,14.3,139.31,NA,0.66,
Pearce/Xenopolous,GB1,3.87,CTD_profile,Pearce/Xenopolous_GB1_3.87_CTD_profile,RBRmaestro,0.33,99,14.3,138.56,NA,0.69,
Pearce/Xenopolous,GB1,3.88,CTD_profile,Pearce/Xenopolous_GB1_3.88_CTD_profile,RBRmaestro,0.33,99,14.3,139.94,NA,0.81,
Pearce/Xenopolous,GB1,3.89,CTD_profile,Pearce/Xenopolous_GB1_3.89_CTD_profile,RBRmaestro,0.33,98.9,14.29,139.8,NA,0.88,
Pearce/Xenopolous,GB1,3.91,CTD_profile,Pearce/Xenopolous_GB1_3.91_CTD_profile,RBRmaestro,0.33,98.9,14.29,139.08,NA,0.83,
Pearce/Xenopolous,GB1,3.92,CTD_profile,Pearce/Xenopolous_GB1_3.92_CTD_profile,RBRmaestro,0.33,98.9,14.29,138.5,NA,0.76,
Pearce/Xenopolous,GB1,3.93,CTD_profile,Pearce/Xenopolous_GB1_3.93_CTD_profile,RBRmaestro,0.33,98.9,14.29,139.96,NA,0.72,
Pearce/Xenopolous,GB1,3.93,CTD_profile,Pearce/Xenopolous_GB1_3.93_CTD_profile,RBRmaestro,0.33,98.9,14.29,139.23,NA,0.71,
Pearce/Xenopolous,GB1,3.94,CTD_profile,Pearce/Xenopolous_GB1_3.94_CTD_profile,RBRmaestro,0.33,98.9,14.29,140.09,NA,0.7,
Pearce/Xenopolous,GB1,3.95,CTD_profile,Pearce/Xenopolous_GB1_3.95_CTD_profile,RBRmaestro,0.33,98.9,14.29,138.62,NA,0.72,
Pearce/Xenopolous,GB1,3.96,CTD_profile,Pearce/Xenopolous_GB1_3.96_CTD_profile,RBRmaestro,0.34,98.9,14.29,138.67,NA,0.69,
Pearce/Xenopolous,GB1,3.97,CTD_profile,Pearce/Xenopolous_GB1_3.97_CTD_profile,RBRmaestro,0.34,98.7,14.26,140.13,NA,0.76,
Pearce/Xenopolous,GB1,3.98,CTD_profile,Pearce/Xenopolous_GB1_3.98_CTD_profile,RBRmaestro,0.33,98.7,14.26,140.84,NA,1.03,
Pearce/Xenopolous,GB1,3.99,CTD_profile,Pearce/Xenopolous_GB1_3.99_CTD_profile,RBRmaestro,0.33,98.7,14.26,138.9,NA,0.92,
Pearce/Xenopolous,GB1,4,CTD_profile,Pearce/Xenopolous_GB1_4_CTD_profile,RBRmaestro,0.33,98.7,14.26,140.14,NA,0.85,
Pearce/Xenopolous,GB1,4.01,CTD_profile,Pearce/Xenopolous_GB1_4.01_CTD_profile,RBRmaestro,0.33,98.7,14.26,139.22,NA,0.75,
Pearce/Xenopolous,GB1,4.02,CTD_profile,Pearce/Xenopolous_GB1_4.02_CTD_profile,RBRmaestro,0.33,98.7,14.26,139.41,NA,0.71,
Pearce/Xenopolous,GB1,4.03,CTD_profile,Pearce/Xenopolous_GB1_4.03_CTD_profile,RBRmaestro,0.33,98.7,14.26,138.92,NA,0.69,
Pearce/Xenopolous,GB1,4.04,CTD_profile,Pearce/Xenopolous_GB1_4.04_CTD_profile,RBRmaestro,0.34,98.7,14.26,139.26,NA,0.7,
Pearce/Xenopolous,GB1,4.05,CTD_profile,Pearce/Xenopolous_GB1_4.05_CTD_profile,RBRmaestro,0.34,99.3,14.35,140.14,NA,0.75,
Pearce/Xenopolous,GB1,4.06,CTD_profile,Pearce/Xenopolous_GB1_4.06_CTD_profile,RBRmaestro,0.34,99.3,14.35,139.91,NA,0.82,
Pearce/Xenopolous,GB1,4.07,CTD_profile,Pearce/Xenopolous_GB1_4.07_CTD_profile,RBRmaestro,0.34,99.3,14.35,139.29,NA,0.77,
Pearce/Xenopolous,GB1,4.08,CTD_profile,Pearce/Xenopolous_GB1_4.08_CTD_profile,RBRmaestro,0.34,99.3,14.35,140.07,NA,0.72,
Pearce/Xenopolous,GB1,4.1,CTD_profile,Pearce/Xenopolous_GB1_4.1_CTD_profile,RBRmaestro,0.34,99.3,14.35,139.4,NA,0.7,
Pearce/Xenopolous,GB1,4.1,CTD_profile,Pearce/Xenopolous_GB1_4.1_CTD_profile,RBRmaestro,0.34,99.3,14.35,139.35,NA,0.69,
Pearce/Xenopolous,GB1,4.11,CTD_profile,Pearce/Xenopolous_GB1_4.11_CTD_profile,RBRmaestro,0.34,99.3,14.35,140.15,NA,0.67,
Pearce/Xenopolous,GB1,4.11,CTD_profile,Pearce/Xenopolous_GB1_4.11_CTD_profile,RBRmaestro,0.34,99.3,14.35,138.43,NA,0.69,
Pearce/Xenopolous,GB1,4.12,CTD_profile,Pearce/Xenopolous_GB1_4.12_CTD_profile,RBRmaestro,0.35,99.2,14.33,139.15,NA,0.64,
Pearce/Xenopolous,GB1,4.14,CTD_profile,Pearce/Xenopolous_GB1_4.14_CTD_profile,RBRmaestro,0.35,99.2,14.33,139.87,NA,0.64,
Pearce/Xenopolous,GB1,4.15,CTD_profile,Pearce/Xenopolous_GB1_4.15_CTD_profile,RBRmaestro,0.35,99.2,14.33,139.66,NA,0.69,
Pearce/Xenopolous,GB1,4.17,CTD_profile,Pearce/Xenopolous_GB1_4.17_CTD_profile,RBRmaestro,0.35,99.2,14.33,138,NA,0.69,
Pearce/Xenopolous,GB1,4.19,CTD_profile,Pearce/Xenopolous_GB1_4.19_CTD_profile,RBRmaestro,0.35,99.2,14.33,139.2,NA,0.68,
Pearce/Xenopolous,GB1,4.19,CTD_profile,Pearce/Xenopolous_GB1_4.19_CTD_profile,RBRmaestro,0.35,99.2,14.33,138.91,NA,0.65,
Pearce/Xenopolous,GB1,4.2,CTD_profile,Pearce/Xenopolous_GB1_4.2_CTD_profile,RBRmaestro,0.35,99.2,14.33,138.96,NA,0.64,
Pearce/Xenopolous,GB1,4.2,CTD_profile,Pearce/Xenopolous_GB1_4.2_CTD_profile,RBRmaestro,0.35,99.2,14.33,140.66,NA,0.71,
Pearce/Xenopolous,GB1,4.2,CTD_profile,Pearce/Xenopolous_GB1_4.2_CTD_profile,RBRmaestro,0.35,98.5,14.22,139.28,NA,0.68,
Pearce/Xenopolous,GB1,4.22,CTD_profile,Pearce/Xenopolous_GB1_4.22_CTD_profile,RBRmaestro,0.35,98.5,14.22,139.48,NA,0.67,
Pearce/Xenopolous,GB1,4.23,CTD_profile,Pearce/Xenopolous_GB1_4.23_CTD_profile,RBRmaestro,0.35,98.5,14.22,139.37,NA,0.69,
Pearce/Xenopolous,GB1,4.24,CTD_profile,Pearce/Xenopolous_GB1_4.24_CTD_profile,RBRmaestro,0.35,98.5,14.22,139.91,NA,0.73,
Pearce/Xenopolous,GB1,4.25,CTD_profile,Pearce/Xenopolous_GB1_4.25_CTD_profile,RBRmaestro,0.35,98.5,14.22,139.8,NA,0.71,
Pearce/Xenopolous,GB1,4.27,CTD_profile,Pearce/Xenopolous_GB1_4.27_CTD_profile,RBRmaestro,0.35,98.5,14.22,139.02,NA,0.66,
Pearce/Xenopolous,GB1,4.27,CTD_profile,Pearce/Xenopolous_GB1_4.27_CTD_profile,RBRmaestro,0.35,98.5,14.22,140.21,NA,0.63,
Pearce/Xenopolous,GB1,4.27,CTD_profile,Pearce/Xenopolous_GB1_4.27_CTD_profile,RBRmaestro,0.35,98.5,14.22,139.28,NA,0.66,
Pearce/Xenopolous,GB1,4.28,CTD_profile,Pearce/Xenopolous_GB1_4.28_CTD_profile,RBRmaestro,0.35,99,14.29,139.15,NA,0.72,
Pearce/Xenopolous,GB1,4.29,CTD_profile,Pearce/Xenopolous_GB1_4.29_CTD_profile,RBRmaestro,0.35,99,14.29,140.03,NA,0.72,
Pearce/Xenopolous,GB1,4.31,CTD_profile,Pearce/Xenopolous_GB1_4.31_CTD_profile,RBRmaestro,0.35,99,14.29,139.83,NA,0.78,
Pearce/Xenopolous,GB1,4.33,CTD_profile,Pearce/Xenopolous_GB1_4.33_CTD_profile,RBRmaestro,0.35,99,14.29,139.62,NA,0.72,
Pearce/Xenopolous,GB1,4.35,CTD_profile,Pearce/Xenopolous_GB1_4.35_CTD_profile,RBRmaestro,0.35,99,14.29,139.88,NA,0.69,
Pearce/Xenopolous,GB1,4.37,CTD_profile,Pearce/Xenopolous_GB1_4.37_CTD_profile,RBRmaestro,0.35,99,14.29,139.6,NA,0.7,
Pearce/Xenopolous,GB1,4.38,CTD_profile,Pearce/Xenopolous_GB1_4.38_CTD_profile,RBRmaestro,0.36,99,14.29,139.6,NA,0.73,
Pearce/Xenopolous,GB1,4.38,CTD_profile,Pearce/Xenopolous_GB1_4.38_CTD_profile,RBRmaestro,0.36,98.4,14.22,139.39,NA,0.66,
Pearce/Xenopolous,GB1,4.38,CTD_profile,Pearce/Xenopolous_GB1_4.38_CTD_profile,RBRmaestro,0.36,98.4,14.22,139.26,NA,0.66,
Pearce/Xenopolous,GB1,4.38,CTD_profile,Pearce/Xenopolous_GB1_4.38_CTD_profile,RBRmaestro,0.36,98.4,14.22,139.99,NA,0.65,
Pearce/Xenopolous,GB1,4.38,CTD_profile,Pearce/Xenopolous_GB1_4.38_CTD_profile,RBRmaestro,0.36,98.4,14.22,138.55,NA,0.62,
Pearce/Xenopolous,GB1,4.38,CTD_profile,Pearce/Xenopolous_GB1_4.38_CTD_profile,RBRmaestro,0.36,98.4,14.22,139.52,NA,0.67,
Pearce/Xenopolous,GB1,4.38,CTD_profile,Pearce/Xenopolous_GB1_4.38_CTD_profile,RBRmaestro,0.36,98.7,14.26,140.18,NA,0.67,
Pearce/Xenopolous,GB1,4.38,CTD_profile,Pearce/Xenopolous_GB1_4.38_CTD_profile,RBRmaestro,0.36,98.7,14.26,139.43,NA,0.68,
Pearce/Xenopolous,GB1,4.38,CTD_profile,Pearce/Xenopolous_GB1_4.38_CTD_profile,RBRmaestro,0.36,98.7,14.26,139.48,NA,0.7,
Pearce/Xenopolous,GB1,4.39,CTD_profile,Pearce/Xenopolous_GB1_4.39_CTD_profile,RBRmaestro,0.36,99,14.29,139.09,NA,0.7,
Pearce/Xenopolous,GB1,4.39,CTD_profile,Pearce/Xenopolous_GB1_4.39_CTD_profile,RBRmaestro,0.36,98.4,14.22,140.46,NA,0.67,
Pearce/Xenopolous,GB1,4.39,CTD_profile,Pearce/Xenopolous_GB1_4.39_CTD_profile,RBRmaestro,0.36,98.4,14.22,140.04,NA,0.66,
Pearce/Xenopolous,GB1,4.39,CTD_profile,Pearce/Xenopolous_GB1_4.39_CTD_profile,RBRmaestro,0.36,98.4,14.22,138.63,NA,0.65,
Pearce/Xenopolous,GB1,4.39,CTD_profile,Pearce/Xenopolous_GB1_4.39_CTD_profile,RBRmaestro,0.36,98.7,14.26,139.22,NA,0.71,
Pearce/Xenopolous,GB1,4.41,CTD_profile,Pearce/Xenopolous_GB1_4.41_CTD_profile,RBRmaestro,0.36,98.7,14.26,139.45,NA,0.69,
Pearce/Xenopolous,GB1,4.43,CTD_profile,Pearce/Xenopolous_GB1_4.43_CTD_profile,RBRmaestro,0.36,98.7,14.26,139.34,NA,0.7,
Pearce/Xenopolous,GB1,4.46,CTD_profile,Pearce/Xenopolous_GB1_4.46_CTD_profile,RBRmaestro,0.36,98.7,14.26,139.85,NA,0.68,
Pearce/Xenopolous,GB1,4.49,CTD_profile,Pearce/Xenopolous_GB1_4.49_CTD_profile,RBRmaestro,0.36,98.7,14.26,139.05,NA,0.67,
Pearce/Xenopolous,GB1,4.52,CTD_profile,Pearce/Xenopolous_GB1_4.52_CTD_profile,RBRmaestro,0.36,99,14.29,138.24,NA,0.67,
Pearce/Xenopolous,GB1,4.55,CTD_profile,Pearce/Xenopolous_GB1_4.55_CTD_profile,RBRmaestro,0.36,99,14.29,138.54,NA,0.66,
Pearce/Xenopolous,GB1,4.58,CTD_profile,Pearce/Xenopolous_GB1_4.58_CTD_profile,RBRmaestro,0.36,99,14.29,140.46,NA,0.65,
Pearce/Xenopolous,GB1,4.6,CTD_profile,Pearce/Xenopolous_GB1_4.6_CTD_profile,RBRmaestro,0.36,99,14.29,138.7,NA,0.65,
Pearce/Xenopolous,GB1,4.61,CTD_profile,Pearce/Xenopolous_GB1_4.61_CTD_profile,RBRmaestro,0.36,99,14.29,140.2,NA,0.66,
Pearce/Xenopolous,GB1,4.62,CTD_profile,Pearce/Xenopolous_GB1_4.62_CTD_profile,RBRmaestro,0.37,99,14.29,139.79,NA,0.69,
Pearce/Xenopolous,GB1,4.62,CTD_profile,Pearce/Xenopolous_GB1_4.62_CTD_profile,RBRmaestro,0.37,99,14.29,139.25,NA,0.69,
Pearce/Xenopolous,GB1,4.62,CTD_profile,Pearce/Xenopolous_GB1_4.62_CTD_profile,RBRmaestro,0.37,99,14.29,139.94,NA,0.67,
Pearce/Xenopolous,GB1,4.62,CTD_profile,Pearce/Xenopolous_GB1_4.62_CTD_profile,RBRmaestro,0.37,98.8,14.27,139.85,NA,0.69,
Pearce/Xenopolous,GB1,4.62,CTD_profile,Pearce/Xenopolous_GB1_4.62_CTD_profile,RBRmaestro,0.37,98.8,14.27,139.81,NA,0.67,
Pearce/Xenopolous,GB1,4.62,CTD_profile,Pearce/Xenopolous_GB1_4.62_CTD_profile,RBRmaestro,0.37,98.8,14.27,139.73,NA,0.64,
Pearce/Xenopolous,GB1,4.62,CTD_profile,Pearce/Xenopolous_GB1_4.62_CTD_profile,RBRmaestro,0.37,98.8,14.27,139.53,NA,0.65,
Pearce/Xenopolous,GB1,4.62,CTD_profile,Pearce/Xenopolous_GB1_4.62_CTD_profile,RBRmaestro,0.37,98.8,14.27,138.82,NA,0.67,
Pearce/Xenopolous,GB1,4.62,CTD_profile,Pearce/Xenopolous_GB1_4.62_CTD_profile,RBRmaestro,0.37,98.8,14.27,139.34,NA,0.67,
Pearce/Xenopolous,GB1,4.62,CTD_profile,Pearce/Xenopolous_GB1_4.62_CTD_profile,RBRmaestro,0.37,98.8,14.27,139.34,NA,0.67,
Pearce/Xenopolous,GB1,4.62,CTD_profile,Pearce/Xenopolous_GB1_4.62_CTD_profile,RBRmaestro,0.37,98.8,14.27,139.34,NA,0.67,
Pearce/Xenopolous,GB1,4.62,CTD_profile,Pearce/Xenopolous_GB1_4.62_CTD_profile,RBRmaestro,0.37,99,14.29,139.56,NA,0.64,
Pearce/Xenopolous,GB1,4.62,CTD_profile,Pearce/Xenopolous_GB1_4.62_CTD_profile,RBRmaestro,0.37,99,14.29,139.55,NA,0.63,
Pearce/Xenopolous,GB1,4.62,CTD_profile,Pearce/Xenopolous_GB1_4.62_CTD_profile,RBRmaestro,0.37,99,14.29,139.44,NA,0.67,
Pearce/Xenopolous,GB1,4.63,CTD_profile,Pearce/Xenopolous_GB1_4.63_CTD_profile,RBRmaestro,0.37,99,14.29,139.23,NA,0.68,
Pearce/Xenopolous,GB1,4.65,CTD_profile,Pearce/Xenopolous_GB1_4.65_CTD_profile,RBRmaestro,0.37,99,14.29,138.64,NA,0.66,
Pearce/Xenopolous,GB1,4.67,CTD_profile,Pearce/Xenopolous_GB1_4.67_CTD_profile,RBRmaestro,0.38,99,14.29,139.08,NA,0.65,
Pearce/Xenopolous,GB1,4.67,CTD_profile,Pearce/Xenopolous_GB1_4.67_CTD_profile,RBRmaestro,0.37,99,14.29,139.7,NA,0.68,
Pearce/Xenopolous,GB1,4.67,CTD_profile,Pearce/Xenopolous_GB1_4.67_CTD_profile,RBRmaestro,0.37,99,14.29,139.91,NA,0.68,
Pearce/Xenopolous,GB1,4.67,CTD_profile,Pearce/Xenopolous_GB1_4.67_CTD_profile,RBRmaestro,0.37,98.5,14.22,139.95,NA,0.67,
Pearce/Xenopolous,GB1,4.67,CTD_profile,Pearce/Xenopolous_GB1_4.67_CTD_profile,RBRmaestro,0.37,98.5,14.22,138.33,NA,0.66,
Pearce/Xenopolous,GB1,4.67,CTD_profile,Pearce/Xenopolous_GB1_4.67_CTD_profile,RBRmaestro,0.37,98.5,14.22,139.43,NA,0.68,
Pearce/Xenopolous,GB1,4.67,CTD_profile,Pearce/Xenopolous_GB1_4.67_CTD_profile,RBRmaestro,0.37,98.5,14.22,139.25,NA,0.69,
Pearce/Xenopolous,GB1,4.67,CTD_profile,Pearce/Xenopolous_GB1_4.67_CTD_profile,RBRmaestro,0.37,98.5,14.22,139.36,NA,0.67,
Pearce/Xenopolous,GB1,4.67,CTD_profile,Pearce/Xenopolous_GB1_4.67_CTD_profile,RBRmaestro,0.37,98.5,14.22,138.8,NA,0.67,
Pearce/Xenopolous,GB1,4.67,CTD_profile,Pearce/Xenopolous_GB1_4.67_CTD_profile,RBRmaestro,0.37,98.5,14.22,139.53,NA,0.66,
Pearce/Xenopolous,GB1,4.67,CTD_profile,Pearce/Xenopolous_GB1_4.67_CTD_profile,RBRmaestro,0.37,98.5,14.22,139.63,NA,0.62,
Pearce/Xenopolous,GB1,4.67,CTD_profile,Pearce/Xenopolous_GB1_4.67_CTD_profile,RBRmaestro,0.37,98.4,14.2,138.67,NA,0.63,
Pearce/Xenopolous,GB1,4.67,CTD_profile,Pearce/Xenopolous_GB1_4.67_CTD_profile,RBRmaestro,0.37,98.4,14.2,138.9,NA,0.65,
Pearce/Xenopolous,GB1,4.67,CTD_profile,Pearce/Xenopolous_GB1_4.67_CTD_profile,RBRmaestro,0.37,98.4,14.2,139.68,NA,0.75,
Pearce/Xenopolous,GB1,4.67,CTD_profile,Pearce/Xenopolous_GB1_4.67_CTD_profile,RBRmaestro,0.37,98.4,14.2,140.84,NA,0.85,
Pearce/Xenopolous,GB1,4.67,CTD_profile,Pearce/Xenopolous_GB1_4.67_CTD_profile,RBRmaestro,0.37,98.4,14.2,139.46,NA,0.77,
Pearce/Xenopolous,GB1,4.67,CTD_profile,Pearce/Xenopolous_GB1_4.67_CTD_profile,RBRmaestro,0.37,98.4,14.2,140.28,NA,0.69,
Pearce/Xenopolous,GB1,4.68,CTD_profile,Pearce/Xenopolous_GB1_4.68_CTD_profile,RBRmaestro,0.37,98.4,14.2,139.29,NA,0.69,
Pearce/Xenopolous,GB1,4.7,CTD_profile,Pearce/Xenopolous_GB1_4.7_CTD_profile,RBRmaestro,0.37,98.4,14.2,140.53,NA,0.7,
Pearce/Xenopolous,GB1,4.72,CTD_profile,Pearce/Xenopolous_GB1_4.72_CTD_profile,RBRmaestro,0.37,98.3,14.17,138.3,NA,0.66,
Pearce/Xenopolous,GB1,4.74,CTD_profile,Pearce/Xenopolous_GB1_4.74_CTD_profile,RBRmaestro,0.37,98.3,14.17,139.61,NA,0.63,
Pearce/Xenopolous,GB1,4.77,CTD_profile,Pearce/Xenopolous_GB1_4.77_CTD_profile,RBRmaestro,0.38,98.3,14.17,140.07,NA,0.62,
Pearce/Xenopolous,GB1,4.79,CTD_profile,Pearce/Xenopolous_GB1_4.79_CTD_profile,RBRmaestro,0.38,98.3,14.17,140.43,NA,0.63,
Pearce/Xenopolous,GB1,4.8,CTD_profile,Pearce/Xenopolous_GB1_4.8_CTD_profile,RBRmaestro,0.37,98.3,14.17,139.08,NA,0.65,
Pearce/Xenopolous,GB1,4.82,CTD_profile,Pearce/Xenopolous_GB1_4.82_CTD_profile,RBRmaestro,0.37,98.3,14.17,139.31,NA,0.67,
Pearce/Xenopolous,GB1,4.83,CTD_profile,Pearce/Xenopolous_GB1_4.83_CTD_profile,RBRmaestro,0.37,98.3,14.17,139.79,NA,0.62,
Pearce/Xenopolous,GB1,4.84,CTD_profile,Pearce/Xenopolous_GB1_4.84_CTD_profile,RBRmaestro,0.37,98.3,14.17,139.65,NA,0.62,
Pearce/Xenopolous,GB1,4.84,CTD_profile,Pearce/Xenopolous_GB1_4.84_CTD_profile,RBRmaestro,0.37,98.4,14.2,139.37,NA,0.61,
Pearce/Xenopolous,GB1,4.84,CTD_profile,Pearce/Xenopolous_GB1_4.84_CTD_profile,RBRmaestro,0.37,98.4,14.2,139.33,NA,0.64,
Pearce/Xenopolous,GB1,4.85,CTD_profile,Pearce/Xenopolous_GB1_4.85_CTD_profile,RBRmaestro,0.38,98.4,14.2,139.89,NA,0.64,
Pearce/Xenopolous,GB1,4.86,CTD_profile,Pearce/Xenopolous_GB1_4.86_CTD_profile,RBRmaestro,0.38,98.4,14.2,138.37,NA,0.71,
Pearce/Xenopolous,GB1,4.87,CTD_profile,Pearce/Xenopolous_GB1_4.87_CTD_profile,RBRmaestro,0.38,98.4,14.2,139.87,NA,0.7,
Pearce/Xenopolous,GB1,4.88,CTD_profile,Pearce/Xenopolous_GB1_4.88_CTD_profile,RBRmaestro,0.38,98.4,14.2,139.51,NA,0.63,
Pearce/Xenopolous,GB1,4.9,CTD_profile,Pearce/Xenopolous_GB1_4.9_CTD_profile,RBRmaestro,0.37,98.4,14.2,140,NA,0.63,
Pearce/Xenopolous,GB1,4.91,CTD_profile,Pearce/Xenopolous_GB1_4.91_CTD_profile,RBRmaestro,0.37,98.4,14.2,139.45,NA,0.66,
Pearce/Xenopolous,GB1,4.93,CTD_profile,Pearce/Xenopolous_GB1_4.93_CTD_profile,RBRmaestro,0.37,98.4,14.2,139.85,NA,0.66,
Pearce/Xenopolous,GB1,4.94,CTD_profile,Pearce/Xenopolous_GB1_4.94_CTD_profile,RBRmaestro,0.37,98.4,14.2,139.33,NA,0.63,
Pearce/Xenopolous,GB1,4.96,CTD_profile,Pearce/Xenopolous_GB1_4.96_CTD_profile,RBRmaestro,0.37,98.4,14.2,140.17,NA,0.61,
Pearce/Xenopolous,GB1,4.98,CTD_profile,Pearce/Xenopolous_GB1_4.98_CTD_profile,RBRmaestro,0.37,98.4,14.2,138.96,NA,0.6,
Pearce/Xenopolous,GB1,5,CTD_profile,Pearce/Xenopolous_GB1_5_CTD_profile,RBRmaestro,0.37,98.4,14.2,140.85,NA,0.59,
Pearce/Xenopolous,GB1,5.02,CTD_profile,Pearce/Xenopolous_GB1_5.02_CTD_profile,RBRmaestro,0.37,98.4,14.2,140.1,NA,0.61,
Pearce/Xenopolous,GB1,5.03,CTD_profile,Pearce/Xenopolous_GB1_5.03_CTD_profile,RBRmaestro,0.37,98.4,14.2,140.04,NA,0.61,
Pearce/Xenopolous,GB1,5.04,CTD_profile,Pearce/Xenopolous_GB1_5.04_CTD_profile,RBRmaestro,0.37,98.4,14.2,140.45,NA,0.63,
Pearce/Xenopolous,GB1,5.04,CTD_profile,Pearce/Xenopolous_GB1_5.04_CTD_profile,RBRmaestro,0.38,98.4,14.21,139.98,NA,0.61,
Pearce/Xenopolous,GB1,5.04,CTD_profile,Pearce/Xenopolous_GB1_5.04_CTD_profile,RBRmaestro,0.38,98.4,14.21,139.52,NA,0.62,
Pearce/Xenopolous,GB1,5.04,CTD_profile,Pearce/Xenopolous_GB1_5.04_CTD_profile,RBRmaestro,0.38,98.4,14.21,139.98,NA,0.66,
Pearce/Xenopolous,GB1,5.04,CTD_profile,Pearce/Xenopolous_GB1_5.04_CTD_profile,RBRmaestro,0.38,98.4,14.21,139.79,NA,0.67,
Pearce/Xenopolous,GB1,5.04,CTD_profile,Pearce/Xenopolous_GB1_5.04_CTD_profile,RBRmaestro,0.38,98.4,14.21,140.36,NA,0.68,
Pearce/Xenopolous,GB1,5.04,CTD_profile,Pearce/Xenopolous_GB1_5.04_CTD_profile,RBRmaestro,0.38,98.4,14.21,140.15,NA,1,
Pearce/Xenopolous,GB1,5.04,CTD_profile,Pearce/Xenopolous_GB1_5.04_CTD_profile,RBRmaestro,0.38,98.4,14.21,139.58,NA,1.44,
Pearce/Xenopolous,GB1,5.04,CTD_profile,Pearce/Xenopolous_GB1_5.04_CTD_profile,RBRmaestro,0.38,98.4,14.21,140.16,NA,1.16,
Pearce/Xenopolous,GB1,5.04,CTD_profile,Pearce/Xenopolous_GB1_5.04_CTD_profile,RBRmaestro,0.38,98.5,14.21,140.17,NA,0.9,
Pearce/Xenopolous,GB1,5.04,CTD_profile,Pearce/Xenopolous_GB1_5.04_CTD_profile,RBRmaestro,0.38,98.5,14.21,139.65,NA,0.79,
Pearce/Xenopolous,GB1,5.04,CTD_profile,Pearce/Xenopolous_GB1_5.04_CTD_profile,RBRmaestro,0.38,98.5,14.21,140.21,NA,0.75,
Pearce/Xenopolous,GB1,5.04,CTD_profile,Pearce/Xenopolous_GB1_5.04_CTD_profile,RBRmaestro,0.38,98.5,14.21,139.76,NA,0.69,
Pearce/Xenopolous,GB1,5.04,CTD_profile,Pearce/Xenopolous_GB1_5.04_CTD_profile,RBRmaestro,0.38,98.5,14.21,140.18,NA,0.66,
Pearce/Xenopolous,GB1,5.04,CTD_profile,Pearce/Xenopolous_GB1_5.04_CTD_profile,RBRmaestro,0.38,98.5,14.21,139.13,NA,0.64,
Pearce/Xenopolous,GB1,5.05,CTD_profile,Pearce/Xenopolous_GB1_5.05_CTD_profile,RBRmaestro,0.38,98.5,14.21,139.09,NA,0.63,
Pearce/Xenopolous,GB1,5.07,CTD_profile,Pearce/Xenopolous_GB1_5.07_CTD_profile,RBRmaestro,0.38,98.5,14.21,139.59,NA,0.63,
Pearce/Xenopolous,GB1,5.1,CTD_profile,Pearce/Xenopolous_GB1_5.1_CTD_profile,RBRmaestro,0.38,98.7,14.24,140.76,NA,0.64,
Pearce/Xenopolous,GB1,5.15,CTD_profile,Pearce/Xenopolous_GB1_5.15_CTD_profile,RBRmaestro,0.38,98.7,14.24,139.93,NA,0.65,
Pearce/Xenopolous,GB1,5.18,CTD_profile,Pearce/Xenopolous_GB1_5.18_CTD_profile,RBRmaestro,0.38,98.7,14.24,141.02,NA,0.63,
Pearce/Xenopolous,GB1,5.21,CTD_profile,Pearce/Xenopolous_GB1_5.21_CTD_profile,RBRmaestro,0.38,98.7,14.24,141,NA,0.71,
Pearce/Xenopolous,GB1,5.24,CTD_profile,Pearce/Xenopolous_GB1_5.24_CTD_profile,RBRmaestro,0.38,98.7,14.24,141,NA,0.66,
Pearce/Xenopolous,GB1,5.26,CTD_profile,Pearce/Xenopolous_GB1_5.26_CTD_profile,RBRmaestro,0.38,98.7,14.24,140.16,NA,0.6,
Pearce/Xenopolous,GB1,5.28,CTD_profile,Pearce/Xenopolous_GB1_5.28_CTD_profile,RBRmaestro,0.38,98.7,14.24,141.22,NA,0.59,
Pearce/Xenopolous,GB1,5.29,CTD_profile,Pearce/Xenopolous_GB1_5.29_CTD_profile,RBRmaestro,0.39,98.7,14.24,142.21,NA,0.57,
Pearce/Xenopolous,GB1,5.29,CTD_profile,Pearce/Xenopolous_GB1_5.29_CTD_profile,RBRmaestro,0.39,98.8,14.25,140.18,NA,0.55,
Pearce/Xenopolous,GB1,5.29,CTD_profile,Pearce/Xenopolous_GB1_5.29_CTD_profile,RBRmaestro,0.39,98.8,14.25,140.68,NA,0.56,
Pearce/Xenopolous,GB1,5.29,CTD_profile,Pearce/Xenopolous_GB1_5.29_CTD_profile,RBRmaestro,0.38,98.8,14.25,140.88,NA,0.57,
Pearce/Xenopolous,GB1,5.29,CTD_profile,Pearce/Xenopolous_GB1_5.29_CTD_profile,RBRmaestro,0.39,98.8,14.25,141.39,NA,0.6,
Pearce/Xenopolous,GB1,5.29,CTD_profile,Pearce/Xenopolous_GB1_5.29_CTD_profile,RBRmaestro,0.39,98.8,14.25,140.76,NA,0.58,
Pearce/Xenopolous,GB1,5.29,CTD_profile,Pearce/Xenopolous_GB1_5.29_CTD_profile,RBRmaestro,0.39,98.8,14.25,141.01,NA,0.56,
Pearce/Xenopolous,GB1,5.29,CTD_profile,Pearce/Xenopolous_GB1_5.29_CTD_profile,RBRmaestro,0.39,98.8,14.25,140.74,NA,0.55,
Pearce/Xenopolous,GB1,5.29,CTD_profile,Pearce/Xenopolous_GB1_5.29_CTD_profile,RBRmaestro,0.39,98.8,14.25,141.75,NA,0.55,
Pearce/Xenopolous,GB1,5.29,CTD_profile,Pearce/Xenopolous_GB1_5.29_CTD_profile,RBRmaestro,0.39,98.5,14.2,140.29,NA,0.56,
Pearce/Xenopolous,GB1,5.29,CTD_profile,Pearce/Xenopolous_GB1_5.29_CTD_profile,RBRmaestro,0.39,98.5,14.2,140.05,NA,0.56,
Pearce/Xenopolous,GB1,5.29,CTD_profile,Pearce/Xenopolous_GB1_5.29_CTD_profile,RBRmaestro,0.39,98.5,14.2,140.42,NA,0.56,
Pearce/Xenopolous,GB1,5.29,CTD_profile,Pearce/Xenopolous_GB1_5.29_CTD_profile,RBRmaestro,0.39,98.5,14.2,141.51,NA,0.57,
Pearce/Xenopolous,GB1,5.29,CTD_profile,Pearce/Xenopolous_GB1_5.29_CTD_profile,RBRmaestro,0.39,98.5,14.2,141.14,NA,0.6,
Pearce/Xenopolous,GB1,5.29,CTD_profile,Pearce/Xenopolous_GB1_5.29_CTD_profile,RBRmaestro,0.39,98.5,14.2,141.24,NA,0.64,
Pearce/Xenopolous,GB1,5.29,CTD_profile,Pearce/Xenopolous_GB1_5.29_CTD_profile,RBRmaestro,0.39,98.5,14.2,140.81,NA,0.62,
Pearce/Xenopolous,GB1,5.3,CTD_profile,Pearce/Xenopolous_GB1_5.3_CTD_profile,RBRmaestro,0.39,98.5,14.2,140.43,NA,0.57,
Pearce/Xenopolous,GB1,5.32,CTD_profile,Pearce/Xenopolous_GB1_5.32_CTD_profile,RBRmaestro,0.39,98.3,14.18,141.3,NA,0.54,
Pearce/Xenopolous,GB1,5.35,CTD_profile,Pearce/Xenopolous_GB1_5.35_CTD_profile,RBRmaestro,0.39,98.3,14.18,140.92,NA,0.54,
Pearce/Xenopolous,GB1,5.37,CTD_profile,Pearce/Xenopolous_GB1_5.37_CTD_profile,RBRmaestro,0.39,98.3,14.18,139.73,NA,0.55,
Pearce/Xenopolous,GB1,5.38,CTD_profile,Pearce/Xenopolous_GB1_5.38_CTD_profile,RBRmaestro,0.39,98.3,14.18,140.81,NA,0.55,
Pearce/Xenopolous,GB1,5.4,CTD_profile,Pearce/Xenopolous_GB1_5.4_CTD_profile,RBRmaestro,0.39,98.3,14.18,140.1,NA,0.58,
Pearce/Xenopolous,GB1,5.43,CTD_profile,Pearce/Xenopolous_GB1_5.43_CTD_profile,RBRmaestro,0.39,98.3,14.18,140.78,NA,0.58,
Pearce/Xenopolous,GB1,5.45,CTD_profile,Pearce/Xenopolous_GB1_5.45_CTD_profile,RBRmaestro,0.39,98.3,14.18,140.59,NA,0.57,
Pearce/Xenopolous,GB1,5.46,CTD_profile,Pearce/Xenopolous_GB1_5.46_CTD_profile,RBRmaestro,0.39,98.3,14.18,140.95,NA,0.56,
Pearce/Xenopolous,GB1,5.47,CTD_profile,Pearce/Xenopolous_GB1_5.47_CTD_profile,RBRmaestro,0.39,98.1,14.15,140.35,NA,0.58,
Pearce/Xenopolous,GB1,5.48,CTD_profile,Pearce/Xenopolous_GB1_5.48_CTD_profile,RBRmaestro,0.39,98.1,14.16,139.73,NA,0.55,
Pearce/Xenopolous,GB1,5.5,CTD_profile,Pearce/Xenopolous_GB1_5.5_CTD_profile,RBRmaestro,0.39,98.1,14.15,141,NA,0.53,
Pearce/Xenopolous,GB1,5.5,CTD_profile,Pearce/Xenopolous_GB1_5.5_CTD_profile,RBRmaestro,0.39,98.1,14.15,142.76,NA,0.54,
Pearce/Xenopolous,GB1,5.52,CTD_profile,Pearce/Xenopolous_GB1_5.52_CTD_profile,RBRmaestro,0.39,98.1,14.15,141.08,NA,0.55,
Pearce/Xenopolous,GB1,5.53,CTD_profile,Pearce/Xenopolous_GB1_5.53_CTD_profile,RBRmaestro,0.39,98.1,14.15,140.3,NA,0.58,
Pearce/Xenopolous,GB1,5.55,CTD_profile,Pearce/Xenopolous_GB1_5.55_CTD_profile,RBRmaestro,0.39,98.1,14.15,140.41,NA,0.58,
Pearce/Xenopolous,GB1,5.56,CTD_profile,Pearce/Xenopolous_GB1_5.56_CTD_profile,RBRmaestro,0.39,98.1,14.15,141.4,NA,0.58,
Pearce/Xenopolous,GB1,5.58,CTD_profile,Pearce/Xenopolous_GB1_5.58_CTD_profile,RBRmaestro,0.4,98.1,14.15,139.81,NA,0.55,
Pearce/Xenopolous,GB1,5.59,CTD_profile,Pearce/Xenopolous_GB1_5.59_CTD_profile,RBRmaestro,0.4,98.1,14.15,140.52,NA,0.54,
Pearce/Xenopolous,GB1,5.6,CTD_profile,Pearce/Xenopolous_GB1_5.6_CTD_profile,RBRmaestro,0.4,98.1,14.15,140.14,NA,0.66,
Pearce/Xenopolous,GB1,5.61,CTD_profile,Pearce/Xenopolous_GB1_5.61_CTD_profile,RBRmaestro,0.4,98.1,14.15,141.43,NA,0.73,
Pearce/Xenopolous,GB1,5.62,CTD_profile,Pearce/Xenopolous_GB1_5.62_CTD_profile,RBRmaestro,0.4,98.1,14.15,140.41,NA,0.64,
Pearce/Xenopolous,GB1,5.64,CTD_profile,Pearce/Xenopolous_GB1_5.64_CTD_profile,RBRmaestro,0.4,98.1,14.15,140.23,NA,0.58,
Pearce/Xenopolous,GB1,5.67,CTD_profile,Pearce/Xenopolous_GB1_5.67_CTD_profile,RBRmaestro,0.4,98.1,14.15,141.05,NA,0.61,
Pearce/Xenopolous,GB1,5.7,CTD_profile,Pearce/Xenopolous_GB1_5.7_CTD_profile,RBRmaestro,0.41,98.1,14.15,140.86,NA,0.63,
Pearce/Xenopolous,GB1,5.72,CTD_profile,Pearce/Xenopolous_GB1_5.72_CTD_profile,RBRmaestro,0.41,98.1,14.15,140.89,NA,0.57,
Pearce/Xenopolous,GB1,5.73,CTD_profile,Pearce/Xenopolous_GB1_5.73_CTD_profile,RBRmaestro,0.41,98.1,14.15,143.27,NA,0.53,
Pearce/Xenopolous,GB1,5.75,CTD_profile,Pearce/Xenopolous_GB1_5.75_CTD_profile,RBRmaestro,0.41,98.1,14.15,141.46,NA,0.52,
Pearce/Xenopolous,GB1,5.77,CTD_profile,Pearce/Xenopolous_GB1_5.77_CTD_profile,RBRmaestro,0.41,98.1,14.15,142.14,NA,0.54,
Pearce/Xenopolous,GB1,5.78,CTD_profile,Pearce/Xenopolous_GB1_5.78_CTD_profile,RBRmaestro,0.41,98.1,14.15,141.89,NA,0.54,
Pearce/Xenopolous,GB1,5.79,CTD_profile,Pearce/Xenopolous_GB1_5.79_CTD_profile,RBRmaestro,0.41,98.1,14.15,140.45,NA,0.54,
Pearce/Xenopolous,GB1,5.81,CTD_profile,Pearce/Xenopolous_GB1_5.81_CTD_profile,RBRmaestro,0.41,98.1,14.15,141.4,NA,0.55,
Pearce/Xenopolous,GB1,5.83,CTD_profile,Pearce/Xenopolous_GB1_5.83_CTD_profile,RBRmaestro,0.41,98.1,14.15,142.54,NA,0.56,
Pearce/Xenopolous,GB1,5.84,CTD_profile,Pearce/Xenopolous_GB1_5.84_CTD_profile,RBRmaestro,0.42,98.5,14.2,140.86,NA,0.56,
Pearce/Xenopolous,GB1,5.86,CTD_profile,Pearce/Xenopolous_GB1_5.86_CTD_profile,RBRmaestro,0.42,98.5,14.2,141.75,NA,0.58,
Pearce/Xenopolous,GB1,5.87,CTD_profile,Pearce/Xenopolous_GB1_5.87_CTD_profile,RBRmaestro,0.42,98.5,14.2,142.09,NA,0.61,
Pearce/Xenopolous,GB1,5.88,CTD_profile,Pearce/Xenopolous_GB1_5.88_CTD_profile,RBRmaestro,0.42,98.5,14.2,141.01,NA,0.61,
Pearce/Xenopolous,GB1,5.89,CTD_profile,Pearce/Xenopolous_GB1_5.89_CTD_profile,RBRmaestro,0.42,98.5,14.2,141.29,NA,0.67,
Pearce/Xenopolous,GB1,5.91,CTD_profile,Pearce/Xenopolous_GB1_5.91_CTD_profile,RBRmaestro,0.42,98.5,14.2,140.77,NA,0.61,
Pearce/Xenopolous,GB1,5.93,CTD_profile,Pearce/Xenopolous_GB1_5.93_CTD_profile,RBRmaestro,0.42,98.5,14.2,142.3,NA,0.66,
Pearce/Xenopolous,GB1,5.95,CTD_profile,Pearce/Xenopolous_GB1_5.95_CTD_profile,RBRmaestro,0.42,98.5,14.2,140.99,NA,0.68,
Pearce/Xenopolous,GB1,5.96,CTD_profile,Pearce/Xenopolous_GB1_5.96_CTD_profile,RBRmaestro,0.42,98.3,14.18,141.5,NA,0.61,
Pearce/Xenopolous,GB1,5.98,CTD_profile,Pearce/Xenopolous_GB1_5.98_CTD_profile,RBRmaestro,0.42,98.3,14.18,140.64,NA,0.58,
Pearce/Xenopolous,GB1,6,CTD_profile,Pearce/Xenopolous_GB1_6_CTD_profile,RBRmaestro,0.42,98.3,14.18,143.04,NA,0.55,
Pearce/Xenopolous,GB1,6.02,CTD_profile,Pearce/Xenopolous_GB1_6.02_CTD_profile,RBRmaestro,0.42,98.3,14.18,141.78,NA,0.55,
Pearce/Xenopolous,GB1,6.03,CTD_profile,Pearce/Xenopolous_GB1_6.03_CTD_profile,RBRmaestro,0.42,98.3,14.18,141.05,NA,0.54,
Pearce/Xenopolous,GB1,6.05,CTD_profile,Pearce/Xenopolous_GB1_6.05_CTD_profile,RBRmaestro,0.42,98.3,14.18,142.06,NA,0.63,
Pearce/Xenopolous,GB1,6.06,CTD_profile,Pearce/Xenopolous_GB1_6.06_CTD_profile,RBRmaestro,0.42,98.3,14.18,144,NA,0.73,
Pearce/Xenopolous,GB1,6.07,CTD_profile,Pearce/Xenopolous_GB1_6.07_CTD_profile,RBRmaestro,0.42,98.3,14.18,141.84,NA,0.73,
Pearce/Xenopolous,GB1,6.08,CTD_profile,Pearce/Xenopolous_GB1_6.08_CTD_profile,RBRmaestro,0.43,98.6,14.21,142.73,NA,0.66,
Pearce/Xenopolous,GB1,6.09,CTD_profile,Pearce/Xenopolous_GB1_6.09_CTD_profile,RBRmaestro,0.43,98.6,14.21,142.39,NA,0.62,
Pearce/Xenopolous,GB1,6.12,CTD_profile,Pearce/Xenopolous_GB1_6.12_CTD_profile,RBRmaestro,0.43,98.6,14.21,142.58,NA,0.57,
Pearce/Xenopolous,GB1,6.14,CTD_profile,Pearce/Xenopolous_GB1_6.14_CTD_profile,RBRmaestro,0.43,98.6,14.21,142.68,NA,0.54,
Pearce/Xenopolous,GB1,6.15,CTD_profile,Pearce/Xenopolous_GB1_6.15_CTD_profile,RBRmaestro,0.43,98.6,14.21,142.56,NA,0.63,
Pearce/Xenopolous,GB1,6.17,CTD_profile,Pearce/Xenopolous_GB1_6.17_CTD_profile,RBRmaestro,0.43,98.6,14.21,142.54,NA,0.65,
Pearce/Xenopolous,GB1,6.19,CTD_profile,Pearce/Xenopolous_GB1_6.19_CTD_profile,RBRmaestro,0.43,98.6,14.21,142.18,NA,0.58,
Pearce/Xenopolous,GB1,6.21,CTD_profile,Pearce/Xenopolous_GB1_6.21_CTD_profile,RBRmaestro,0.43,98.6,14.21,142.9,NA,0.56,
Pearce/Xenopolous,GB1,6.22,CTD_profile,Pearce/Xenopolous_GB1_6.22_CTD_profile,RBRmaestro,0.43,98,14.12,142.53,NA,0.59,
Pearce/Xenopolous,GB1,6.24,CTD_profile,Pearce/Xenopolous_GB1_6.24_CTD_profile,RBRmaestro,0.43,98,14.12,142.84,NA,0.57,
Pearce/Xenopolous,GB1,6.25,CTD_profile,Pearce/Xenopolous_GB1_6.25_CTD_profile,RBRmaestro,0.43,98,14.12,142.97,NA,0.56,
Pearce/Xenopolous,GB1,6.25,CTD_profile,Pearce/Xenopolous_GB1_6.25_CTD_profile,RBRmaestro,0.43,98,14.12,143.53,NA,0.58,
Pearce/Xenopolous,GB1,6.26,CTD_profile,Pearce/Xenopolous_GB1_6.26_CTD_profile,RBRmaestro,0.43,98,14.12,142.92,NA,0.58,
Pearce/Xenopolous,GB1,6.27,CTD_profile,Pearce/Xenopolous_GB1_6.27_CTD_profile,RBRmaestro,0.43,98,14.12,143.37,NA,0.57,
Pearce/Xenopolous,GB1,6.28,CTD_profile,Pearce/Xenopolous_GB1_6.28_CTD_profile,RBRmaestro,0.43,98,14.12,143.54,NA,0.57,
Pearce/Xenopolous,GB1,6.3,CTD_profile,Pearce/Xenopolous_GB1_6.3_CTD_profile,RBRmaestro,0.44,98,14.12,143.59,NA,0.56,
Pearce/Xenopolous,GB1,6.32,CTD_profile,Pearce/Xenopolous_GB1_6.32_CTD_profile,RBRmaestro,0.44,98.2,14.15,144.1,NA,0.54,
Pearce/Xenopolous,GB1,6.34,CTD_profile,Pearce/Xenopolous_GB1_6.34_CTD_profile,RBRmaestro,0.44,98.2,14.15,143.97,NA,0.52,
Pearce/Xenopolous,GB1,6.37,CTD_profile,Pearce/Xenopolous_GB1_6.37_CTD_profile,RBRmaestro,0.45,98.2,14.15,143.61,NA,0.53,
Pearce/Xenopolous,GB1,6.4,CTD_profile,Pearce/Xenopolous_GB1_6.4_CTD_profile,RBRmaestro,0.45,98.2,14.15,143.43,NA,0.54,
Pearce/Xenopolous,GB1,6.42,CTD_profile,Pearce/Xenopolous_GB1_6.42_CTD_profile,RBRmaestro,0.45,98.2,14.15,142.47,NA,0.53,
Pearce/Xenopolous,GB1,6.43,CTD_profile,Pearce/Xenopolous_GB1_6.43_CTD_profile,RBRmaestro,0.46,98.2,14.15,142.92,NA,0.56,
Pearce/Xenopolous,GB1,6.45,CTD_profile,Pearce/Xenopolous_GB1_6.45_CTD_profile,RBRmaestro,0.46,98.2,14.15,143.41,NA,0.54,
Pearce/Xenopolous,GB1,6.46,CTD_profile,Pearce/Xenopolous_GB1_6.46_CTD_profile,RBRmaestro,0.46,98.2,14.15,142.73,NA,0.56,
Pearce/Xenopolous,GB1,6.47,CTD_profile,Pearce/Xenopolous_GB1_6.47_CTD_profile,RBRmaestro,0.46,97.8,14.09,142.89,NA,0.54,
Pearce/Xenopolous,GB1,6.47,CTD_profile,Pearce/Xenopolous_GB1_6.47_CTD_profile,RBRmaestro,0.46,97.8,14.09,141.3,NA,0.56,
Pearce/Xenopolous,GB1,6.48,CTD_profile,Pearce/Xenopolous_GB1_6.48_CTD_profile,RBRmaestro,0.46,97.8,14.09,143.77,NA,0.53,
Pearce/Xenopolous,GB1,6.49,CTD_profile,Pearce/Xenopolous_GB1_6.49_CTD_profile,RBRmaestro,0.46,97.8,14.09,143.58,NA,0.52,
Pearce/Xenopolous,GB1,6.51,CTD_profile,Pearce/Xenopolous_GB1_6.51_CTD_profile,RBRmaestro,0.47,97.8,14.09,144.35,NA,0.5,
Pearce/Xenopolous,GB1,6.53,CTD_profile,Pearce/Xenopolous_GB1_6.53_CTD_profile,RBRmaestro,0.47,97.8,14.09,143.22,NA,0.52,
Pearce/Xenopolous,GB1,6.55,CTD_profile,Pearce/Xenopolous_GB1_6.55_CTD_profile,RBRmaestro,0.48,97.8,14.09,142.94,NA,0.56,
Pearce/Xenopolous,GB1,6.57,CTD_profile,Pearce/Xenopolous_GB1_6.57_CTD_profile,RBRmaestro,0.48,97.8,14.09,142.94,NA,0.58,
Pearce/Xenopolous,GB1,6.6,CTD_profile,Pearce/Xenopolous_GB1_6.6_CTD_profile,RBRmaestro,0.49,97.6,14.06,142.55,NA,0.58,
Pearce/Xenopolous,GB1,6.62,CTD_profile,Pearce/Xenopolous_GB1_6.62_CTD_profile,RBRmaestro,0.49,97.6,14.06,142.25,NA,0.57,
Pearce/Xenopolous,GB1,6.64,CTD_profile,Pearce/Xenopolous_GB1_6.64_CTD_profile,RBRmaestro,0.5,97.6,14.06,143.41,NA,0.58,
Pearce/Xenopolous,GB1,6.65,CTD_profile,Pearce/Xenopolous_GB1_6.65_CTD_profile,RBRmaestro,0.5,97.6,14.06,142.91,NA,0.57,
Pearce/Xenopolous,GB1,6.66,CTD_profile,Pearce/Xenopolous_GB1_6.66_CTD_profile,RBRmaestro,0.5,97.6,14.06,142.7,NA,0.6,
Pearce/Xenopolous,GB1,6.66,CTD_profile,Pearce/Xenopolous_GB1_6.66_CTD_profile,RBRmaestro,0.5,97.6,14.06,143.32,NA,0.58,
Pearce/Xenopolous,GB1,6.66,CTD_profile,Pearce/Xenopolous_GB1_6.66_CTD_profile,RBRmaestro,0.5,97.6,14.06,142.33,NA,0.56,
Pearce/Xenopolous,GB1,6.68,CTD_profile,Pearce/Xenopolous_GB1_6.68_CTD_profile,RBRmaestro,0.5,97.6,14.06,141.97,NA,0.57,
Pearce/Xenopolous,GB1,6.7,CTD_profile,Pearce/Xenopolous_GB1_6.7_CTD_profile,RBRmaestro,0.51,97.5,14.05,142.96,NA,0.58,
Pearce/Xenopolous,GB1,6.72,CTD_profile,Pearce/Xenopolous_GB1_6.72_CTD_profile,RBRmaestro,0.51,97.5,14.05,142.14,NA,0.55,
Pearce/Xenopolous,GB1,6.75,CTD_profile,Pearce/Xenopolous_GB1_6.75_CTD_profile,RBRmaestro,0.52,97.5,14.05,142.68,NA,0.57,
Pearce/Xenopolous,GB1,6.78,CTD_profile,Pearce/Xenopolous_GB1_6.78_CTD_profile,RBRmaestro,0.52,97.5,14.05,142.56,NA,0.57,
Pearce/Xenopolous,GB1,6.81,CTD_profile,Pearce/Xenopolous_GB1_6.81_CTD_profile,RBRmaestro,0.53,97.5,14.05,142.44,NA,0.61,
Pearce/Xenopolous,GB1,6.83,CTD_profile,Pearce/Xenopolous_GB1_6.83_CTD_profile,RBRmaestro,0.54,97.5,14.05,142.93,NA,0.67,
Pearce/Xenopolous,GB1,6.84,CTD_profile,Pearce/Xenopolous_GB1_6.84_CTD_profile,RBRmaestro,0.54,97.5,14.05,142.05,NA,0.61,
Pearce/Xenopolous,GB1,6.84,CTD_profile,Pearce/Xenopolous_GB1_6.84_CTD_profile,RBRmaestro,0.54,97.7,14.07,141.89,NA,0.6,
Pearce/Xenopolous,GB1,6.85,CTD_profile,Pearce/Xenopolous_GB1_6.85_CTD_profile,RBRmaestro,0.55,97.5,14.05,141.99,NA,0.59,
Pearce/Xenopolous,GB1,6.85,CTD_profile,Pearce/Xenopolous_GB1_6.85_CTD_profile,RBRmaestro,0.54,97.7,14.07,143.02,NA,0.59,
Pearce/Xenopolous,GB1,6.86,CTD_profile,Pearce/Xenopolous_GB1_6.86_CTD_profile,RBRmaestro,0.53,97.7,14.07,142.59,NA,0.6,
Pearce/Xenopolous,GB1,6.88,CTD_profile,Pearce/Xenopolous_GB1_6.88_CTD_profile,RBRmaestro,0.54,97.7,14.07,142.92,NA,0.59,
Pearce/Xenopolous,GB1,6.9,CTD_profile,Pearce/Xenopolous_GB1_6.9_CTD_profile,RBRmaestro,0.55,97.7,14.07,142.87,NA,0.66,
Pearce/Xenopolous,GB1,6.92,CTD_profile,Pearce/Xenopolous_GB1_6.92_CTD_profile,RBRmaestro,0.57,97.7,14.07,143.38,NA,0.68,
Pearce/Xenopolous,GB1,6.94,CTD_profile,Pearce/Xenopolous_GB1_6.94_CTD_profile,RBRmaestro,0.58,97.7,14.07,142.32,NA,0.63,
Pearce/Xenopolous,GB1,6.97,CTD_profile,Pearce/Xenopolous_GB1_6.97_CTD_profile,RBRmaestro,0.6,97.7,14.07,142.88,NA,0.6,
Pearce/Xenopolous,GB1,6.99,CTD_profile,Pearce/Xenopolous_GB1_6.99_CTD_profile,RBRmaestro,0.62,97.5,14.03,142.89,NA,0.59,
Pearce/Xenopolous,GB1,7,CTD_profile,Pearce/Xenopolous_GB1_7_CTD_profile,RBRmaestro,0.63,97.5,14.03,141.75,NA,0.61,
Pearce/Xenopolous,GB1,7.01,CTD_profile,Pearce/Xenopolous_GB1_7.01_CTD_profile,RBRmaestro,0.63,97.5,14.03,142.37,NA,0.61,
Pearce/Xenopolous,GB1,7.01,CTD_profile,Pearce/Xenopolous_GB1_7.01_CTD_profile,RBRmaestro,0.63,97.5,14.03,142.86,NA,0.61,
Pearce/Xenopolous,GB1,7.02,CTD_profile,Pearce/Xenopolous_GB1_7.02_CTD_profile,RBRmaestro,0.63,97.5,14.03,142.71,NA,0.62,
Pearce/Xenopolous,GB1,7.03,CTD_profile,Pearce/Xenopolous_GB1_7.03_CTD_profile,RBRmaestro,0.64,97.5,14.03,142.26,NA,0.62,
Pearce/Xenopolous,GB1,7.04,CTD_profile,Pearce/Xenopolous_GB1_7.04_CTD_profile,RBRmaestro,0.66,97.5,14.03,142.8,NA,0.6,
Pearce/Xenopolous,GB1,7.06,CTD_profile,Pearce/Xenopolous_GB1_7.06_CTD_profile,RBRmaestro,0.69,97.5,14.03,141.8,NA,0.59,
Pearce/Xenopolous,GB1,7.07,CTD_profile,Pearce/Xenopolous_GB1_7.07_CTD_profile,RBRmaestro,0.74,97.1,13.97,143.57,NA,0.6,
Pearce/Xenopolous,GB1,7.09,CTD_profile,Pearce/Xenopolous_GB1_7.09_CTD_profile,RBRmaestro,0.78,97.1,13.97,143.29,NA,0.6,
Pearce/Xenopolous,GB1,7.12,CTD_profile,Pearce/Xenopolous_GB1_7.12_CTD_profile,RBRmaestro,0.86,97.1,13.97,144.13,NA,0.58,
Pearce/Xenopolous,GB1,7.15,CTD_profile,Pearce/Xenopolous_GB1_7.15_CTD_profile,RBRmaestro,0.95,97.1,13.97,143.88,NA,0.6,
Pearce/Xenopolous,GB1,7.18,CTD_profile,Pearce/Xenopolous_GB1_7.18_CTD_profile,RBRmaestro,1.06,97.1,13.97,142.72,NA,0.58,
Pearce/Xenopolous,GB1,7.2,CTD_profile,Pearce/Xenopolous_GB1_7.2_CTD_profile,RBRmaestro,1.17,97.1,13.97,144.11,NA,0.6,
Pearce/Xenopolous,GB1,7.2,CTD_profile,Pearce/Xenopolous_GB1_7.2_CTD_profile,RBRmaestro,1.25,97.1,13.97,143.37,NA,0.65,
Pearce/Xenopolous,GB1,7.2,CTD_profile,Pearce/Xenopolous_GB1_7.2_CTD_profile,RBRmaestro,1.17,97,13.95,144.07,NA,0.59,
Pearce/Xenopolous,GB1,7.2,CTD_profile,Pearce/Xenopolous_GB1_7.2_CTD_profile,RBRmaestro,1.18,97,13.95,143.63,NA,0.61,
Pearce/Xenopolous,GB1,7.2,CTD_profile,Pearce/Xenopolous_GB1_7.2_CTD_profile,RBRmaestro,1.22,97,13.95,144.02,NA,0.65,
Pearce/Xenopolous,GB1,7.21,CTD_profile,Pearce/Xenopolous_GB1_7.21_CTD_profile,RBRmaestro,1.26,97.1,13.97,144.77,NA,0.65,
Pearce/Xenopolous,GB1,7.21,CTD_profile,Pearce/Xenopolous_GB1_7.21_CTD_profile,RBRmaestro,1.19,97,13.95,143.43,NA,0.6,
Pearce/Xenopolous,GB1,7.21,CTD_profile,Pearce/Xenopolous_GB1_7.21_CTD_profile,RBRmaestro,1.19,97,13.95,143.16,NA,0.63,
Pearce/Xenopolous,GB1,7.22,CTD_profile,Pearce/Xenopolous_GB1_7.22_CTD_profile,RBRmaestro,1.15,97,13.95,143.53,NA,0.62,
Pearce/Xenopolous,GB1,7.22,CTD_profile,Pearce/Xenopolous_GB1_7.22_CTD_profile,RBRmaestro,1.11,97,13.95,143.7,NA,0.59,
Pearce/Xenopolous,GB1,7.22,CTD_profile,Pearce/Xenopolous_GB1_7.22_CTD_profile,RBRmaestro,1.1,97,13.95,143.98,NA,0.62,
Pearce/Xenopolous,GB1,7.22,CTD_profile,Pearce/Xenopolous_GB1_7.22_CTD_profile,RBRmaestro,1.09,97.6,14.02,143.98,NA,0.61,
Pearce/Xenopolous,GB1,7.22,CTD_profile,Pearce/Xenopolous_GB1_7.22_CTD_profile,RBRmaestro,1.07,97.6,14.02,144.11,NA,0.63,
Pearce/Xenopolous,GB1,7.22,CTD_profile,Pearce/Xenopolous_GB1_7.22_CTD_profile,RBRmaestro,1.08,97.6,14.02,143.11,NA,0.6,
Pearce/Xenopolous,GB1,7.23,CTD_profile,Pearce/Xenopolous_GB1_7.23_CTD_profile,RBRmaestro,1.1,97.6,14.02,145.4,NA,0.61,
Pearce/Xenopolous,GB1,7.23,CTD_profile,Pearce/Xenopolous_GB1_7.23_CTD_profile,RBRmaestro,1.08,97.6,14.02,143.22,NA,0.61,
Pearce/Xenopolous,GB1,7.23,CTD_profile,Pearce/Xenopolous_GB1_7.23_CTD_profile,RBRmaestro,1.06,97.6,14.02,143.39,NA,0.64,
Pearce/Xenopolous,GB1,7.24,CTD_profile,Pearce/Xenopolous_GB1_7.24_CTD_profile,RBRmaestro,1.06,97.6,14.02,143.38,NA,0.63,
Pearce/Xenopolous,GB1,7.24,CTD_profile,Pearce/Xenopolous_GB1_7.24_CTD_profile,RBRmaestro,1.07,97.6,14.02,143.98,NA,0.62,
Pearce/Xenopolous,GB1,7.25,CTD_profile,Pearce/Xenopolous_GB1_7.25_CTD_profile,RBRmaestro,1.06,97.8,14.04,144.41,NA,0.63,
Pearce/Xenopolous,GB1,7.25,CTD_profile,Pearce/Xenopolous_GB1_7.25_CTD_profile,RBRmaestro,1.07,97.8,14.04,143.5,NA,0.65,
Uzarski,Eagle_Bay_Saginaw_Bay,0.25,CTD_profile,Uzarski_Eagle_Bay_Saginaw_Bay_0.25_CTD_profile,YSI_6600,0.49,93.2,13.42,205,250,4.9,
Uzarski,Eagle_Bay_Saginaw_Bay,0.5,CTD_profile,Uzarski_Eagle_Bay_Saginaw_Bay_0.5_CTD_profile,YSI_6600,1.4,94.7,13.28,218,260,4.8,
Uzarski,Eagle_Bay_Saginaw_Bay,0.75,CTD_profile,Uzarski_Eagle_Bay_Saginaw_Bay_0.75_CTD_profile,YSI_6600,2.33,86.9,11.9,246,283,12.5,
Uzarski,Pinconning_Park_Saginaw_Bay,0.25,CTD_profile,Uzarski_Pinconning_Park_Saginaw_Bay_0.25_CTD_profile,YSI_6600,0.78,122,17.49,229,279,0.6,
Uzarski,Pinconning_Park_Saginaw_Bay,0.5,CTD_profile,Uzarski_Pinconning_Park_Saginaw_Bay_0.5_CTD_profile,YSI_6600,1.33,127.1,18.06,229,272,1.1,
Uzarski,Pinconning_Park_Saginaw_Bay,0.75,CTD_profile,Uzarski_Pinconning_Park_Saginaw_Bay_0.75_CTD_profile,YSI_6600,1.99,131.4,18.6,229,267,1.2,
Uzarski,Pinconning_Park_Saginaw_Bay,1,CTD_profile,Uzarski_Pinconning_Park_Saginaw_Bay_1_CTD_profile,YSI_6600,2.69,133.3,17.98,244,278,2.6,
Uzarski,Pinconning_Park_Saginaw_Bay,1.25,CTD_profile,Uzarski_Pinconning_Park_Saginaw_Bay_1.25_CTD_profile,YSI_6600,3.04,133.9,17.92,271,304,3.2,
Uzarski,Vanderbilt_Park_Saginaw_Bay,0.25,CTD_profile,Uzarski_Vanderbilt_Park_Saginaw_Bay_0.25_CTD_profile,YSI_6600,0.36,124.3,17.96,254,308,2.4,
Uzarski,Vanderbilt_Park_Saginaw_Bay,0.5,CTD_profile,Uzarski_Vanderbilt_Park_Saginaw_Bay_0.5_CTD_profile,YSI_6600,0.66,129.4,18.56,250,305,2.3,
Uzarski,Vanderbilt_Park_Saginaw_Bay,0.75,CTD_profile,Uzarski_Vanderbilt_Park_Saginaw_Bay_0.75_CTD_profile,YSI_6600,1.5,133,18.58,250,297,3.8,
Uzarski,Vanderbilt_Park_Saginaw_Bay,1,CTD_profile,Uzarski_Vanderbilt_Park_Saginaw_Bay_1_CTD_profile,YSI_6600,2.45,135.3,18.52,251,288,4.5,
Uzarski,Vanderbilt_Park_Saginaw_Bay,1.25,CTD_profile,Uzarski_Vanderbilt_Park_Saginaw_Bay_1.25_CTD_profile,YSI_6600,3.1,135.3,18.13,254,284,5.5,
Uzarski,Vanderbilt_Park_Saginaw_Bay,1.5,CTD_profile,Uzarski_Vanderbilt_Park_Saginaw_Bay_1.5_CTD_profile,YSI_6600,3.23,139.4,18.54,256,285,4.7,
Uzarski,Vanderbilt_Park_Saginaw_Bay,1.75,CTD_profile,Uzarski_Vanderbilt_Park_Saginaw_Bay_1.75_CTD_profile,YSI_6600,3.31,155.2,20.65,261,289,2.5,
Uzarski,Vanderbilt_Park_Saginaw_Bay,2,CTD_profile,Uzarski_Vanderbilt_Park_Saginaw_Bay_2_CTD_profile,YSI_6600,3.34,158.7,21.18,262,290,2.3,
Uzarski,Vanderbilt_Park_Saginaw_Bay,2.25,CTD_profile,Uzarski_Vanderbilt_Park_Saginaw_Bay_2.25_CTD_profile,YSI_6600,3.38,160.4,21.31,262,290,2,
Vanderploeg,WE6,0.1,CTD_profile,Vanderploeg_WE6_0.1_CTD_profile,Sea-Bird_E19plus,0.23,NA,NA,402.82,NA,-0.12,
Vanderploeg,WE6,0.2,CTD_profile,Vanderploeg_WE6_0.2_CTD_profile,Sea-Bird_E19plus,0.44,NA,NA,397.78,NA,-0.08,
Vanderploeg,WE6,0.3,CTD_profile,Vanderploeg_WE6_0.3_CTD_profile,Sea-Bird_E19plus,0.44,NA,NA,394.95,NA,-0.08,
Vanderploeg,WE6,0.4,CTD_profile,Vanderploeg_WE6_0.4_CTD_profile,Sea-Bird_E19plus,0.46,NA,NA,391.09,NA,-0.04,
Vanderploeg,WE6,0.5,CTD_profile,Vanderploeg_WE6_0.5_CTD_profile,Sea-Bird_E19plus,0.44,NA,NA,385.97,NA,0,
Vanderploeg,WE6,0.6,CTD_profile,Vanderploeg_WE6_0.6_CTD_profile,Sea-Bird_E19plus,0.67,NA,NA,406.44,NA,0.12,
Vanderploeg,WE6,0.7,CTD_profile,Vanderploeg_WE6_0.7_CTD_profile,Sea-Bird_E19plus,0.66,NA,NA,423.46,NA,0.22,
Vanderploeg,WE6,0.8,CTD_profile,Vanderploeg_WE6_0.8_CTD_profile,Sea-Bird_E19plus,0.88,NA,NA,442.19,NA,0.38,
Vanderploeg,WE6,0.9,CTD_profile,Vanderploeg_WE6_0.9_CTD_profile,Sea-Bird_E19plus,1.03,NA,NA,445.09,NA,0.54,
Vanderploeg,WE6,1,CTD_profile,Vanderploeg_WE6_1_CTD_profile,Sea-Bird_E19plus,1.19,NA,NA,447.22,NA,0.57,
Vanderploeg,WE6,1.1,CTD_profile,Vanderploeg_WE6_1.1_CTD_profile,Sea-Bird_E19plus,1.43,NA,NA,444.61,NA,0.67,
Vanderploeg,WE6,1.2,CTD_profile,Vanderploeg_WE6_1.2_CTD_profile,Sea-Bird_E19plus,1.61,NA,NA,443.01,NA,0.9,
Vanderploeg,WE6,1.3,CTD_profile,Vanderploeg_WE6_1.3_CTD_profile,Sea-Bird_E19plus,1.73,NA,NA,444.85,NA,1.09,
Vanderploeg,WE6,1.4,CTD_profile,Vanderploeg_WE6_1.4_CTD_profile,Sea-Bird_E19plus,1.94,NA,NA,460.61,NA,0.99,
Vanderploeg,WE6,1.5,CTD_profile,Vanderploeg_WE6_1.5_CTD_profile,Sea-Bird_E19plus,2.21,NA,NA,497.77,NA,0.73,
Vanderploeg,WE6,1.6,CTD_profile,Vanderploeg_WE6_1.6_CTD_profile,Sea-Bird_E19plus,2.26,NA,NA,548.29,NA,0.75,
Vanderploeg,WE6,1.7,CTD_profile,Vanderploeg_WE6_1.7_CTD_profile,Sea-Bird_E19plus,2.4,NA,NA,606,NA,1.07,
Vanderploeg,WE6,1.8,CTD_profile,Vanderploeg_WE6_1.8_CTD_profile,Sea-Bird_E19plus,2.46,NA,NA,651.08,NA,1.4,
Vanderploeg,WE6,1.9,CTD_profile,Vanderploeg_WE6_1.9_CTD_profile,Sea-Bird_E19plus,2.45,NA,NA,696.69,NA,1.39,
Vanderploeg,WE6,2,CTD_profile,Vanderploeg_WE6_2_CTD_profile,Sea-Bird_E19plus,2.47,NA,NA,715.38,NA,1.06,
Vanderploeg,WE6,2.1,CTD_profile,Vanderploeg_WE6_2.1_CTD_profile,Sea-Bird_E19plus,2.48,NA,NA,719.8,NA,0.34,
Vanderploeg,WE6,2.2,CTD_profile,Vanderploeg_WE6_2.2_CTD_profile,Sea-Bird_E19plus,2.48,NA,NA,725.1,NA,0.48,
Vanderploeg,WE6,2.3,CTD_profile,Vanderploeg_WE6_2.3_CTD_profile,Sea-Bird_E19plus,2.49,NA,NA,728.51,NA,0.45,
Vanderploeg,WE6,2.4,CTD_profile,Vanderploeg_WE6_2.4_CTD_profile,Sea-Bird_E19plus,2.51,NA,NA,731.23,NA,0.45,
Vanderploeg,WE6,2.5,CTD_profile,Vanderploeg_WE6_2.5_CTD_profile,Sea-Bird_E19plus,2.52,NA,NA,731.05,NA,0.41,
Vanderploeg,WE6,2.6,CTD_profile,Vanderploeg_WE6_2.6_CTD_profile,Sea-Bird_E19plus,2.53,NA,NA,730.83,NA,0.35,
Vick-Majors,Keweenaw_Waterway_KW,0.21,CTD_profile,Vick-Majors_Keweenaw_Waterway_KW_0.21_CTD_profile,Aqua_TROLL_500,-0.31,132.5,19.34,32.39,NA,NA,
Vick-Majors,Keweenaw_Waterway_KW,0.23,CTD_profile,Vick-Majors_Keweenaw_Waterway_KW_0.23_CTD_profile,Aqua_TROLL_500,-0.28,132.3,19.3,31.01,NA,NA,
Vick-Majors,Keweenaw_Waterway_KW,0.25,CTD_profile,Vick-Majors_Keweenaw_Waterway_KW_0.25_CTD_profile,Aqua_TROLL_500,-0.26,132.3,19.27,30.51,NA,NA,
Vick-Majors,Keweenaw_Waterway_KW,0.25,CTD_profile,Vick-Majors_Keweenaw_Waterway_KW_0.25_CTD_profile,Aqua_TROLL_500,-0.26,132.3,19.27,30.41,NA,NA,
Vick-Majors,Keweenaw_Waterway_KW,0.25,CTD_profile,Vick-Majors_Keweenaw_Waterway_KW_0.25_CTD_profile,Aqua_TROLL_500,-0.23,132.3,19.27,29.69,NA,NA,
Vick-Majors,Keweenaw_Waterway_KW,0.28,CTD_profile,Vick-Majors_Keweenaw_Waterway_KW_0.28_CTD_profile,Aqua_TROLL_500,-0.21,132.1,19.23,30.02,NA,NA,
Vick-Majors,Keweenaw_Waterway_KW,0.28,CTD_profile,Vick-Majors_Keweenaw_Waterway_KW_0.28_CTD_profile,Aqua_TROLL_500,-0.21,132.1,19.22,30.03,NA,NA,
Vick-Majors,Keweenaw_Waterway_KW,0.3,CTD_profile,Vick-Majors_Keweenaw_Waterway_KW_0.3_CTD_profile,Aqua_TROLL_500,-0.2,132,19.21,28.85,NA,NA,
Vick-Majors,Keweenaw_Waterway_KW,0.31,CTD_profile,Vick-Majors_Keweenaw_Waterway_KW_0.31_CTD_profile,Aqua_TROLL_500,-0.18,131.9,19.18,28.37,NA,NA,
Vick-Majors,Keweenaw_Waterway_KW,0.31,CTD_profile,Vick-Majors_Keweenaw_Waterway_KW_0.31_CTD_profile,Aqua_TROLL_500,-0.18,131.9,19.18,28.27,NA,NA,
Vick-Majors,Keweenaw_Waterway_KW,0.33,CTD_profile,Vick-Majors_Keweenaw_Waterway_KW_0.33_CTD_profile,Aqua_TROLL_500,-0.17,131.9,19.18,28.31,NA,NA,
Vick-Majors,Keweenaw_Waterway_KW,0.33,CTD_profile,Vick-Majors_Keweenaw_Waterway_KW_0.33_CTD_profile,Aqua_TROLL_500,-0.15,131.7,19.13,27.4,NA,NA,
Vick-Majors,Keweenaw_Waterway_KW,0.33,CTD_profile,Vick-Majors_Keweenaw_Waterway_KW_0.33_CTD_profile,Aqua_TROLL_500,-0.15,131.7,19.13,27.3,NA,NA,
Vick-Majors,Keweenaw_Waterway_KW,0.39,CTD_profile,Vick-Majors_Keweenaw_Waterway_KW_0.39_CTD_profile,Aqua_TROLL_500,-0.15,131.8,19.15,26.77,NA,NA,
Vick-Majors,Keweenaw_Waterway_KW,0.46,CTD_profile,Vick-Majors_Keweenaw_Waterway_KW_0.46_CTD_profile,Aqua_TROLL_500,-0.13,131.6,19.11,23.02,NA,NA,
Vick-Majors,Keweenaw_Waterway_KW,0.47,CTD_profile,Vick-Majors_Keweenaw_Waterway_KW_0.47_CTD_profile,Aqua_TROLL_500,-0.13,131.6,19.11,22.59,NA,NA,
Vick-Majors,Keweenaw_Waterway_KW,0.55,CTD_profile,Vick-Majors_Keweenaw_Waterway_KW_0.55_CTD_profile,Aqua_TROLL_500,-0.12,131.6,19.11,38.88,NA,NA,
Vick-Majors,Keweenaw_Waterway_KW,0.58,CTD_profile,Vick-Majors_Keweenaw_Waterway_KW_0.58_CTD_profile,Aqua_TROLL_500,-0.11,131.5,19.09,25.55,NA,NA,
Vick-Majors,Keweenaw_Waterway_KW,0.59,CTD_profile,Vick-Majors_Keweenaw_Waterway_KW_0.59_CTD_profile,Aqua_TROLL_500,-0.11,131.5,19.09,24.67,NA,NA,
Vick-Majors,Keweenaw_Waterway_KW,0.67,CTD_profile,Vick-Majors_Keweenaw_Waterway_KW_0.67_CTD_profile,Aqua_TROLL_500,-0.1,131.4,19.07,22.02,NA,NA,
Vick-Majors,Keweenaw_Waterway_KW,0.75,CTD_profile,Vick-Majors_Keweenaw_Waterway_KW_0.75_CTD_profile,Aqua_TROLL_500,-0.09,131.3,19.05,24.99,NA,NA,
Vick-Majors,Keweenaw_Waterway_KW,0.77,CTD_profile,Vick-Majors_Keweenaw_Waterway_KW_0.77_CTD_profile,Aqua_TROLL_500,-0.09,131.3,19.05,25.28,NA,NA,
Vick-Majors,Keweenaw_Waterway_KW,0.9,CTD_profile,Vick-Majors_Keweenaw_Waterway_KW_0.9_CTD_profile,Aqua_TROLL_500,-0.08,131.1,19.01,31.33,NA,NA,
Vick-Majors,Keweenaw_Waterway_KW,0.96,CTD_profile,Vick-Majors_Keweenaw_Waterway_KW_0.96_CTD_profile,Aqua_TROLL_500,-0.08,130.9,18.99,26.95,NA,NA,
Vick-Majors,Keweenaw_Waterway_KW,0.98,CTD_profile,Vick-Majors_Keweenaw_Waterway_KW_0.98_CTD_profile,Aqua_TROLL_500,-0.08,130.9,18.98,26.68,NA,NA,
Vick-Majors,Keweenaw_Waterway_KW,1.18,CTD_profile,Vick-Majors_Keweenaw_Waterway_KW_1.18_CTD_profile,Aqua_TROLL_500,-0.07,130.8,18.98,23.26,NA,NA,
Vick-Majors,Keweenaw_Waterway_KW,1.24,CTD_profile,Vick-Majors_Keweenaw_Waterway_KW_1.24_CTD_profile,Aqua_TROLL_500,-0.06,130.6,18.93,22.46,NA,NA,
Vick-Majors,Keweenaw_Waterway_KW,1.26,CTD_profile,Vick-Majors_Keweenaw_Waterway_KW_1.26_CTD_profile,Aqua_TROLL_500,-0.06,130.6,18.93,22.26,NA,NA,
Vick-Majors,Keweenaw_Waterway_KW,1.35,CTD_profile,Vick-Majors_Keweenaw_Waterway_KW_1.35_CTD_profile,Aqua_TROLL_500,-0.05,130.5,18.92,28.24,NA,NA,
Vick-Majors,Keweenaw_Waterway_KW,1.49,CTD_profile,Vick-Majors_Keweenaw_Waterway_KW_1.49_CTD_profile,Aqua_TROLL_500,-0.03,130.3,18.87,25.22,NA,NA,
Vick-Majors,Keweenaw_Waterway_KW,1.51,CTD_profile,Vick-Majors_Keweenaw_Waterway_KW_1.51_CTD_profile,Aqua_TROLL_500,-0.03,130.2,18.86,25.11,NA,NA,
Vick-Majors,Keweenaw_Waterway_KW,1.69,CTD_profile,Vick-Majors_Keweenaw_Waterway_KW_1.69_CTD_profile,Aqua_TROLL_500,-0.03,130.1,18.85,29.22,NA,NA,
Vick-Majors,Keweenaw_Waterway_KW,1.7,CTD_profile,Vick-Majors_Keweenaw_Waterway_KW_1.7_CTD_profile,Aqua_TROLL_500,-0.03,130.1,18.85,29.18,NA,NA,
Vick-Majors,Keweenaw_Waterway_KW,1.72,CTD_profile,Vick-Majors_Keweenaw_Waterway_KW_1.72_CTD_profile,Aqua_TROLL_500,-0.03,130.2,18.86,32.18,NA,NA,
Vick-Majors,Keweenaw_Waterway_KW,2.38,CTD_profile,Vick-Majors_Keweenaw_Waterway_KW_2.38_CTD_profile,Aqua_TROLL_500,-0.03,130,18.82,25.01,NA,NA,
Vick-Majors,Keweenaw_Waterway_KW,2.48,CTD_profile,Vick-Majors_Keweenaw_Waterway_KW_2.48_CTD_profile,Aqua_TROLL_500,-0.01,129.8,18.79,25.99,NA,NA,
Vick-Majors,Keweenaw_Waterway_KW,2.5,CTD_profile,Vick-Majors_Keweenaw_Waterway_KW_2.5_CTD_profile,Aqua_TROLL_500,-0.01,129.6,18.77,24.98,NA,NA,
Vick-Majors,Keweenaw_Waterway_KW,2.52,CTD_profile,Vick-Majors_Keweenaw_Waterway_KW_2.52_CTD_profile,Aqua_TROLL_500,-0.01,129.7,18.78,25.95,NA,NA,
Vick-Majors,Keweenaw_Waterway_KW,2.75,CTD_profile,Vick-Majors_Keweenaw_Waterway_KW_2.75_CTD_profile,Aqua_TROLL_500,-0.01,129.6,18.76,25.64,NA,NA,
Vick-Majors,Keweenaw_Waterway_KW,2.78,CTD_profile,Vick-Majors_Keweenaw_Waterway_KW_2.78_CTD_profile,Aqua_TROLL_500,-0.01,129.6,18.76,25.67,NA,NA,
Vick-Majors,Keweenaw_Waterway_KW,2.86,CTD_profile,Vick-Majors_Keweenaw_Waterway_KW_2.86_CTD_profile,Aqua_TROLL_500,-0.02,129.5,18.75,24.54,NA,NA,
Vick-Majors,Keweenaw_Waterway_KW,3.18,CTD_profile,Vick-Majors_Keweenaw_Waterway_KW_3.18_CTD_profile,Aqua_TROLL_500,-0.02,129.4,18.73,25.95,NA,NA,
Vick-Majors,Keweenaw_Waterway_KW,3.22,CTD_profile,Vick-Majors_Keweenaw_Waterway_KW_3.22_CTD_profile,Aqua_TROLL_500,-0.02,129.4,18.73,26.04,NA,NA,
Vick-Majors,Keweenaw_Waterway_KW,3.62,CTD_profile,Vick-Majors_Keweenaw_Waterway_KW_3.62_CTD_profile,Aqua_TROLL_500,-0.02,129.3,18.73,22.72,NA,NA,
Vick-Majors,Keweenaw_Waterway_KW,3.73,CTD_profile,Vick-Majors_Keweenaw_Waterway_KW_3.73_CTD_profile,Aqua_TROLL_500,-0.02,129.2,18.72,22.69,NA,NA,
Vick-Majors,Keweenaw_Waterway_KW,3.76,CTD_profile,Vick-Majors_Keweenaw_Waterway_KW_3.76_CTD_profile,Aqua_TROLL_500,-0.02,129.2,18.71,22.56,NA,NA,
Vick-Majors,Keweenaw_Waterway_KW,4.16,CTD_profile,Vick-Majors_Keweenaw_Waterway_KW_4.16_CTD_profile,Aqua_TROLL_500,-0.03,129.3,18.73,26.12,NA,NA,
Vick-Majors,Keweenaw_Waterway_KW,4.37,CTD_profile,Vick-Majors_Keweenaw_Waterway_KW_4.37_CTD_profile,Aqua_TROLL_500,-0.03,129.2,18.71,24.06,NA,NA,
Vick-Majors,Keweenaw_Waterway_KW,4.41,CTD_profile,Vick-Majors_Keweenaw_Waterway_KW_4.41_CTD_profile,Aqua_TROLL_500,-0.03,129.2,18.71,23.96,NA,NA,
Vick-Majors,Keweenaw_Waterway_KW,4.67,CTD_profile,Vick-Majors_Keweenaw_Waterway_KW_4.67_CTD_profile,Aqua_TROLL_500,-0.02,129.1,18.7,25.04,NA,NA,
Vick-Majors,Keweenaw_Waterway_KW,4.85,CTD_profile,Vick-Majors_Keweenaw_Waterway_KW_4.85_CTD_profile,Aqua_TROLL_500,-0.01,129,18.68,24.79,NA,NA,
Vick-Majors,Keweenaw_Waterway_KW,4.88,CTD_profile,Vick-Majors_Keweenaw_Waterway_KW_4.88_CTD_profile,Aqua_TROLL_500,-0.01,129,18.68,24.82,NA,NA,
Vick-Majors,Keweenaw_Waterway_KW,5.1,CTD_profile,Vick-Majors_Keweenaw_Waterway_KW_5.1_CTD_profile,Aqua_TROLL_500,-0.02,128.9,18.66,25.11,NA,NA,
Vick-Majors,Keweenaw_Waterway_KW,5.12,CTD_profile,Vick-Majors_Keweenaw_Waterway_KW_5.12_CTD_profile,Aqua_TROLL_500,-0.02,128.9,18.66,25.12,NA,NA,
Vick-Majors,Keweenaw_Waterway_KW,5.13,CTD_profile,Vick-Majors_Keweenaw_Waterway_KW_5.13_CTD_profile,Aqua_TROLL_500,-0.02,128.8,18.65,24.63,NA,NA,