pi_name,station,depth_m,analysis,sample_name,taxon,count_cell_l-1,notes
McKay,EC_84,0.5,phytoplankton_abundance,McKay_EC_84_0.5_phytoplankton_abundance,Aphanocapsa_holsatica__Lemm_Cronb_&_Kom_cell_L-1,0,
McKay,EC_84,0.5,phytoplankton_abundance,McKay_EC_84_0.5_phytoplankton_abundance,Aphanocapsa_sp_cell_L-1,0,
McKay,EC_84,0.5,phytoplankton_abundance,McKay_EC_84_0.5_phytoplankton_abundance,Cyanodictyon_filiforme_JKomárková-Legnerová_&_GCronberg_cell_L-1,0,
McKay,EC_84,0.5,phytoplankton_abundance,McKay_EC_84_0.5_phytoplankton_abundance,Cyanophyta_sp_cell_L-1,93094560,
McKay,EC_84,0.5,phytoplankton_abundance,McKay_EC_84_0.5_phytoplankton_abundance,Gloeocapsa_sp_cell_L-1,0,
McKay,EC_84,0.5,phytoplankton_abundance,McKay_EC_84_0.5_phytoplankton_abundance,Microcystis_sp_cell_L-1,0,
McKay,EC_84,0.5,phytoplankton_abundance,McKay_EC_84_0.5_phytoplankton_abundance,Planktothrix_agardhii_Gomont_Anag_and_Komar_cell_L-1,0,
McKay,EC_84,0.5,phytoplankton_abundance,McKay_EC_84_0.5_phytoplankton_abundance,Pseudanabaena_contorta_Kling_&_Watson_cell_L-1,0,
McKay,EC_84,0.5,phytoplankton_abundance,McKay_EC_84_0.5_phytoplankton_abundance,Pseudanabaena_sp_cell_L-1,0,
McKay,EC_84,0.5,phytoplankton_abundance,McKay_EC_84_0.5_phytoplankton_abundance,Synechococcus_sp_cell_L-1,0,
McKay,EC_84,0.5,phytoplankton_abundance,McKay_EC_84_0.5_phytoplankton_abundance,Woronichinia_sp_cell_L-1,0,
McKay,EC_84,0.5,phytoplankton_abundance,McKay_EC_84_0.5_phytoplankton_abundance,Actinastrum_hantzschii_Lagerheim_cell_L-1,0,
McKay,EC_84,0.5,phytoplankton_abundance,McKay_EC_84_0.5_phytoplankton_abundance,Botryococcus_sp_cell_L-1,0,
McKay,EC_84,0.5,phytoplankton_abundance,McKay_EC_84_0.5_phytoplankton_abundance,Campylomonas_sp_cell_L-1,0,
McKay,EC_84,0.5,phytoplankton_abundance,McKay_EC_84_0.5_phytoplankton_abundance,Chlorogonium_minimum_Playfair_cell_L-1,0,
McKay,EC_84,0.5,phytoplankton_abundance,McKay_EC_84_0.5_phytoplankton_abundance,Chlorophyceae_spp_cell_L-1,57288960,
McKay,EC_84,0.5,phytoplankton_abundance,McKay_EC_84_0.5_phytoplankton_abundance,Closterium_aciculare_T_West_cell_L-1,0,
McKay,EC_84,0.5,phytoplankton_abundance,McKay_EC_84_0.5_phytoplankton_abundance,Closterium_strigosum_Brebisson_cell_L-1,1000,
McKay,EC_84,0.5,phytoplankton_abundance,McKay_EC_84_0.5_phytoplankton_abundance,Collodictyon_triciliatum_H_Carter_cell_L-1,0,
McKay,EC_84,0.5,phytoplankton_abundance,McKay_EC_84_0.5_phytoplankton_abundance,Desmodesmus_sp_cell_L-1,0,
McKay,EC_84,0.5,phytoplankton_abundance,McKay_EC_84_0.5_phytoplankton_abundance,Gloeotila_pelagica_Nyegaard_Skuja_cell_L-1,0,
McKay,EC_84,0.5,phytoplankton_abundance,McKay_EC_84_0.5_phytoplankton_abundance,Koliella_longiseta_Vischer_Hindák_cell_L-1,0,
McKay,EC_84,0.5,phytoplankton_abundance,McKay_EC_84_0.5_phytoplankton_abundance,Koliella_sp_cell_L-1,0,
McKay,EC_84,0.5,phytoplankton_abundance,McKay_EC_84_0.5_phytoplankton_abundance,Lagerheimia_genevensis_Chodat_cell_L-1,0,
McKay,EC_84,0.5,phytoplankton_abundance,McKay_EC_84_0.5_phytoplankton_abundance,Monoraphidium_arcuatum_Korshikov_Hindák_cell_L-1,0,
McKay,EC_84,0.5,phytoplankton_abundance,McKay_EC_84_0.5_phytoplankton_abundance,Monoraphidium_contortum_Thurs_Kom_cell_L-1,0,
McKay,EC_84,0.5,phytoplankton_abundance,McKay_EC_84_0.5_phytoplankton_abundance,Monoraphidium_minutum_Nägeli_Komárková-legnerová_cell_L-1,0,
McKay,EC_84,0.5,phytoplankton_abundance,McKay_EC_84_0.5_phytoplankton_abundance,Mougeotia_sp_cell_L-1,0,
McKay,EC_84,0.5,phytoplankton_abundance,McKay_EC_84_0.5_phytoplankton_abundance,Nephrochlamys_sp_cell_L-1,0,
McKay,EC_84,0.5,phytoplankton_abundance,McKay_EC_84_0.5_phytoplankton_abundance,Oocystis_solitaria_Wittrock_cell_L-1,0,
McKay,EC_84,0.5,phytoplankton_abundance,McKay_EC_84_0.5_phytoplankton_abundance,Oocystis_sp_cell_L-1,0,
McKay,EC_84,0.5,phytoplankton_abundance,McKay_EC_84_0.5_phytoplankton_abundance,Planktosphaeria_gelatinosa_GMSmith_cell_L-1,0,
McKay,EC_84,0.5,phytoplankton_abundance,McKay_EC_84_0.5_phytoplankton_abundance,Scenedesmus_sp_cell_L-1,0,
McKay,EC_84,0.5,phytoplankton_abundance,McKay_EC_84_0.5_phytoplankton_abundance,Spermatozopsis_exsultans_Korshikov_cell_L-1,0,
McKay,EC_84,0.5,phytoplankton_abundance,McKay_EC_84_0.5_phytoplankton_abundance,Stichococcus_sp_cell_L-1,0,
McKay,EC_84,0.5,phytoplankton_abundance,McKay_EC_84_0.5_phytoplankton_abundance,Tetraedron_triangulare_Korshikov_cell_L-1,0,
McKay,EC_84,0.5,phytoplankton_abundance,McKay_EC_84_0.5_phytoplankton_abundance,Tetrastrum_heteracanthum_Nordst_Chod_cell_L-1,0,
McKay,EC_84,0.5,phytoplankton_abundance,McKay_EC_84_0.5_phytoplankton_abundance,Euglena_sp_cell_L-1,0,
McKay,EC_84,0.5,phytoplankton_abundance,McKay_EC_84_0.5_phytoplankton_abundance,Aulomonas_purdyi_Lackey_cell_L-1,0,
McKay,EC_84,0.5,phytoplankton_abundance,McKay_EC_84_0.5_phytoplankton_abundance,Bicoeca_sp_cell_L-1,0,
McKay,EC_84,0.5,phytoplankton_abundance,McKay_EC_84_0.5_phytoplankton_abundance,Chrysochromulina_parva_Lackey_cell_L-1,566922,
McKay,EC_84,0.5,phytoplankton_abundance,McKay_EC_84_0.5_phytoplankton_abundance,Chrysococcus_sp_cell_L-1,0,
McKay,EC_84,0.5,phytoplankton_abundance,McKay_EC_84_0.5_phytoplankton_abundance,Chrysolykos_planktonicus_Mack_cell_L-1,0,
McKay,EC_84,0.5,phytoplankton_abundance,McKay_EC_84_0.5_phytoplankton_abundance,Chrysophyceae_Cyst_cell_L-1,0,
McKay,EC_84,0.5,phytoplankton_abundance,McKay_EC_84_0.5_phytoplankton_abundance,Chrysophyceae_spp_cell_L-1,0,
McKay,EC_84,0.5,phytoplankton_abundance,McKay_EC_84_0.5_phytoplankton_abundance,Dinobryon_cylindricum_Imhof_cell_L-1,0,
McKay,EC_84,0.5,phytoplankton_abundance,McKay_EC_84_0.5_phytoplankton_abundance,Dinobryon_sertularia_Ehrenberg_cell_L-1,0,
McKay,EC_84,0.5,phytoplankton_abundance,McKay_EC_84_0.5_phytoplankton_abundance,Dinobryon_sp_cell_L-1,0,
McKay,EC_84,0.5,phytoplankton_abundance,McKay_EC_84_0.5_phytoplankton_abundance,Epipyxis_sp_cell_L-1,0,
McKay,EC_84,0.5,phytoplankton_abundance,McKay_EC_84_0.5_phytoplankton_abundance,Mallomonas_elongata_Reverdin_cell_L-1,0,
McKay,EC_84,0.5,phytoplankton_abundance,McKay_EC_84_0.5_phytoplankton_abundance,Mallomonas_sp_cell_L-1,0,
McKay,EC_84,0.5,phytoplankton_abundance,McKay_EC_84_0.5_phytoplankton_abundance,Ochromonad_sp_cell_L-1,0,
McKay,EC_84,0.5,phytoplankton_abundance,McKay_EC_84_0.5_phytoplankton_abundance,Ochromonas_sp_cell_L-1,0,
McKay,EC_84,0.5,phytoplankton_abundance,McKay_EC_84_0.5_phytoplankton_abundance,Pseudopedinella_sp_cell_L-1,0,
McKay,EC_84,0.5,phytoplankton_abundance,McKay_EC_84_0.5_phytoplankton_abundance,Rhizochrysis_limnetica_GM_Smith_cell_L-1,0,
McKay,EC_84,0.5,phytoplankton_abundance,McKay_EC_84_0.5_phytoplankton_abundance,Salpingoeca_frequentissima_Zacharias_Lemmermann_cell_L-1,0,
McKay,EC_84,0.5,phytoplankton_abundance,McKay_EC_84_0.5_phytoplankton_abundance,Spiniferomonas_sp_cell_L-1,0,
McKay,EC_84,0.5,phytoplankton_abundance,McKay_EC_84_0.5_phytoplankton_abundance,Stelexomonas_dichotoma_JLackey_cell_L-1,0,
McKay,EC_84,0.5,phytoplankton_abundance,McKay_EC_84_0.5_phytoplankton_abundance,Synura_sp_cell_L-1,0,
McKay,EC_84,0.5,phytoplankton_abundance,McKay_EC_84_0.5_phytoplankton_abundance,Achnanthidium_sp_cell_L-1,0,
McKay,EC_84,0.5,phytoplankton_abundance,McKay_EC_84_0.5_phytoplankton_abundance,Asterionella_formosa_Hassall_cell_L-1,0,
McKay,EC_84,0.5,phytoplankton_abundance,McKay_EC_84_0.5_phytoplankton_abundance,Aulacoseira_ambigua_Grunow_Simonsen_cell_L-1,0,
McKay,EC_84,0.5,phytoplankton_abundance,McKay_EC_84_0.5_phytoplankton_abundance,Aulacoseira_distans_Ehrenb_Simonsen_cell_L-1,0,
McKay,EC_84,0.5,phytoplankton_abundance,McKay_EC_84_0.5_phytoplankton_abundance,Aulacoseira_islandica_O_Mull_Simonsen_cell_L-1,4670482,
McKay,EC_84,0.5,phytoplankton_abundance,McKay_EC_84_0.5_phytoplankton_abundance,Bacillariophyceae_spp_cell_L-1,89514,
McKay,EC_84,0.5,phytoplankton_abundance,McKay_EC_84_0.5_phytoplankton_abundance,Cocconeis_pediculus_Ehrenb_cell_L-1,0,
McKay,EC_84,0.5,phytoplankton_abundance,McKay_EC_84_0.5_phytoplankton_abundance,Cyclotella_comensis_Grunow_cell_L-1,0,
McKay,EC_84,0.5,phytoplankton_abundance,McKay_EC_84_0.5_phytoplankton_abundance,Cyclotella_ocellata_Pantocsek_cell_L-1,0,
McKay,EC_84,0.5,phytoplankton_abundance,McKay_EC_84_0.5_phytoplankton_abundance,Cyclotella_sp_cell_L-1,0,
McKay,EC_84,0.5,phytoplankton_abundance,McKay_EC_84_0.5_phytoplankton_abundance,Diatoma_tenue_var_elongatum_Lyngb_cell_L-1,0,
McKay,EC_84,0.5,phytoplankton_abundance,McKay_EC_84_0.5_phytoplankton_abundance,Diatoma_vulgaris_Bory_cell_L-1,0,
McKay,EC_84,0.5,phytoplankton_abundance,McKay_EC_84_0.5_phytoplankton_abundance,Encyonema_minutum_Hilse_DGMann_cell_L-1,0,
McKay,EC_84,0.5,phytoplankton_abundance,McKay_EC_84_0.5_phytoplankton_abundance,Encyonema_sp_cell_L-1,0,
McKay,EC_84,0.5,phytoplankton_abundance,McKay_EC_84_0.5_phytoplankton_abundance,Fragilaria_capucina_Desmazières_cell_L-1,0,
McKay,EC_84,0.5,phytoplankton_abundance,McKay_EC_84_0.5_phytoplankton_abundance,Fragilaria_construens_Ehr_Grunow_cell_L-1,0,
McKay,EC_84,0.5,phytoplankton_abundance,McKay_EC_84_0.5_phytoplankton_abundance,Fragilaria_sp_cell_L-1,0,
McKay,EC_84,0.5,phytoplankton_abundance,McKay_EC_84_0.5_phytoplankton_abundance,Gomphonema_sp_cell_L-1,0,
McKay,EC_84,0.5,phytoplankton_abundance,McKay_EC_84_0.5_phytoplankton_abundance,Navicula_sp_cell_L-1,0,
McKay,EC_84,0.5,phytoplankton_abundance,McKay_EC_84_0.5_phytoplankton_abundance,Navicula_tripunctata_O_F_Müll_Bory_cell_L-1,0,
McKay,EC_84,0.5,phytoplankton_abundance,McKay_EC_84_0.5_phytoplankton_abundance,Nitzschia_acicularis_Kütz_W_Smith_cell_L-1,0,
McKay,EC_84,0.5,phytoplankton_abundance,McKay_EC_84_0.5_phytoplankton_abundance,Nitzschia_linearis_C_Agardh_W_Sm_cell_L-1,0,
McKay,EC_84,0.5,phytoplankton_abundance,McKay_EC_84_0.5_phytoplankton_abundance,Nitzschia_sp_cell_L-1,0,
McKay,EC_84,0.5,phytoplankton_abundance,McKay_EC_84_0.5_phytoplankton_abundance,Rhoicosphenia_abbreviata_CAgardh_Lange-Bertalot_cell_L-1,0,
McKay,EC_84,0.5,phytoplankton_abundance,McKay_EC_84_0.5_phytoplankton_abundance,Skeletonema_potamos_Weber_Hasle_cell_L-1,0,
McKay,EC_84,0.5,phytoplankton_abundance,McKay_EC_84_0.5_phytoplankton_abundance,Stephanodiscus_agassizensis_Håk&_Kling_cell_L-1,101514,
McKay,EC_84,0.5,phytoplankton_abundance,McKay_EC_84_0.5_phytoplankton_abundance,Stephanodiscus_binderanus_Kütz_Willi_Kreig_cell_L-1,775788,
McKay,EC_84,0.5,phytoplankton_abundance,McKay_EC_84_0.5_phytoplankton_abundance,Stephanodiscus_hantzschii_Grunow_cell_L-1,0,
McKay,EC_84,0.5,phytoplankton_abundance,McKay_EC_84_0.5_phytoplankton_abundance,Stephanodiscus_sp_cell_L-1,0,
McKay,EC_84,0.5,phytoplankton_abundance,McKay_EC_84_0.5_phytoplankton_abundance,Synedra_acus_var_radians_Kütz_Hustedt_cell_L-1,0,
McKay,EC_84,0.5,phytoplankton_abundance,McKay_EC_84_0.5_phytoplankton_abundance,Synedra_sp_cell_L-1,0,
McKay,EC_84,0.5,phytoplankton_abundance,McKay_EC_84_0.5_phytoplankton_abundance,Tabellaria_fenestrata_Lyngb_Kütz_cell_L-1,0,
McKay,EC_84,0.5,phytoplankton_abundance,McKay_EC_84_0.5_phytoplankton_abundance,Urosolenia_eriensis_Crawford_&_Mann_cell_L-1,0,
McKay,EC_84,0.5,phytoplankton_abundance,McKay_EC_84_0.5_phytoplankton_abundance,Cryptomonas_erosa_Ehrenberg_cell_L-1,0,
McKay,EC_84,0.5,phytoplankton_abundance,McKay_EC_84_0.5_phytoplankton_abundance,Cryptomonas_marssonii_Skuja_cell_L-1,0,
McKay,EC_84,0.5,phytoplankton_abundance,McKay_EC_84_0.5_phytoplankton_abundance,Cryptomonas_obovata_Skuja_cell_L-1,0,
McKay,EC_84,0.5,phytoplankton_abundance,McKay_EC_84_0.5_phytoplankton_abundance,Cryptomonas_reflexa_Skuja_cell_L-1,0,
McKay,EC_84,0.5,phytoplankton_abundance,McKay_EC_84_0.5_phytoplankton_abundance,Cryptomonas_rostratiformis_Skuja_cell_L-1,0,
McKay,EC_84,0.5,phytoplankton_abundance,McKay_EC_84_0.5_phytoplankton_abundance,Cryptomonas_sp_cell_L-1,0,
McKay,EC_84,0.5,phytoplankton_abundance,McKay_EC_84_0.5_phytoplankton_abundance,Katablepharis_ovalis_Skuja_cell_L-1,0,
McKay,EC_84,0.5,phytoplankton_abundance,McKay_EC_84_0.5_phytoplankton_abundance,Rhodomonas_minuta_var_nannoplanctica_Skuja_cell_L-1,238704,
McKay,EC_84,0.5,phytoplankton_abundance,McKay_EC_84_0.5_phytoplankton_abundance,Glenodinium_sp_cell_L-1,0,
McKay,EC_84,0.5,phytoplankton_abundance,McKay_EC_84_0.5_phytoplankton_abundance,Gymnodinium_helveticum_Penard_cell_L-1,0,
McKay,EC_84,0.5,phytoplankton_abundance,McKay_EC_84_0.5_phytoplankton_abundance,Gymnodinium_sp_cell_L-1,0,
McKay,EC_84,0.5,phytoplankton_abundance,McKay_EC_84_0.5_phytoplankton_abundance,Peridinium_aciculiferum_Lemmermann_cell_L-1,0,
McKay,EC_84,0.5,phytoplankton_abundance,McKay_EC_84_0.5_phytoplankton_abundance,Peridinium_sp_cell_L-1,0,
McKay,EC_84,0.5,phytoplankton_abundance,McKay_EC_84_0.5_phytoplankton_abundance,Total_Cyanobacteria_units_or_cells_L-1,93094560,
McKay,EC_84,0.5,phytoplankton_abundance,McKay_EC_84_0.5_phytoplankton_abundance,Total_Chlorophyta_units_or_cells_L-1,57289960,
McKay,EC_84,0.5,phytoplankton_abundance,McKay_EC_84_0.5_phytoplankton_abundance,Total_Euglenophyta_units_or_cells_L-1,0,
McKay,EC_84,0.5,phytoplankton_abundance,McKay_EC_84_0.5_phytoplankton_abundance,Total_Chrysophycea_units_or_cells_L-1,566922,
McKay,EC_84,0.5,phytoplankton_abundance,McKay_EC_84_0.5_phytoplankton_abundance,Total_Diatomeae_units_or_cells_L-1,5637298,
McKay,EC_84,0.5,phytoplankton_abundance,McKay_EC_84_0.5_phytoplankton_abundance,Total_Cryptophyta_units_or_cells_L-1,238704,
McKay,EC_84,0.5,phytoplankton_abundance,McKay_EC_84_0.5_phytoplankton_abundance,Total_Peridineae_units_or_cells_L-1,0,
McKay,EC_84,0.5,phytoplankton_abundance,McKay_EC_84_0.5_phytoplankton_abundance,total_units_or_cells_L-1,156827444,
Bullerjahn/McKay,Sandusky_Bay,0.5,phytoplankton_abundance,Bullerjahn/McKay_Sandusky_Bay_0.5_phytoplankton_abundance,Aphanocapsa_holsatica__Lemm_Cronb_&_Kom_cell_L-1,0,
Bullerjahn/McKay,Sandusky_Bay,0.5,phytoplankton_abundance,Bullerjahn/McKay_Sandusky_Bay_0.5_phytoplankton_abundance,Aphanocapsa_sp_cell_L-1,0,
Bullerjahn/McKay,Sandusky_Bay,0.5,phytoplankton_abundance,Bullerjahn/McKay_Sandusky_Bay_0.5_phytoplankton_abundance,Cyanodictyon_filiforme_JKomárková-Legnerová_&_GCronberg_cell_L-1,0,
Bullerjahn/McKay,Sandusky_Bay,0.5,phytoplankton_abundance,Bullerjahn/McKay_Sandusky_Bay_0.5_phytoplankton_abundance,Cyanophyta_sp_cell_L-1,0,
Bullerjahn/McKay,Sandusky_Bay,0.5,phytoplankton_abundance,Bullerjahn/McKay_Sandusky_Bay_0.5_phytoplankton_abundance,Gloeocapsa_sp_cell_L-1,0,
Bullerjahn/McKay,Sandusky_Bay,0.5,phytoplankton_abundance,Bullerjahn/McKay_Sandusky_Bay_0.5_phytoplankton_abundance,Microcystis_sp_cell_L-1,0,
Bullerjahn/McKay,Sandusky_Bay,0.5,phytoplankton_abundance,Bullerjahn/McKay_Sandusky_Bay_0.5_phytoplankton_abundance,Planktothrix_agardhii_Gomont_Anag_and_Komar_cell_L-1,2000,
Bullerjahn/McKay,Sandusky_Bay,0.5,phytoplankton_abundance,Bullerjahn/McKay_Sandusky_Bay_0.5_phytoplankton_abundance,Pseudanabaena_contorta_Kling_&_Watson_cell_L-1,0,
Bullerjahn/McKay,Sandusky_Bay,0.5,phytoplankton_abundance,Bullerjahn/McKay_Sandusky_Bay_0.5_phytoplankton_abundance,Pseudanabaena_sp_cell_L-1,0,
Bullerjahn/McKay,Sandusky_Bay,0.5,phytoplankton_abundance,Bullerjahn/McKay_Sandusky_Bay_0.5_phytoplankton_abundance,Synechococcus_sp_cell_L-1,0,
Bullerjahn/McKay,Sandusky_Bay,0.5,phytoplankton_abundance,Bullerjahn/McKay_Sandusky_Bay_0.5_phytoplankton_abundance,Woronichinia_sp_cell_L-1,0,
Bullerjahn/McKay,Sandusky_Bay,0.5,phytoplankton_abundance,Bullerjahn/McKay_Sandusky_Bay_0.5_phytoplankton_abundance,Actinastrum_hantzschii_Lagerheim_cell_L-1,1.00E+05,
Bullerjahn/McKay,Sandusky_Bay,0.5,phytoplankton_abundance,Bullerjahn/McKay_Sandusky_Bay_0.5_phytoplankton_abundance,Botryococcus_sp_cell_L-1,0,
Bullerjahn/McKay,Sandusky_Bay,0.5,phytoplankton_abundance,Bullerjahn/McKay_Sandusky_Bay_0.5_phytoplankton_abundance,Campylomonas_sp_cell_L-1,298380,
Bullerjahn/McKay,Sandusky_Bay,0.5,phytoplankton_abundance,Bullerjahn/McKay_Sandusky_Bay_0.5_phytoplankton_abundance,Chlorogonium_minimum_Playfair_cell_L-1,328218,
Bullerjahn/McKay,Sandusky_Bay,0.5,phytoplankton_abundance,Bullerjahn/McKay_Sandusky_Bay_0.5_phytoplankton_abundance,Chlorophyceae_spp_cell_L-1,387894,
Bullerjahn/McKay,Sandusky_Bay,0.5,phytoplankton_abundance,Bullerjahn/McKay_Sandusky_Bay_0.5_phytoplankton_abundance,Closterium_aciculare_T_West_cell_L-1,0,
Bullerjahn/McKay,Sandusky_Bay,0.5,phytoplankton_abundance,Bullerjahn/McKay_Sandusky_Bay_0.5_phytoplankton_abundance,Closterium_strigosum_Brebisson_cell_L-1,0,
Bullerjahn/McKay,Sandusky_Bay,0.5,phytoplankton_abundance,Bullerjahn/McKay_Sandusky_Bay_0.5_phytoplankton_abundance,Collodictyon_triciliatum_H_Carter_cell_L-1,0,
Bullerjahn/McKay,Sandusky_Bay,0.5,phytoplankton_abundance,Bullerjahn/McKay_Sandusky_Bay_0.5_phytoplankton_abundance,Desmodesmus_sp_cell_L-1,0,
Bullerjahn/McKay,Sandusky_Bay,0.5,phytoplankton_abundance,Bullerjahn/McKay_Sandusky_Bay_0.5_phytoplankton_abundance,Gloeotila_pelagica_Nyegaard_Skuja_cell_L-1,0,
Bullerjahn/McKay,Sandusky_Bay,0.5,phytoplankton_abundance,Bullerjahn/McKay_Sandusky_Bay_0.5_phytoplankton_abundance,Koliella_longiseta_Vischer_Hindák_cell_L-1,2000,
Bullerjahn/McKay,Sandusky_Bay,0.5,phytoplankton_abundance,Bullerjahn/McKay_Sandusky_Bay_0.5_phytoplankton_abundance,Koliella_sp_cell_L-1,89514,
Bullerjahn/McKay,Sandusky_Bay,0.5,phytoplankton_abundance,Bullerjahn/McKay_Sandusky_Bay_0.5_phytoplankton_abundance,Lagerheimia_genevensis_Chodat_cell_L-1,29838,
Bullerjahn/McKay,Sandusky_Bay,0.5,phytoplankton_abundance,Bullerjahn/McKay_Sandusky_Bay_0.5_phytoplankton_abundance,Monoraphidium_arcuatum_Korshikov_Hindák_cell_L-1,1000,
Bullerjahn/McKay,Sandusky_Bay,0.5,phytoplankton_abundance,Bullerjahn/McKay_Sandusky_Bay_0.5_phytoplankton_abundance,Monoraphidium_contortum_Thurs_Kom_cell_L-1,358056,
Bullerjahn/McKay,Sandusky_Bay,0.5,phytoplankton_abundance,Bullerjahn/McKay_Sandusky_Bay_0.5_phytoplankton_abundance,Monoraphidium_minutum_Nägeli_Komárková-legnerová_cell_L-1,0,
Bullerjahn/McKay,Sandusky_Bay,0.5,phytoplankton_abundance,Bullerjahn/McKay_Sandusky_Bay_0.5_phytoplankton_abundance,Mougeotia_sp_cell_L-1,0,
Bullerjahn/McKay,Sandusky_Bay,0.5,phytoplankton_abundance,Bullerjahn/McKay_Sandusky_Bay_0.5_phytoplankton_abundance,Nephrochlamys_sp_cell_L-1,119352,
Bullerjahn/McKay,Sandusky_Bay,0.5,phytoplankton_abundance,Bullerjahn/McKay_Sandusky_Bay_0.5_phytoplankton_abundance,Oocystis_solitaria_Wittrock_cell_L-1,29838,
Bullerjahn/McKay,Sandusky_Bay,0.5,phytoplankton_abundance,Bullerjahn/McKay_Sandusky_Bay_0.5_phytoplankton_abundance,Oocystis_sp_cell_L-1,0,
Bullerjahn/McKay,Sandusky_Bay,0.5,phytoplankton_abundance,Bullerjahn/McKay_Sandusky_Bay_0.5_phytoplankton_abundance,Planktosphaeria_gelatinosa_GMSmith_cell_L-1,0,
Bullerjahn/McKay,Sandusky_Bay,0.5,phytoplankton_abundance,Bullerjahn/McKay_Sandusky_Bay_0.5_phytoplankton_abundance,Scenedesmus_sp_cell_L-1,0,
Bullerjahn/McKay,Sandusky_Bay,0.5,phytoplankton_abundance,Bullerjahn/McKay_Sandusky_Bay_0.5_phytoplankton_abundance,Spermatozopsis_exsultans_Korshikov_cell_L-1,0,
Bullerjahn/McKay,Sandusky_Bay,0.5,phytoplankton_abundance,Bullerjahn/McKay_Sandusky_Bay_0.5_phytoplankton_abundance,Stichococcus_sp_cell_L-1,0,
Bullerjahn/McKay,Sandusky_Bay,0.5,phytoplankton_abundance,Bullerjahn/McKay_Sandusky_Bay_0.5_phytoplankton_abundance,Tetraedron_triangulare_Korshikov_cell_L-1,0,
Bullerjahn/McKay,Sandusky_Bay,0.5,phytoplankton_abundance,Bullerjahn/McKay_Sandusky_Bay_0.5_phytoplankton_abundance,Tetrastrum_heteracanthum_Nordst_Chod_cell_L-1,954816,
Bullerjahn/McKay,Sandusky_Bay,0.5,phytoplankton_abundance,Bullerjahn/McKay_Sandusky_Bay_0.5_phytoplankton_abundance,Euglena_sp_cell_L-1,29838,
Bullerjahn/McKay,Sandusky_Bay,0.5,phytoplankton_abundance,Bullerjahn/McKay_Sandusky_Bay_0.5_phytoplankton_abundance,Aulomonas_purdyi_Lackey_cell_L-1,0,
Bullerjahn/McKay,Sandusky_Bay,0.5,phytoplankton_abundance,Bullerjahn/McKay_Sandusky_Bay_0.5_phytoplankton_abundance,Bicoeca_sp_cell_L-1,59676,
Bullerjahn/McKay,Sandusky_Bay,0.5,phytoplankton_abundance,Bullerjahn/McKay_Sandusky_Bay_0.5_phytoplankton_abundance,Chrysochromulina_parva_Lackey_cell_L-1,29838,
Bullerjahn/McKay,Sandusky_Bay,0.5,phytoplankton_abundance,Bullerjahn/McKay_Sandusky_Bay_0.5_phytoplankton_abundance,Chrysococcus_sp_cell_L-1,0,
Bullerjahn/McKay,Sandusky_Bay,0.5,phytoplankton_abundance,Bullerjahn/McKay_Sandusky_Bay_0.5_phytoplankton_abundance,Chrysolykos_planktonicus_Mack_cell_L-1,0,
Bullerjahn/McKay,Sandusky_Bay,0.5,phytoplankton_abundance,Bullerjahn/McKay_Sandusky_Bay_0.5_phytoplankton_abundance,Chrysophyceae_Cyst_cell_L-1,0,
Bullerjahn/McKay,Sandusky_Bay,0.5,phytoplankton_abundance,Bullerjahn/McKay_Sandusky_Bay_0.5_phytoplankton_abundance,Chrysophyceae_spp_cell_L-1,59676,
Bullerjahn/McKay,Sandusky_Bay,0.5,phytoplankton_abundance,Bullerjahn/McKay_Sandusky_Bay_0.5_phytoplankton_abundance,Dinobryon_cylindricum_Imhof_cell_L-1,0,
Bullerjahn/McKay,Sandusky_Bay,0.5,phytoplankton_abundance,Bullerjahn/McKay_Sandusky_Bay_0.5_phytoplankton_abundance,Dinobryon_sertularia_Ehrenberg_cell_L-1,0,
Bullerjahn/McKay,Sandusky_Bay,0.5,phytoplankton_abundance,Bullerjahn/McKay_Sandusky_Bay_0.5_phytoplankton_abundance,Dinobryon_sp_cell_L-1,0,
Bullerjahn/McKay,Sandusky_Bay,0.5,phytoplankton_abundance,Bullerjahn/McKay_Sandusky_Bay_0.5_phytoplankton_abundance,Epipyxis_sp_cell_L-1,0,
Bullerjahn/McKay,Sandusky_Bay,0.5,phytoplankton_abundance,Bullerjahn/McKay_Sandusky_Bay_0.5_phytoplankton_abundance,Mallomonas_elongata_Reverdin_cell_L-1,0,
Bullerjahn/McKay,Sandusky_Bay,0.5,phytoplankton_abundance,Bullerjahn/McKay_Sandusky_Bay_0.5_phytoplankton_abundance,Mallomonas_sp_cell_L-1,0,
Bullerjahn/McKay,Sandusky_Bay,0.5,phytoplankton_abundance,Bullerjahn/McKay_Sandusky_Bay_0.5_phytoplankton_abundance,Ochromonad_sp_cell_L-1,59676,
Bullerjahn/McKay,Sandusky_Bay,0.5,phytoplankton_abundance,Bullerjahn/McKay_Sandusky_Bay_0.5_phytoplankton_abundance,Ochromonas_sp_cell_L-1,29838,
Bullerjahn/McKay,Sandusky_Bay,0.5,phytoplankton_abundance,Bullerjahn/McKay_Sandusky_Bay_0.5_phytoplankton_abundance,Pseudopedinella_sp_cell_L-1,0,
Bullerjahn/McKay,Sandusky_Bay,0.5,phytoplankton_abundance,Bullerjahn/McKay_Sandusky_Bay_0.5_phytoplankton_abundance,Rhizochrysis_limnetica_GM_Smith_cell_L-1,0,
Bullerjahn/McKay,Sandusky_Bay,0.5,phytoplankton_abundance,Bullerjahn/McKay_Sandusky_Bay_0.5_phytoplankton_abundance,Salpingoeca_frequentissima_Zacharias_Lemmermann_cell_L-1,0,
Bullerjahn/McKay,Sandusky_Bay,0.5,phytoplankton_abundance,Bullerjahn/McKay_Sandusky_Bay_0.5_phytoplankton_abundance,Spiniferomonas_sp_cell_L-1,0,
Bullerjahn/McKay,Sandusky_Bay,0.5,phytoplankton_abundance,Bullerjahn/McKay_Sandusky_Bay_0.5_phytoplankton_abundance,Stelexomonas_dichotoma_JLackey_cell_L-1,0,
Bullerjahn/McKay,Sandusky_Bay,0.5,phytoplankton_abundance,Bullerjahn/McKay_Sandusky_Bay_0.5_phytoplankton_abundance,Synura_sp_cell_L-1,0,
Bullerjahn/McKay,Sandusky_Bay,0.5,phytoplankton_abundance,Bullerjahn/McKay_Sandusky_Bay_0.5_phytoplankton_abundance,Achnanthidium_sp_cell_L-1,0,
Bullerjahn/McKay,Sandusky_Bay,0.5,phytoplankton_abundance,Bullerjahn/McKay_Sandusky_Bay_0.5_phytoplankton_abundance,Asterionella_formosa_Hassall_cell_L-1,0,
Bullerjahn/McKay,Sandusky_Bay,0.5,phytoplankton_abundance,Bullerjahn/McKay_Sandusky_Bay_0.5_phytoplankton_abundance,Aulacoseira_ambigua_Grunow_Simonsen_cell_L-1,0,
Bullerjahn/McKay,Sandusky_Bay,0.5,phytoplankton_abundance,Bullerjahn/McKay_Sandusky_Bay_0.5_phytoplankton_abundance,Aulacoseira_distans_Ehrenb_Simonsen_cell_L-1,0,
Bullerjahn/McKay,Sandusky_Bay,0.5,phytoplankton_abundance,Bullerjahn/McKay_Sandusky_Bay_0.5_phytoplankton_abundance,Aulacoseira_islandica_O_Mull_Simonsen_cell_L-1,2000,
Bullerjahn/McKay,Sandusky_Bay,0.5,phytoplankton_abundance,Bullerjahn/McKay_Sandusky_Bay_0.5_phytoplankton_abundance,Bacillariophyceae_spp_cell_L-1,656436,
Bullerjahn/McKay,Sandusky_Bay,0.5,phytoplankton_abundance,Bullerjahn/McKay_Sandusky_Bay_0.5_phytoplankton_abundance,Cocconeis_pediculus_Ehrenb_cell_L-1,0,
Bullerjahn/McKay,Sandusky_Bay,0.5,phytoplankton_abundance,Bullerjahn/McKay_Sandusky_Bay_0.5_phytoplankton_abundance,Cyclotella_comensis_Grunow_cell_L-1,0,
Bullerjahn/McKay,Sandusky_Bay,0.5,phytoplankton_abundance,Bullerjahn/McKay_Sandusky_Bay_0.5_phytoplankton_abundance,Cyclotella_ocellata_Pantocsek_cell_L-1,0,
Bullerjahn/McKay,Sandusky_Bay,0.5,phytoplankton_abundance,Bullerjahn/McKay_Sandusky_Bay_0.5_phytoplankton_abundance,Cyclotella_sp_cell_L-1,0,
Bullerjahn/McKay,Sandusky_Bay,0.5,phytoplankton_abundance,Bullerjahn/McKay_Sandusky_Bay_0.5_phytoplankton_abundance,Diatoma_tenue_var_elongatum_Lyngb_cell_L-1,0,
Bullerjahn/McKay,Sandusky_Bay,0.5,phytoplankton_abundance,Bullerjahn/McKay_Sandusky_Bay_0.5_phytoplankton_abundance,Diatoma_vulgaris_Bory_cell_L-1,0,
Bullerjahn/McKay,Sandusky_Bay,0.5,phytoplankton_abundance,Bullerjahn/McKay_Sandusky_Bay_0.5_phytoplankton_abundance,Encyonema_minutum_Hilse_DGMann_cell_L-1,0,
Bullerjahn/McKay,Sandusky_Bay,0.5,phytoplankton_abundance,Bullerjahn/McKay_Sandusky_Bay_0.5_phytoplankton_abundance,Encyonema_sp_cell_L-1,0,
Bullerjahn/McKay,Sandusky_Bay,0.5,phytoplankton_abundance,Bullerjahn/McKay_Sandusky_Bay_0.5_phytoplankton_abundance,Fragilaria_capucina_Desmazières_cell_L-1,0,
Bullerjahn/McKay,Sandusky_Bay,0.5,phytoplankton_abundance,Bullerjahn/McKay_Sandusky_Bay_0.5_phytoplankton_abundance,Fragilaria_construens_Ehr_Grunow_cell_L-1,0,
Bullerjahn/McKay,Sandusky_Bay,0.5,phytoplankton_abundance,Bullerjahn/McKay_Sandusky_Bay_0.5_phytoplankton_abundance,Fragilaria_sp_cell_L-1,30838,
Bullerjahn/McKay,Sandusky_Bay,0.5,phytoplankton_abundance,Bullerjahn/McKay_Sandusky_Bay_0.5_phytoplankton_abundance,Gomphonema_sp_cell_L-1,0,
Bullerjahn/McKay,Sandusky_Bay,0.5,phytoplankton_abundance,Bullerjahn/McKay_Sandusky_Bay_0.5_phytoplankton_abundance,Navicula_sp_cell_L-1,0,
Bullerjahn/McKay,Sandusky_Bay,0.5,phytoplankton_abundance,Bullerjahn/McKay_Sandusky_Bay_0.5_phytoplankton_abundance,Navicula_tripunctata_O_F_Müll_Bory_cell_L-1,0,
Bullerjahn/McKay,Sandusky_Bay,0.5,phytoplankton_abundance,Bullerjahn/McKay_Sandusky_Bay_0.5_phytoplankton_abundance,Nitzschia_acicularis_Kütz_W_Smith_cell_L-1,3000,
Bullerjahn/McKay,Sandusky_Bay,0.5,phytoplankton_abundance,Bullerjahn/McKay_Sandusky_Bay_0.5_phytoplankton_abundance,Nitzschia_linearis_C_Agardh_W_Sm_cell_L-1,0,
Bullerjahn/McKay,Sandusky_Bay,0.5,phytoplankton_abundance,Bullerjahn/McKay_Sandusky_Bay_0.5_phytoplankton_abundance,Nitzschia_sp_cell_L-1,29838,
Bullerjahn/McKay,Sandusky_Bay,0.5,phytoplankton_abundance,Bullerjahn/McKay_Sandusky_Bay_0.5_phytoplankton_abundance,Rhoicosphenia_abbreviata_CAgardh_Lange-Bertalot_cell_L-1,0,
Bullerjahn/McKay,Sandusky_Bay,0.5,phytoplankton_abundance,Bullerjahn/McKay_Sandusky_Bay_0.5_phytoplankton_abundance,Skeletonema_potamos_Weber_Hasle_cell_L-1,8000,
Bullerjahn/McKay,Sandusky_Bay,0.5,phytoplankton_abundance,Bullerjahn/McKay_Sandusky_Bay_0.5_phytoplankton_abundance,Stephanodiscus_agassizensis_Håk&_Kling_cell_L-1,59676,
Bullerjahn/McKay,Sandusky_Bay,0.5,phytoplankton_abundance,Bullerjahn/McKay_Sandusky_Bay_0.5_phytoplankton_abundance,Stephanodiscus_binderanus_Kütz_Willi_Kreig_cell_L-1,0,
Bullerjahn/McKay,Sandusky_Bay,0.5,phytoplankton_abundance,Bullerjahn/McKay_Sandusky_Bay_0.5_phytoplankton_abundance,Stephanodiscus_hantzschii_Grunow_cell_L-1,0,
Bullerjahn/McKay,Sandusky_Bay,0.5,phytoplankton_abundance,Bullerjahn/McKay_Sandusky_Bay_0.5_phytoplankton_abundance,Stephanodiscus_sp_cell_L-1,0,
Bullerjahn/McKay,Sandusky_Bay,0.5,phytoplankton_abundance,Bullerjahn/McKay_Sandusky_Bay_0.5_phytoplankton_abundance,Synedra_acus_var_radians_Kütz_Hustedt_cell_L-1,0,
Bullerjahn/McKay,Sandusky_Bay,0.5,phytoplankton_abundance,Bullerjahn/McKay_Sandusky_Bay_0.5_phytoplankton_abundance,Synedra_sp_cell_L-1,7000,
Bullerjahn/McKay,Sandusky_Bay,0.5,phytoplankton_abundance,Bullerjahn/McKay_Sandusky_Bay_0.5_phytoplankton_abundance,Tabellaria_fenestrata_Lyngb_Kütz_cell_L-1,0,
Bullerjahn/McKay,Sandusky_Bay,0.5,phytoplankton_abundance,Bullerjahn/McKay_Sandusky_Bay_0.5_phytoplankton_abundance,Urosolenia_eriensis_Crawford_&_Mann_cell_L-1,0,
Bullerjahn/McKay,Sandusky_Bay,0.5,phytoplankton_abundance,Bullerjahn/McKay_Sandusky_Bay_0.5_phytoplankton_abundance,Cryptomonas_erosa_Ehrenberg_cell_L-1,298380,
Bullerjahn/McKay,Sandusky_Bay,0.5,phytoplankton_abundance,Bullerjahn/McKay_Sandusky_Bay_0.5_phytoplankton_abundance,Cryptomonas_marssonii_Skuja_cell_L-1,0,
Bullerjahn/McKay,Sandusky_Bay,0.5,phytoplankton_abundance,Bullerjahn/McKay_Sandusky_Bay_0.5_phytoplankton_abundance,Cryptomonas_obovata_Skuja_cell_L-1,0,
Bullerjahn/McKay,Sandusky_Bay,0.5,phytoplankton_abundance,Bullerjahn/McKay_Sandusky_Bay_0.5_phytoplankton_abundance,Cryptomonas_reflexa_Skuja_cell_L-1,4000,
Bullerjahn/McKay,Sandusky_Bay,0.5,phytoplankton_abundance,Bullerjahn/McKay_Sandusky_Bay_0.5_phytoplankton_abundance,Cryptomonas_rostratiformis_Skuja_cell_L-1,0,
Bullerjahn/McKay,Sandusky_Bay,0.5,phytoplankton_abundance,Bullerjahn/McKay_Sandusky_Bay_0.5_phytoplankton_abundance,Cryptomonas_sp_cell_L-1,0,
Bullerjahn/McKay,Sandusky_Bay,0.5,phytoplankton_abundance,Bullerjahn/McKay_Sandusky_Bay_0.5_phytoplankton_abundance,Katablepharis_ovalis_Skuja_cell_L-1,0,
Bullerjahn/McKay,Sandusky_Bay,0.5,phytoplankton_abundance,Bullerjahn/McKay_Sandusky_Bay_0.5_phytoplankton_abundance,Rhodomonas_minuta_var_nannoplanctica_Skuja_cell_L-1,566922,
Bullerjahn/McKay,Sandusky_Bay,0.5,phytoplankton_abundance,Bullerjahn/McKay_Sandusky_Bay_0.5_phytoplankton_abundance,Glenodinium_sp_cell_L-1,1000,
Bullerjahn/McKay,Sandusky_Bay,0.5,phytoplankton_abundance,Bullerjahn/McKay_Sandusky_Bay_0.5_phytoplankton_abundance,Gymnodinium_helveticum_Penard_cell_L-1,0,
Bullerjahn/McKay,Sandusky_Bay,0.5,phytoplankton_abundance,Bullerjahn/McKay_Sandusky_Bay_0.5_phytoplankton_abundance,Gymnodinium_sp_cell_L-1,0,
Bullerjahn/McKay,Sandusky_Bay,0.5,phytoplankton_abundance,Bullerjahn/McKay_Sandusky_Bay_0.5_phytoplankton_abundance,Peridinium_aciculiferum_Lemmermann_cell_L-1,0,
Bullerjahn/McKay,Sandusky_Bay,0.5,phytoplankton_abundance,Bullerjahn/McKay_Sandusky_Bay_0.5_phytoplankton_abundance,Peridinium_sp_cell_L-1,0,
Bullerjahn/McKay,Sandusky_Bay,0.5,phytoplankton_abundance,Bullerjahn/McKay_Sandusky_Bay_0.5_phytoplankton_abundance,Total_Cyanobacteria_units_or_cells_L-1,2000,
Bullerjahn/McKay,Sandusky_Bay,0.5,phytoplankton_abundance,Bullerjahn/McKay_Sandusky_Bay_0.5_phytoplankton_abundance,Total_Chlorophyta_units_or_cells_L-1,2698906,
Bullerjahn/McKay,Sandusky_Bay,0.5,phytoplankton_abundance,Bullerjahn/McKay_Sandusky_Bay_0.5_phytoplankton_abundance,Total_Euglenophyta_units_or_cells_L-1,29838,
Bullerjahn/McKay,Sandusky_Bay,0.5,phytoplankton_abundance,Bullerjahn/McKay_Sandusky_Bay_0.5_phytoplankton_abundance,Total_Chrysophycea_units_or_cells_L-1,238704,
Bullerjahn/McKay,Sandusky_Bay,0.5,phytoplankton_abundance,Bullerjahn/McKay_Sandusky_Bay_0.5_phytoplankton_abundance,Total_Diatomeae_units_or_cells_L-1,796788,
Bullerjahn/McKay,Sandusky_Bay,0.5,phytoplankton_abundance,Bullerjahn/McKay_Sandusky_Bay_0.5_phytoplankton_abundance,Total_Cryptophyta_units_or_cells_L-1,869302,
Bullerjahn/McKay,Sandusky_Bay,0.5,phytoplankton_abundance,Bullerjahn/McKay_Sandusky_Bay_0.5_phytoplankton_abundance,Total_Peridineae_units_or_cells_L-1,1000,
Bullerjahn/McKay,Sandusky_Bay,0.5,phytoplankton_abundance,Bullerjahn/McKay_Sandusky_Bay_0.5_phytoplankton_abundance,total_units_or_cells_L-1,4636538,
Chaffin,South_Bass_Island,0.5,phytoplankton_abundance,Chaffin_South_Bass_Island_0.5_phytoplankton_abundance,Aphanocapsa_holsatica__Lemm_Cronb_&_Kom_cell_L-1,0,
Chaffin,South_Bass_Island,0.5,phytoplankton_abundance,Chaffin_South_Bass_Island_0.5_phytoplankton_abundance,Aphanocapsa_sp_cell_L-1,0,
Chaffin,South_Bass_Island,0.5,phytoplankton_abundance,Chaffin_South_Bass_Island_0.5_phytoplankton_abundance,Cyanodictyon_filiforme_JKomárková-Legnerová_&_GCronberg_cell_L-1,0,
Chaffin,South_Bass_Island,0.5,phytoplankton_abundance,Chaffin_South_Bass_Island_0.5_phytoplankton_abundance,Cyanophyta_sp_cell_L-1,64450080,
Chaffin,South_Bass_Island,0.5,phytoplankton_abundance,Chaffin_South_Bass_Island_0.5_phytoplankton_abundance,Gloeocapsa_sp_cell_L-1,0,
Chaffin,South_Bass_Island,0.5,phytoplankton_abundance,Chaffin_South_Bass_Island_0.5_phytoplankton_abundance,Microcystis_sp_cell_L-1,0,
Chaffin,South_Bass_Island,0.5,phytoplankton_abundance,Chaffin_South_Bass_Island_0.5_phytoplankton_abundance,Planktothrix_agardhii_Gomont_Anag_and_Komar_cell_L-1,0,
Chaffin,South_Bass_Island,0.5,phytoplankton_abundance,Chaffin_South_Bass_Island_0.5_phytoplankton_abundance,Pseudanabaena_contorta_Kling_&_Watson_cell_L-1,0,
Chaffin,South_Bass_Island,0.5,phytoplankton_abundance,Chaffin_South_Bass_Island_0.5_phytoplankton_abundance,Pseudanabaena_sp_cell_L-1,0,
Chaffin,South_Bass_Island,0.5,phytoplankton_abundance,Chaffin_South_Bass_Island_0.5_phytoplankton_abundance,Synechococcus_sp_cell_L-1,0,
Chaffin,South_Bass_Island,0.5,phytoplankton_abundance,Chaffin_South_Bass_Island_0.5_phytoplankton_abundance,Woronichinia_sp_cell_L-1,0,
Chaffin,South_Bass_Island,0.5,phytoplankton_abundance,Chaffin_South_Bass_Island_0.5_phytoplankton_abundance,Actinastrum_hantzschii_Lagerheim_cell_L-1,0,
Chaffin,South_Bass_Island,0.5,phytoplankton_abundance,Chaffin_South_Bass_Island_0.5_phytoplankton_abundance,Botryococcus_sp_cell_L-1,4000,
Chaffin,South_Bass_Island,0.5,phytoplankton_abundance,Chaffin_South_Bass_Island_0.5_phytoplankton_abundance,Campylomonas_sp_cell_L-1,0,
Chaffin,South_Bass_Island,0.5,phytoplankton_abundance,Chaffin_South_Bass_Island_0.5_phytoplankton_abundance,Chlorogonium_minimum_Playfair_cell_L-1,0,
Chaffin,South_Bass_Island,0.5,phytoplankton_abundance,Chaffin_South_Bass_Island_0.5_phytoplankton_abundance,Chlorophyceae_spp_cell_L-1,28883184,
Chaffin,South_Bass_Island,0.5,phytoplankton_abundance,Chaffin_South_Bass_Island_0.5_phytoplankton_abundance,Closterium_aciculare_T_West_cell_L-1,0,
Chaffin,South_Bass_Island,0.5,phytoplankton_abundance,Chaffin_South_Bass_Island_0.5_phytoplankton_abundance,Closterium_strigosum_Brebisson_cell_L-1,0,
Chaffin,South_Bass_Island,0.5,phytoplankton_abundance,Chaffin_South_Bass_Island_0.5_phytoplankton_abundance,Collodictyon_triciliatum_H_Carter_cell_L-1,0,
Chaffin,South_Bass_Island,0.5,phytoplankton_abundance,Chaffin_South_Bass_Island_0.5_phytoplankton_abundance,Desmodesmus_sp_cell_L-1,0,
Chaffin,South_Bass_Island,0.5,phytoplankton_abundance,Chaffin_South_Bass_Island_0.5_phytoplankton_abundance,Gloeotila_pelagica_Nyegaard_Skuja_cell_L-1,0,
Chaffin,South_Bass_Island,0.5,phytoplankton_abundance,Chaffin_South_Bass_Island_0.5_phytoplankton_abundance,Koliella_longiseta_Vischer_Hindák_cell_L-1,0,
Chaffin,South_Bass_Island,0.5,phytoplankton_abundance,Chaffin_South_Bass_Island_0.5_phytoplankton_abundance,Koliella_sp_cell_L-1,0,
Chaffin,South_Bass_Island,0.5,phytoplankton_abundance,Chaffin_South_Bass_Island_0.5_phytoplankton_abundance,Lagerheimia_genevensis_Chodat_cell_L-1,0,
Chaffin,South_Bass_Island,0.5,phytoplankton_abundance,Chaffin_South_Bass_Island_0.5_phytoplankton_abundance,Monoraphidium_arcuatum_Korshikov_Hindák_cell_L-1,0,
Chaffin,South_Bass_Island,0.5,phytoplankton_abundance,Chaffin_South_Bass_Island_0.5_phytoplankton_abundance,Monoraphidium_contortum_Thurs_Kom_cell_L-1,0,
Chaffin,South_Bass_Island,0.5,phytoplankton_abundance,Chaffin_South_Bass_Island_0.5_phytoplankton_abundance,Monoraphidium_minutum_Nägeli_Komárková-legnerová_cell_L-1,0,
Chaffin,South_Bass_Island,0.5,phytoplankton_abundance,Chaffin_South_Bass_Island_0.5_phytoplankton_abundance,Mougeotia_sp_cell_L-1,3000,
Chaffin,South_Bass_Island,0.5,phytoplankton_abundance,Chaffin_South_Bass_Island_0.5_phytoplankton_abundance,Nephrochlamys_sp_cell_L-1,0,
Chaffin,South_Bass_Island,0.5,phytoplankton_abundance,Chaffin_South_Bass_Island_0.5_phytoplankton_abundance,Oocystis_solitaria_Wittrock_cell_L-1,0,
Chaffin,South_Bass_Island,0.5,phytoplankton_abundance,Chaffin_South_Bass_Island_0.5_phytoplankton_abundance,Oocystis_sp_cell_L-1,0,
Chaffin,South_Bass_Island,0.5,phytoplankton_abundance,Chaffin_South_Bass_Island_0.5_phytoplankton_abundance,Planktosphaeria_gelatinosa_GMSmith_cell_L-1,0,
Chaffin,South_Bass_Island,0.5,phytoplankton_abundance,Chaffin_South_Bass_Island_0.5_phytoplankton_abundance,Scenedesmus_sp_cell_L-1,0,
Chaffin,South_Bass_Island,0.5,phytoplankton_abundance,Chaffin_South_Bass_Island_0.5_phytoplankton_abundance,Spermatozopsis_exsultans_Korshikov_cell_L-1,29838,
Chaffin,South_Bass_Island,0.5,phytoplankton_abundance,Chaffin_South_Bass_Island_0.5_phytoplankton_abundance,Stichococcus_sp_cell_L-1,0,
Chaffin,South_Bass_Island,0.5,phytoplankton_abundance,Chaffin_South_Bass_Island_0.5_phytoplankton_abundance,Tetraedron_triangulare_Korshikov_cell_L-1,0,
Chaffin,South_Bass_Island,0.5,phytoplankton_abundance,Chaffin_South_Bass_Island_0.5_phytoplankton_abundance,Tetrastrum_heteracanthum_Nordst_Chod_cell_L-1,0,
Chaffin,South_Bass_Island,0.5,phytoplankton_abundance,Chaffin_South_Bass_Island_0.5_phytoplankton_abundance,Euglena_sp_cell_L-1,0,
Chaffin,South_Bass_Island,0.5,phytoplankton_abundance,Chaffin_South_Bass_Island_0.5_phytoplankton_abundance,Aulomonas_purdyi_Lackey_cell_L-1,119352,
Chaffin,South_Bass_Island,0.5,phytoplankton_abundance,Chaffin_South_Bass_Island_0.5_phytoplankton_abundance,Bicoeca_sp_cell_L-1,0,
Chaffin,South_Bass_Island,0.5,phytoplankton_abundance,Chaffin_South_Bass_Island_0.5_phytoplankton_abundance,Chrysochromulina_parva_Lackey_cell_L-1,0,
Chaffin,South_Bass_Island,0.5,phytoplankton_abundance,Chaffin_South_Bass_Island_0.5_phytoplankton_abundance,Chrysococcus_sp_cell_L-1,0,
Chaffin,South_Bass_Island,0.5,phytoplankton_abundance,Chaffin_South_Bass_Island_0.5_phytoplankton_abundance,Chrysolykos_planktonicus_Mack_cell_L-1,0,
Chaffin,South_Bass_Island,0.5,phytoplankton_abundance,Chaffin_South_Bass_Island_0.5_phytoplankton_abundance,Chrysophyceae_Cyst_cell_L-1,0,
Chaffin,South_Bass_Island,0.5,phytoplankton_abundance,Chaffin_South_Bass_Island_0.5_phytoplankton_abundance,Chrysophyceae_spp_cell_L-1,208866,
Chaffin,South_Bass_Island,0.5,phytoplankton_abundance,Chaffin_South_Bass_Island_0.5_phytoplankton_abundance,Dinobryon_cylindricum_Imhof_cell_L-1,0,
Chaffin,South_Bass_Island,0.5,phytoplankton_abundance,Chaffin_South_Bass_Island_0.5_phytoplankton_abundance,Dinobryon_sertularia_Ehrenberg_cell_L-1,0,
Chaffin,South_Bass_Island,0.5,phytoplankton_abundance,Chaffin_South_Bass_Island_0.5_phytoplankton_abundance,Dinobryon_sp_cell_L-1,0,
Chaffin,South_Bass_Island,0.5,phytoplankton_abundance,Chaffin_South_Bass_Island_0.5_phytoplankton_abundance,Epipyxis_sp_cell_L-1,0,
Chaffin,South_Bass_Island,0.5,phytoplankton_abundance,Chaffin_South_Bass_Island_0.5_phytoplankton_abundance,Mallomonas_elongata_Reverdin_cell_L-1,0,
Chaffin,South_Bass_Island,0.5,phytoplankton_abundance,Chaffin_South_Bass_Island_0.5_phytoplankton_abundance,Mallomonas_sp_cell_L-1,0,
Chaffin,South_Bass_Island,0.5,phytoplankton_abundance,Chaffin_South_Bass_Island_0.5_phytoplankton_abundance,Ochromonad_sp_cell_L-1,0,
Chaffin,South_Bass_Island,0.5,phytoplankton_abundance,Chaffin_South_Bass_Island_0.5_phytoplankton_abundance,Ochromonas_sp_cell_L-1,0,
Chaffin,South_Bass_Island,0.5,phytoplankton_abundance,Chaffin_South_Bass_Island_0.5_phytoplankton_abundance,Pseudopedinella_sp_cell_L-1,0,
Chaffin,South_Bass_Island,0.5,phytoplankton_abundance,Chaffin_South_Bass_Island_0.5_phytoplankton_abundance,Rhizochrysis_limnetica_GM_Smith_cell_L-1,0,
Chaffin,South_Bass_Island,0.5,phytoplankton_abundance,Chaffin_South_Bass_Island_0.5_phytoplankton_abundance,Salpingoeca_frequentissima_Zacharias_Lemmermann_cell_L-1,0,
Chaffin,South_Bass_Island,0.5,phytoplankton_abundance,Chaffin_South_Bass_Island_0.5_phytoplankton_abundance,Spiniferomonas_sp_cell_L-1,0,
Chaffin,South_Bass_Island,0.5,phytoplankton_abundance,Chaffin_South_Bass_Island_0.5_phytoplankton_abundance,Stelexomonas_dichotoma_JLackey_cell_L-1,179028,
Chaffin,South_Bass_Island,0.5,phytoplankton_abundance,Chaffin_South_Bass_Island_0.5_phytoplankton_abundance,Synura_sp_cell_L-1,0,
Chaffin,South_Bass_Island,0.5,phytoplankton_abundance,Chaffin_South_Bass_Island_0.5_phytoplankton_abundance,Achnanthidium_sp_cell_L-1,0,
Chaffin,South_Bass_Island,0.5,phytoplankton_abundance,Chaffin_South_Bass_Island_0.5_phytoplankton_abundance,Asterionella_formosa_Hassall_cell_L-1,25000,
Chaffin,South_Bass_Island,0.5,phytoplankton_abundance,Chaffin_South_Bass_Island_0.5_phytoplankton_abundance,Aulacoseira_ambigua_Grunow_Simonsen_cell_L-1,0,
Chaffin,South_Bass_Island,0.5,phytoplankton_abundance,Chaffin_South_Bass_Island_0.5_phytoplankton_abundance,Aulacoseira_distans_Ehrenb_Simonsen_cell_L-1,0,
Chaffin,South_Bass_Island,0.5,phytoplankton_abundance,Chaffin_South_Bass_Island_0.5_phytoplankton_abundance,Aulacoseira_islandica_O_Mull_Simonsen_cell_L-1,9000,
Chaffin,South_Bass_Island,0.5,phytoplankton_abundance,Chaffin_South_Bass_Island_0.5_phytoplankton_abundance,Bacillariophyceae_spp_cell_L-1,268542,
Chaffin,South_Bass_Island,0.5,phytoplankton_abundance,Chaffin_South_Bass_Island_0.5_phytoplankton_abundance,Cocconeis_pediculus_Ehrenb_cell_L-1,0,
Chaffin,South_Bass_Island,0.5,phytoplankton_abundance,Chaffin_South_Bass_Island_0.5_phytoplankton_abundance,Cyclotella_comensis_Grunow_cell_L-1,0,
Chaffin,South_Bass_Island,0.5,phytoplankton_abundance,Chaffin_South_Bass_Island_0.5_phytoplankton_abundance,Cyclotella_ocellata_Pantocsek_cell_L-1,0,
Chaffin,South_Bass_Island,0.5,phytoplankton_abundance,Chaffin_South_Bass_Island_0.5_phytoplankton_abundance,Cyclotella_sp_cell_L-1,0,
Chaffin,South_Bass_Island,0.5,phytoplankton_abundance,Chaffin_South_Bass_Island_0.5_phytoplankton_abundance,Diatoma_tenue_var_elongatum_Lyngb_cell_L-1,0,
Chaffin,South_Bass_Island,0.5,phytoplankton_abundance,Chaffin_South_Bass_Island_0.5_phytoplankton_abundance,Diatoma_vulgaris_Bory_cell_L-1,0,
Chaffin,South_Bass_Island,0.5,phytoplankton_abundance,Chaffin_South_Bass_Island_0.5_phytoplankton_abundance,Encyonema_minutum_Hilse_DGMann_cell_L-1,0,
Chaffin,South_Bass_Island,0.5,phytoplankton_abundance,Chaffin_South_Bass_Island_0.5_phytoplankton_abundance,Encyonema_sp_cell_L-1,0,
Chaffin,South_Bass_Island,0.5,phytoplankton_abundance,Chaffin_South_Bass_Island_0.5_phytoplankton_abundance,Fragilaria_capucina_Desmazières_cell_L-1,0,
Chaffin,South_Bass_Island,0.5,phytoplankton_abundance,Chaffin_South_Bass_Island_0.5_phytoplankton_abundance,Fragilaria_construens_Ehr_Grunow_cell_L-1,0,
Chaffin,South_Bass_Island,0.5,phytoplankton_abundance,Chaffin_South_Bass_Island_0.5_phytoplankton_abundance,Fragilaria_sp_cell_L-1,0,
Chaffin,South_Bass_Island,0.5,phytoplankton_abundance,Chaffin_South_Bass_Island_0.5_phytoplankton_abundance,Gomphonema_sp_cell_L-1,0,
Chaffin,South_Bass_Island,0.5,phytoplankton_abundance,Chaffin_South_Bass_Island_0.5_phytoplankton_abundance,Navicula_sp_cell_L-1,0,
Chaffin,South_Bass_Island,0.5,phytoplankton_abundance,Chaffin_South_Bass_Island_0.5_phytoplankton_abundance,Navicula_tripunctata_O_F_Müll_Bory_cell_L-1,0,
Chaffin,South_Bass_Island,0.5,phytoplankton_abundance,Chaffin_South_Bass_Island_0.5_phytoplankton_abundance,Nitzschia_acicularis_Kütz_W_Smith_cell_L-1,2000,
Chaffin,South_Bass_Island,0.5,phytoplankton_abundance,Chaffin_South_Bass_Island_0.5_phytoplankton_abundance,Nitzschia_linearis_C_Agardh_W_Sm_cell_L-1,0,
Chaffin,South_Bass_Island,0.5,phytoplankton_abundance,Chaffin_South_Bass_Island_0.5_phytoplankton_abundance,Nitzschia_sp_cell_L-1,0,
Chaffin,South_Bass_Island,0.5,phytoplankton_abundance,Chaffin_South_Bass_Island_0.5_phytoplankton_abundance,Rhoicosphenia_abbreviata_CAgardh_Lange-Bertalot_cell_L-1,0,
Chaffin,South_Bass_Island,0.5,phytoplankton_abundance,Chaffin_South_Bass_Island_0.5_phytoplankton_abundance,Skeletonema_potamos_Weber_Hasle_cell_L-1,0,
Chaffin,South_Bass_Island,0.5,phytoplankton_abundance,Chaffin_South_Bass_Island_0.5_phytoplankton_abundance,Stephanodiscus_agassizensis_Håk&_Kling_cell_L-1,0,
Chaffin,South_Bass_Island,0.5,phytoplankton_abundance,Chaffin_South_Bass_Island_0.5_phytoplankton_abundance,Stephanodiscus_binderanus_Kütz_Willi_Kreig_cell_L-1,0,
Chaffin,South_Bass_Island,0.5,phytoplankton_abundance,Chaffin_South_Bass_Island_0.5_phytoplankton_abundance,Stephanodiscus_hantzschii_Grunow_cell_L-1,0,
Chaffin,South_Bass_Island,0.5,phytoplankton_abundance,Chaffin_South_Bass_Island_0.5_phytoplankton_abundance,Stephanodiscus_sp_cell_L-1,2000,
Chaffin,South_Bass_Island,0.5,phytoplankton_abundance,Chaffin_South_Bass_Island_0.5_phytoplankton_abundance,Synedra_acus_var_radians_Kütz_Hustedt_cell_L-1,1000,
Chaffin,South_Bass_Island,0.5,phytoplankton_abundance,Chaffin_South_Bass_Island_0.5_phytoplankton_abundance,Synedra_sp_cell_L-1,0,
Chaffin,South_Bass_Island,0.5,phytoplankton_abundance,Chaffin_South_Bass_Island_0.5_phytoplankton_abundance,Tabellaria_fenestrata_Lyngb_Kütz_cell_L-1,0,
Chaffin,South_Bass_Island,0.5,phytoplankton_abundance,Chaffin_South_Bass_Island_0.5_phytoplankton_abundance,Urosolenia_eriensis_Crawford_&_Mann_cell_L-1,29838,
Chaffin,South_Bass_Island,0.5,phytoplankton_abundance,Chaffin_South_Bass_Island_0.5_phytoplankton_abundance,Cryptomonas_erosa_Ehrenberg_cell_L-1,0,
Chaffin,South_Bass_Island,0.5,phytoplankton_abundance,Chaffin_South_Bass_Island_0.5_phytoplankton_abundance,Cryptomonas_marssonii_Skuja_cell_L-1,0,
Chaffin,South_Bass_Island,0.5,phytoplankton_abundance,Chaffin_South_Bass_Island_0.5_phytoplankton_abundance,Cryptomonas_obovata_Skuja_cell_L-1,0,
Chaffin,South_Bass_Island,0.5,phytoplankton_abundance,Chaffin_South_Bass_Island_0.5_phytoplankton_abundance,Cryptomonas_reflexa_Skuja_cell_L-1,0,
Chaffin,South_Bass_Island,0.5,phytoplankton_abundance,Chaffin_South_Bass_Island_0.5_phytoplankton_abundance,Cryptomonas_rostratiformis_Skuja_cell_L-1,0,
Chaffin,South_Bass_Island,0.5,phytoplankton_abundance,Chaffin_South_Bass_Island_0.5_phytoplankton_abundance,Cryptomonas_sp_cell_L-1,0,
Chaffin,South_Bass_Island,0.5,phytoplankton_abundance,Chaffin_South_Bass_Island_0.5_phytoplankton_abundance,Katablepharis_ovalis_Skuja_cell_L-1,0,
Chaffin,South_Bass_Island,0.5,phytoplankton_abundance,Chaffin_South_Bass_Island_0.5_phytoplankton_abundance,Rhodomonas_minuta_var_nannoplanctica_Skuja_cell_L-1,0,
Chaffin,South_Bass_Island,0.5,phytoplankton_abundance,Chaffin_South_Bass_Island_0.5_phytoplankton_abundance,Glenodinium_sp_cell_L-1,0,
Chaffin,South_Bass_Island,0.5,phytoplankton_abundance,Chaffin_South_Bass_Island_0.5_phytoplankton_abundance,Gymnodinium_helveticum_Penard_cell_L-1,0,
Chaffin,South_Bass_Island,0.5,phytoplankton_abundance,Chaffin_South_Bass_Island_0.5_phytoplankton_abundance,Gymnodinium_sp_cell_L-1,0,
Chaffin,South_Bass_Island,0.5,phytoplankton_abundance,Chaffin_South_Bass_Island_0.5_phytoplankton_abundance,Peridinium_aciculiferum_Lemmermann_cell_L-1,0,
Chaffin,South_Bass_Island,0.5,phytoplankton_abundance,Chaffin_South_Bass_Island_0.5_phytoplankton_abundance,Peridinium_sp_cell_L-1,0,
Chaffin,South_Bass_Island,0.5,phytoplankton_abundance,Chaffin_South_Bass_Island_0.5_phytoplankton_abundance,Total_Cyanobacteria_units_or_cells_L-1,64450080,
Chaffin,South_Bass_Island,0.5,phytoplankton_abundance,Chaffin_South_Bass_Island_0.5_phytoplankton_abundance,Total_Chlorophyta_units_or_cells_L-1,28920022,
Chaffin,South_Bass_Island,0.5,phytoplankton_abundance,Chaffin_South_Bass_Island_0.5_phytoplankton_abundance,Total_Euglenophyta_units_or_cells_L-1,0,
Chaffin,South_Bass_Island,0.5,phytoplankton_abundance,Chaffin_South_Bass_Island_0.5_phytoplankton_abundance,Total_Chrysophycea_units_or_cells_L-1,507246,
Chaffin,South_Bass_Island,0.5,phytoplankton_abundance,Chaffin_South_Bass_Island_0.5_phytoplankton_abundance,Total_Diatomeae_units_or_cells_L-1,337380,
Chaffin,South_Bass_Island,0.5,phytoplankton_abundance,Chaffin_South_Bass_Island_0.5_phytoplankton_abundance,Total_Cryptophyta_units_or_cells_L-1,0,
Chaffin,South_Bass_Island,0.5,phytoplankton_abundance,Chaffin_South_Bass_Island_0.5_phytoplankton_abundance,Total_Peridineae_units_or_cells_L-1,0,
Chaffin,South_Bass_Island,0.5,phytoplankton_abundance,Chaffin_South_Bass_Island_0.5_phytoplankton_abundance,total_units_or_cells_L-1,94214728,
McKay,EC_1,0.5,phytoplankton_abundance,McKay_EC_1_0.5_phytoplankton_abundance,Aphanocapsa_holsatica__Lemm_Cronb_&_Kom_cell_L-1,1012000,
McKay,EC_1,0.5,phytoplankton_abundance,McKay_EC_1_0.5_phytoplankton_abundance,Aphanocapsa_sp_cell_L-1,128000,
McKay,EC_1,0.5,phytoplankton_abundance,McKay_EC_1_0.5_phytoplankton_abundance,Cyanodictyon_filiforme_JKomárková-Legnerová_&_GCronberg_cell_L-1,896000,
McKay,EC_1,0.5,phytoplankton_abundance,McKay_EC_1_0.5_phytoplankton_abundance,Cyanophyta_sp_cell_L-1,62600124,
McKay,EC_1,0.5,phytoplankton_abundance,McKay_EC_1_0.5_phytoplankton_abundance,Gloeocapsa_sp_cell_L-1,119352,
McKay,EC_1,0.5,phytoplankton_abundance,McKay_EC_1_0.5_phytoplankton_abundance,Microcystis_sp_cell_L-1,0,
McKay,EC_1,0.5,phytoplankton_abundance,McKay_EC_1_0.5_phytoplankton_abundance,Planktothrix_agardhii_Gomont_Anag_and_Komar_cell_L-1,0,
McKay,EC_1,0.5,phytoplankton_abundance,McKay_EC_1_0.5_phytoplankton_abundance,Pseudanabaena_contorta_Kling_&_Watson_cell_L-1,0,
McKay,EC_1,0.5,phytoplankton_abundance,McKay_EC_1_0.5_phytoplankton_abundance,Pseudanabaena_sp_cell_L-1,0,
McKay,EC_1,0.5,phytoplankton_abundance,McKay_EC_1_0.5_phytoplankton_abundance,Synechococcus_sp_cell_L-1,0,
McKay,EC_1,0.5,phytoplankton_abundance,McKay_EC_1_0.5_phytoplankton_abundance,Woronichinia_sp_cell_L-1,2112000,
McKay,EC_1,0.5,phytoplankton_abundance,McKay_EC_1_0.5_phytoplankton_abundance,Actinastrum_hantzschii_Lagerheim_cell_L-1,0,
McKay,EC_1,0.5,phytoplankton_abundance,McKay_EC_1_0.5_phytoplankton_abundance,Botryococcus_sp_cell_L-1,0,
McKay,EC_1,0.5,phytoplankton_abundance,McKay_EC_1_0.5_phytoplankton_abundance,Campylomonas_sp_cell_L-1,0,
McKay,EC_1,0.5,phytoplankton_abundance,McKay_EC_1_0.5_phytoplankton_abundance,Chlorogonium_minimum_Playfair_cell_L-1,0,
McKay,EC_1,0.5,phytoplankton_abundance,McKay_EC_1_0.5_phytoplankton_abundance,Chlorophyceae_spp_cell_L-1,3341856,
McKay,EC_1,0.5,phytoplankton_abundance,McKay_EC_1_0.5_phytoplankton_abundance,Closterium_aciculare_T_West_cell_L-1,0,
McKay,EC_1,0.5,phytoplankton_abundance,McKay_EC_1_0.5_phytoplankton_abundance,Closterium_strigosum_Brebisson_cell_L-1,0,
McKay,EC_1,0.5,phytoplankton_abundance,McKay_EC_1_0.5_phytoplankton_abundance,Collodictyon_triciliatum_H_Carter_cell_L-1,0,
McKay,EC_1,0.5,phytoplankton_abundance,McKay_EC_1_0.5_phytoplankton_abundance,Desmodesmus_sp_cell_L-1,0,
McKay,EC_1,0.5,phytoplankton_abundance,McKay_EC_1_0.5_phytoplankton_abundance,Gloeotila_pelagica_Nyegaard_Skuja_cell_L-1,0,
McKay,EC_1,0.5,phytoplankton_abundance,McKay_EC_1_0.5_phytoplankton_abundance,Koliella_longiseta_Vischer_Hindák_cell_L-1,0,
McKay,EC_1,0.5,phytoplankton_abundance,McKay_EC_1_0.5_phytoplankton_abundance,Koliella_sp_cell_L-1,0,
McKay,EC_1,0.5,phytoplankton_abundance,McKay_EC_1_0.5_phytoplankton_abundance,Lagerheimia_genevensis_Chodat_cell_L-1,0,
McKay,EC_1,0.5,phytoplankton_abundance,McKay_EC_1_0.5_phytoplankton_abundance,Monoraphidium_arcuatum_Korshikov_Hindák_cell_L-1,0,
McKay,EC_1,0.5,phytoplankton_abundance,McKay_EC_1_0.5_phytoplankton_abundance,Monoraphidium_contortum_Thurs_Kom_cell_L-1,0,
McKay,EC_1,0.5,phytoplankton_abundance,McKay_EC_1_0.5_phytoplankton_abundance,Monoraphidium_minutum_Nägeli_Komárková-legnerová_cell_L-1,0,
McKay,EC_1,0.5,phytoplankton_abundance,McKay_EC_1_0.5_phytoplankton_abundance,Mougeotia_sp_cell_L-1,0,
McKay,EC_1,0.5,phytoplankton_abundance,McKay_EC_1_0.5_phytoplankton_abundance,Nephrochlamys_sp_cell_L-1,0,
McKay,EC_1,0.5,phytoplankton_abundance,McKay_EC_1_0.5_phytoplankton_abundance,Oocystis_solitaria_Wittrock_cell_L-1,0,
McKay,EC_1,0.5,phytoplankton_abundance,McKay_EC_1_0.5_phytoplankton_abundance,Oocystis_sp_cell_L-1,29838,
McKay,EC_1,0.5,phytoplankton_abundance,McKay_EC_1_0.5_phytoplankton_abundance,Planktosphaeria_gelatinosa_GMSmith_cell_L-1,64000,
McKay,EC_1,0.5,phytoplankton_abundance,McKay_EC_1_0.5_phytoplankton_abundance,Scenedesmus_sp_cell_L-1,179028,
McKay,EC_1,0.5,phytoplankton_abundance,McKay_EC_1_0.5_phytoplankton_abundance,Spermatozopsis_exsultans_Korshikov_cell_L-1,0,
McKay,EC_1,0.5,phytoplankton_abundance,McKay_EC_1_0.5_phytoplankton_abundance,Stichococcus_sp_cell_L-1,0,
McKay,EC_1,0.5,phytoplankton_abundance,McKay_EC_1_0.5_phytoplankton_abundance,Tetraedron_triangulare_Korshikov_cell_L-1,29838,
McKay,EC_1,0.5,phytoplankton_abundance,McKay_EC_1_0.5_phytoplankton_abundance,Tetrastrum_heteracanthum_Nordst_Chod_cell_L-1,0,
McKay,EC_1,0.5,phytoplankton_abundance,McKay_EC_1_0.5_phytoplankton_abundance,Euglena_sp_cell_L-1,0,
McKay,EC_1,0.5,phytoplankton_abundance,McKay_EC_1_0.5_phytoplankton_abundance,Aulomonas_purdyi_Lackey_cell_L-1,0,
McKay,EC_1,0.5,phytoplankton_abundance,McKay_EC_1_0.5_phytoplankton_abundance,Bicoeca_sp_cell_L-1,0,
McKay,EC_1,0.5,phytoplankton_abundance,McKay_EC_1_0.5_phytoplankton_abundance,Chrysochromulina_parva_Lackey_cell_L-1,0,
McKay,EC_1,0.5,phytoplankton_abundance,McKay_EC_1_0.5_phytoplankton_abundance,Chrysococcus_sp_cell_L-1,298380,
McKay,EC_1,0.5,phytoplankton_abundance,McKay_EC_1_0.5_phytoplankton_abundance,Chrysolykos_planktonicus_Mack_cell_L-1,0,
McKay,EC_1,0.5,phytoplankton_abundance,McKay_EC_1_0.5_phytoplankton_abundance,Chrysophyceae_Cyst_cell_L-1,0,
McKay,EC_1,0.5,phytoplankton_abundance,McKay_EC_1_0.5_phytoplankton_abundance,Chrysophyceae_spp_cell_L-1,268542,
McKay,EC_1,0.5,phytoplankton_abundance,McKay_EC_1_0.5_phytoplankton_abundance,Dinobryon_cylindricum_Imhof_cell_L-1,0,
McKay,EC_1,0.5,phytoplankton_abundance,McKay_EC_1_0.5_phytoplankton_abundance,Dinobryon_sertularia_Ehrenberg_cell_L-1,0,
McKay,EC_1,0.5,phytoplankton_abundance,McKay_EC_1_0.5_phytoplankton_abundance,Dinobryon_sp_cell_L-1,0,
McKay,EC_1,0.5,phytoplankton_abundance,McKay_EC_1_0.5_phytoplankton_abundance,Epipyxis_sp_cell_L-1,0,
McKay,EC_1,0.5,phytoplankton_abundance,McKay_EC_1_0.5_phytoplankton_abundance,Mallomonas_elongata_Reverdin_cell_L-1,0,
McKay,EC_1,0.5,phytoplankton_abundance,McKay_EC_1_0.5_phytoplankton_abundance,Mallomonas_sp_cell_L-1,0,
McKay,EC_1,0.5,phytoplankton_abundance,McKay_EC_1_0.5_phytoplankton_abundance,Ochromonad_sp_cell_L-1,149190,
McKay,EC_1,0.5,phytoplankton_abundance,McKay_EC_1_0.5_phytoplankton_abundance,Ochromonas_sp_cell_L-1,0,
McKay,EC_1,0.5,phytoplankton_abundance,McKay_EC_1_0.5_phytoplankton_abundance,Pseudopedinella_sp_cell_L-1,59676,
McKay,EC_1,0.5,phytoplankton_abundance,McKay_EC_1_0.5_phytoplankton_abundance,Rhizochrysis_limnetica_GM_Smith_cell_L-1,0,
McKay,EC_1,0.5,phytoplankton_abundance,McKay_EC_1_0.5_phytoplankton_abundance,Salpingoeca_frequentissima_Zacharias_Lemmermann_cell_L-1,0,
McKay,EC_1,0.5,phytoplankton_abundance,McKay_EC_1_0.5_phytoplankton_abundance,Spiniferomonas_sp_cell_L-1,0,
McKay,EC_1,0.5,phytoplankton_abundance,McKay_EC_1_0.5_phytoplankton_abundance,Stelexomonas_dichotoma_JLackey_cell_L-1,59676,
McKay,EC_1,0.5,phytoplankton_abundance,McKay_EC_1_0.5_phytoplankton_abundance,Synura_sp_cell_L-1,0,
McKay,EC_1,0.5,phytoplankton_abundance,McKay_EC_1_0.5_phytoplankton_abundance,Achnanthidium_sp_cell_L-1,0,
McKay,EC_1,0.5,phytoplankton_abundance,McKay_EC_1_0.5_phytoplankton_abundance,Asterionella_formosa_Hassall_cell_L-1,0,
McKay,EC_1,0.5,phytoplankton_abundance,McKay_EC_1_0.5_phytoplankton_abundance,Aulacoseira_ambigua_Grunow_Simonsen_cell_L-1,34000,
McKay,EC_1,0.5,phytoplankton_abundance,McKay_EC_1_0.5_phytoplankton_abundance,Aulacoseira_distans_Ehrenb_Simonsen_cell_L-1,0,
McKay,EC_1,0.5,phytoplankton_abundance,McKay_EC_1_0.5_phytoplankton_abundance,Aulacoseira_islandica_O_Mull_Simonsen_cell_L-1,0,
McKay,EC_1,0.5,phytoplankton_abundance,McKay_EC_1_0.5_phytoplankton_abundance,Bacillariophyceae_spp_cell_L-1,1193520,
McKay,EC_1,0.5,phytoplankton_abundance,McKay_EC_1_0.5_phytoplankton_abundance,Cocconeis_pediculus_Ehrenb_cell_L-1,0,
McKay,EC_1,0.5,phytoplankton_abundance,McKay_EC_1_0.5_phytoplankton_abundance,Cyclotella_comensis_Grunow_cell_L-1,484408,
McKay,EC_1,0.5,phytoplankton_abundance,McKay_EC_1_0.5_phytoplankton_abundance,Cyclotella_ocellata_Pantocsek_cell_L-1,0,
McKay,EC_1,0.5,phytoplankton_abundance,McKay_EC_1_0.5_phytoplankton_abundance,Cyclotella_sp_cell_L-1,0,
McKay,EC_1,0.5,phytoplankton_abundance,McKay_EC_1_0.5_phytoplankton_abundance,Diatoma_tenue_var_elongatum_Lyngb_cell_L-1,0,
McKay,EC_1,0.5,phytoplankton_abundance,McKay_EC_1_0.5_phytoplankton_abundance,Diatoma_vulgaris_Bory_cell_L-1,0,
McKay,EC_1,0.5,phytoplankton_abundance,McKay_EC_1_0.5_phytoplankton_abundance,Encyonema_minutum_Hilse_DGMann_cell_L-1,0,
McKay,EC_1,0.5,phytoplankton_abundance,McKay_EC_1_0.5_phytoplankton_abundance,Encyonema_sp_cell_L-1,0,
McKay,EC_1,0.5,phytoplankton_abundance,McKay_EC_1_0.5_phytoplankton_abundance,Fragilaria_capucina_Desmazières_cell_L-1,0,
McKay,EC_1,0.5,phytoplankton_abundance,McKay_EC_1_0.5_phytoplankton_abundance,Fragilaria_construens_Ehr_Grunow_cell_L-1,0,
McKay,EC_1,0.5,phytoplankton_abundance,McKay_EC_1_0.5_phytoplankton_abundance,Fragilaria_sp_cell_L-1,2000,
McKay,EC_1,0.5,phytoplankton_abundance,McKay_EC_1_0.5_phytoplankton_abundance,Gomphonema_sp_cell_L-1,0,
McKay,EC_1,0.5,phytoplankton_abundance,McKay_EC_1_0.5_phytoplankton_abundance,Navicula_sp_cell_L-1,0,
McKay,EC_1,0.5,phytoplankton_abundance,McKay_EC_1_0.5_phytoplankton_abundance,Navicula_tripunctata_O_F_Müll_Bory_cell_L-1,0,
McKay,EC_1,0.5,phytoplankton_abundance,McKay_EC_1_0.5_phytoplankton_abundance,Nitzschia_acicularis_Kütz_W_Smith_cell_L-1,13000,
McKay,EC_1,0.5,phytoplankton_abundance,McKay_EC_1_0.5_phytoplankton_abundance,Nitzschia_linearis_C_Agardh_W_Sm_cell_L-1,1000,
McKay,EC_1,0.5,phytoplankton_abundance,McKay_EC_1_0.5_phytoplankton_abundance,Nitzschia_sp_cell_L-1,5000,
McKay,EC_1,0.5,phytoplankton_abundance,McKay_EC_1_0.5_phytoplankton_abundance,Rhoicosphenia_abbreviata_CAgardh_Lange-Bertalot_cell_L-1,0,
McKay,EC_1,0.5,phytoplankton_abundance,McKay_EC_1_0.5_phytoplankton_abundance,Skeletonema_potamos_Weber_Hasle_cell_L-1,0,
McKay,EC_1,0.5,phytoplankton_abundance,McKay_EC_1_0.5_phytoplankton_abundance,Stephanodiscus_agassizensis_Håk&_Kling_cell_L-1,0,
McKay,EC_1,0.5,phytoplankton_abundance,McKay_EC_1_0.5_phytoplankton_abundance,Stephanodiscus_binderanus_Kütz_Willi_Kreig_cell_L-1,0,
McKay,EC_1,0.5,phytoplankton_abundance,McKay_EC_1_0.5_phytoplankton_abundance,Stephanodiscus_hantzschii_Grunow_cell_L-1,0,
McKay,EC_1,0.5,phytoplankton_abundance,McKay_EC_1_0.5_phytoplankton_abundance,Stephanodiscus_sp_cell_L-1,0,
McKay,EC_1,0.5,phytoplankton_abundance,McKay_EC_1_0.5_phytoplankton_abundance,Synedra_acus_var_radians_Kütz_Hustedt_cell_L-1,10000,
McKay,EC_1,0.5,phytoplankton_abundance,McKay_EC_1_0.5_phytoplankton_abundance,Synedra_sp_cell_L-1,0,
McKay,EC_1,0.5,phytoplankton_abundance,McKay_EC_1_0.5_phytoplankton_abundance,Tabellaria_fenestrata_Lyngb_Kütz_cell_L-1,0,
McKay,EC_1,0.5,phytoplankton_abundance,McKay_EC_1_0.5_phytoplankton_abundance,Urosolenia_eriensis_Crawford_&_Mann_cell_L-1,0,
McKay,EC_1,0.5,phytoplankton_abundance,McKay_EC_1_0.5_phytoplankton_abundance,Cryptomonas_erosa_Ehrenberg_cell_L-1,0,
McKay,EC_1,0.5,phytoplankton_abundance,McKay_EC_1_0.5_phytoplankton_abundance,Cryptomonas_marssonii_Skuja_cell_L-1,0,
McKay,EC_1,0.5,phytoplankton_abundance,McKay_EC_1_0.5_phytoplankton_abundance,Cryptomonas_obovata_Skuja_cell_L-1,0,
McKay,EC_1,0.5,phytoplankton_abundance,McKay_EC_1_0.5_phytoplankton_abundance,Cryptomonas_reflexa_Skuja_cell_L-1,0,
McKay,EC_1,0.5,phytoplankton_abundance,McKay_EC_1_0.5_phytoplankton_abundance,Cryptomonas_rostratiformis_Skuja_cell_L-1,0,
McKay,EC_1,0.5,phytoplankton_abundance,McKay_EC_1_0.5_phytoplankton_abundance,Cryptomonas_sp_cell_L-1,0,
McKay,EC_1,0.5,phytoplankton_abundance,McKay_EC_1_0.5_phytoplankton_abundance,Katablepharis_ovalis_Skuja_cell_L-1,29838,
McKay,EC_1,0.5,phytoplankton_abundance,McKay_EC_1_0.5_phytoplankton_abundance,Rhodomonas_minuta_var_nannoplanctica_Skuja_cell_L-1,0,
McKay,EC_1,0.5,phytoplankton_abundance,McKay_EC_1_0.5_phytoplankton_abundance,Glenodinium_sp_cell_L-1,0,
McKay,EC_1,0.5,phytoplankton_abundance,McKay_EC_1_0.5_phytoplankton_abundance,Gymnodinium_helveticum_Penard_cell_L-1,0,
McKay,EC_1,0.5,phytoplankton_abundance,McKay_EC_1_0.5_phytoplankton_abundance,Gymnodinium_sp_cell_L-1,0,
McKay,EC_1,0.5,phytoplankton_abundance,McKay_EC_1_0.5_phytoplankton_abundance,Peridinium_aciculiferum_Lemmermann_cell_L-1,0,
McKay,EC_1,0.5,phytoplankton_abundance,McKay_EC_1_0.5_phytoplankton_abundance,Peridinium_sp_cell_L-1,0,
McKay,EC_1,0.5,phytoplankton_abundance,McKay_EC_1_0.5_phytoplankton_abundance,Total_Cyanobacteria_units_or_cells_L-1,66867476,
McKay,EC_1,0.5,phytoplankton_abundance,McKay_EC_1_0.5_phytoplankton_abundance,Total_Chlorophyta_units_or_cells_L-1,3644560,
McKay,EC_1,0.5,phytoplankton_abundance,McKay_EC_1_0.5_phytoplankton_abundance,Total_Euglenophyta_units_or_cells_L-1,0,
McKay,EC_1,0.5,phytoplankton_abundance,McKay_EC_1_0.5_phytoplankton_abundance,Total_Chrysophycea_units_or_cells_L-1,835464,
McKay,EC_1,0.5,phytoplankton_abundance,McKay_EC_1_0.5_phytoplankton_abundance,Total_Diatomeae_units_or_cells_L-1,1742928,
McKay,EC_1,0.5,phytoplankton_abundance,McKay_EC_1_0.5_phytoplankton_abundance,Total_Cryptophyta_units_or_cells_L-1,29838,
McKay,EC_1,0.5,phytoplankton_abundance,McKay_EC_1_0.5_phytoplankton_abundance,Total_Peridineae_units_or_cells_L-1,0,
McKay,EC_1,0.5,phytoplankton_abundance,McKay_EC_1_0.5_phytoplankton_abundance,total_units_or_cells_L-1,73120266,
Uzarski,Vanderbilt_Park_Saginaw_Bay,0.5,phytoplankton_abundance,Uzarski_Vanderbilt_Park_Saginaw_Bay_0.5_phytoplankton_abundance,Aphanocapsa_holsatica__Lemm_Cronb_&_Kom_cell_L-1,0,
Uzarski,Vanderbilt_Park_Saginaw_Bay,0.5,phytoplankton_abundance,Uzarski_Vanderbilt_Park_Saginaw_Bay_0.5_phytoplankton_abundance,Aphanocapsa_sp_cell_L-1,0,
Uzarski,Vanderbilt_Park_Saginaw_Bay,0.5,phytoplankton_abundance,Uzarski_Vanderbilt_Park_Saginaw_Bay_0.5_phytoplankton_abundance,Cyanodictyon_filiforme_JKomárková-Legnerová_&_GCronberg_cell_L-1,0,
Uzarski,Vanderbilt_Park_Saginaw_Bay,0.5,phytoplankton_abundance,Uzarski_Vanderbilt_Park_Saginaw_Bay_0.5_phytoplankton_abundance,Cyanophyta_sp_cell_L-1,24765540,
Uzarski,Vanderbilt_Park_Saginaw_Bay,0.5,phytoplankton_abundance,Uzarski_Vanderbilt_Park_Saginaw_Bay_0.5_phytoplankton_abundance,Gloeocapsa_sp_cell_L-1,0,
Uzarski,Vanderbilt_Park_Saginaw_Bay,0.5,phytoplankton_abundance,Uzarski_Vanderbilt_Park_Saginaw_Bay_0.5_phytoplankton_abundance,Microcystis_sp_cell_L-1,0,
Uzarski,Vanderbilt_Park_Saginaw_Bay,0.5,phytoplankton_abundance,Uzarski_Vanderbilt_Park_Saginaw_Bay_0.5_phytoplankton_abundance,Planktothrix_agardhii_Gomont_Anag_and_Komar_cell_L-1,0,
Uzarski,Vanderbilt_Park_Saginaw_Bay,0.5,phytoplankton_abundance,Uzarski_Vanderbilt_Park_Saginaw_Bay_0.5_phytoplankton_abundance,Pseudanabaena_contorta_Kling_&_Watson_cell_L-1,0,
Uzarski,Vanderbilt_Park_Saginaw_Bay,0.5,phytoplankton_abundance,Uzarski_Vanderbilt_Park_Saginaw_Bay_0.5_phytoplankton_abundance,Pseudanabaena_sp_cell_L-1,1000,
Uzarski,Vanderbilt_Park_Saginaw_Bay,0.5,phytoplankton_abundance,Uzarski_Vanderbilt_Park_Saginaw_Bay_0.5_phytoplankton_abundance,Synechococcus_sp_cell_L-1,0,
Uzarski,Vanderbilt_Park_Saginaw_Bay,0.5,phytoplankton_abundance,Uzarski_Vanderbilt_Park_Saginaw_Bay_0.5_phytoplankton_abundance,Woronichinia_sp_cell_L-1,0,
Uzarski,Vanderbilt_Park_Saginaw_Bay,0.5,phytoplankton_abundance,Uzarski_Vanderbilt_Park_Saginaw_Bay_0.5_phytoplankton_abundance,Actinastrum_hantzschii_Lagerheim_cell_L-1,0,
Uzarski,Vanderbilt_Park_Saginaw_Bay,0.5,phytoplankton_abundance,Uzarski_Vanderbilt_Park_Saginaw_Bay_0.5_phytoplankton_abundance,Botryococcus_sp_cell_L-1,0,
Uzarski,Vanderbilt_Park_Saginaw_Bay,0.5,phytoplankton_abundance,Uzarski_Vanderbilt_Park_Saginaw_Bay_0.5_phytoplankton_abundance,Campylomonas_sp_cell_L-1,0,
Uzarski,Vanderbilt_Park_Saginaw_Bay,0.5,phytoplankton_abundance,Uzarski_Vanderbilt_Park_Saginaw_Bay_0.5_phytoplankton_abundance,Chlorogonium_minimum_Playfair_cell_L-1,0,
Uzarski,Vanderbilt_Park_Saginaw_Bay,0.5,phytoplankton_abundance,Uzarski_Vanderbilt_Park_Saginaw_Bay_0.5_phytoplankton_abundance,Chlorophyceae_spp_cell_L-1,5997438,
Uzarski,Vanderbilt_Park_Saginaw_Bay,0.5,phytoplankton_abundance,Uzarski_Vanderbilt_Park_Saginaw_Bay_0.5_phytoplankton_abundance,Closterium_aciculare_T_West_cell_L-1,0,
Uzarski,Vanderbilt_Park_Saginaw_Bay,0.5,phytoplankton_abundance,Uzarski_Vanderbilt_Park_Saginaw_Bay_0.5_phytoplankton_abundance,Closterium_strigosum_Brebisson_cell_L-1,0,
Uzarski,Vanderbilt_Park_Saginaw_Bay,0.5,phytoplankton_abundance,Uzarski_Vanderbilt_Park_Saginaw_Bay_0.5_phytoplankton_abundance,Collodictyon_triciliatum_H_Carter_cell_L-1,0,
Uzarski,Vanderbilt_Park_Saginaw_Bay,0.5,phytoplankton_abundance,Uzarski_Vanderbilt_Park_Saginaw_Bay_0.5_phytoplankton_abundance,Desmodesmus_sp_cell_L-1,0,
Uzarski,Vanderbilt_Park_Saginaw_Bay,0.5,phytoplankton_abundance,Uzarski_Vanderbilt_Park_Saginaw_Bay_0.5_phytoplankton_abundance,Gloeotila_pelagica_Nyegaard_Skuja_cell_L-1,0,
Uzarski,Vanderbilt_Park_Saginaw_Bay,0.5,phytoplankton_abundance,Uzarski_Vanderbilt_Park_Saginaw_Bay_0.5_phytoplankton_abundance,Koliella_longiseta_Vischer_Hindák_cell_L-1,0,
Uzarski,Vanderbilt_Park_Saginaw_Bay,0.5,phytoplankton_abundance,Uzarski_Vanderbilt_Park_Saginaw_Bay_0.5_phytoplankton_abundance,Koliella_sp_cell_L-1,0,
Uzarski,Vanderbilt_Park_Saginaw_Bay,0.5,phytoplankton_abundance,Uzarski_Vanderbilt_Park_Saginaw_Bay_0.5_phytoplankton_abundance,Lagerheimia_genevensis_Chodat_cell_L-1,0,
Uzarski,Vanderbilt_Park_Saginaw_Bay,0.5,phytoplankton_abundance,Uzarski_Vanderbilt_Park_Saginaw_Bay_0.5_phytoplankton_abundance,Monoraphidium_arcuatum_Korshikov_Hindák_cell_L-1,0,
Uzarski,Vanderbilt_Park_Saginaw_Bay,0.5,phytoplankton_abundance,Uzarski_Vanderbilt_Park_Saginaw_Bay_0.5_phytoplankton_abundance,Monoraphidium_contortum_Thurs_Kom_cell_L-1,0,
Uzarski,Vanderbilt_Park_Saginaw_Bay,0.5,phytoplankton_abundance,Uzarski_Vanderbilt_Park_Saginaw_Bay_0.5_phytoplankton_abundance,Monoraphidium_minutum_Nägeli_Komárková-legnerová_cell_L-1,0,
Uzarski,Vanderbilt_Park_Saginaw_Bay,0.5,phytoplankton_abundance,Uzarski_Vanderbilt_Park_Saginaw_Bay_0.5_phytoplankton_abundance,Mougeotia_sp_cell_L-1,0,
Uzarski,Vanderbilt_Park_Saginaw_Bay,0.5,phytoplankton_abundance,Uzarski_Vanderbilt_Park_Saginaw_Bay_0.5_phytoplankton_abundance,Nephrochlamys_sp_cell_L-1,0,
Uzarski,Vanderbilt_Park_Saginaw_Bay,0.5,phytoplankton_abundance,Uzarski_Vanderbilt_Park_Saginaw_Bay_0.5_phytoplankton_abundance,Oocystis_solitaria_Wittrock_cell_L-1,0,
Uzarski,Vanderbilt_Park_Saginaw_Bay,0.5,phytoplankton_abundance,Uzarski_Vanderbilt_Park_Saginaw_Bay_0.5_phytoplankton_abundance,Oocystis_sp_cell_L-1,0,
Uzarski,Vanderbilt_Park_Saginaw_Bay,0.5,phytoplankton_abundance,Uzarski_Vanderbilt_Park_Saginaw_Bay_0.5_phytoplankton_abundance,Planktosphaeria_gelatinosa_GMSmith_cell_L-1,0,
Uzarski,Vanderbilt_Park_Saginaw_Bay,0.5,phytoplankton_abundance,Uzarski_Vanderbilt_Park_Saginaw_Bay_0.5_phytoplankton_abundance,Scenedesmus_sp_cell_L-1,0,
Uzarski,Vanderbilt_Park_Saginaw_Bay,0.5,phytoplankton_abundance,Uzarski_Vanderbilt_Park_Saginaw_Bay_0.5_phytoplankton_abundance,Spermatozopsis_exsultans_Korshikov_cell_L-1,59676,
Uzarski,Vanderbilt_Park_Saginaw_Bay,0.5,phytoplankton_abundance,Uzarski_Vanderbilt_Park_Saginaw_Bay_0.5_phytoplankton_abundance,Stichococcus_sp_cell_L-1,0,
Uzarski,Vanderbilt_Park_Saginaw_Bay,0.5,phytoplankton_abundance,Uzarski_Vanderbilt_Park_Saginaw_Bay_0.5_phytoplankton_abundance,Tetraedron_triangulare_Korshikov_cell_L-1,0,
Uzarski,Vanderbilt_Park_Saginaw_Bay,0.5,phytoplankton_abundance,Uzarski_Vanderbilt_Park_Saginaw_Bay_0.5_phytoplankton_abundance,Tetrastrum_heteracanthum_Nordst_Chod_cell_L-1,0,
Uzarski,Vanderbilt_Park_Saginaw_Bay,0.5,phytoplankton_abundance,Uzarski_Vanderbilt_Park_Saginaw_Bay_0.5_phytoplankton_abundance,Euglena_sp_cell_L-1,0,
Uzarski,Vanderbilt_Park_Saginaw_Bay,0.5,phytoplankton_abundance,Uzarski_Vanderbilt_Park_Saginaw_Bay_0.5_phytoplankton_abundance,Aulomonas_purdyi_Lackey_cell_L-1,0,
Uzarski,Vanderbilt_Park_Saginaw_Bay,0.5,phytoplankton_abundance,Uzarski_Vanderbilt_Park_Saginaw_Bay_0.5_phytoplankton_abundance,Bicoeca_sp_cell_L-1,0,
Uzarski,Vanderbilt_Park_Saginaw_Bay,0.5,phytoplankton_abundance,Uzarski_Vanderbilt_Park_Saginaw_Bay_0.5_phytoplankton_abundance,Chrysochromulina_parva_Lackey_cell_L-1,1432224,
Uzarski,Vanderbilt_Park_Saginaw_Bay,0.5,phytoplankton_abundance,Uzarski_Vanderbilt_Park_Saginaw_Bay_0.5_phytoplankton_abundance,Chrysococcus_sp_cell_L-1,0,
Uzarski,Vanderbilt_Park_Saginaw_Bay,0.5,phytoplankton_abundance,Uzarski_Vanderbilt_Park_Saginaw_Bay_0.5_phytoplankton_abundance,Chrysolykos_planktonicus_Mack_cell_L-1,0,
Uzarski,Vanderbilt_Park_Saginaw_Bay,0.5,phytoplankton_abundance,Uzarski_Vanderbilt_Park_Saginaw_Bay_0.5_phytoplankton_abundance,Chrysophyceae_Cyst_cell_L-1,0,
Uzarski,Vanderbilt_Park_Saginaw_Bay,0.5,phytoplankton_abundance,Uzarski_Vanderbilt_Park_Saginaw_Bay_0.5_phytoplankton_abundance,Chrysophyceae_spp_cell_L-1,984654,
Uzarski,Vanderbilt_Park_Saginaw_Bay,0.5,phytoplankton_abundance,Uzarski_Vanderbilt_Park_Saginaw_Bay_0.5_phytoplankton_abundance,Dinobryon_cylindricum_Imhof_cell_L-1,0,
Uzarski,Vanderbilt_Park_Saginaw_Bay,0.5,phytoplankton_abundance,Uzarski_Vanderbilt_Park_Saginaw_Bay_0.5_phytoplankton_abundance,Dinobryon_sertularia_Ehrenberg_cell_L-1,0,
Uzarski,Vanderbilt_Park_Saginaw_Bay,0.5,phytoplankton_abundance,Uzarski_Vanderbilt_Park_Saginaw_Bay_0.5_phytoplankton_abundance,Dinobryon_sp_cell_L-1,0,
Uzarski,Vanderbilt_Park_Saginaw_Bay,0.5,phytoplankton_abundance,Uzarski_Vanderbilt_Park_Saginaw_Bay_0.5_phytoplankton_abundance,Epipyxis_sp_cell_L-1,0,
Uzarski,Vanderbilt_Park_Saginaw_Bay,0.5,phytoplankton_abundance,Uzarski_Vanderbilt_Park_Saginaw_Bay_0.5_phytoplankton_abundance,Mallomonas_elongata_Reverdin_cell_L-1,0,
Uzarski,Vanderbilt_Park_Saginaw_Bay,0.5,phytoplankton_abundance,Uzarski_Vanderbilt_Park_Saginaw_Bay_0.5_phytoplankton_abundance,Mallomonas_sp_cell_L-1,0,
Uzarski,Vanderbilt_Park_Saginaw_Bay,0.5,phytoplankton_abundance,Uzarski_Vanderbilt_Park_Saginaw_Bay_0.5_phytoplankton_abundance,Ochromonad_sp_cell_L-1,149190,
Uzarski,Vanderbilt_Park_Saginaw_Bay,0.5,phytoplankton_abundance,Uzarski_Vanderbilt_Park_Saginaw_Bay_0.5_phytoplankton_abundance,Ochromonas_sp_cell_L-1,2000,
Uzarski,Vanderbilt_Park_Saginaw_Bay,0.5,phytoplankton_abundance,Uzarski_Vanderbilt_Park_Saginaw_Bay_0.5_phytoplankton_abundance,Pseudopedinella_sp_cell_L-1,0,
Uzarski,Vanderbilt_Park_Saginaw_Bay,0.5,phytoplankton_abundance,Uzarski_Vanderbilt_Park_Saginaw_Bay_0.5_phytoplankton_abundance,Rhizochrysis_limnetica_GM_Smith_cell_L-1,0,
Uzarski,Vanderbilt_Park_Saginaw_Bay,0.5,phytoplankton_abundance,Uzarski_Vanderbilt_Park_Saginaw_Bay_0.5_phytoplankton_abundance,Salpingoeca_frequentissima_Zacharias_Lemmermann_cell_L-1,0,
Uzarski,Vanderbilt_Park_Saginaw_Bay,0.5,phytoplankton_abundance,Uzarski_Vanderbilt_Park_Saginaw_Bay_0.5_phytoplankton_abundance,Spiniferomonas_sp_cell_L-1,0,
Uzarski,Vanderbilt_Park_Saginaw_Bay,0.5,phytoplankton_abundance,Uzarski_Vanderbilt_Park_Saginaw_Bay_0.5_phytoplankton_abundance,Stelexomonas_dichotoma_JLackey_cell_L-1,0,
Uzarski,Vanderbilt_Park_Saginaw_Bay,0.5,phytoplankton_abundance,Uzarski_Vanderbilt_Park_Saginaw_Bay_0.5_phytoplankton_abundance,Synura_sp_cell_L-1,0,
Uzarski,Vanderbilt_Park_Saginaw_Bay,0.5,phytoplankton_abundance,Uzarski_Vanderbilt_Park_Saginaw_Bay_0.5_phytoplankton_abundance,Achnanthidium_sp_cell_L-1,0,
Uzarski,Vanderbilt_Park_Saginaw_Bay,0.5,phytoplankton_abundance,Uzarski_Vanderbilt_Park_Saginaw_Bay_0.5_phytoplankton_abundance,Asterionella_formosa_Hassall_cell_L-1,0,
Uzarski,Vanderbilt_Park_Saginaw_Bay,0.5,phytoplankton_abundance,Uzarski_Vanderbilt_Park_Saginaw_Bay_0.5_phytoplankton_abundance,Aulacoseira_ambigua_Grunow_Simonsen_cell_L-1,0,
Uzarski,Vanderbilt_Park_Saginaw_Bay,0.5,phytoplankton_abundance,Uzarski_Vanderbilt_Park_Saginaw_Bay_0.5_phytoplankton_abundance,Aulacoseira_distans_Ehrenb_Simonsen_cell_L-1,0,
Uzarski,Vanderbilt_Park_Saginaw_Bay,0.5,phytoplankton_abundance,Uzarski_Vanderbilt_Park_Saginaw_Bay_0.5_phytoplankton_abundance,Aulacoseira_islandica_O_Mull_Simonsen_cell_L-1,0,
Uzarski,Vanderbilt_Park_Saginaw_Bay,0.5,phytoplankton_abundance,Uzarski_Vanderbilt_Park_Saginaw_Bay_0.5_phytoplankton_abundance,Bacillariophyceae_spp_cell_L-1,119352,
Uzarski,Vanderbilt_Park_Saginaw_Bay,0.5,phytoplankton_abundance,Uzarski_Vanderbilt_Park_Saginaw_Bay_0.5_phytoplankton_abundance,Cocconeis_pediculus_Ehrenb_cell_L-1,0,
Uzarski,Vanderbilt_Park_Saginaw_Bay,0.5,phytoplankton_abundance,Uzarski_Vanderbilt_Park_Saginaw_Bay_0.5_phytoplankton_abundance,Cyclotella_comensis_Grunow_cell_L-1,0,
Uzarski,Vanderbilt_Park_Saginaw_Bay,0.5,phytoplankton_abundance,Uzarski_Vanderbilt_Park_Saginaw_Bay_0.5_phytoplankton_abundance,Cyclotella_ocellata_Pantocsek_cell_L-1,0,
Uzarski,Vanderbilt_Park_Saginaw_Bay,0.5,phytoplankton_abundance,Uzarski_Vanderbilt_Park_Saginaw_Bay_0.5_phytoplankton_abundance,Cyclotella_sp_cell_L-1,2000,
Uzarski,Vanderbilt_Park_Saginaw_Bay,0.5,phytoplankton_abundance,Uzarski_Vanderbilt_Park_Saginaw_Bay_0.5_phytoplankton_abundance,Diatoma_tenue_var_elongatum_Lyngb_cell_L-1,0,
Uzarski,Vanderbilt_Park_Saginaw_Bay,0.5,phytoplankton_abundance,Uzarski_Vanderbilt_Park_Saginaw_Bay_0.5_phytoplankton_abundance,Diatoma_vulgaris_Bory_cell_L-1,0,
Uzarski,Vanderbilt_Park_Saginaw_Bay,0.5,phytoplankton_abundance,Uzarski_Vanderbilt_Park_Saginaw_Bay_0.5_phytoplankton_abundance,Encyonema_minutum_Hilse_DGMann_cell_L-1,0,
Uzarski,Vanderbilt_Park_Saginaw_Bay,0.5,phytoplankton_abundance,Uzarski_Vanderbilt_Park_Saginaw_Bay_0.5_phytoplankton_abundance,Encyonema_sp_cell_L-1,0,
Uzarski,Vanderbilt_Park_Saginaw_Bay,0.5,phytoplankton_abundance,Uzarski_Vanderbilt_Park_Saginaw_Bay_0.5_phytoplankton_abundance,Fragilaria_capucina_Desmazières_cell_L-1,0,
Uzarski,Vanderbilt_Park_Saginaw_Bay,0.5,phytoplankton_abundance,Uzarski_Vanderbilt_Park_Saginaw_Bay_0.5_phytoplankton_abundance,Fragilaria_construens_Ehr_Grunow_cell_L-1,0,
Uzarski,Vanderbilt_Park_Saginaw_Bay,0.5,phytoplankton_abundance,Uzarski_Vanderbilt_Park_Saginaw_Bay_0.5_phytoplankton_abundance,Fragilaria_sp_cell_L-1,0,
Uzarski,Vanderbilt_Park_Saginaw_Bay,0.5,phytoplankton_abundance,Uzarski_Vanderbilt_Park_Saginaw_Bay_0.5_phytoplankton_abundance,Gomphonema_sp_cell_L-1,0,
Uzarski,Vanderbilt_Park_Saginaw_Bay,0.5,phytoplankton_abundance,Uzarski_Vanderbilt_Park_Saginaw_Bay_0.5_phytoplankton_abundance,Navicula_sp_cell_L-1,0,
Uzarski,Vanderbilt_Park_Saginaw_Bay,0.5,phytoplankton_abundance,Uzarski_Vanderbilt_Park_Saginaw_Bay_0.5_phytoplankton_abundance,Navicula_tripunctata_O_F_Müll_Bory_cell_L-1,0,
Uzarski,Vanderbilt_Park_Saginaw_Bay,0.5,phytoplankton_abundance,Uzarski_Vanderbilt_Park_Saginaw_Bay_0.5_phytoplankton_abundance,Nitzschia_acicularis_Kütz_W_Smith_cell_L-1,0,
Uzarski,Vanderbilt_Park_Saginaw_Bay,0.5,phytoplankton_abundance,Uzarski_Vanderbilt_Park_Saginaw_Bay_0.5_phytoplankton_abundance,Nitzschia_linearis_C_Agardh_W_Sm_cell_L-1,0,
Uzarski,Vanderbilt_Park_Saginaw_Bay,0.5,phytoplankton_abundance,Uzarski_Vanderbilt_Park_Saginaw_Bay_0.5_phytoplankton_abundance,Nitzschia_sp_cell_L-1,0,
Uzarski,Vanderbilt_Park_Saginaw_Bay,0.5,phytoplankton_abundance,Uzarski_Vanderbilt_Park_Saginaw_Bay_0.5_phytoplankton_abundance,Rhoicosphenia_abbreviata_CAgardh_Lange-Bertalot_cell_L-1,0,
Uzarski,Vanderbilt_Park_Saginaw_Bay,0.5,phytoplankton_abundance,Uzarski_Vanderbilt_Park_Saginaw_Bay_0.5_phytoplankton_abundance,Skeletonema_potamos_Weber_Hasle_cell_L-1,0,
Uzarski,Vanderbilt_Park_Saginaw_Bay,0.5,phytoplankton_abundance,Uzarski_Vanderbilt_Park_Saginaw_Bay_0.5_phytoplankton_abundance,Stephanodiscus_agassizensis_Håk&_Kling_cell_L-1,0,
Uzarski,Vanderbilt_Park_Saginaw_Bay,0.5,phytoplankton_abundance,Uzarski_Vanderbilt_Park_Saginaw_Bay_0.5_phytoplankton_abundance,Stephanodiscus_binderanus_Kütz_Willi_Kreig_cell_L-1,0,
Uzarski,Vanderbilt_Park_Saginaw_Bay,0.5,phytoplankton_abundance,Uzarski_Vanderbilt_Park_Saginaw_Bay_0.5_phytoplankton_abundance,Stephanodiscus_hantzschii_Grunow_cell_L-1,0,
Uzarski,Vanderbilt_Park_Saginaw_Bay,0.5,phytoplankton_abundance,Uzarski_Vanderbilt_Park_Saginaw_Bay_0.5_phytoplankton_abundance,Stephanodiscus_sp_cell_L-1,0,
Uzarski,Vanderbilt_Park_Saginaw_Bay,0.5,phytoplankton_abundance,Uzarski_Vanderbilt_Park_Saginaw_Bay_0.5_phytoplankton_abundance,Synedra_acus_var_radians_Kütz_Hustedt_cell_L-1,0,
Uzarski,Vanderbilt_Park_Saginaw_Bay,0.5,phytoplankton_abundance,Uzarski_Vanderbilt_Park_Saginaw_Bay_0.5_phytoplankton_abundance,Synedra_sp_cell_L-1,0,
Uzarski,Vanderbilt_Park_Saginaw_Bay,0.5,phytoplankton_abundance,Uzarski_Vanderbilt_Park_Saginaw_Bay_0.5_phytoplankton_abundance,Tabellaria_fenestrata_Lyngb_Kütz_cell_L-1,0,
Uzarski,Vanderbilt_Park_Saginaw_Bay,0.5,phytoplankton_abundance,Uzarski_Vanderbilt_Park_Saginaw_Bay_0.5_phytoplankton_abundance,Urosolenia_eriensis_Crawford_&_Mann_cell_L-1,29838,
Uzarski,Vanderbilt_Park_Saginaw_Bay,0.5,phytoplankton_abundance,Uzarski_Vanderbilt_Park_Saginaw_Bay_0.5_phytoplankton_abundance,Cryptomonas_erosa_Ehrenberg_cell_L-1,0,
Uzarski,Vanderbilt_Park_Saginaw_Bay,0.5,phytoplankton_abundance,Uzarski_Vanderbilt_Park_Saginaw_Bay_0.5_phytoplankton_abundance,Cryptomonas_marssonii_Skuja_cell_L-1,0,
Uzarski,Vanderbilt_Park_Saginaw_Bay,0.5,phytoplankton_abundance,Uzarski_Vanderbilt_Park_Saginaw_Bay_0.5_phytoplankton_abundance,Cryptomonas_obovata_Skuja_cell_L-1,0,
Uzarski,Vanderbilt_Park_Saginaw_Bay,0.5,phytoplankton_abundance,Uzarski_Vanderbilt_Park_Saginaw_Bay_0.5_phytoplankton_abundance,Cryptomonas_reflexa_Skuja_cell_L-1,0,
Uzarski,Vanderbilt_Park_Saginaw_Bay,0.5,phytoplankton_abundance,Uzarski_Vanderbilt_Park_Saginaw_Bay_0.5_phytoplankton_abundance,Cryptomonas_rostratiformis_Skuja_cell_L-1,0,
Uzarski,Vanderbilt_Park_Saginaw_Bay,0.5,phytoplankton_abundance,Uzarski_Vanderbilt_Park_Saginaw_Bay_0.5_phytoplankton_abundance,Cryptomonas_sp_cell_L-1,0,
Uzarski,Vanderbilt_Park_Saginaw_Bay,0.5,phytoplankton_abundance,Uzarski_Vanderbilt_Park_Saginaw_Bay_0.5_phytoplankton_abundance,Katablepharis_ovalis_Skuja_cell_L-1,0,
Uzarski,Vanderbilt_Park_Saginaw_Bay,0.5,phytoplankton_abundance,Uzarski_Vanderbilt_Park_Saginaw_Bay_0.5_phytoplankton_abundance,Rhodomonas_minuta_var_nannoplanctica_Skuja_cell_L-1,119352,
Uzarski,Vanderbilt_Park_Saginaw_Bay,0.5,phytoplankton_abundance,Uzarski_Vanderbilt_Park_Saginaw_Bay_0.5_phytoplankton_abundance,Glenodinium_sp_cell_L-1,0,
Uzarski,Vanderbilt_Park_Saginaw_Bay,0.5,phytoplankton_abundance,Uzarski_Vanderbilt_Park_Saginaw_Bay_0.5_phytoplankton_abundance,Gymnodinium_helveticum_Penard_cell_L-1,0,
Uzarski,Vanderbilt_Park_Saginaw_Bay,0.5,phytoplankton_abundance,Uzarski_Vanderbilt_Park_Saginaw_Bay_0.5_phytoplankton_abundance,Gymnodinium_sp_cell_L-1,32838,
Uzarski,Vanderbilt_Park_Saginaw_Bay,0.5,phytoplankton_abundance,Uzarski_Vanderbilt_Park_Saginaw_Bay_0.5_phytoplankton_abundance,Peridinium_aciculiferum_Lemmermann_cell_L-1,0,
Uzarski,Vanderbilt_Park_Saginaw_Bay,0.5,phytoplankton_abundance,Uzarski_Vanderbilt_Park_Saginaw_Bay_0.5_phytoplankton_abundance,Peridinium_sp_cell_L-1,0,
Uzarski,Vanderbilt_Park_Saginaw_Bay,0.5,phytoplankton_abundance,Uzarski_Vanderbilt_Park_Saginaw_Bay_0.5_phytoplankton_abundance,Total_Cyanobacteria_units_or_cells_L-1,24766540,
Uzarski,Vanderbilt_Park_Saginaw_Bay,0.5,phytoplankton_abundance,Uzarski_Vanderbilt_Park_Saginaw_Bay_0.5_phytoplankton_abundance,Total_Chlorophyta_units_or_cells_L-1,6057114,
Uzarski,Vanderbilt_Park_Saginaw_Bay,0.5,phytoplankton_abundance,Uzarski_Vanderbilt_Park_Saginaw_Bay_0.5_phytoplankton_abundance,Total_Euglenophyta_units_or_cells_L-1,0,
Uzarski,Vanderbilt_Park_Saginaw_Bay,0.5,phytoplankton_abundance,Uzarski_Vanderbilt_Park_Saginaw_Bay_0.5_phytoplankton_abundance,Total_Chrysophycea_units_or_cells_L-1,2568068,
Uzarski,Vanderbilt_Park_Saginaw_Bay,0.5,phytoplankton_abundance,Uzarski_Vanderbilt_Park_Saginaw_Bay_0.5_phytoplankton_abundance,Total_Diatomeae_units_or_cells_L-1,151190,
Uzarski,Vanderbilt_Park_Saginaw_Bay,0.5,phytoplankton_abundance,Uzarski_Vanderbilt_Park_Saginaw_Bay_0.5_phytoplankton_abundance,Total_Cryptophyta_units_or_cells_L-1,119352,
Uzarski,Vanderbilt_Park_Saginaw_Bay,0.5,phytoplankton_abundance,Uzarski_Vanderbilt_Park_Saginaw_Bay_0.5_phytoplankton_abundance,Total_Peridineae_units_or_cells_L-1,32838,
Uzarski,Vanderbilt_Park_Saginaw_Bay,0.5,phytoplankton_abundance,Uzarski_Vanderbilt_Park_Saginaw_Bay_0.5_phytoplankton_abundance,total_units_or_cells_L-1,33695102,
Pearce/Xenopolous,GB1,0.45,phytoplankton_abundance,Pearce/Xenopolous_GB1_0.45_phytoplankton_abundance,Aphanocapsa_holsatica__Lemm_Cronb_&_Kom_cell_L-1,0,
Pearce/Xenopolous,GB1,0.45,phytoplankton_abundance,Pearce/Xenopolous_GB1_0.45_phytoplankton_abundance,Aphanocapsa_sp_cell_L-1,238704,
Pearce/Xenopolous,GB1,0.45,phytoplankton_abundance,Pearce/Xenopolous_GB1_0.45_phytoplankton_abundance,Cyanodictyon_filiforme_JKomárková-Legnerová_&_GCronberg_cell_L-1,0,
Pearce/Xenopolous,GB1,0.45,phytoplankton_abundance,Pearce/Xenopolous_GB1_0.45_phytoplankton_abundance,Cyanophyta_sp_cell_L-1,66896796,
Pearce/Xenopolous,GB1,0.45,phytoplankton_abundance,Pearce/Xenopolous_GB1_0.45_phytoplankton_abundance,Gloeocapsa_sp_cell_L-1,0,
Pearce/Xenopolous,GB1,0.45,phytoplankton_abundance,Pearce/Xenopolous_GB1_0.45_phytoplankton_abundance,Microcystis_sp_cell_L-1,0,
Pearce/Xenopolous,GB1,0.45,phytoplankton_abundance,Pearce/Xenopolous_GB1_0.45_phytoplankton_abundance,Planktothrix_agardhii_Gomont_Anag_and_Komar_cell_L-1,0,
Pearce/Xenopolous,GB1,0.45,phytoplankton_abundance,Pearce/Xenopolous_GB1_0.45_phytoplankton_abundance,Pseudanabaena_contorta_Kling_&_Watson_cell_L-1,0,
Pearce/Xenopolous,GB1,0.45,phytoplankton_abundance,Pearce/Xenopolous_GB1_0.45_phytoplankton_abundance,Pseudanabaena_sp_cell_L-1,0,
Pearce/Xenopolous,GB1,0.45,phytoplankton_abundance,Pearce/Xenopolous_GB1_0.45_phytoplankton_abundance,Synechococcus_sp_cell_L-1,0,
Pearce/Xenopolous,GB1,0.45,phytoplankton_abundance,Pearce/Xenopolous_GB1_0.45_phytoplankton_abundance,Woronichinia_sp_cell_L-1,0,
Pearce/Xenopolous,GB1,0.45,phytoplankton_abundance,Pearce/Xenopolous_GB1_0.45_phytoplankton_abundance,Actinastrum_hantzschii_Lagerheim_cell_L-1,0,
Pearce/Xenopolous,GB1,0.45,phytoplankton_abundance,Pearce/Xenopolous_GB1_0.45_phytoplankton_abundance,Botryococcus_sp_cell_L-1,0,
Pearce/Xenopolous,GB1,0.45,phytoplankton_abundance,Pearce/Xenopolous_GB1_0.45_phytoplankton_abundance,Campylomonas_sp_cell_L-1,0,
Pearce/Xenopolous,GB1,0.45,phytoplankton_abundance,Pearce/Xenopolous_GB1_0.45_phytoplankton_abundance,Chlorogonium_minimum_Playfair_cell_L-1,59676,
Pearce/Xenopolous,GB1,0.45,phytoplankton_abundance,Pearce/Xenopolous_GB1_0.45_phytoplankton_abundance,Chlorophyceae_spp_cell_L-1,33627426,
Pearce/Xenopolous,GB1,0.45,phytoplankton_abundance,Pearce/Xenopolous_GB1_0.45_phytoplankton_abundance,Closterium_aciculare_T_West_cell_L-1,0,
Pearce/Xenopolous,GB1,0.45,phytoplankton_abundance,Pearce/Xenopolous_GB1_0.45_phytoplankton_abundance,Closterium_strigosum_Brebisson_cell_L-1,0,
Pearce/Xenopolous,GB1,0.45,phytoplankton_abundance,Pearce/Xenopolous_GB1_0.45_phytoplankton_abundance,Collodictyon_triciliatum_H_Carter_cell_L-1,0,
Pearce/Xenopolous,GB1,0.45,phytoplankton_abundance,Pearce/Xenopolous_GB1_0.45_phytoplankton_abundance,Desmodesmus_sp_cell_L-1,0,
Pearce/Xenopolous,GB1,0.45,phytoplankton_abundance,Pearce/Xenopolous_GB1_0.45_phytoplankton_abundance,Gloeotila_pelagica_Nyegaard_Skuja_cell_L-1,0,
Pearce/Xenopolous,GB1,0.45,phytoplankton_abundance,Pearce/Xenopolous_GB1_0.45_phytoplankton_abundance,Koliella_longiseta_Vischer_Hindák_cell_L-1,0,
Pearce/Xenopolous,GB1,0.45,phytoplankton_abundance,Pearce/Xenopolous_GB1_0.45_phytoplankton_abundance,Koliella_sp_cell_L-1,0,
Pearce/Xenopolous,GB1,0.45,phytoplankton_abundance,Pearce/Xenopolous_GB1_0.45_phytoplankton_abundance,Lagerheimia_genevensis_Chodat_cell_L-1,0,
Pearce/Xenopolous,GB1,0.45,phytoplankton_abundance,Pearce/Xenopolous_GB1_0.45_phytoplankton_abundance,Monoraphidium_arcuatum_Korshikov_Hindák_cell_L-1,0,
Pearce/Xenopolous,GB1,0.45,phytoplankton_abundance,Pearce/Xenopolous_GB1_0.45_phytoplankton_abundance,Monoraphidium_contortum_Thurs_Kom_cell_L-1,0,
Pearce/Xenopolous,GB1,0.45,phytoplankton_abundance,Pearce/Xenopolous_GB1_0.45_phytoplankton_abundance,Monoraphidium_minutum_Nägeli_Komárková-legnerová_cell_L-1,0,
Pearce/Xenopolous,GB1,0.45,phytoplankton_abundance,Pearce/Xenopolous_GB1_0.45_phytoplankton_abundance,Mougeotia_sp_cell_L-1,0,
Pearce/Xenopolous,GB1,0.45,phytoplankton_abundance,Pearce/Xenopolous_GB1_0.45_phytoplankton_abundance,Nephrochlamys_sp_cell_L-1,0,
Pearce/Xenopolous,GB1,0.45,phytoplankton_abundance,Pearce/Xenopolous_GB1_0.45_phytoplankton_abundance,Oocystis_solitaria_Wittrock_cell_L-1,0,
Pearce/Xenopolous,GB1,0.45,phytoplankton_abundance,Pearce/Xenopolous_GB1_0.45_phytoplankton_abundance,Oocystis_sp_cell_L-1,0,
Pearce/Xenopolous,GB1,0.45,phytoplankton_abundance,Pearce/Xenopolous_GB1_0.45_phytoplankton_abundance,Planktosphaeria_gelatinosa_GMSmith_cell_L-1,0,
Pearce/Xenopolous,GB1,0.45,phytoplankton_abundance,Pearce/Xenopolous_GB1_0.45_phytoplankton_abundance,Scenedesmus_sp_cell_L-1,0,
Pearce/Xenopolous,GB1,0.45,phytoplankton_abundance,Pearce/Xenopolous_GB1_0.45_phytoplankton_abundance,Spermatozopsis_exsultans_Korshikov_cell_L-1,29838,
Pearce/Xenopolous,GB1,0.45,phytoplankton_abundance,Pearce/Xenopolous_GB1_0.45_phytoplankton_abundance,Stichococcus_sp_cell_L-1,89514,
Pearce/Xenopolous,GB1,0.45,phytoplankton_abundance,Pearce/Xenopolous_GB1_0.45_phytoplankton_abundance,Tetraedron_triangulare_Korshikov_cell_L-1,0,
Pearce/Xenopolous,GB1,0.45,phytoplankton_abundance,Pearce/Xenopolous_GB1_0.45_phytoplankton_abundance,Tetrastrum_heteracanthum_Nordst_Chod_cell_L-1,0,
Pearce/Xenopolous,GB1,0.45,phytoplankton_abundance,Pearce/Xenopolous_GB1_0.45_phytoplankton_abundance,Euglena_sp_cell_L-1,0,
Pearce/Xenopolous,GB1,0.45,phytoplankton_abundance,Pearce/Xenopolous_GB1_0.45_phytoplankton_abundance,Aulomonas_purdyi_Lackey_cell_L-1,0,
Pearce/Xenopolous,GB1,0.45,phytoplankton_abundance,Pearce/Xenopolous_GB1_0.45_phytoplankton_abundance,Bicoeca_sp_cell_L-1,0,
Pearce/Xenopolous,GB1,0.45,phytoplankton_abundance,Pearce/Xenopolous_GB1_0.45_phytoplankton_abundance,Chrysochromulina_parva_Lackey_cell_L-1,29838,
Pearce/Xenopolous,GB1,0.45,phytoplankton_abundance,Pearce/Xenopolous_GB1_0.45_phytoplankton_abundance,Chrysococcus_sp_cell_L-1,29838,
Pearce/Xenopolous,GB1,0.45,phytoplankton_abundance,Pearce/Xenopolous_GB1_0.45_phytoplankton_abundance,Chrysolykos_planktonicus_Mack_cell_L-1,0,
Pearce/Xenopolous,GB1,0.45,phytoplankton_abundance,Pearce/Xenopolous_GB1_0.45_phytoplankton_abundance,Chrysophyceae_Cyst_cell_L-1,29838,
Pearce/Xenopolous,GB1,0.45,phytoplankton_abundance,Pearce/Xenopolous_GB1_0.45_phytoplankton_abundance,Chrysophyceae_spp_cell_L-1,626598,
Pearce/Xenopolous,GB1,0.45,phytoplankton_abundance,Pearce/Xenopolous_GB1_0.45_phytoplankton_abundance,Dinobryon_cylindricum_Imhof_cell_L-1,0,
Pearce/Xenopolous,GB1,0.45,phytoplankton_abundance,Pearce/Xenopolous_GB1_0.45_phytoplankton_abundance,Dinobryon_sertularia_Ehrenberg_cell_L-1,0,
Pearce/Xenopolous,GB1,0.45,phytoplankton_abundance,Pearce/Xenopolous_GB1_0.45_phytoplankton_abundance,Dinobryon_sp_cell_L-1,0,
Pearce/Xenopolous,GB1,0.45,phytoplankton_abundance,Pearce/Xenopolous_GB1_0.45_phytoplankton_abundance,Epipyxis_sp_cell_L-1,0,
Pearce/Xenopolous,GB1,0.45,phytoplankton_abundance,Pearce/Xenopolous_GB1_0.45_phytoplankton_abundance,Mallomonas_elongata_Reverdin_cell_L-1,0,
Pearce/Xenopolous,GB1,0.45,phytoplankton_abundance,Pearce/Xenopolous_GB1_0.45_phytoplankton_abundance,Mallomonas_sp_cell_L-1,0,
Pearce/Xenopolous,GB1,0.45,phytoplankton_abundance,Pearce/Xenopolous_GB1_0.45_phytoplankton_abundance,Ochromonad_sp_cell_L-1,208866,
Pearce/Xenopolous,GB1,0.45,phytoplankton_abundance,Pearce/Xenopolous_GB1_0.45_phytoplankton_abundance,Ochromonas_sp_cell_L-1,0,
Pearce/Xenopolous,GB1,0.45,phytoplankton_abundance,Pearce/Xenopolous_GB1_0.45_phytoplankton_abundance,Pseudopedinella_sp_cell_L-1,0,
Pearce/Xenopolous,GB1,0.45,phytoplankton_abundance,Pearce/Xenopolous_GB1_0.45_phytoplankton_abundance,Rhizochrysis_limnetica_GM_Smith_cell_L-1,0,
Pearce/Xenopolous,GB1,0.45,phytoplankton_abundance,Pearce/Xenopolous_GB1_0.45_phytoplankton_abundance,Salpingoeca_frequentissima_Zacharias_Lemmermann_cell_L-1,0,
Pearce/Xenopolous,GB1,0.45,phytoplankton_abundance,Pearce/Xenopolous_GB1_0.45_phytoplankton_abundance,Spiniferomonas_sp_cell_L-1,29838,
Pearce/Xenopolous,GB1,0.45,phytoplankton_abundance,Pearce/Xenopolous_GB1_0.45_phytoplankton_abundance,Stelexomonas_dichotoma_JLackey_cell_L-1,0,
Pearce/Xenopolous,GB1,0.45,phytoplankton_abundance,Pearce/Xenopolous_GB1_0.45_phytoplankton_abundance,Synura_sp_cell_L-1,149190,
Pearce/Xenopolous,GB1,0.45,phytoplankton_abundance,Pearce/Xenopolous_GB1_0.45_phytoplankton_abundance,Achnanthidium_sp_cell_L-1,0,
Pearce/Xenopolous,GB1,0.45,phytoplankton_abundance,Pearce/Xenopolous_GB1_0.45_phytoplankton_abundance,Asterionella_formosa_Hassall_cell_L-1,2000,
Pearce/Xenopolous,GB1,0.45,phytoplankton_abundance,Pearce/Xenopolous_GB1_0.45_phytoplankton_abundance,Aulacoseira_ambigua_Grunow_Simonsen_cell_L-1,0,
Pearce/Xenopolous,GB1,0.45,phytoplankton_abundance,Pearce/Xenopolous_GB1_0.45_phytoplankton_abundance,Aulacoseira_distans_Ehrenb_Simonsen_cell_L-1,0,
Pearce/Xenopolous,GB1,0.45,phytoplankton_abundance,Pearce/Xenopolous_GB1_0.45_phytoplankton_abundance,Aulacoseira_islandica_O_Mull_Simonsen_cell_L-1,0,
Pearce/Xenopolous,GB1,0.45,phytoplankton_abundance,Pearce/Xenopolous_GB1_0.45_phytoplankton_abundance,Bacillariophyceae_spp_cell_L-1,0,
Pearce/Xenopolous,GB1,0.45,phytoplankton_abundance,Pearce/Xenopolous_GB1_0.45_phytoplankton_abundance,Cocconeis_pediculus_Ehrenb_cell_L-1,0,
Pearce/Xenopolous,GB1,0.45,phytoplankton_abundance,Pearce/Xenopolous_GB1_0.45_phytoplankton_abundance,Cyclotella_comensis_Grunow_cell_L-1,0,
Pearce/Xenopolous,GB1,0.45,phytoplankton_abundance,Pearce/Xenopolous_GB1_0.45_phytoplankton_abundance,Cyclotella_ocellata_Pantocsek_cell_L-1,0,
Pearce/Xenopolous,GB1,0.45,phytoplankton_abundance,Pearce/Xenopolous_GB1_0.45_phytoplankton_abundance,Cyclotella_sp_cell_L-1,0,
Pearce/Xenopolous,GB1,0.45,phytoplankton_abundance,Pearce/Xenopolous_GB1_0.45_phytoplankton_abundance,Diatoma_tenue_var_elongatum_Lyngb_cell_L-1,0,
Pearce/Xenopolous,GB1,0.45,phytoplankton_abundance,Pearce/Xenopolous_GB1_0.45_phytoplankton_abundance,Diatoma_vulgaris_Bory_cell_L-1,0,
Pearce/Xenopolous,GB1,0.45,phytoplankton_abundance,Pearce/Xenopolous_GB1_0.45_phytoplankton_abundance,Encyonema_minutum_Hilse_DGMann_cell_L-1,0,
Pearce/Xenopolous,GB1,0.45,phytoplankton_abundance,Pearce/Xenopolous_GB1_0.45_phytoplankton_abundance,Encyonema_sp_cell_L-1,0,
Pearce/Xenopolous,GB1,0.45,phytoplankton_abundance,Pearce/Xenopolous_GB1_0.45_phytoplankton_abundance,Fragilaria_capucina_Desmazières_cell_L-1,0,
Pearce/Xenopolous,GB1,0.45,phytoplankton_abundance,Pearce/Xenopolous_GB1_0.45_phytoplankton_abundance,Fragilaria_construens_Ehr_Grunow_cell_L-1,0,
Pearce/Xenopolous,GB1,0.45,phytoplankton_abundance,Pearce/Xenopolous_GB1_0.45_phytoplankton_abundance,Fragilaria_sp_cell_L-1,0,
Pearce/Xenopolous,GB1,0.45,phytoplankton_abundance,Pearce/Xenopolous_GB1_0.45_phytoplankton_abundance,Gomphonema_sp_cell_L-1,0,
Pearce/Xenopolous,GB1,0.45,phytoplankton_abundance,Pearce/Xenopolous_GB1_0.45_phytoplankton_abundance,Navicula_sp_cell_L-1,0,
Pearce/Xenopolous,GB1,0.45,phytoplankton_abundance,Pearce/Xenopolous_GB1_0.45_phytoplankton_abundance,Navicula_tripunctata_O_F_Müll_Bory_cell_L-1,0,
Pearce/Xenopolous,GB1,0.45,phytoplankton_abundance,Pearce/Xenopolous_GB1_0.45_phytoplankton_abundance,Nitzschia_acicularis_Kütz_W_Smith_cell_L-1,0,
Pearce/Xenopolous,GB1,0.45,phytoplankton_abundance,Pearce/Xenopolous_GB1_0.45_phytoplankton_abundance,Nitzschia_linearis_C_Agardh_W_Sm_cell_L-1,0,
Pearce/Xenopolous,GB1,0.45,phytoplankton_abundance,Pearce/Xenopolous_GB1_0.45_phytoplankton_abundance,Nitzschia_sp_cell_L-1,0,
Pearce/Xenopolous,GB1,0.45,phytoplankton_abundance,Pearce/Xenopolous_GB1_0.45_phytoplankton_abundance,Rhoicosphenia_abbreviata_CAgardh_Lange-Bertalot_cell_L-1,0,
Pearce/Xenopolous,GB1,0.45,phytoplankton_abundance,Pearce/Xenopolous_GB1_0.45_phytoplankton_abundance,Skeletonema_potamos_Weber_Hasle_cell_L-1,0,
Pearce/Xenopolous,GB1,0.45,phytoplankton_abundance,Pearce/Xenopolous_GB1_0.45_phytoplankton_abundance,Stephanodiscus_agassizensis_Håk&_Kling_cell_L-1,0,
Pearce/Xenopolous,GB1,0.45,phytoplankton_abundance,Pearce/Xenopolous_GB1_0.45_phytoplankton_abundance,Stephanodiscus_binderanus_Kütz_Willi_Kreig_cell_L-1,0,
Pearce/Xenopolous,GB1,0.45,phytoplankton_abundance,Pearce/Xenopolous_GB1_0.45_phytoplankton_abundance,Stephanodiscus_hantzschii_Grunow_cell_L-1,0,
Pearce/Xenopolous,GB1,0.45,phytoplankton_abundance,Pearce/Xenopolous_GB1_0.45_phytoplankton_abundance,Stephanodiscus_sp_cell_L-1,0,
Pearce/Xenopolous,GB1,0.45,phytoplankton_abundance,Pearce/Xenopolous_GB1_0.45_phytoplankton_abundance,Synedra_acus_var_radians_Kütz_Hustedt_cell_L-1,0,
Pearce/Xenopolous,GB1,0.45,phytoplankton_abundance,Pearce/Xenopolous_GB1_0.45_phytoplankton_abundance,Synedra_sp_cell_L-1,0,
Pearce/Xenopolous,GB1,0.45,phytoplankton_abundance,Pearce/Xenopolous_GB1_0.45_phytoplankton_abundance,Tabellaria_fenestrata_Lyngb_Kütz_cell_L-1,0,
Pearce/Xenopolous,GB1,0.45,phytoplankton_abundance,Pearce/Xenopolous_GB1_0.45_phytoplankton_abundance,Urosolenia_eriensis_Crawford_&_Mann_cell_L-1,0,
Pearce/Xenopolous,GB1,0.45,phytoplankton_abundance,Pearce/Xenopolous_GB1_0.45_phytoplankton_abundance,Cryptomonas_erosa_Ehrenberg_cell_L-1,0,
Pearce/Xenopolous,GB1,0.45,phytoplankton_abundance,Pearce/Xenopolous_GB1_0.45_phytoplankton_abundance,Cryptomonas_marssonii_Skuja_cell_L-1,1000,
Pearce/Xenopolous,GB1,0.45,phytoplankton_abundance,Pearce/Xenopolous_GB1_0.45_phytoplankton_abundance,Cryptomonas_obovata_Skuja_cell_L-1,0,
Pearce/Xenopolous,GB1,0.45,phytoplankton_abundance,Pearce/Xenopolous_GB1_0.45_phytoplankton_abundance,Cryptomonas_reflexa_Skuja_cell_L-1,11000,
Pearce/Xenopolous,GB1,0.45,phytoplankton_abundance,Pearce/Xenopolous_GB1_0.45_phytoplankton_abundance,Cryptomonas_rostratiformis_Skuja_cell_L-1,1000,
Pearce/Xenopolous,GB1,0.45,phytoplankton_abundance,Pearce/Xenopolous_GB1_0.45_phytoplankton_abundance,Cryptomonas_sp_cell_L-1,0,
Pearce/Xenopolous,GB1,0.45,phytoplankton_abundance,Pearce/Xenopolous_GB1_0.45_phytoplankton_abundance,Katablepharis_ovalis_Skuja_cell_L-1,59676,
Pearce/Xenopolous,GB1,0.45,phytoplankton_abundance,Pearce/Xenopolous_GB1_0.45_phytoplankton_abundance,Rhodomonas_minuta_var_nannoplanctica_Skuja_cell_L-1,268542,
Pearce/Xenopolous,GB1,0.45,phytoplankton_abundance,Pearce/Xenopolous_GB1_0.45_phytoplankton_abundance,Glenodinium_sp_cell_L-1,0,
Pearce/Xenopolous,GB1,0.45,phytoplankton_abundance,Pearce/Xenopolous_GB1_0.45_phytoplankton_abundance,Gymnodinium_helveticum_Penard_cell_L-1,3000,
Pearce/Xenopolous,GB1,0.45,phytoplankton_abundance,Pearce/Xenopolous_GB1_0.45_phytoplankton_abundance,Gymnodinium_sp_cell_L-1,6000,
Pearce/Xenopolous,GB1,0.45,phytoplankton_abundance,Pearce/Xenopolous_GB1_0.45_phytoplankton_abundance,Peridinium_aciculiferum_Lemmermann_cell_L-1,0,
Pearce/Xenopolous,GB1,0.45,phytoplankton_abundance,Pearce/Xenopolous_GB1_0.45_phytoplankton_abundance,Peridinium_sp_cell_L-1,0,
Pearce/Xenopolous,GB1,0.45,phytoplankton_abundance,Pearce/Xenopolous_GB1_0.45_phytoplankton_abundance,Total_Cyanobacteria_units_or_cells_L-1,67135500,
Pearce/Xenopolous,GB1,0.45,phytoplankton_abundance,Pearce/Xenopolous_GB1_0.45_phytoplankton_abundance,Total_Chlorophyta_units_or_cells_L-1,33806454,
Pearce/Xenopolous,GB1,0.45,phytoplankton_abundance,Pearce/Xenopolous_GB1_0.45_phytoplankton_abundance,Total_Euglenophyta_units_or_cells_L-1,0,
Pearce/Xenopolous,GB1,0.45,phytoplankton_abundance,Pearce/Xenopolous_GB1_0.45_phytoplankton_abundance,Total_Chrysophycea_units_or_cells_L-1,1104006,
Pearce/Xenopolous,GB1,0.45,phytoplankton_abundance,Pearce/Xenopolous_GB1_0.45_phytoplankton_abundance,Total_Diatomeae_units_or_cells_L-1,2000,
Pearce/Xenopolous,GB1,0.45,phytoplankton_abundance,Pearce/Xenopolous_GB1_0.45_phytoplankton_abundance,Total_Cryptophyta_units_or_cells_L-1,341218,
Pearce/Xenopolous,GB1,0.45,phytoplankton_abundance,Pearce/Xenopolous_GB1_0.45_phytoplankton_abundance,Total_Peridineae_units_or_cells_L-1,9000,
Pearce/Xenopolous,GB1,0.45,phytoplankton_abundance,Pearce/Xenopolous_GB1_0.45_phytoplankton_abundance,total_units_or_cells_L-1,102398178,
Ozersky,Green_Bay,0.5,phytoplankton_abundance,Ozersky_Green_Bay_0.5_phytoplankton_abundance,Aphanocapsa_holsatica__Lemm_Cronb_&_Kom_cell_L-1,0,
Ozersky,Green_Bay,0.5,phytoplankton_abundance,Ozersky_Green_Bay_0.5_phytoplankton_abundance,Aphanocapsa_sp_cell_L-1,0,
Ozersky,Green_Bay,0.5,phytoplankton_abundance,Ozersky_Green_Bay_0.5_phytoplankton_abundance,Cyanodictyon_filiforme_JKomárková-Legnerová_&_GCronberg_cell_L-1,0,
Ozersky,Green_Bay,0.5,phytoplankton_abundance,Ozersky_Green_Bay_0.5_phytoplankton_abundance,Cyanophyta_sp_cell_L-1,45353760,
Ozersky,Green_Bay,0.5,phytoplankton_abundance,Ozersky_Green_Bay_0.5_phytoplankton_abundance,Gloeocapsa_sp_cell_L-1,0,
Ozersky,Green_Bay,0.5,phytoplankton_abundance,Ozersky_Green_Bay_0.5_phytoplankton_abundance,Microcystis_sp_cell_L-1,1280000,
Ozersky,Green_Bay,0.5,phytoplankton_abundance,Ozersky_Green_Bay_0.5_phytoplankton_abundance,Planktothrix_agardhii_Gomont_Anag_and_Komar_cell_L-1,0,
Ozersky,Green_Bay,0.5,phytoplankton_abundance,Ozersky_Green_Bay_0.5_phytoplankton_abundance,Pseudanabaena_contorta_Kling_&_Watson_cell_L-1,0,
Ozersky,Green_Bay,0.5,phytoplankton_abundance,Ozersky_Green_Bay_0.5_phytoplankton_abundance,Pseudanabaena_sp_cell_L-1,0,
Ozersky,Green_Bay,0.5,phytoplankton_abundance,Ozersky_Green_Bay_0.5_phytoplankton_abundance,Synechococcus_sp_cell_L-1,0,
Ozersky,Green_Bay,0.5,phytoplankton_abundance,Ozersky_Green_Bay_0.5_phytoplankton_abundance,Woronichinia_sp_cell_L-1,0,
Ozersky,Green_Bay,0.5,phytoplankton_abundance,Ozersky_Green_Bay_0.5_phytoplankton_abundance,Actinastrum_hantzschii_Lagerheim_cell_L-1,0,
Ozersky,Green_Bay,0.5,phytoplankton_abundance,Ozersky_Green_Bay_0.5_phytoplankton_abundance,Botryococcus_sp_cell_L-1,0,
Ozersky,Green_Bay,0.5,phytoplankton_abundance,Ozersky_Green_Bay_0.5_phytoplankton_abundance,Campylomonas_sp_cell_L-1,0,
Ozersky,Green_Bay,0.5,phytoplankton_abundance,Ozersky_Green_Bay_0.5_phytoplankton_abundance,Chlorogonium_minimum_Playfair_cell_L-1,59676,
Ozersky,Green_Bay,0.5,phytoplankton_abundance,Ozersky_Green_Bay_0.5_phytoplankton_abundance,Chlorophyceae_spp_cell_L-1,28674318,
Ozersky,Green_Bay,0.5,phytoplankton_abundance,Ozersky_Green_Bay_0.5_phytoplankton_abundance,Closterium_aciculare_T_West_cell_L-1,0,
Ozersky,Green_Bay,0.5,phytoplankton_abundance,Ozersky_Green_Bay_0.5_phytoplankton_abundance,Closterium_strigosum_Brebisson_cell_L-1,0,
Ozersky,Green_Bay,0.5,phytoplankton_abundance,Ozersky_Green_Bay_0.5_phytoplankton_abundance,Collodictyon_triciliatum_H_Carter_cell_L-1,0,
Ozersky,Green_Bay,0.5,phytoplankton_abundance,Ozersky_Green_Bay_0.5_phytoplankton_abundance,Desmodesmus_sp_cell_L-1,0,
Ozersky,Green_Bay,0.5,phytoplankton_abundance,Ozersky_Green_Bay_0.5_phytoplankton_abundance,Gloeotila_pelagica_Nyegaard_Skuja_cell_L-1,0,
Ozersky,Green_Bay,0.5,phytoplankton_abundance,Ozersky_Green_Bay_0.5_phytoplankton_abundance,Koliella_longiseta_Vischer_Hindák_cell_L-1,59676,
Ozersky,Green_Bay,0.5,phytoplankton_abundance,Ozersky_Green_Bay_0.5_phytoplankton_abundance,Koliella_sp_cell_L-1,0,
Ozersky,Green_Bay,0.5,phytoplankton_abundance,Ozersky_Green_Bay_0.5_phytoplankton_abundance,Lagerheimia_genevensis_Chodat_cell_L-1,0,
Ozersky,Green_Bay,0.5,phytoplankton_abundance,Ozersky_Green_Bay_0.5_phytoplankton_abundance,Monoraphidium_arcuatum_Korshikov_Hindák_cell_L-1,0,
Ozersky,Green_Bay,0.5,phytoplankton_abundance,Ozersky_Green_Bay_0.5_phytoplankton_abundance,Monoraphidium_contortum_Thurs_Kom_cell_L-1,0,
Ozersky,Green_Bay,0.5,phytoplankton_abundance,Ozersky_Green_Bay_0.5_phytoplankton_abundance,Monoraphidium_minutum_Nägeli_Komárková-legnerová_cell_L-1,0,
Ozersky,Green_Bay,0.5,phytoplankton_abundance,Ozersky_Green_Bay_0.5_phytoplankton_abundance,Mougeotia_sp_cell_L-1,0,
Ozersky,Green_Bay,0.5,phytoplankton_abundance,Ozersky_Green_Bay_0.5_phytoplankton_abundance,Nephrochlamys_sp_cell_L-1,0,
Ozersky,Green_Bay,0.5,phytoplankton_abundance,Ozersky_Green_Bay_0.5_phytoplankton_abundance,Oocystis_solitaria_Wittrock_cell_L-1,0,
Ozersky,Green_Bay,0.5,phytoplankton_abundance,Ozersky_Green_Bay_0.5_phytoplankton_abundance,Oocystis_sp_cell_L-1,0,
Ozersky,Green_Bay,0.5,phytoplankton_abundance,Ozersky_Green_Bay_0.5_phytoplankton_abundance,Planktosphaeria_gelatinosa_GMSmith_cell_L-1,0,
Ozersky,Green_Bay,0.5,phytoplankton_abundance,Ozersky_Green_Bay_0.5_phytoplankton_abundance,Scenedesmus_sp_cell_L-1,0,
Ozersky,Green_Bay,0.5,phytoplankton_abundance,Ozersky_Green_Bay_0.5_phytoplankton_abundance,Spermatozopsis_exsultans_Korshikov_cell_L-1,59676,
Ozersky,Green_Bay,0.5,phytoplankton_abundance,Ozersky_Green_Bay_0.5_phytoplankton_abundance,Stichococcus_sp_cell_L-1,0,
Ozersky,Green_Bay,0.5,phytoplankton_abundance,Ozersky_Green_Bay_0.5_phytoplankton_abundance,Tetraedron_triangulare_Korshikov_cell_L-1,0,
Ozersky,Green_Bay,0.5,phytoplankton_abundance,Ozersky_Green_Bay_0.5_phytoplankton_abundance,Tetrastrum_heteracanthum_Nordst_Chod_cell_L-1,0,
Ozersky,Green_Bay,0.5,phytoplankton_abundance,Ozersky_Green_Bay_0.5_phytoplankton_abundance,Euglena_sp_cell_L-1,0,
Ozersky,Green_Bay,0.5,phytoplankton_abundance,Ozersky_Green_Bay_0.5_phytoplankton_abundance,Aulomonas_purdyi_Lackey_cell_L-1,0,
Ozersky,Green_Bay,0.5,phytoplankton_abundance,Ozersky_Green_Bay_0.5_phytoplankton_abundance,Bicoeca_sp_cell_L-1,0,
Ozersky,Green_Bay,0.5,phytoplankton_abundance,Ozersky_Green_Bay_0.5_phytoplankton_abundance,Chrysochromulina_parva_Lackey_cell_L-1,119352,
Ozersky,Green_Bay,0.5,phytoplankton_abundance,Ozersky_Green_Bay_0.5_phytoplankton_abundance,Chrysococcus_sp_cell_L-1,0,
Ozersky,Green_Bay,0.5,phytoplankton_abundance,Ozersky_Green_Bay_0.5_phytoplankton_abundance,Chrysolykos_planktonicus_Mack_cell_L-1,89514,
Ozersky,Green_Bay,0.5,phytoplankton_abundance,Ozersky_Green_Bay_0.5_phytoplankton_abundance,Chrysophyceae_Cyst_cell_L-1,0,
Ozersky,Green_Bay,0.5,phytoplankton_abundance,Ozersky_Green_Bay_0.5_phytoplankton_abundance,Chrysophyceae_spp_cell_L-1,745950,
Ozersky,Green_Bay,0.5,phytoplankton_abundance,Ozersky_Green_Bay_0.5_phytoplankton_abundance,Dinobryon_cylindricum_Imhof_cell_L-1,1163682,
Ozersky,Green_Bay,0.5,phytoplankton_abundance,Ozersky_Green_Bay_0.5_phytoplankton_abundance,Dinobryon_sertularia_Ehrenberg_cell_L-1,238704,
Ozersky,Green_Bay,0.5,phytoplankton_abundance,Ozersky_Green_Bay_0.5_phytoplankton_abundance,Dinobryon_sp_cell_L-1,507246,
Ozersky,Green_Bay,0.5,phytoplankton_abundance,Ozersky_Green_Bay_0.5_phytoplankton_abundance,Epipyxis_sp_cell_L-1,29838,
Ozersky,Green_Bay,0.5,phytoplankton_abundance,Ozersky_Green_Bay_0.5_phytoplankton_abundance,Mallomonas_elongata_Reverdin_cell_L-1,89514,
Ozersky,Green_Bay,0.5,phytoplankton_abundance,Ozersky_Green_Bay_0.5_phytoplankton_abundance,Mallomonas_sp_cell_L-1,6000,
Ozersky,Green_Bay,0.5,phytoplankton_abundance,Ozersky_Green_Bay_0.5_phytoplankton_abundance,Ochromonad_sp_cell_L-1,656436,
Ozersky,Green_Bay,0.5,phytoplankton_abundance,Ozersky_Green_Bay_0.5_phytoplankton_abundance,Ochromonas_sp_cell_L-1,208866,
Ozersky,Green_Bay,0.5,phytoplankton_abundance,Ozersky_Green_Bay_0.5_phytoplankton_abundance,Pseudopedinella_sp_cell_L-1,29838,
Ozersky,Green_Bay,0.5,phytoplankton_abundance,Ozersky_Green_Bay_0.5_phytoplankton_abundance,Rhizochrysis_limnetica_GM_Smith_cell_L-1,59676,
Ozersky,Green_Bay,0.5,phytoplankton_abundance,Ozersky_Green_Bay_0.5_phytoplankton_abundance,Salpingoeca_frequentissima_Zacharias_Lemmermann_cell_L-1,0,
Ozersky,Green_Bay,0.5,phytoplankton_abundance,Ozersky_Green_Bay_0.5_phytoplankton_abundance,Spiniferomonas_sp_cell_L-1,0,
Ozersky,Green_Bay,0.5,phytoplankton_abundance,Ozersky_Green_Bay_0.5_phytoplankton_abundance,Stelexomonas_dichotoma_JLackey_cell_L-1,0,
Ozersky,Green_Bay,0.5,phytoplankton_abundance,Ozersky_Green_Bay_0.5_phytoplankton_abundance,Synura_sp_cell_L-1,0,
Ozersky,Green_Bay,0.5,phytoplankton_abundance,Ozersky_Green_Bay_0.5_phytoplankton_abundance,Achnanthidium_sp_cell_L-1,0,
Ozersky,Green_Bay,0.5,phytoplankton_abundance,Ozersky_Green_Bay_0.5_phytoplankton_abundance,Asterionella_formosa_Hassall_cell_L-1,0,
Ozersky,Green_Bay,0.5,phytoplankton_abundance,Ozersky_Green_Bay_0.5_phytoplankton_abundance,Aulacoseira_ambigua_Grunow_Simonsen_cell_L-1,0,
Ozersky,Green_Bay,0.5,phytoplankton_abundance,Ozersky_Green_Bay_0.5_phytoplankton_abundance,Aulacoseira_distans_Ehrenb_Simonsen_cell_L-1,0,
Ozersky,Green_Bay,0.5,phytoplankton_abundance,Ozersky_Green_Bay_0.5_phytoplankton_abundance,Aulacoseira_islandica_O_Mull_Simonsen_cell_L-1,4000,
Ozersky,Green_Bay,0.5,phytoplankton_abundance,Ozersky_Green_Bay_0.5_phytoplankton_abundance,Bacillariophyceae_spp_cell_L-1,268542,
Ozersky,Green_Bay,0.5,phytoplankton_abundance,Ozersky_Green_Bay_0.5_phytoplankton_abundance,Cocconeis_pediculus_Ehrenb_cell_L-1,0,
Ozersky,Green_Bay,0.5,phytoplankton_abundance,Ozersky_Green_Bay_0.5_phytoplankton_abundance,Cyclotella_comensis_Grunow_cell_L-1,0,
Ozersky,Green_Bay,0.5,phytoplankton_abundance,Ozersky_Green_Bay_0.5_phytoplankton_abundance,Cyclotella_ocellata_Pantocsek_cell_L-1,0,
Ozersky,Green_Bay,0.5,phytoplankton_abundance,Ozersky_Green_Bay_0.5_phytoplankton_abundance,Cyclotella_sp_cell_L-1,0,
Ozersky,Green_Bay,0.5,phytoplankton_abundance,Ozersky_Green_Bay_0.5_phytoplankton_abundance,Diatoma_tenue_var_elongatum_Lyngb_cell_L-1,5000,
Ozersky,Green_Bay,0.5,phytoplankton_abundance,Ozersky_Green_Bay_0.5_phytoplankton_abundance,Diatoma_vulgaris_Bory_cell_L-1,0,
Ozersky,Green_Bay,0.5,phytoplankton_abundance,Ozersky_Green_Bay_0.5_phytoplankton_abundance,Encyonema_minutum_Hilse_DGMann_cell_L-1,0,
Ozersky,Green_Bay,0.5,phytoplankton_abundance,Ozersky_Green_Bay_0.5_phytoplankton_abundance,Encyonema_sp_cell_L-1,0,
Ozersky,Green_Bay,0.5,phytoplankton_abundance,Ozersky_Green_Bay_0.5_phytoplankton_abundance,Fragilaria_capucina_Desmazières_cell_L-1,0,
Ozersky,Green_Bay,0.5,phytoplankton_abundance,Ozersky_Green_Bay_0.5_phytoplankton_abundance,Fragilaria_construens_Ehr_Grunow_cell_L-1,0,
Ozersky,Green_Bay,0.5,phytoplankton_abundance,Ozersky_Green_Bay_0.5_phytoplankton_abundance,Fragilaria_sp_cell_L-1,0,
Ozersky,Green_Bay,0.5,phytoplankton_abundance,Ozersky_Green_Bay_0.5_phytoplankton_abundance,Gomphonema_sp_cell_L-1,0,
Ozersky,Green_Bay,0.5,phytoplankton_abundance,Ozersky_Green_Bay_0.5_phytoplankton_abundance,Navicula_sp_cell_L-1,0,
Ozersky,Green_Bay,0.5,phytoplankton_abundance,Ozersky_Green_Bay_0.5_phytoplankton_abundance,Navicula_tripunctata_O_F_Müll_Bory_cell_L-1,0,
Ozersky,Green_Bay,0.5,phytoplankton_abundance,Ozersky_Green_Bay_0.5_phytoplankton_abundance,Nitzschia_acicularis_Kütz_W_Smith_cell_L-1,0,
Ozersky,Green_Bay,0.5,phytoplankton_abundance,Ozersky_Green_Bay_0.5_phytoplankton_abundance,Nitzschia_linearis_C_Agardh_W_Sm_cell_L-1,0,
Ozersky,Green_Bay,0.5,phytoplankton_abundance,Ozersky_Green_Bay_0.5_phytoplankton_abundance,Nitzschia_sp_cell_L-1,0,
Ozersky,Green_Bay,0.5,phytoplankton_abundance,Ozersky_Green_Bay_0.5_phytoplankton_abundance,Rhoicosphenia_abbreviata_CAgardh_Lange-Bertalot_cell_L-1,0,
Ozersky,Green_Bay,0.5,phytoplankton_abundance,Ozersky_Green_Bay_0.5_phytoplankton_abundance,Skeletonema_potamos_Weber_Hasle_cell_L-1,0,
Ozersky,Green_Bay,0.5,phytoplankton_abundance,Ozersky_Green_Bay_0.5_phytoplankton_abundance,Stephanodiscus_agassizensis_Håk&_Kling_cell_L-1,0,
Ozersky,Green_Bay,0.5,phytoplankton_abundance,Ozersky_Green_Bay_0.5_phytoplankton_abundance,Stephanodiscus_binderanus_Kütz_Willi_Kreig_cell_L-1,0,
Ozersky,Green_Bay,0.5,phytoplankton_abundance,Ozersky_Green_Bay_0.5_phytoplankton_abundance,Stephanodiscus_hantzschii_Grunow_cell_L-1,0,
Ozersky,Green_Bay,0.5,phytoplankton_abundance,Ozersky_Green_Bay_0.5_phytoplankton_abundance,Stephanodiscus_sp_cell_L-1,0,
Ozersky,Green_Bay,0.5,phytoplankton_abundance,Ozersky_Green_Bay_0.5_phytoplankton_abundance,Synedra_acus_var_radians_Kütz_Hustedt_cell_L-1,0,
Ozersky,Green_Bay,0.5,phytoplankton_abundance,Ozersky_Green_Bay_0.5_phytoplankton_abundance,Synedra_sp_cell_L-1,0,
Ozersky,Green_Bay,0.5,phytoplankton_abundance,Ozersky_Green_Bay_0.5_phytoplankton_abundance,Tabellaria_fenestrata_Lyngb_Kütz_cell_L-1,7000,
Ozersky,Green_Bay,0.5,phytoplankton_abundance,Ozersky_Green_Bay_0.5_phytoplankton_abundance,Urosolenia_eriensis_Crawford_&_Mann_cell_L-1,0,
Ozersky,Green_Bay,0.5,phytoplankton_abundance,Ozersky_Green_Bay_0.5_phytoplankton_abundance,Cryptomonas_erosa_Ehrenberg_cell_L-1,0,
Ozersky,Green_Bay,0.5,phytoplankton_abundance,Ozersky_Green_Bay_0.5_phytoplankton_abundance,Cryptomonas_marssonii_Skuja_cell_L-1,0,
Ozersky,Green_Bay,0.5,phytoplankton_abundance,Ozersky_Green_Bay_0.5_phytoplankton_abundance,Cryptomonas_obovata_Skuja_cell_L-1,3000,
Ozersky,Green_Bay,0.5,phytoplankton_abundance,Ozersky_Green_Bay_0.5_phytoplankton_abundance,Cryptomonas_reflexa_Skuja_cell_L-1,3000,
Ozersky,Green_Bay,0.5,phytoplankton_abundance,Ozersky_Green_Bay_0.5_phytoplankton_abundance,Cryptomonas_rostratiformis_Skuja_cell_L-1,0,
Ozersky,Green_Bay,0.5,phytoplankton_abundance,Ozersky_Green_Bay_0.5_phytoplankton_abundance,Cryptomonas_sp_cell_L-1,0,
Ozersky,Green_Bay,0.5,phytoplankton_abundance,Ozersky_Green_Bay_0.5_phytoplankton_abundance,Katablepharis_ovalis_Skuja_cell_L-1,149190,
Ozersky,Green_Bay,0.5,phytoplankton_abundance,Ozersky_Green_Bay_0.5_phytoplankton_abundance,Rhodomonas_minuta_var_nannoplanctica_Skuja_cell_L-1,119352,
Ozersky,Green_Bay,0.5,phytoplankton_abundance,Ozersky_Green_Bay_0.5_phytoplankton_abundance,Glenodinium_sp_cell_L-1,0,
Ozersky,Green_Bay,0.5,phytoplankton_abundance,Ozersky_Green_Bay_0.5_phytoplankton_abundance,Gymnodinium_helveticum_Penard_cell_L-1,2000,
Ozersky,Green_Bay,0.5,phytoplankton_abundance,Ozersky_Green_Bay_0.5_phytoplankton_abundance,Gymnodinium_sp_cell_L-1,109676,
Ozersky,Green_Bay,0.5,phytoplankton_abundance,Ozersky_Green_Bay_0.5_phytoplankton_abundance,Peridinium_aciculiferum_Lemmermann_cell_L-1,5000,
Ozersky,Green_Bay,0.5,phytoplankton_abundance,Ozersky_Green_Bay_0.5_phytoplankton_abundance,Peridinium_sp_cell_L-1,0,
Ozersky,Green_Bay,0.5,phytoplankton_abundance,Ozersky_Green_Bay_0.5_phytoplankton_abundance,Total_Cyanobacteria_units_or_cells_L-1,46633760,
Ozersky,Green_Bay,0.5,phytoplankton_abundance,Ozersky_Green_Bay_0.5_phytoplankton_abundance,Total_Chlorophyta_units_or_cells_L-1,28853346,
Ozersky,Green_Bay,0.5,phytoplankton_abundance,Ozersky_Green_Bay_0.5_phytoplankton_abundance,Total_Euglenophyta_units_or_cells_L-1,0,
Ozersky,Green_Bay,0.5,phytoplankton_abundance,Ozersky_Green_Bay_0.5_phytoplankton_abundance,Total_Chrysophycea_units_or_cells_L-1,3944616,
Ozersky,Green_Bay,0.5,phytoplankton_abundance,Ozersky_Green_Bay_0.5_phytoplankton_abundance,Total_Diatomeae_units_or_cells_L-1,284542,
Ozersky,Green_Bay,0.5,phytoplankton_abundance,Ozersky_Green_Bay_0.5_phytoplankton_abundance,Total_Cryptophyta_units_or_cells_L-1,274542,
Ozersky,Green_Bay,0.5,phytoplankton_abundance,Ozersky_Green_Bay_0.5_phytoplankton_abundance,Total_Peridineae_units_or_cells_L-1,116676,
Ozersky,Green_Bay,0.5,phytoplankton_abundance,Ozersky_Green_Bay_0.5_phytoplankton_abundance,total_units_or_cells_L-1,80107482,
Pearce/Xenopolous,BQ1,0,phytoplankton_abundance,Pearce/Xenopolous_BQ1_0_phytoplankton_abundance,Aphanocapsa_holsatica__Lemm_Cronb_&_Kom_cell_L-1,0,
Pearce/Xenopolous,BQ1,0,phytoplankton_abundance,Pearce/Xenopolous_BQ1_0_phytoplankton_abundance,Aphanocapsa_sp_cell_L-1,0,
Pearce/Xenopolous,BQ1,0,phytoplankton_abundance,Pearce/Xenopolous_BQ1_0_phytoplankton_abundance,Cyanodictyon_filiforme_JKomárková-Legnerová_&_GCronberg_cell_L-1,0,
Pearce/Xenopolous,BQ1,0,phytoplankton_abundance,Pearce/Xenopolous_BQ1_0_phytoplankton_abundance,Cyanophyta_sp_cell_L-1,38192640,
Pearce/Xenopolous,BQ1,0,phytoplankton_abundance,Pearce/Xenopolous_BQ1_0_phytoplankton_abundance,Gloeocapsa_sp_cell_L-1,0,
Pearce/Xenopolous,BQ1,0,phytoplankton_abundance,Pearce/Xenopolous_BQ1_0_phytoplankton_abundance,Microcystis_sp_cell_L-1,0,
Pearce/Xenopolous,BQ1,0,phytoplankton_abundance,Pearce/Xenopolous_BQ1_0_phytoplankton_abundance,Planktothrix_agardhii_Gomont_Anag_and_Komar_cell_L-1,0,
Pearce/Xenopolous,BQ1,0,phytoplankton_abundance,Pearce/Xenopolous_BQ1_0_phytoplankton_abundance,Pseudanabaena_contorta_Kling_&_Watson_cell_L-1,0,
Pearce/Xenopolous,BQ1,0,phytoplankton_abundance,Pearce/Xenopolous_BQ1_0_phytoplankton_abundance,Pseudanabaena_sp_cell_L-1,0,
Pearce/Xenopolous,BQ1,0,phytoplankton_abundance,Pearce/Xenopolous_BQ1_0_phytoplankton_abundance,Synechococcus_sp_cell_L-1,0,
Pearce/Xenopolous,BQ1,0,phytoplankton_abundance,Pearce/Xenopolous_BQ1_0_phytoplankton_abundance,Woronichinia_sp_cell_L-1,0,
Pearce/Xenopolous,BQ1,0,phytoplankton_abundance,Pearce/Xenopolous_BQ1_0_phytoplankton_abundance,Actinastrum_hantzschii_Lagerheim_cell_L-1,0,
Pearce/Xenopolous,BQ1,0,phytoplankton_abundance,Pearce/Xenopolous_BQ1_0_phytoplankton_abundance,Botryococcus_sp_cell_L-1,0,
Pearce/Xenopolous,BQ1,0,phytoplankton_abundance,Pearce/Xenopolous_BQ1_0_phytoplankton_abundance,Campylomonas_sp_cell_L-1,0,
Pearce/Xenopolous,BQ1,0,phytoplankton_abundance,Pearce/Xenopolous_BQ1_0_phytoplankton_abundance,Chlorogonium_minimum_Playfair_cell_L-1,0,
Pearce/Xenopolous,BQ1,0,phytoplankton_abundance,Pearce/Xenopolous_BQ1_0_phytoplankton_abundance,Chlorophyceae_spp_cell_L-1,6862740,
Pearce/Xenopolous,BQ1,0,phytoplankton_abundance,Pearce/Xenopolous_BQ1_0_phytoplankton_abundance,Closterium_aciculare_T_West_cell_L-1,0,
Pearce/Xenopolous,BQ1,0,phytoplankton_abundance,Pearce/Xenopolous_BQ1_0_phytoplankton_abundance,Closterium_strigosum_Brebisson_cell_L-1,0,
Pearce/Xenopolous,BQ1,0,phytoplankton_abundance,Pearce/Xenopolous_BQ1_0_phytoplankton_abundance,Collodictyon_triciliatum_H_Carter_cell_L-1,0,
Pearce/Xenopolous,BQ1,0,phytoplankton_abundance,Pearce/Xenopolous_BQ1_0_phytoplankton_abundance,Desmodesmus_sp_cell_L-1,0,
Pearce/Xenopolous,BQ1,0,phytoplankton_abundance,Pearce/Xenopolous_BQ1_0_phytoplankton_abundance,Gloeotila_pelagica_Nyegaard_Skuja_cell_L-1,0,
Pearce/Xenopolous,BQ1,0,phytoplankton_abundance,Pearce/Xenopolous_BQ1_0_phytoplankton_abundance,Koliella_longiseta_Vischer_Hindák_cell_L-1,0,
Pearce/Xenopolous,BQ1,0,phytoplankton_abundance,Pearce/Xenopolous_BQ1_0_phytoplankton_abundance,Koliella_sp_cell_L-1,0,
Pearce/Xenopolous,BQ1,0,phytoplankton_abundance,Pearce/Xenopolous_BQ1_0_phytoplankton_abundance,Lagerheimia_genevensis_Chodat_cell_L-1,0,
Pearce/Xenopolous,BQ1,0,phytoplankton_abundance,Pearce/Xenopolous_BQ1_0_phytoplankton_abundance,Monoraphidium_arcuatum_Korshikov_Hindák_cell_L-1,0,
Pearce/Xenopolous,BQ1,0,phytoplankton_abundance,Pearce/Xenopolous_BQ1_0_phytoplankton_abundance,Monoraphidium_contortum_Thurs_Kom_cell_L-1,0,
Pearce/Xenopolous,BQ1,0,phytoplankton_abundance,Pearce/Xenopolous_BQ1_0_phytoplankton_abundance,Monoraphidium_minutum_Nägeli_Komárková-legnerová_cell_L-1,59676,
Pearce/Xenopolous,BQ1,0,phytoplankton_abundance,Pearce/Xenopolous_BQ1_0_phytoplankton_abundance,Mougeotia_sp_cell_L-1,0,
Pearce/Xenopolous,BQ1,0,phytoplankton_abundance,Pearce/Xenopolous_BQ1_0_phytoplankton_abundance,Nephrochlamys_sp_cell_L-1,0,
Pearce/Xenopolous,BQ1,0,phytoplankton_abundance,Pearce/Xenopolous_BQ1_0_phytoplankton_abundance,Oocystis_solitaria_Wittrock_cell_L-1,0,
Pearce/Xenopolous,BQ1,0,phytoplankton_abundance,Pearce/Xenopolous_BQ1_0_phytoplankton_abundance,Oocystis_sp_cell_L-1,0,
Pearce/Xenopolous,BQ1,0,phytoplankton_abundance,Pearce/Xenopolous_BQ1_0_phytoplankton_abundance,Planktosphaeria_gelatinosa_GMSmith_cell_L-1,0,
Pearce/Xenopolous,BQ1,0,phytoplankton_abundance,Pearce/Xenopolous_BQ1_0_phytoplankton_abundance,Scenedesmus_sp_cell_L-1,89514,
Pearce/Xenopolous,BQ1,0,phytoplankton_abundance,Pearce/Xenopolous_BQ1_0_phytoplankton_abundance,Spermatozopsis_exsultans_Korshikov_cell_L-1,0,
Pearce/Xenopolous,BQ1,0,phytoplankton_abundance,Pearce/Xenopolous_BQ1_0_phytoplankton_abundance,Stichococcus_sp_cell_L-1,0,
Pearce/Xenopolous,BQ1,0,phytoplankton_abundance,Pearce/Xenopolous_BQ1_0_phytoplankton_abundance,Tetraedron_triangulare_Korshikov_cell_L-1,0,
Pearce/Xenopolous,BQ1,0,phytoplankton_abundance,Pearce/Xenopolous_BQ1_0_phytoplankton_abundance,Tetrastrum_heteracanthum_Nordst_Chod_cell_L-1,0,
Pearce/Xenopolous,BQ1,0,phytoplankton_abundance,Pearce/Xenopolous_BQ1_0_phytoplankton_abundance,Euglena_sp_cell_L-1,0,
Pearce/Xenopolous,BQ1,0,phytoplankton_abundance,Pearce/Xenopolous_BQ1_0_phytoplankton_abundance,Aulomonas_purdyi_Lackey_cell_L-1,0,
Pearce/Xenopolous,BQ1,0,phytoplankton_abundance,Pearce/Xenopolous_BQ1_0_phytoplankton_abundance,Bicoeca_sp_cell_L-1,0,
Pearce/Xenopolous,BQ1,0,phytoplankton_abundance,Pearce/Xenopolous_BQ1_0_phytoplankton_abundance,Chrysochromulina_parva_Lackey_cell_L-1,0,
Pearce/Xenopolous,BQ1,0,phytoplankton_abundance,Pearce/Xenopolous_BQ1_0_phytoplankton_abundance,Chrysococcus_sp_cell_L-1,0,
Pearce/Xenopolous,BQ1,0,phytoplankton_abundance,Pearce/Xenopolous_BQ1_0_phytoplankton_abundance,Chrysolykos_planktonicus_Mack_cell_L-1,0,
Pearce/Xenopolous,BQ1,0,phytoplankton_abundance,Pearce/Xenopolous_BQ1_0_phytoplankton_abundance,Chrysophyceae_Cyst_cell_L-1,0,
Pearce/Xenopolous,BQ1,0,phytoplankton_abundance,Pearce/Xenopolous_BQ1_0_phytoplankton_abundance,Chrysophyceae_spp_cell_L-1,1879794,
Pearce/Xenopolous,BQ1,0,phytoplankton_abundance,Pearce/Xenopolous_BQ1_0_phytoplankton_abundance,Dinobryon_cylindricum_Imhof_cell_L-1,0,
Pearce/Xenopolous,BQ1,0,phytoplankton_abundance,Pearce/Xenopolous_BQ1_0_phytoplankton_abundance,Dinobryon_sertularia_Ehrenberg_cell_L-1,5000,
Pearce/Xenopolous,BQ1,0,phytoplankton_abundance,Pearce/Xenopolous_BQ1_0_phytoplankton_abundance,Dinobryon_sp_cell_L-1,0,
Pearce/Xenopolous,BQ1,0,phytoplankton_abundance,Pearce/Xenopolous_BQ1_0_phytoplankton_abundance,Epipyxis_sp_cell_L-1,0,
Pearce/Xenopolous,BQ1,0,phytoplankton_abundance,Pearce/Xenopolous_BQ1_0_phytoplankton_abundance,Mallomonas_elongata_Reverdin_cell_L-1,0,
Pearce/Xenopolous,BQ1,0,phytoplankton_abundance,Pearce/Xenopolous_BQ1_0_phytoplankton_abundance,Mallomonas_sp_cell_L-1,0,
Pearce/Xenopolous,BQ1,0,phytoplankton_abundance,Pearce/Xenopolous_BQ1_0_phytoplankton_abundance,Ochromonad_sp_cell_L-1,537084,
Pearce/Xenopolous,BQ1,0,phytoplankton_abundance,Pearce/Xenopolous_BQ1_0_phytoplankton_abundance,Ochromonas_sp_cell_L-1,0,
Pearce/Xenopolous,BQ1,0,phytoplankton_abundance,Pearce/Xenopolous_BQ1_0_phytoplankton_abundance,Pseudopedinella_sp_cell_L-1,0,
Pearce/Xenopolous,BQ1,0,phytoplankton_abundance,Pearce/Xenopolous_BQ1_0_phytoplankton_abundance,Rhizochrysis_limnetica_GM_Smith_cell_L-1,0,
Pearce/Xenopolous,BQ1,0,phytoplankton_abundance,Pearce/Xenopolous_BQ1_0_phytoplankton_abundance,Salpingoeca_frequentissima_Zacharias_Lemmermann_cell_L-1,29838,
Pearce/Xenopolous,BQ1,0,phytoplankton_abundance,Pearce/Xenopolous_BQ1_0_phytoplankton_abundance,Spiniferomonas_sp_cell_L-1,0,
Pearce/Xenopolous,BQ1,0,phytoplankton_abundance,Pearce/Xenopolous_BQ1_0_phytoplankton_abundance,Stelexomonas_dichotoma_JLackey_cell_L-1,0,
Pearce/Xenopolous,BQ1,0,phytoplankton_abundance,Pearce/Xenopolous_BQ1_0_phytoplankton_abundance,Synura_sp_cell_L-1,0,
Pearce/Xenopolous,BQ1,0,phytoplankton_abundance,Pearce/Xenopolous_BQ1_0_phytoplankton_abundance,Achnanthidium_sp_cell_L-1,0,
Pearce/Xenopolous,BQ1,0,phytoplankton_abundance,Pearce/Xenopolous_BQ1_0_phytoplankton_abundance,Asterionella_formosa_Hassall_cell_L-1,4000,
Pearce/Xenopolous,BQ1,0,phytoplankton_abundance,Pearce/Xenopolous_BQ1_0_phytoplankton_abundance,Aulacoseira_ambigua_Grunow_Simonsen_cell_L-1,0,
Pearce/Xenopolous,BQ1,0,phytoplankton_abundance,Pearce/Xenopolous_BQ1_0_phytoplankton_abundance,Aulacoseira_distans_Ehrenb_Simonsen_cell_L-1,0,
Pearce/Xenopolous,BQ1,0,phytoplankton_abundance,Pearce/Xenopolous_BQ1_0_phytoplankton_abundance,Aulacoseira_islandica_O_Mull_Simonsen_cell_L-1,0,
Pearce/Xenopolous,BQ1,0,phytoplankton_abundance,Pearce/Xenopolous_BQ1_0_phytoplankton_abundance,Bacillariophyceae_spp_cell_L-1,208866,
Pearce/Xenopolous,BQ1,0,phytoplankton_abundance,Pearce/Xenopolous_BQ1_0_phytoplankton_abundance,Cocconeis_pediculus_Ehrenb_cell_L-1,0,
Pearce/Xenopolous,BQ1,0,phytoplankton_abundance,Pearce/Xenopolous_BQ1_0_phytoplankton_abundance,Cyclotella_comensis_Grunow_cell_L-1,21000,
Pearce/Xenopolous,BQ1,0,phytoplankton_abundance,Pearce/Xenopolous_BQ1_0_phytoplankton_abundance,Cyclotella_ocellata_Pantocsek_cell_L-1,0,
Pearce/Xenopolous,BQ1,0,phytoplankton_abundance,Pearce/Xenopolous_BQ1_0_phytoplankton_abundance,Cyclotella_sp_cell_L-1,0,
Pearce/Xenopolous,BQ1,0,phytoplankton_abundance,Pearce/Xenopolous_BQ1_0_phytoplankton_abundance,Diatoma_tenue_var_elongatum_Lyngb_cell_L-1,0,
Pearce/Xenopolous,BQ1,0,phytoplankton_abundance,Pearce/Xenopolous_BQ1_0_phytoplankton_abundance,Diatoma_vulgaris_Bory_cell_L-1,0,
Pearce/Xenopolous,BQ1,0,phytoplankton_abundance,Pearce/Xenopolous_BQ1_0_phytoplankton_abundance,Encyonema_minutum_Hilse_DGMann_cell_L-1,0,
Pearce/Xenopolous,BQ1,0,phytoplankton_abundance,Pearce/Xenopolous_BQ1_0_phytoplankton_abundance,Encyonema_sp_cell_L-1,0,
Pearce/Xenopolous,BQ1,0,phytoplankton_abundance,Pearce/Xenopolous_BQ1_0_phytoplankton_abundance,Fragilaria_capucina_Desmazières_cell_L-1,140000,
Pearce/Xenopolous,BQ1,0,phytoplankton_abundance,Pearce/Xenopolous_BQ1_0_phytoplankton_abundance,Fragilaria_construens_Ehr_Grunow_cell_L-1,0,
Pearce/Xenopolous,BQ1,0,phytoplankton_abundance,Pearce/Xenopolous_BQ1_0_phytoplankton_abundance,Fragilaria_sp_cell_L-1,0,
Pearce/Xenopolous,BQ1,0,phytoplankton_abundance,Pearce/Xenopolous_BQ1_0_phytoplankton_abundance,Gomphonema_sp_cell_L-1,0,
Pearce/Xenopolous,BQ1,0,phytoplankton_abundance,Pearce/Xenopolous_BQ1_0_phytoplankton_abundance,Navicula_sp_cell_L-1,0,
Pearce/Xenopolous,BQ1,0,phytoplankton_abundance,Pearce/Xenopolous_BQ1_0_phytoplankton_abundance,Navicula_tripunctata_O_F_Müll_Bory_cell_L-1,0,
Pearce/Xenopolous,BQ1,0,phytoplankton_abundance,Pearce/Xenopolous_BQ1_0_phytoplankton_abundance,Nitzschia_acicularis_Kütz_W_Smith_cell_L-1,0,
Pearce/Xenopolous,BQ1,0,phytoplankton_abundance,Pearce/Xenopolous_BQ1_0_phytoplankton_abundance,Nitzschia_linearis_C_Agardh_W_Sm_cell_L-1,0,
Pearce/Xenopolous,BQ1,0,phytoplankton_abundance,Pearce/Xenopolous_BQ1_0_phytoplankton_abundance,Nitzschia_sp_cell_L-1,0,
Pearce/Xenopolous,BQ1,0,phytoplankton_abundance,Pearce/Xenopolous_BQ1_0_phytoplankton_abundance,Rhoicosphenia_abbreviata_CAgardh_Lange-Bertalot_cell_L-1,0,
Pearce/Xenopolous,BQ1,0,phytoplankton_abundance,Pearce/Xenopolous_BQ1_0_phytoplankton_abundance,Skeletonema_potamos_Weber_Hasle_cell_L-1,0,
Pearce/Xenopolous,BQ1,0,phytoplankton_abundance,Pearce/Xenopolous_BQ1_0_phytoplankton_abundance,Stephanodiscus_agassizensis_Håk&_Kling_cell_L-1,0,
Pearce/Xenopolous,BQ1,0,phytoplankton_abundance,Pearce/Xenopolous_BQ1_0_phytoplankton_abundance,Stephanodiscus_binderanus_Kütz_Willi_Kreig_cell_L-1,0,
Pearce/Xenopolous,BQ1,0,phytoplankton_abundance,Pearce/Xenopolous_BQ1_0_phytoplankton_abundance,Stephanodiscus_hantzschii_Grunow_cell_L-1,0,
Pearce/Xenopolous,BQ1,0,phytoplankton_abundance,Pearce/Xenopolous_BQ1_0_phytoplankton_abundance,Stephanodiscus_sp_cell_L-1,0,
Pearce/Xenopolous,BQ1,0,phytoplankton_abundance,Pearce/Xenopolous_BQ1_0_phytoplankton_abundance,Synedra_acus_var_radians_Kütz_Hustedt_cell_L-1,0,
Pearce/Xenopolous,BQ1,0,phytoplankton_abundance,Pearce/Xenopolous_BQ1_0_phytoplankton_abundance,Synedra_sp_cell_L-1,0,
Pearce/Xenopolous,BQ1,0,phytoplankton_abundance,Pearce/Xenopolous_BQ1_0_phytoplankton_abundance,Tabellaria_fenestrata_Lyngb_Kütz_cell_L-1,0,
Pearce/Xenopolous,BQ1,0,phytoplankton_abundance,Pearce/Xenopolous_BQ1_0_phytoplankton_abundance,Urosolenia_eriensis_Crawford_&_Mann_cell_L-1,0,
Pearce/Xenopolous,BQ1,0,phytoplankton_abundance,Pearce/Xenopolous_BQ1_0_phytoplankton_abundance,Cryptomonas_erosa_Ehrenberg_cell_L-1,0,
Pearce/Xenopolous,BQ1,0,phytoplankton_abundance,Pearce/Xenopolous_BQ1_0_phytoplankton_abundance,Cryptomonas_marssonii_Skuja_cell_L-1,0,
Pearce/Xenopolous,BQ1,0,phytoplankton_abundance,Pearce/Xenopolous_BQ1_0_phytoplankton_abundance,Cryptomonas_obovata_Skuja_cell_L-1,0,
Pearce/Xenopolous,BQ1,0,phytoplankton_abundance,Pearce/Xenopolous_BQ1_0_phytoplankton_abundance,Cryptomonas_reflexa_Skuja_cell_L-1,0,
Pearce/Xenopolous,BQ1,0,phytoplankton_abundance,Pearce/Xenopolous_BQ1_0_phytoplankton_abundance,Cryptomonas_rostratiformis_Skuja_cell_L-1,0,
Pearce/Xenopolous,BQ1,0,phytoplankton_abundance,Pearce/Xenopolous_BQ1_0_phytoplankton_abundance,Cryptomonas_sp_cell_L-1,0,
Pearce/Xenopolous,BQ1,0,phytoplankton_abundance,Pearce/Xenopolous_BQ1_0_phytoplankton_abundance,Katablepharis_ovalis_Skuja_cell_L-1,0,
Pearce/Xenopolous,BQ1,0,phytoplankton_abundance,Pearce/Xenopolous_BQ1_0_phytoplankton_abundance,Rhodomonas_minuta_var_nannoplanctica_Skuja_cell_L-1,59676,
Pearce/Xenopolous,BQ1,0,phytoplankton_abundance,Pearce/Xenopolous_BQ1_0_phytoplankton_abundance,Glenodinium_sp_cell_L-1,0,
Pearce/Xenopolous,BQ1,0,phytoplankton_abundance,Pearce/Xenopolous_BQ1_0_phytoplankton_abundance,Gymnodinium_helveticum_Penard_cell_L-1,0,
Pearce/Xenopolous,BQ1,0,phytoplankton_abundance,Pearce/Xenopolous_BQ1_0_phytoplankton_abundance,Gymnodinium_sp_cell_L-1,59676,
Pearce/Xenopolous,BQ1,0,phytoplankton_abundance,Pearce/Xenopolous_BQ1_0_phytoplankton_abundance,Peridinium_aciculiferum_Lemmermann_cell_L-1,0,
Pearce/Xenopolous,BQ1,0,phytoplankton_abundance,Pearce/Xenopolous_BQ1_0_phytoplankton_abundance,Peridinium_sp_cell_L-1,2000,
Pearce/Xenopolous,BQ1,0,phytoplankton_abundance,Pearce/Xenopolous_BQ1_0_phytoplankton_abundance,Total_Cyanobacteria_units_or_cells_L-1,38192640,
Pearce/Xenopolous,BQ1,0,phytoplankton_abundance,Pearce/Xenopolous_BQ1_0_phytoplankton_abundance,Total_Chlorophyta_units_or_cells_L-1,7011930,
Pearce/Xenopolous,BQ1,0,phytoplankton_abundance,Pearce/Xenopolous_BQ1_0_phytoplankton_abundance,Total_Euglenophyta_units_or_cells_L-1,0,
Pearce/Xenopolous,BQ1,0,phytoplankton_abundance,Pearce/Xenopolous_BQ1_0_phytoplankton_abundance,Total_Chrysophycea_units_or_cells_L-1,2451716,
Pearce/Xenopolous,BQ1,0,phytoplankton_abundance,Pearce/Xenopolous_BQ1_0_phytoplankton_abundance,Total_Diatomeae_units_or_cells_L-1,373866,
Pearce/Xenopolous,BQ1,0,phytoplankton_abundance,Pearce/Xenopolous_BQ1_0_phytoplankton_abundance,Total_Cryptophyta_units_or_cells_L-1,59676,
Pearce/Xenopolous,BQ1,0,phytoplankton_abundance,Pearce/Xenopolous_BQ1_0_phytoplankton_abundance,Total_Peridineae_units_or_cells_L-1,61676,
Pearce/Xenopolous,BQ1,0,phytoplankton_abundance,Pearce/Xenopolous_BQ1_0_phytoplankton_abundance,total_units_or_cells_L-1,48151504,
Currie,Bronte_Pier,0,phytoplankton_abundance,Currie_Bronte_Pier_0_phytoplankton_abundance,Aphanocapsa_holsatica__Lemm_Cronb_&_Kom_cell_L-1,0,
Currie,Bronte_Pier,0,phytoplankton_abundance,Currie_Bronte_Pier_0_phytoplankton_abundance,Aphanocapsa_sp_cell_L-1,0,
Currie,Bronte_Pier,0,phytoplankton_abundance,Currie_Bronte_Pier_0_phytoplankton_abundance,Cyanodictyon_filiforme_JKomárková-Legnerová_&_GCronberg_cell_L-1,0,
Currie,Bronte_Pier,0,phytoplankton_abundance,Currie_Bronte_Pier_0_phytoplankton_abundance,Cyanophyta_sp_cell_L-1,293606920,
Currie,Bronte_Pier,0,phytoplankton_abundance,Currie_Bronte_Pier_0_phytoplankton_abundance,Gloeocapsa_sp_cell_L-1,0,
Currie,Bronte_Pier,0,phytoplankton_abundance,Currie_Bronte_Pier_0_phytoplankton_abundance,Microcystis_sp_cell_L-1,0,
Currie,Bronte_Pier,0,phytoplankton_abundance,Currie_Bronte_Pier_0_phytoplankton_abundance,Planktothrix_agardhii_Gomont_Anag_and_Komar_cell_L-1,0,
Currie,Bronte_Pier,0,phytoplankton_abundance,Currie_Bronte_Pier_0_phytoplankton_abundance,Pseudanabaena_contorta_Kling_&_Watson_cell_L-1,0,
Currie,Bronte_Pier,0,phytoplankton_abundance,Currie_Bronte_Pier_0_phytoplankton_abundance,Pseudanabaena_sp_cell_L-1,0,
Currie,Bronte_Pier,0,phytoplankton_abundance,Currie_Bronte_Pier_0_phytoplankton_abundance,Synechococcus_sp_cell_L-1,0,
Currie,Bronte_Pier,0,phytoplankton_abundance,Currie_Bronte_Pier_0_phytoplankton_abundance,Woronichinia_sp_cell_L-1,0,
Currie,Bronte_Pier,0,phytoplankton_abundance,Currie_Bronte_Pier_0_phytoplankton_abundance,Actinastrum_hantzschii_Lagerheim_cell_L-1,0,
Currie,Bronte_Pier,0,phytoplankton_abundance,Currie_Bronte_Pier_0_phytoplankton_abundance,Botryococcus_sp_cell_L-1,0,
Currie,Bronte_Pier,0,phytoplankton_abundance,Currie_Bronte_Pier_0_phytoplankton_abundance,Campylomonas_sp_cell_L-1,0,
Currie,Bronte_Pier,0,phytoplankton_abundance,Currie_Bronte_Pier_0_phytoplankton_abundance,Chlorogonium_minimum_Playfair_cell_L-1,0,
Currie,Bronte_Pier,0,phytoplankton_abundance,Currie_Bronte_Pier_0_phytoplankton_abundance,Chlorophyceae_spp_cell_L-1,50157678,
Currie,Bronte_Pier,0,phytoplankton_abundance,Currie_Bronte_Pier_0_phytoplankton_abundance,Closterium_aciculare_T_West_cell_L-1,0,
Currie,Bronte_Pier,0,phytoplankton_abundance,Currie_Bronte_Pier_0_phytoplankton_abundance,Closterium_strigosum_Brebisson_cell_L-1,0,
Currie,Bronte_Pier,0,phytoplankton_abundance,Currie_Bronte_Pier_0_phytoplankton_abundance,Collodictyon_triciliatum_H_Carter_cell_L-1,0,
Currie,Bronte_Pier,0,phytoplankton_abundance,Currie_Bronte_Pier_0_phytoplankton_abundance,Desmodesmus_sp_cell_L-1,119352,
Currie,Bronte_Pier,0,phytoplankton_abundance,Currie_Bronte_Pier_0_phytoplankton_abundance,Gloeotila_pelagica_Nyegaard_Skuja_cell_L-1,0,
Currie,Bronte_Pier,0,phytoplankton_abundance,Currie_Bronte_Pier_0_phytoplankton_abundance,Koliella_longiseta_Vischer_Hindák_cell_L-1,0,
Currie,Bronte_Pier,0,phytoplankton_abundance,Currie_Bronte_Pier_0_phytoplankton_abundance,Koliella_sp_cell_L-1,0,
Currie,Bronte_Pier,0,phytoplankton_abundance,Currie_Bronte_Pier_0_phytoplankton_abundance,Lagerheimia_genevensis_Chodat_cell_L-1,0,
Currie,Bronte_Pier,0,phytoplankton_abundance,Currie_Bronte_Pier_0_phytoplankton_abundance,Monoraphidium_arcuatum_Korshikov_Hindák_cell_L-1,0,
Currie,Bronte_Pier,0,phytoplankton_abundance,Currie_Bronte_Pier_0_phytoplankton_abundance,Monoraphidium_contortum_Thurs_Kom_cell_L-1,0,
Currie,Bronte_Pier,0,phytoplankton_abundance,Currie_Bronte_Pier_0_phytoplankton_abundance,Monoraphidium_minutum_Nägeli_Komárková-legnerová_cell_L-1,0,
Currie,Bronte_Pier,0,phytoplankton_abundance,Currie_Bronte_Pier_0_phytoplankton_abundance,Mougeotia_sp_cell_L-1,0,
Currie,Bronte_Pier,0,phytoplankton_abundance,Currie_Bronte_Pier_0_phytoplankton_abundance,Nephrochlamys_sp_cell_L-1,0,
Currie,Bronte_Pier,0,phytoplankton_abundance,Currie_Bronte_Pier_0_phytoplankton_abundance,Oocystis_solitaria_Wittrock_cell_L-1,0,
Currie,Bronte_Pier,0,phytoplankton_abundance,Currie_Bronte_Pier_0_phytoplankton_abundance,Oocystis_sp_cell_L-1,0,
Currie,Bronte_Pier,0,phytoplankton_abundance,Currie_Bronte_Pier_0_phytoplankton_abundance,Planktosphaeria_gelatinosa_GMSmith_cell_L-1,0,
Currie,Bronte_Pier,0,phytoplankton_abundance,Currie_Bronte_Pier_0_phytoplankton_abundance,Scenedesmus_sp_cell_L-1,0,
Currie,Bronte_Pier,0,phytoplankton_abundance,Currie_Bronte_Pier_0_phytoplankton_abundance,Spermatozopsis_exsultans_Korshikov_cell_L-1,0,
Currie,Bronte_Pier,0,phytoplankton_abundance,Currie_Bronte_Pier_0_phytoplankton_abundance,Stichococcus_sp_cell_L-1,0,
Currie,Bronte_Pier,0,phytoplankton_abundance,Currie_Bronte_Pier_0_phytoplankton_abundance,Tetraedron_triangulare_Korshikov_cell_L-1,0,
Currie,Bronte_Pier,0,phytoplankton_abundance,Currie_Bronte_Pier_0_phytoplankton_abundance,Tetrastrum_heteracanthum_Nordst_Chod_cell_L-1,0,
Currie,Bronte_Pier,0,phytoplankton_abundance,Currie_Bronte_Pier_0_phytoplankton_abundance,Euglena_sp_cell_L-1,0,
Currie,Bronte_Pier,0,phytoplankton_abundance,Currie_Bronte_Pier_0_phytoplankton_abundance,Aulomonas_purdyi_Lackey_cell_L-1,0,
Currie,Bronte_Pier,0,phytoplankton_abundance,Currie_Bronte_Pier_0_phytoplankton_abundance,Bicoeca_sp_cell_L-1,0,
Currie,Bronte_Pier,0,phytoplankton_abundance,Currie_Bronte_Pier_0_phytoplankton_abundance,Chrysochromulina_parva_Lackey_cell_L-1,0,
Currie,Bronte_Pier,0,phytoplankton_abundance,Currie_Bronte_Pier_0_phytoplankton_abundance,Chrysococcus_sp_cell_L-1,0,
Currie,Bronte_Pier,0,phytoplankton_abundance,Currie_Bronte_Pier_0_phytoplankton_abundance,Chrysolykos_planktonicus_Mack_cell_L-1,0,
Currie,Bronte_Pier,0,phytoplankton_abundance,Currie_Bronte_Pier_0_phytoplankton_abundance,Chrysophyceae_Cyst_cell_L-1,0,
Currie,Bronte_Pier,0,phytoplankton_abundance,Currie_Bronte_Pier_0_phytoplankton_abundance,Chrysophyceae_spp_cell_L-1,0,
Currie,Bronte_Pier,0,phytoplankton_abundance,Currie_Bronte_Pier_0_phytoplankton_abundance,Dinobryon_cylindricum_Imhof_cell_L-1,0,
Currie,Bronte_Pier,0,phytoplankton_abundance,Currie_Bronte_Pier_0_phytoplankton_abundance,Dinobryon_sertularia_Ehrenberg_cell_L-1,0,
Currie,Bronte_Pier,0,phytoplankton_abundance,Currie_Bronte_Pier_0_phytoplankton_abundance,Dinobryon_sp_cell_L-1,0,
Currie,Bronte_Pier,0,phytoplankton_abundance,Currie_Bronte_Pier_0_phytoplankton_abundance,Epipyxis_sp_cell_L-1,0,
Currie,Bronte_Pier,0,phytoplankton_abundance,Currie_Bronte_Pier_0_phytoplankton_abundance,Mallomonas_elongata_Reverdin_cell_L-1,0,
Currie,Bronte_Pier,0,phytoplankton_abundance,Currie_Bronte_Pier_0_phytoplankton_abundance,Mallomonas_sp_cell_L-1,0,
Currie,Bronte_Pier,0,phytoplankton_abundance,Currie_Bronte_Pier_0_phytoplankton_abundance,Ochromonad_sp_cell_L-1,179028,
Currie,Bronte_Pier,0,phytoplankton_abundance,Currie_Bronte_Pier_0_phytoplankton_abundance,Ochromonas_sp_cell_L-1,29838,
Currie,Bronte_Pier,0,phytoplankton_abundance,Currie_Bronte_Pier_0_phytoplankton_abundance,Pseudopedinella_sp_cell_L-1,0,
Currie,Bronte_Pier,0,phytoplankton_abundance,Currie_Bronte_Pier_0_phytoplankton_abundance,Rhizochrysis_limnetica_GM_Smith_cell_L-1,0,
Currie,Bronte_Pier,0,phytoplankton_abundance,Currie_Bronte_Pier_0_phytoplankton_abundance,Salpingoeca_frequentissima_Zacharias_Lemmermann_cell_L-1,0,
Currie,Bronte_Pier,0,phytoplankton_abundance,Currie_Bronte_Pier_0_phytoplankton_abundance,Spiniferomonas_sp_cell_L-1,0,
Currie,Bronte_Pier,0,phytoplankton_abundance,Currie_Bronte_Pier_0_phytoplankton_abundance,Stelexomonas_dichotoma_JLackey_cell_L-1,0,
Currie,Bronte_Pier,0,phytoplankton_abundance,Currie_Bronte_Pier_0_phytoplankton_abundance,Synura_sp_cell_L-1,0,
Currie,Bronte_Pier,0,phytoplankton_abundance,Currie_Bronte_Pier_0_phytoplankton_abundance,Achnanthidium_sp_cell_L-1,29838,
Currie,Bronte_Pier,0,phytoplankton_abundance,Currie_Bronte_Pier_0_phytoplankton_abundance,Asterionella_formosa_Hassall_cell_L-1,0,
Currie,Bronte_Pier,0,phytoplankton_abundance,Currie_Bronte_Pier_0_phytoplankton_abundance,Aulacoseira_ambigua_Grunow_Simonsen_cell_L-1,0,
Currie,Bronte_Pier,0,phytoplankton_abundance,Currie_Bronte_Pier_0_phytoplankton_abundance,Aulacoseira_distans_Ehrenb_Simonsen_cell_L-1,0,
Currie,Bronte_Pier,0,phytoplankton_abundance,Currie_Bronte_Pier_0_phytoplankton_abundance,Aulacoseira_islandica_O_Mull_Simonsen_cell_L-1,0,
Currie,Bronte_Pier,0,phytoplankton_abundance,Currie_Bronte_Pier_0_phytoplankton_abundance,Bacillariophyceae_spp_cell_L-1,0,
Currie,Bronte_Pier,0,phytoplankton_abundance,Currie_Bronte_Pier_0_phytoplankton_abundance,Cocconeis_pediculus_Ehrenb_cell_L-1,1000,
Currie,Bronte_Pier,0,phytoplankton_abundance,Currie_Bronte_Pier_0_phytoplankton_abundance,Cyclotella_comensis_Grunow_cell_L-1,0,
Currie,Bronte_Pier,0,phytoplankton_abundance,Currie_Bronte_Pier_0_phytoplankton_abundance,Cyclotella_ocellata_Pantocsek_cell_L-1,0,
Currie,Bronte_Pier,0,phytoplankton_abundance,Currie_Bronte_Pier_0_phytoplankton_abundance,Cyclotella_sp_cell_L-1,2000,
Currie,Bronte_Pier,0,phytoplankton_abundance,Currie_Bronte_Pier_0_phytoplankton_abundance,Diatoma_tenue_var_elongatum_Lyngb_cell_L-1,0,
Currie,Bronte_Pier,0,phytoplankton_abundance,Currie_Bronte_Pier_0_phytoplankton_abundance,Diatoma_vulgaris_Bory_cell_L-1,29838,
Currie,Bronte_Pier,0,phytoplankton_abundance,Currie_Bronte_Pier_0_phytoplankton_abundance,Encyonema_minutum_Hilse_DGMann_cell_L-1,29838,
Currie,Bronte_Pier,0,phytoplankton_abundance,Currie_Bronte_Pier_0_phytoplankton_abundance,Encyonema_sp_cell_L-1,1000,
Currie,Bronte_Pier,0,phytoplankton_abundance,Currie_Bronte_Pier_0_phytoplankton_abundance,Fragilaria_capucina_Desmazières_cell_L-1,0,
Currie,Bronte_Pier,0,phytoplankton_abundance,Currie_Bronte_Pier_0_phytoplankton_abundance,Fragilaria_construens_Ehr_Grunow_cell_L-1,0,
Currie,Bronte_Pier,0,phytoplankton_abundance,Currie_Bronte_Pier_0_phytoplankton_abundance,Fragilaria_sp_cell_L-1,298380,
Currie,Bronte_Pier,0,phytoplankton_abundance,Currie_Bronte_Pier_0_phytoplankton_abundance,Gomphonema_sp_cell_L-1,29838,
Currie,Bronte_Pier,0,phytoplankton_abundance,Currie_Bronte_Pier_0_phytoplankton_abundance,Navicula_sp_cell_L-1,29838,
Currie,Bronte_Pier,0,phytoplankton_abundance,Currie_Bronte_Pier_0_phytoplankton_abundance,Navicula_tripunctata_O_F_Müll_Bory_cell_L-1,21000,
Currie,Bronte_Pier,0,phytoplankton_abundance,Currie_Bronte_Pier_0_phytoplankton_abundance,Nitzschia_acicularis_Kütz_W_Smith_cell_L-1,0,
Currie,Bronte_Pier,0,phytoplankton_abundance,Currie_Bronte_Pier_0_phytoplankton_abundance,Nitzschia_linearis_C_Agardh_W_Sm_cell_L-1,2000,
Currie,Bronte_Pier,0,phytoplankton_abundance,Currie_Bronte_Pier_0_phytoplankton_abundance,Nitzschia_sp_cell_L-1,61676,
Currie,Bronte_Pier,0,phytoplankton_abundance,Currie_Bronte_Pier_0_phytoplankton_abundance,Rhoicosphenia_abbreviata_CAgardh_Lange-Bertalot_cell_L-1,4000,
Currie,Bronte_Pier,0,phytoplankton_abundance,Currie_Bronte_Pier_0_phytoplankton_abundance,Skeletonema_potamos_Weber_Hasle_cell_L-1,0,
Currie,Bronte_Pier,0,phytoplankton_abundance,Currie_Bronte_Pier_0_phytoplankton_abundance,Stephanodiscus_agassizensis_Håk&_Kling_cell_L-1,0,
Currie,Bronte_Pier,0,phytoplankton_abundance,Currie_Bronte_Pier_0_phytoplankton_abundance,Stephanodiscus_binderanus_Kütz_Willi_Kreig_cell_L-1,0,
Currie,Bronte_Pier,0,phytoplankton_abundance,Currie_Bronte_Pier_0_phytoplankton_abundance,Stephanodiscus_hantzschii_Grunow_cell_L-1,0,
Currie,Bronte_Pier,0,phytoplankton_abundance,Currie_Bronte_Pier_0_phytoplankton_abundance,Stephanodiscus_sp_cell_L-1,0,
Currie,Bronte_Pier,0,phytoplankton_abundance,Currie_Bronte_Pier_0_phytoplankton_abundance,Synedra_acus_var_radians_Kütz_Hustedt_cell_L-1,0,
Currie,Bronte_Pier,0,phytoplankton_abundance,Currie_Bronte_Pier_0_phytoplankton_abundance,Synedra_sp_cell_L-1,0,
Currie,Bronte_Pier,0,phytoplankton_abundance,Currie_Bronte_Pier_0_phytoplankton_abundance,Tabellaria_fenestrata_Lyngb_Kütz_cell_L-1,0,
Currie,Bronte_Pier,0,phytoplankton_abundance,Currie_Bronte_Pier_0_phytoplankton_abundance,Urosolenia_eriensis_Crawford_&_Mann_cell_L-1,0,
Currie,Bronte_Pier,0,phytoplankton_abundance,Currie_Bronte_Pier_0_phytoplankton_abundance,Cryptomonas_erosa_Ehrenberg_cell_L-1,0,
Currie,Bronte_Pier,0,phytoplankton_abundance,Currie_Bronte_Pier_0_phytoplankton_abundance,Cryptomonas_marssonii_Skuja_cell_L-1,0,
Currie,Bronte_Pier,0,phytoplankton_abundance,Currie_Bronte_Pier_0_phytoplankton_abundance,Cryptomonas_obovata_Skuja_cell_L-1,0,
Currie,Bronte_Pier,0,phytoplankton_abundance,Currie_Bronte_Pier_0_phytoplankton_abundance,Cryptomonas_reflexa_Skuja_cell_L-1,1000,
Currie,Bronte_Pier,0,phytoplankton_abundance,Currie_Bronte_Pier_0_phytoplankton_abundance,Cryptomonas_rostratiformis_Skuja_cell_L-1,0,
Currie,Bronte_Pier,0,phytoplankton_abundance,Currie_Bronte_Pier_0_phytoplankton_abundance,Cryptomonas_sp_cell_L-1,0,
Currie,Bronte_Pier,0,phytoplankton_abundance,Currie_Bronte_Pier_0_phytoplankton_abundance,Katablepharis_ovalis_Skuja_cell_L-1,0,
Currie,Bronte_Pier,0,phytoplankton_abundance,Currie_Bronte_Pier_0_phytoplankton_abundance,Rhodomonas_minuta_var_nannoplanctica_Skuja_cell_L-1,149190,
Currie,Bronte_Pier,0,phytoplankton_abundance,Currie_Bronte_Pier_0_phytoplankton_abundance,Glenodinium_sp_cell_L-1,0,
Currie,Bronte_Pier,0,phytoplankton_abundance,Currie_Bronte_Pier_0_phytoplankton_abundance,Gymnodinium_helveticum_Penard_cell_L-1,0,
Currie,Bronte_Pier,0,phytoplankton_abundance,Currie_Bronte_Pier_0_phytoplankton_abundance,Gymnodinium_sp_cell_L-1,0,
Currie,Bronte_Pier,0,phytoplankton_abundance,Currie_Bronte_Pier_0_phytoplankton_abundance,Peridinium_aciculiferum_Lemmermann_cell_L-1,0,
Currie,Bronte_Pier,0,phytoplankton_abundance,Currie_Bronte_Pier_0_phytoplankton_abundance,Peridinium_sp_cell_L-1,0,
Currie,Bronte_Pier,0,phytoplankton_abundance,Currie_Bronte_Pier_0_phytoplankton_abundance,Total_Cyanobacteria_units_or_cells_L-1,293606920,
Currie,Bronte_Pier,0,phytoplankton_abundance,Currie_Bronte_Pier_0_phytoplankton_abundance,Total_Chlorophyta_units_or_cells_L-1,50277030,
Currie,Bronte_Pier,0,phytoplankton_abundance,Currie_Bronte_Pier_0_phytoplankton_abundance,Total_Euglenophyta_units_or_cells_L-1,0,
Currie,Bronte_Pier,0,phytoplankton_abundance,Currie_Bronte_Pier_0_phytoplankton_abundance,Total_Chrysophycea_units_or_cells_L-1,208866,
Currie,Bronte_Pier,0,phytoplankton_abundance,Currie_Bronte_Pier_0_phytoplankton_abundance,Total_Diatomeae_units_or_cells_L-1,570084,
Currie,Bronte_Pier,0,phytoplankton_abundance,Currie_Bronte_Pier_0_phytoplankton_abundance,Total_Cryptophyta_units_or_cells_L-1,150190,
Currie,Bronte_Pier,0,phytoplankton_abundance,Currie_Bronte_Pier_0_phytoplankton_abundance,Total_Peridineae_units_or_cells_L-1,0,
Currie,Bronte_Pier,0,phytoplankton_abundance,Currie_Bronte_Pier_0_phytoplankton_abundance,total_units_or_cells_L-1,344813090,
Currie,CCIW_Hamilton_Harbour,1,phytoplankton_abundance,Currie_CCIW_Hamilton_Harbour_1_phytoplankton_abundance,Aphanocapsa_holsatica__Lemm_Cronb_&_Kom_cell_L-1,0,
Currie,CCIW_Hamilton_Harbour,1,phytoplankton_abundance,Currie_CCIW_Hamilton_Harbour_1_phytoplankton_abundance,Aphanocapsa_sp_cell_L-1,0,
Currie,CCIW_Hamilton_Harbour,1,phytoplankton_abundance,Currie_CCIW_Hamilton_Harbour_1_phytoplankton_abundance,Cyanodictyon_filiforme_JKomárková-Legnerová_&_GCronberg_cell_L-1,0,
Currie,CCIW_Hamilton_Harbour,1,phytoplankton_abundance,Currie_CCIW_Hamilton_Harbour_1_phytoplankton_abundance,Cyanophyta_sp_cell_L-1,50127840,
Currie,CCIW_Hamilton_Harbour,1,phytoplankton_abundance,Currie_CCIW_Hamilton_Harbour_1_phytoplankton_abundance,Gloeocapsa_sp_cell_L-1,0,
Currie,CCIW_Hamilton_Harbour,1,phytoplankton_abundance,Currie_CCIW_Hamilton_Harbour_1_phytoplankton_abundance,Microcystis_sp_cell_L-1,0,
Currie,CCIW_Hamilton_Harbour,1,phytoplankton_abundance,Currie_CCIW_Hamilton_Harbour_1_phytoplankton_abundance,Planktothrix_agardhii_Gomont_Anag_and_Komar_cell_L-1,0,
Currie,CCIW_Hamilton_Harbour,1,phytoplankton_abundance,Currie_CCIW_Hamilton_Harbour_1_phytoplankton_abundance,Pseudanabaena_contorta_Kling_&_Watson_cell_L-1,0,
Currie,CCIW_Hamilton_Harbour,1,phytoplankton_abundance,Currie_CCIW_Hamilton_Harbour_1_phytoplankton_abundance,Pseudanabaena_sp_cell_L-1,0,
Currie,CCIW_Hamilton_Harbour,1,phytoplankton_abundance,Currie_CCIW_Hamilton_Harbour_1_phytoplankton_abundance,Synechococcus_sp_cell_L-1,59676,
Currie,CCIW_Hamilton_Harbour,1,phytoplankton_abundance,Currie_CCIW_Hamilton_Harbour_1_phytoplankton_abundance,Woronichinia_sp_cell_L-1,0,
Currie,CCIW_Hamilton_Harbour,1,phytoplankton_abundance,Currie_CCIW_Hamilton_Harbour_1_phytoplankton_abundance,Actinastrum_hantzschii_Lagerheim_cell_L-1,0,
Currie,CCIW_Hamilton_Harbour,1,phytoplankton_abundance,Currie_CCIW_Hamilton_Harbour_1_phytoplankton_abundance,Botryococcus_sp_cell_L-1,0,
Currie,CCIW_Hamilton_Harbour,1,phytoplankton_abundance,Currie_CCIW_Hamilton_Harbour_1_phytoplankton_abundance,Campylomonas_sp_cell_L-1,0,
Currie,CCIW_Hamilton_Harbour,1,phytoplankton_abundance,Currie_CCIW_Hamilton_Harbour_1_phytoplankton_abundance,Chlorogonium_minimum_Playfair_cell_L-1,89514,
Currie,CCIW_Hamilton_Harbour,1,phytoplankton_abundance,Currie_CCIW_Hamilton_Harbour_1_phytoplankton_abundance,Chlorophyceae_spp_cell_L-1,7190958,
Currie,CCIW_Hamilton_Harbour,1,phytoplankton_abundance,Currie_CCIW_Hamilton_Harbour_1_phytoplankton_abundance,Closterium_aciculare_T_West_cell_L-1,2000,
Currie,CCIW_Hamilton_Harbour,1,phytoplankton_abundance,Currie_CCIW_Hamilton_Harbour_1_phytoplankton_abundance,Closterium_strigosum_Brebisson_cell_L-1,29838,
Currie,CCIW_Hamilton_Harbour,1,phytoplankton_abundance,Currie_CCIW_Hamilton_Harbour_1_phytoplankton_abundance,Collodictyon_triciliatum_H_Carter_cell_L-1,119352,
Currie,CCIW_Hamilton_Harbour,1,phytoplankton_abundance,Currie_CCIW_Hamilton_Harbour_1_phytoplankton_abundance,Desmodesmus_sp_cell_L-1,0,
Currie,CCIW_Hamilton_Harbour,1,phytoplankton_abundance,Currie_CCIW_Hamilton_Harbour_1_phytoplankton_abundance,Gloeotila_pelagica_Nyegaard_Skuja_cell_L-1,0,
Currie,CCIW_Hamilton_Harbour,1,phytoplankton_abundance,Currie_CCIW_Hamilton_Harbour_1_phytoplankton_abundance,Koliella_longiseta_Vischer_Hindák_cell_L-1,0,
Currie,CCIW_Hamilton_Harbour,1,phytoplankton_abundance,Currie_CCIW_Hamilton_Harbour_1_phytoplankton_abundance,Koliella_sp_cell_L-1,0,
Currie,CCIW_Hamilton_Harbour,1,phytoplankton_abundance,Currie_CCIW_Hamilton_Harbour_1_phytoplankton_abundance,Lagerheimia_genevensis_Chodat_cell_L-1,0,
Currie,CCIW_Hamilton_Harbour,1,phytoplankton_abundance,Currie_CCIW_Hamilton_Harbour_1_phytoplankton_abundance,Monoraphidium_arcuatum_Korshikov_Hindák_cell_L-1,0,
Currie,CCIW_Hamilton_Harbour,1,phytoplankton_abundance,Currie_CCIW_Hamilton_Harbour_1_phytoplankton_abundance,Monoraphidium_contortum_Thurs_Kom_cell_L-1,0,
Currie,CCIW_Hamilton_Harbour,1,phytoplankton_abundance,Currie_CCIW_Hamilton_Harbour_1_phytoplankton_abundance,Monoraphidium_minutum_Nägeli_Komárková-legnerová_cell_L-1,0,
Currie,CCIW_Hamilton_Harbour,1,phytoplankton_abundance,Currie_CCIW_Hamilton_Harbour_1_phytoplankton_abundance,Mougeotia_sp_cell_L-1,0,
Currie,CCIW_Hamilton_Harbour,1,phytoplankton_abundance,Currie_CCIW_Hamilton_Harbour_1_phytoplankton_abundance,Nephrochlamys_sp_cell_L-1,0,
Currie,CCIW_Hamilton_Harbour,1,phytoplankton_abundance,Currie_CCIW_Hamilton_Harbour_1_phytoplankton_abundance,Oocystis_solitaria_Wittrock_cell_L-1,0,
Currie,CCIW_Hamilton_Harbour,1,phytoplankton_abundance,Currie_CCIW_Hamilton_Harbour_1_phytoplankton_abundance,Oocystis_sp_cell_L-1,0,
Currie,CCIW_Hamilton_Harbour,1,phytoplankton_abundance,Currie_CCIW_Hamilton_Harbour_1_phytoplankton_abundance,Planktosphaeria_gelatinosa_GMSmith_cell_L-1,0,
Currie,CCIW_Hamilton_Harbour,1,phytoplankton_abundance,Currie_CCIW_Hamilton_Harbour_1_phytoplankton_abundance,Scenedesmus_sp_cell_L-1,537084,
Currie,CCIW_Hamilton_Harbour,1,phytoplankton_abundance,Currie_CCIW_Hamilton_Harbour_1_phytoplankton_abundance,Spermatozopsis_exsultans_Korshikov_cell_L-1,0,
Currie,CCIW_Hamilton_Harbour,1,phytoplankton_abundance,Currie_CCIW_Hamilton_Harbour_1_phytoplankton_abundance,Stichococcus_sp_cell_L-1,0,
Currie,CCIW_Hamilton_Harbour,1,phytoplankton_abundance,Currie_CCIW_Hamilton_Harbour_1_phytoplankton_abundance,Tetraedron_triangulare_Korshikov_cell_L-1,0,
Currie,CCIW_Hamilton_Harbour,1,phytoplankton_abundance,Currie_CCIW_Hamilton_Harbour_1_phytoplankton_abundance,Tetrastrum_heteracanthum_Nordst_Chod_cell_L-1,0,
Currie,CCIW_Hamilton_Harbour,1,phytoplankton_abundance,Currie_CCIW_Hamilton_Harbour_1_phytoplankton_abundance,Euglena_sp_cell_L-1,0,
Currie,CCIW_Hamilton_Harbour,1,phytoplankton_abundance,Currie_CCIW_Hamilton_Harbour_1_phytoplankton_abundance,Aulomonas_purdyi_Lackey_cell_L-1,0,
Currie,CCIW_Hamilton_Harbour,1,phytoplankton_abundance,Currie_CCIW_Hamilton_Harbour_1_phytoplankton_abundance,Bicoeca_sp_cell_L-1,0,
Currie,CCIW_Hamilton_Harbour,1,phytoplankton_abundance,Currie_CCIW_Hamilton_Harbour_1_phytoplankton_abundance,Chrysochromulina_parva_Lackey_cell_L-1,0,
Currie,CCIW_Hamilton_Harbour,1,phytoplankton_abundance,Currie_CCIW_Hamilton_Harbour_1_phytoplankton_abundance,Chrysococcus_sp_cell_L-1,0,
Currie,CCIW_Hamilton_Harbour,1,phytoplankton_abundance,Currie_CCIW_Hamilton_Harbour_1_phytoplankton_abundance,Chrysolykos_planktonicus_Mack_cell_L-1,0,
Currie,CCIW_Hamilton_Harbour,1,phytoplankton_abundance,Currie_CCIW_Hamilton_Harbour_1_phytoplankton_abundance,Chrysophyceae_Cyst_cell_L-1,0,
Currie,CCIW_Hamilton_Harbour,1,phytoplankton_abundance,Currie_CCIW_Hamilton_Harbour_1_phytoplankton_abundance,Chrysophyceae_spp_cell_L-1,268542,
Currie,CCIW_Hamilton_Harbour,1,phytoplankton_abundance,Currie_CCIW_Hamilton_Harbour_1_phytoplankton_abundance,Dinobryon_cylindricum_Imhof_cell_L-1,0,
Currie,CCIW_Hamilton_Harbour,1,phytoplankton_abundance,Currie_CCIW_Hamilton_Harbour_1_phytoplankton_abundance,Dinobryon_sertularia_Ehrenberg_cell_L-1,0,
Currie,CCIW_Hamilton_Harbour,1,phytoplankton_abundance,Currie_CCIW_Hamilton_Harbour_1_phytoplankton_abundance,Dinobryon_sp_cell_L-1,0,
Currie,CCIW_Hamilton_Harbour,1,phytoplankton_abundance,Currie_CCIW_Hamilton_Harbour_1_phytoplankton_abundance,Epipyxis_sp_cell_L-1,0,
Currie,CCIW_Hamilton_Harbour,1,phytoplankton_abundance,Currie_CCIW_Hamilton_Harbour_1_phytoplankton_abundance,Mallomonas_elongata_Reverdin_cell_L-1,0,
Currie,CCIW_Hamilton_Harbour,1,phytoplankton_abundance,Currie_CCIW_Hamilton_Harbour_1_phytoplankton_abundance,Mallomonas_sp_cell_L-1,0,
Currie,CCIW_Hamilton_Harbour,1,phytoplankton_abundance,Currie_CCIW_Hamilton_Harbour_1_phytoplankton_abundance,Ochromonad_sp_cell_L-1,208866,
Currie,CCIW_Hamilton_Harbour,1,phytoplankton_abundance,Currie_CCIW_Hamilton_Harbour_1_phytoplankton_abundance,Ochromonas_sp_cell_L-1,59676,
Currie,CCIW_Hamilton_Harbour,1,phytoplankton_abundance,Currie_CCIW_Hamilton_Harbour_1_phytoplankton_abundance,Pseudopedinella_sp_cell_L-1,0,
Currie,CCIW_Hamilton_Harbour,1,phytoplankton_abundance,Currie_CCIW_Hamilton_Harbour_1_phytoplankton_abundance,Rhizochrysis_limnetica_GM_Smith_cell_L-1,0,
Currie,CCIW_Hamilton_Harbour,1,phytoplankton_abundance,Currie_CCIW_Hamilton_Harbour_1_phytoplankton_abundance,Salpingoeca_frequentissima_Zacharias_Lemmermann_cell_L-1,0,
Currie,CCIW_Hamilton_Harbour,1,phytoplankton_abundance,Currie_CCIW_Hamilton_Harbour_1_phytoplankton_abundance,Spiniferomonas_sp_cell_L-1,0,
Currie,CCIW_Hamilton_Harbour,1,phytoplankton_abundance,Currie_CCIW_Hamilton_Harbour_1_phytoplankton_abundance,Stelexomonas_dichotoma_JLackey_cell_L-1,0,
Currie,CCIW_Hamilton_Harbour,1,phytoplankton_abundance,Currie_CCIW_Hamilton_Harbour_1_phytoplankton_abundance,Synura_sp_cell_L-1,0,
Currie,CCIW_Hamilton_Harbour,1,phytoplankton_abundance,Currie_CCIW_Hamilton_Harbour_1_phytoplankton_abundance,Achnanthidium_sp_cell_L-1,0,
Currie,CCIW_Hamilton_Harbour,1,phytoplankton_abundance,Currie_CCIW_Hamilton_Harbour_1_phytoplankton_abundance,Asterionella_formosa_Hassall_cell_L-1,504000,
Currie,CCIW_Hamilton_Harbour,1,phytoplankton_abundance,Currie_CCIW_Hamilton_Harbour_1_phytoplankton_abundance,Aulacoseira_ambigua_Grunow_Simonsen_cell_L-1,0,
Currie,CCIW_Hamilton_Harbour,1,phytoplankton_abundance,Currie_CCIW_Hamilton_Harbour_1_phytoplankton_abundance,Aulacoseira_distans_Ehrenb_Simonsen_cell_L-1,14000,
Currie,CCIW_Hamilton_Harbour,1,phytoplankton_abundance,Currie_CCIW_Hamilton_Harbour_1_phytoplankton_abundance,Aulacoseira_islandica_O_Mull_Simonsen_cell_L-1,421000,
Currie,CCIW_Hamilton_Harbour,1,phytoplankton_abundance,Currie_CCIW_Hamilton_Harbour_1_phytoplankton_abundance,Bacillariophyceae_spp_cell_L-1,1521738,
Currie,CCIW_Hamilton_Harbour,1,phytoplankton_abundance,Currie_CCIW_Hamilton_Harbour_1_phytoplankton_abundance,Cocconeis_pediculus_Ehrenb_cell_L-1,0,
Currie,CCIW_Hamilton_Harbour,1,phytoplankton_abundance,Currie_CCIW_Hamilton_Harbour_1_phytoplankton_abundance,Cyclotella_comensis_Grunow_cell_L-1,0,
Currie,CCIW_Hamilton_Harbour,1,phytoplankton_abundance,Currie_CCIW_Hamilton_Harbour_1_phytoplankton_abundance,Cyclotella_ocellata_Pantocsek_cell_L-1,0,
Currie,CCIW_Hamilton_Harbour,1,phytoplankton_abundance,Currie_CCIW_Hamilton_Harbour_1_phytoplankton_abundance,Cyclotella_sp_cell_L-1,0,
Currie,CCIW_Hamilton_Harbour,1,phytoplankton_abundance,Currie_CCIW_Hamilton_Harbour_1_phytoplankton_abundance,Diatoma_tenue_var_elongatum_Lyngb_cell_L-1,0,
Currie,CCIW_Hamilton_Harbour,1,phytoplankton_abundance,Currie_CCIW_Hamilton_Harbour_1_phytoplankton_abundance,Diatoma_vulgaris_Bory_cell_L-1,2000,
Currie,CCIW_Hamilton_Harbour,1,phytoplankton_abundance,Currie_CCIW_Hamilton_Harbour_1_phytoplankton_abundance,Encyonema_minutum_Hilse_DGMann_cell_L-1,0,
Currie,CCIW_Hamilton_Harbour,1,phytoplankton_abundance,Currie_CCIW_Hamilton_Harbour_1_phytoplankton_abundance,Encyonema_sp_cell_L-1,0,
Currie,CCIW_Hamilton_Harbour,1,phytoplankton_abundance,Currie_CCIW_Hamilton_Harbour_1_phytoplankton_abundance,Fragilaria_capucina_Desmazières_cell_L-1,0,
Currie,CCIW_Hamilton_Harbour,1,phytoplankton_abundance,Currie_CCIW_Hamilton_Harbour_1_phytoplankton_abundance,Fragilaria_construens_Ehr_Grunow_cell_L-1,4000,
Currie,CCIW_Hamilton_Harbour,1,phytoplankton_abundance,Currie_CCIW_Hamilton_Harbour_1_phytoplankton_abundance,Fragilaria_sp_cell_L-1,0,
Currie,CCIW_Hamilton_Harbour,1,phytoplankton_abundance,Currie_CCIW_Hamilton_Harbour_1_phytoplankton_abundance,Gomphonema_sp_cell_L-1,0,
Currie,CCIW_Hamilton_Harbour,1,phytoplankton_abundance,Currie_CCIW_Hamilton_Harbour_1_phytoplankton_abundance,Navicula_sp_cell_L-1,0,
Currie,CCIW_Hamilton_Harbour,1,phytoplankton_abundance,Currie_CCIW_Hamilton_Harbour_1_phytoplankton_abundance,Navicula_tripunctata_O_F_Müll_Bory_cell_L-1,1000,
Currie,CCIW_Hamilton_Harbour,1,phytoplankton_abundance,Currie_CCIW_Hamilton_Harbour_1_phytoplankton_abundance,Nitzschia_acicularis_Kütz_W_Smith_cell_L-1,0,
Currie,CCIW_Hamilton_Harbour,1,phytoplankton_abundance,Currie_CCIW_Hamilton_Harbour_1_phytoplankton_abundance,Nitzschia_linearis_C_Agardh_W_Sm_cell_L-1,0,
Currie,CCIW_Hamilton_Harbour,1,phytoplankton_abundance,Currie_CCIW_Hamilton_Harbour_1_phytoplankton_abundance,Nitzschia_sp_cell_L-1,0,
Currie,CCIW_Hamilton_Harbour,1,phytoplankton_abundance,Currie_CCIW_Hamilton_Harbour_1_phytoplankton_abundance,Rhoicosphenia_abbreviata_CAgardh_Lange-Bertalot_cell_L-1,0,
Currie,CCIW_Hamilton_Harbour,1,phytoplankton_abundance,Currie_CCIW_Hamilton_Harbour_1_phytoplankton_abundance,Skeletonema_potamos_Weber_Hasle_cell_L-1,0,
Currie,CCIW_Hamilton_Harbour,1,phytoplankton_abundance,Currie_CCIW_Hamilton_Harbour_1_phytoplankton_abundance,Stephanodiscus_agassizensis_Håk&_Kling_cell_L-1,70000,
Currie,CCIW_Hamilton_Harbour,1,phytoplankton_abundance,Currie_CCIW_Hamilton_Harbour_1_phytoplankton_abundance,Stephanodiscus_binderanus_Kütz_Willi_Kreig_cell_L-1,0,
Currie,CCIW_Hamilton_Harbour,1,phytoplankton_abundance,Currie_CCIW_Hamilton_Harbour_1_phytoplankton_abundance,Stephanodiscus_hantzschii_Grunow_cell_L-1,59676,
Currie,CCIW_Hamilton_Harbour,1,phytoplankton_abundance,Currie_CCIW_Hamilton_Harbour_1_phytoplankton_abundance,Stephanodiscus_sp_cell_L-1,0,
Currie,CCIW_Hamilton_Harbour,1,phytoplankton_abundance,Currie_CCIW_Hamilton_Harbour_1_phytoplankton_abundance,Synedra_acus_var_radians_Kütz_Hustedt_cell_L-1,0,
Currie,CCIW_Hamilton_Harbour,1,phytoplankton_abundance,Currie_CCIW_Hamilton_Harbour_1_phytoplankton_abundance,Synedra_sp_cell_L-1,0,
Currie,CCIW_Hamilton_Harbour,1,phytoplankton_abundance,Currie_CCIW_Hamilton_Harbour_1_phytoplankton_abundance,Tabellaria_fenestrata_Lyngb_Kütz_cell_L-1,10000,
Currie,CCIW_Hamilton_Harbour,1,phytoplankton_abundance,Currie_CCIW_Hamilton_Harbour_1_phytoplankton_abundance,Urosolenia_eriensis_Crawford_&_Mann_cell_L-1,0,
Currie,CCIW_Hamilton_Harbour,1,phytoplankton_abundance,Currie_CCIW_Hamilton_Harbour_1_phytoplankton_abundance,Cryptomonas_erosa_Ehrenberg_cell_L-1,0,
Currie,CCIW_Hamilton_Harbour,1,phytoplankton_abundance,Currie_CCIW_Hamilton_Harbour_1_phytoplankton_abundance,Cryptomonas_marssonii_Skuja_cell_L-1,0,
Currie,CCIW_Hamilton_Harbour,1,phytoplankton_abundance,Currie_CCIW_Hamilton_Harbour_1_phytoplankton_abundance,Cryptomonas_obovata_Skuja_cell_L-1,0,
Currie,CCIW_Hamilton_Harbour,1,phytoplankton_abundance,Currie_CCIW_Hamilton_Harbour_1_phytoplankton_abundance,Cryptomonas_reflexa_Skuja_cell_L-1,0,
Currie,CCIW_Hamilton_Harbour,1,phytoplankton_abundance,Currie_CCIW_Hamilton_Harbour_1_phytoplankton_abundance,Cryptomonas_rostratiformis_Skuja_cell_L-1,0,
Currie,CCIW_Hamilton_Harbour,1,phytoplankton_abundance,Currie_CCIW_Hamilton_Harbour_1_phytoplankton_abundance,Cryptomonas_sp_cell_L-1,59676,
Currie,CCIW_Hamilton_Harbour,1,phytoplankton_abundance,Currie_CCIW_Hamilton_Harbour_1_phytoplankton_abundance,Katablepharis_ovalis_Skuja_cell_L-1,59676,
Currie,CCIW_Hamilton_Harbour,1,phytoplankton_abundance,Currie_CCIW_Hamilton_Harbour_1_phytoplankton_abundance,Rhodomonas_minuta_var_nannoplanctica_Skuja_cell_L-1,358056,
Currie,CCIW_Hamilton_Harbour,1,phytoplankton_abundance,Currie_CCIW_Hamilton_Harbour_1_phytoplankton_abundance,Glenodinium_sp_cell_L-1,0,
Currie,CCIW_Hamilton_Harbour,1,phytoplankton_abundance,Currie_CCIW_Hamilton_Harbour_1_phytoplankton_abundance,Gymnodinium_helveticum_Penard_cell_L-1,0,
Currie,CCIW_Hamilton_Harbour,1,phytoplankton_abundance,Currie_CCIW_Hamilton_Harbour_1_phytoplankton_abundance,Gymnodinium_sp_cell_L-1,59676,
Currie,CCIW_Hamilton_Harbour,1,phytoplankton_abundance,Currie_CCIW_Hamilton_Harbour_1_phytoplankton_abundance,Peridinium_aciculiferum_Lemmermann_cell_L-1,1000,
Currie,CCIW_Hamilton_Harbour,1,phytoplankton_abundance,Currie_CCIW_Hamilton_Harbour_1_phytoplankton_abundance,Peridinium_sp_cell_L-1,0,
Currie,CCIW_Hamilton_Harbour,1,phytoplankton_abundance,Currie_CCIW_Hamilton_Harbour_1_phytoplankton_abundance,Total_Cyanobacteria_units_or_cells_L-1,50187516,
Currie,CCIW_Hamilton_Harbour,1,phytoplankton_abundance,Currie_CCIW_Hamilton_Harbour_1_phytoplankton_abundance,Total_Chlorophyta_units_or_cells_L-1,7938908,
Currie,CCIW_Hamilton_Harbour,1,phytoplankton_abundance,Currie_CCIW_Hamilton_Harbour_1_phytoplankton_abundance,Total_Euglenophyta_units_or_cells_L-1,0,
Currie,CCIW_Hamilton_Harbour,1,phytoplankton_abundance,Currie_CCIW_Hamilton_Harbour_1_phytoplankton_abundance,Total_Chrysophycea_units_or_cells_L-1,537084,
Currie,CCIW_Hamilton_Harbour,1,phytoplankton_abundance,Currie_CCIW_Hamilton_Harbour_1_phytoplankton_abundance,Total_Diatomeae_units_or_cells_L-1,2607414,
Currie,CCIW_Hamilton_Harbour,1,phytoplankton_abundance,Currie_CCIW_Hamilton_Harbour_1_phytoplankton_abundance,Total_Cryptophyta_units_or_cells_L-1,477408,
Currie,CCIW_Hamilton_Harbour,1,phytoplankton_abundance,Currie_CCIW_Hamilton_Harbour_1_phytoplankton_abundance,Total_Peridineae_units_or_cells_L-1,60676,
Currie,CCIW_Hamilton_Harbour,1,phytoplankton_abundance,Currie_CCIW_Hamilton_Harbour_1_phytoplankton_abundance,total_units_or_cells_L-1,61809006,
Ozersky,Apostles,0.4,phytoplankton_abundance,Ozersky_Apostles_0.4_phytoplankton_abundance,Aphanocapsa_holsatica__Lemm_Cronb_&_Kom_cell_L-1,0,
Ozersky,Apostles,0.4,phytoplankton_abundance,Ozersky_Apostles_0.4_phytoplankton_abundance,Aphanocapsa_sp_cell_L-1,0,
Ozersky,Apostles,0.4,phytoplankton_abundance,Ozersky_Apostles_0.4_phytoplankton_abundance,Cyanodictyon_filiforme_JKomárková-Legnerová_&_GCronberg_cell_L-1,0,
Ozersky,Apostles,0.4,phytoplankton_abundance,Ozersky_Apostles_0.4_phytoplankton_abundance,Cyanophyta_sp_cell_L-1,17902800,
Ozersky,Apostles,0.4,phytoplankton_abundance,Ozersky_Apostles_0.4_phytoplankton_abundance,Gloeocapsa_sp_cell_L-1,0,
Ozersky,Apostles,0.4,phytoplankton_abundance,Ozersky_Apostles_0.4_phytoplankton_abundance,Microcystis_sp_cell_L-1,0,
Ozersky,Apostles,0.4,phytoplankton_abundance,Ozersky_Apostles_0.4_phytoplankton_abundance,Planktothrix_agardhii_Gomont_Anag_and_Komar_cell_L-1,0,
Ozersky,Apostles,0.4,phytoplankton_abundance,Ozersky_Apostles_0.4_phytoplankton_abundance,Pseudanabaena_contorta_Kling_&_Watson_cell_L-1,1000,
Ozersky,Apostles,0.4,phytoplankton_abundance,Ozersky_Apostles_0.4_phytoplankton_abundance,Pseudanabaena_sp_cell_L-1,0,
Ozersky,Apostles,0.4,phytoplankton_abundance,Ozersky_Apostles_0.4_phytoplankton_abundance,Synechococcus_sp_cell_L-1,0,
Ozersky,Apostles,0.4,phytoplankton_abundance,Ozersky_Apostles_0.4_phytoplankton_abundance,Woronichinia_sp_cell_L-1,0,
Ozersky,Apostles,0.4,phytoplankton_abundance,Ozersky_Apostles_0.4_phytoplankton_abundance,Actinastrum_hantzschii_Lagerheim_cell_L-1,0,
Ozersky,Apostles,0.4,phytoplankton_abundance,Ozersky_Apostles_0.4_phytoplankton_abundance,Botryococcus_sp_cell_L-1,0,
Ozersky,Apostles,0.4,phytoplankton_abundance,Ozersky_Apostles_0.4_phytoplankton_abundance,Campylomonas_sp_cell_L-1,0,
Ozersky,Apostles,0.4,phytoplankton_abundance,Ozersky_Apostles_0.4_phytoplankton_abundance,Chlorogonium_minimum_Playfair_cell_L-1,0,
Ozersky,Apostles,0.4,phytoplankton_abundance,Ozersky_Apostles_0.4_phytoplankton_abundance,Chlorophyceae_spp_cell_L-1,4296672,
Ozersky,Apostles,0.4,phytoplankton_abundance,Ozersky_Apostles_0.4_phytoplankton_abundance,Closterium_aciculare_T_West_cell_L-1,0,
Ozersky,Apostles,0.4,phytoplankton_abundance,Ozersky_Apostles_0.4_phytoplankton_abundance,Closterium_strigosum_Brebisson_cell_L-1,0,
Ozersky,Apostles,0.4,phytoplankton_abundance,Ozersky_Apostles_0.4_phytoplankton_abundance,Collodictyon_triciliatum_H_Carter_cell_L-1,0,
Ozersky,Apostles,0.4,phytoplankton_abundance,Ozersky_Apostles_0.4_phytoplankton_abundance,Desmodesmus_sp_cell_L-1,0,
Ozersky,Apostles,0.4,phytoplankton_abundance,Ozersky_Apostles_0.4_phytoplankton_abundance,Gloeotila_pelagica_Nyegaard_Skuja_cell_L-1,0,
Ozersky,Apostles,0.4,phytoplankton_abundance,Ozersky_Apostles_0.4_phytoplankton_abundance,Koliella_longiseta_Vischer_Hindák_cell_L-1,0,
Ozersky,Apostles,0.4,phytoplankton_abundance,Ozersky_Apostles_0.4_phytoplankton_abundance,Koliella_sp_cell_L-1,0,
Ozersky,Apostles,0.4,phytoplankton_abundance,Ozersky_Apostles_0.4_phytoplankton_abundance,Lagerheimia_genevensis_Chodat_cell_L-1,0,
Ozersky,Apostles,0.4,phytoplankton_abundance,Ozersky_Apostles_0.4_phytoplankton_abundance,Monoraphidium_arcuatum_Korshikov_Hindák_cell_L-1,0,
Ozersky,Apostles,0.4,phytoplankton_abundance,Ozersky_Apostles_0.4_phytoplankton_abundance,Monoraphidium_contortum_Thurs_Kom_cell_L-1,0,
Ozersky,Apostles,0.4,phytoplankton_abundance,Ozersky_Apostles_0.4_phytoplankton_abundance,Monoraphidium_minutum_Nägeli_Komárková-legnerová_cell_L-1,0,
Ozersky,Apostles,0.4,phytoplankton_abundance,Ozersky_Apostles_0.4_phytoplankton_abundance,Mougeotia_sp_cell_L-1,0,
Ozersky,Apostles,0.4,phytoplankton_abundance,Ozersky_Apostles_0.4_phytoplankton_abundance,Nephrochlamys_sp_cell_L-1,0,
Ozersky,Apostles,0.4,phytoplankton_abundance,Ozersky_Apostles_0.4_phytoplankton_abundance,Oocystis_solitaria_Wittrock_cell_L-1,0,
Ozersky,Apostles,0.4,phytoplankton_abundance,Ozersky_Apostles_0.4_phytoplankton_abundance,Oocystis_sp_cell_L-1,0,
Ozersky,Apostles,0.4,phytoplankton_abundance,Ozersky_Apostles_0.4_phytoplankton_abundance,Planktosphaeria_gelatinosa_GMSmith_cell_L-1,0,
Ozersky,Apostles,0.4,phytoplankton_abundance,Ozersky_Apostles_0.4_phytoplankton_abundance,Scenedesmus_sp_cell_L-1,0,
Ozersky,Apostles,0.4,phytoplankton_abundance,Ozersky_Apostles_0.4_phytoplankton_abundance,Spermatozopsis_exsultans_Korshikov_cell_L-1,0,
Ozersky,Apostles,0.4,phytoplankton_abundance,Ozersky_Apostles_0.4_phytoplankton_abundance,Stichococcus_sp_cell_L-1,29838,
Ozersky,Apostles,0.4,phytoplankton_abundance,Ozersky_Apostles_0.4_phytoplankton_abundance,Tetraedron_triangulare_Korshikov_cell_L-1,0,
Ozersky,Apostles,0.4,phytoplankton_abundance,Ozersky_Apostles_0.4_phytoplankton_abundance,Tetrastrum_heteracanthum_Nordst_Chod_cell_L-1,0,
Ozersky,Apostles,0.4,phytoplankton_abundance,Ozersky_Apostles_0.4_phytoplankton_abundance,Euglena_sp_cell_L-1,0,
Ozersky,Apostles,0.4,phytoplankton_abundance,Ozersky_Apostles_0.4_phytoplankton_abundance,Aulomonas_purdyi_Lackey_cell_L-1,29838,
Ozersky,Apostles,0.4,phytoplankton_abundance,Ozersky_Apostles_0.4_phytoplankton_abundance,Bicoeca_sp_cell_L-1,0,
Ozersky,Apostles,0.4,phytoplankton_abundance,Ozersky_Apostles_0.4_phytoplankton_abundance,Chrysochromulina_parva_Lackey_cell_L-1,0,
Ozersky,Apostles,0.4,phytoplankton_abundance,Ozersky_Apostles_0.4_phytoplankton_abundance,Chrysococcus_sp_cell_L-1,0,
Ozersky,Apostles,0.4,phytoplankton_abundance,Ozersky_Apostles_0.4_phytoplankton_abundance,Chrysolykos_planktonicus_Mack_cell_L-1,0,
Ozersky,Apostles,0.4,phytoplankton_abundance,Ozersky_Apostles_0.4_phytoplankton_abundance,Chrysophyceae_Cyst_cell_L-1,0,
Ozersky,Apostles,0.4,phytoplankton_abundance,Ozersky_Apostles_0.4_phytoplankton_abundance,Chrysophyceae_spp_cell_L-1,149190,
Ozersky,Apostles,0.4,phytoplankton_abundance,Ozersky_Apostles_0.4_phytoplankton_abundance,Dinobryon_cylindricum_Imhof_cell_L-1,5000,
Ozersky,Apostles,0.4,phytoplankton_abundance,Ozersky_Apostles_0.4_phytoplankton_abundance,Dinobryon_sertularia_Ehrenberg_cell_L-1,0,
Ozersky,Apostles,0.4,phytoplankton_abundance,Ozersky_Apostles_0.4_phytoplankton_abundance,Dinobryon_sp_cell_L-1,0,
Ozersky,Apostles,0.4,phytoplankton_abundance,Ozersky_Apostles_0.4_phytoplankton_abundance,Epipyxis_sp_cell_L-1,0,
Ozersky,Apostles,0.4,phytoplankton_abundance,Ozersky_Apostles_0.4_phytoplankton_abundance,Mallomonas_elongata_Reverdin_cell_L-1,0,
Ozersky,Apostles,0.4,phytoplankton_abundance,Ozersky_Apostles_0.4_phytoplankton_abundance,Mallomonas_sp_cell_L-1,1000,
Ozersky,Apostles,0.4,phytoplankton_abundance,Ozersky_Apostles_0.4_phytoplankton_abundance,Ochromonad_sp_cell_L-1,0,
Ozersky,Apostles,0.4,phytoplankton_abundance,Ozersky_Apostles_0.4_phytoplankton_abundance,Ochromonas_sp_cell_L-1,0,
Ozersky,Apostles,0.4,phytoplankton_abundance,Ozersky_Apostles_0.4_phytoplankton_abundance,Pseudopedinella_sp_cell_L-1,0,
Ozersky,Apostles,0.4,phytoplankton_abundance,Ozersky_Apostles_0.4_phytoplankton_abundance,Rhizochrysis_limnetica_GM_Smith_cell_L-1,0,
Ozersky,Apostles,0.4,phytoplankton_abundance,Ozersky_Apostles_0.4_phytoplankton_abundance,Salpingoeca_frequentissima_Zacharias_Lemmermann_cell_L-1,0,
Ozersky,Apostles,0.4,phytoplankton_abundance,Ozersky_Apostles_0.4_phytoplankton_abundance,Spiniferomonas_sp_cell_L-1,0,
Ozersky,Apostles,0.4,phytoplankton_abundance,Ozersky_Apostles_0.4_phytoplankton_abundance,Stelexomonas_dichotoma_JLackey_cell_L-1,0,
Ozersky,Apostles,0.4,phytoplankton_abundance,Ozersky_Apostles_0.4_phytoplankton_abundance,Synura_sp_cell_L-1,0,
Ozersky,Apostles,0.4,phytoplankton_abundance,Ozersky_Apostles_0.4_phytoplankton_abundance,Achnanthidium_sp_cell_L-1,0,
Ozersky,Apostles,0.4,phytoplankton_abundance,Ozersky_Apostles_0.4_phytoplankton_abundance,Asterionella_formosa_Hassall_cell_L-1,8000,
Ozersky,Apostles,0.4,phytoplankton_abundance,Ozersky_Apostles_0.4_phytoplankton_abundance,Aulacoseira_ambigua_Grunow_Simonsen_cell_L-1,0,
Ozersky,Apostles,0.4,phytoplankton_abundance,Ozersky_Apostles_0.4_phytoplankton_abundance,Aulacoseira_distans_Ehrenb_Simonsen_cell_L-1,0,
Ozersky,Apostles,0.4,phytoplankton_abundance,Ozersky_Apostles_0.4_phytoplankton_abundance,Aulacoseira_islandica_O_Mull_Simonsen_cell_L-1,0,
Ozersky,Apostles,0.4,phytoplankton_abundance,Ozersky_Apostles_0.4_phytoplankton_abundance,Bacillariophyceae_spp_cell_L-1,29838,
Ozersky,Apostles,0.4,phytoplankton_abundance,Ozersky_Apostles_0.4_phytoplankton_abundance,Cocconeis_pediculus_Ehrenb_cell_L-1,0,
Ozersky,Apostles,0.4,phytoplankton_abundance,Ozersky_Apostles_0.4_phytoplankton_abundance,Cyclotella_comensis_Grunow_cell_L-1,0,
Ozersky,Apostles,0.4,phytoplankton_abundance,Ozersky_Apostles_0.4_phytoplankton_abundance,Cyclotella_ocellata_Pantocsek_cell_L-1,0,
Ozersky,Apostles,0.4,phytoplankton_abundance,Ozersky_Apostles_0.4_phytoplankton_abundance,Cyclotella_sp_cell_L-1,0,
Ozersky,Apostles,0.4,phytoplankton_abundance,Ozersky_Apostles_0.4_phytoplankton_abundance,Diatoma_tenue_var_elongatum_Lyngb_cell_L-1,0,
Ozersky,Apostles,0.4,phytoplankton_abundance,Ozersky_Apostles_0.4_phytoplankton_abundance,Diatoma_vulgaris_Bory_cell_L-1,0,
Ozersky,Apostles,0.4,phytoplankton_abundance,Ozersky_Apostles_0.4_phytoplankton_abundance,Encyonema_minutum_Hilse_DGMann_cell_L-1,0,
Ozersky,Apostles,0.4,phytoplankton_abundance,Ozersky_Apostles_0.4_phytoplankton_abundance,Encyonema_sp_cell_L-1,0,
Ozersky,Apostles,0.4,phytoplankton_abundance,Ozersky_Apostles_0.4_phytoplankton_abundance,Fragilaria_capucina_Desmazières_cell_L-1,0,
Ozersky,Apostles,0.4,phytoplankton_abundance,Ozersky_Apostles_0.4_phytoplankton_abundance,Fragilaria_construens_Ehr_Grunow_cell_L-1,0,
Ozersky,Apostles,0.4,phytoplankton_abundance,Ozersky_Apostles_0.4_phytoplankton_abundance,Fragilaria_sp_cell_L-1,1000,
Ozersky,Apostles,0.4,phytoplankton_abundance,Ozersky_Apostles_0.4_phytoplankton_abundance,Gomphonema_sp_cell_L-1,0,
Ozersky,Apostles,0.4,phytoplankton_abundance,Ozersky_Apostles_0.4_phytoplankton_abundance,Navicula_sp_cell_L-1,0,
Ozersky,Apostles,0.4,phytoplankton_abundance,Ozersky_Apostles_0.4_phytoplankton_abundance,Navicula_tripunctata_O_F_Müll_Bory_cell_L-1,0,
Ozersky,Apostles,0.4,phytoplankton_abundance,Ozersky_Apostles_0.4_phytoplankton_abundance,Nitzschia_acicularis_Kütz_W_Smith_cell_L-1,0,
Ozersky,Apostles,0.4,phytoplankton_abundance,Ozersky_Apostles_0.4_phytoplankton_abundance,Nitzschia_linearis_C_Agardh_W_Sm_cell_L-1,0,
Ozersky,Apostles,0.4,phytoplankton_abundance,Ozersky_Apostles_0.4_phytoplankton_abundance,Nitzschia_sp_cell_L-1,0,
Ozersky,Apostles,0.4,phytoplankton_abundance,Ozersky_Apostles_0.4_phytoplankton_abundance,Rhoicosphenia_abbreviata_CAgardh_Lange-Bertalot_cell_L-1,0,
Ozersky,Apostles,0.4,phytoplankton_abundance,Ozersky_Apostles_0.4_phytoplankton_abundance,Skeletonema_potamos_Weber_Hasle_cell_L-1,0,
Ozersky,Apostles,0.4,phytoplankton_abundance,Ozersky_Apostles_0.4_phytoplankton_abundance,Stephanodiscus_agassizensis_Håk&_Kling_cell_L-1,0,
Ozersky,Apostles,0.4,phytoplankton_abundance,Ozersky_Apostles_0.4_phytoplankton_abundance,Stephanodiscus_binderanus_Kütz_Willi_Kreig_cell_L-1,0,
Ozersky,Apostles,0.4,phytoplankton_abundance,Ozersky_Apostles_0.4_phytoplankton_abundance,Stephanodiscus_hantzschii_Grunow_cell_L-1,0,
Ozersky,Apostles,0.4,phytoplankton_abundance,Ozersky_Apostles_0.4_phytoplankton_abundance,Stephanodiscus_sp_cell_L-1,0,
Ozersky,Apostles,0.4,phytoplankton_abundance,Ozersky_Apostles_0.4_phytoplankton_abundance,Synedra_acus_var_radians_Kütz_Hustedt_cell_L-1,0,
Ozersky,Apostles,0.4,phytoplankton_abundance,Ozersky_Apostles_0.4_phytoplankton_abundance,Synedra_sp_cell_L-1,0,
Ozersky,Apostles,0.4,phytoplankton_abundance,Ozersky_Apostles_0.4_phytoplankton_abundance,Tabellaria_fenestrata_Lyngb_Kütz_cell_L-1,0,
Ozersky,Apostles,0.4,phytoplankton_abundance,Ozersky_Apostles_0.4_phytoplankton_abundance,Urosolenia_eriensis_Crawford_&_Mann_cell_L-1,1000,
Ozersky,Apostles,0.4,phytoplankton_abundance,Ozersky_Apostles_0.4_phytoplankton_abundance,Cryptomonas_erosa_Ehrenberg_cell_L-1,0,
Ozersky,Apostles,0.4,phytoplankton_abundance,Ozersky_Apostles_0.4_phytoplankton_abundance,Cryptomonas_marssonii_Skuja_cell_L-1,2000,
Ozersky,Apostles,0.4,phytoplankton_abundance,Ozersky_Apostles_0.4_phytoplankton_abundance,Cryptomonas_obovata_Skuja_cell_L-1,0,
Ozersky,Apostles,0.4,phytoplankton_abundance,Ozersky_Apostles_0.4_phytoplankton_abundance,Cryptomonas_reflexa_Skuja_cell_L-1,1000,
Ozersky,Apostles,0.4,phytoplankton_abundance,Ozersky_Apostles_0.4_phytoplankton_abundance,Cryptomonas_rostratiformis_Skuja_cell_L-1,0,
Ozersky,Apostles,0.4,phytoplankton_abundance,Ozersky_Apostles_0.4_phytoplankton_abundance,Cryptomonas_sp_cell_L-1,0,
Ozersky,Apostles,0.4,phytoplankton_abundance,Ozersky_Apostles_0.4_phytoplankton_abundance,Katablepharis_ovalis_Skuja_cell_L-1,0,
Ozersky,Apostles,0.4,phytoplankton_abundance,Ozersky_Apostles_0.4_phytoplankton_abundance,Rhodomonas_minuta_var_nannoplanctica_Skuja_cell_L-1,89514,
Ozersky,Apostles,0.4,phytoplankton_abundance,Ozersky_Apostles_0.4_phytoplankton_abundance,Glenodinium_sp_cell_L-1,0,
Ozersky,Apostles,0.4,phytoplankton_abundance,Ozersky_Apostles_0.4_phytoplankton_abundance,Gymnodinium_helveticum_Penard_cell_L-1,0,
Ozersky,Apostles,0.4,phytoplankton_abundance,Ozersky_Apostles_0.4_phytoplankton_abundance,Gymnodinium_sp_cell_L-1,2000,
Ozersky,Apostles,0.4,phytoplankton_abundance,Ozersky_Apostles_0.4_phytoplankton_abundance,Peridinium_aciculiferum_Lemmermann_cell_L-1,1000,
Ozersky,Apostles,0.4,phytoplankton_abundance,Ozersky_Apostles_0.4_phytoplankton_abundance,Peridinium_sp_cell_L-1,0,
Ozersky,Apostles,0.4,phytoplankton_abundance,Ozersky_Apostles_0.4_phytoplankton_abundance,Total_Cyanobacteria_units_or_cells_L-1,17903800,
Ozersky,Apostles,0.4,phytoplankton_abundance,Ozersky_Apostles_0.4_phytoplankton_abundance,Total_Chlorophyta_units_or_cells_L-1,4326510,
Ozersky,Apostles,0.4,phytoplankton_abundance,Ozersky_Apostles_0.4_phytoplankton_abundance,Total_Euglenophyta_units_or_cells_L-1,0,
Ozersky,Apostles,0.4,phytoplankton_abundance,Ozersky_Apostles_0.4_phytoplankton_abundance,Total_Chrysophycea_units_or_cells_L-1,185028,
Ozersky,Apostles,0.4,phytoplankton_abundance,Ozersky_Apostles_0.4_phytoplankton_abundance,Total_Diatomeae_units_or_cells_L-1,39838,
Ozersky,Apostles,0.4,phytoplankton_abundance,Ozersky_Apostles_0.4_phytoplankton_abundance,Total_Cryptophyta_units_or_cells_L-1,92514,
Ozersky,Apostles,0.4,phytoplankton_abundance,Ozersky_Apostles_0.4_phytoplankton_abundance,Total_Peridineae_units_or_cells_L-1,3000,
Ozersky,Apostles,0.4,phytoplankton_abundance,Ozersky_Apostles_0.4_phytoplankton_abundance,total_units_or_cells_L-1,22550690,
Trista Vick-majors,Keweenaw_Waterway_KW,0.5,phytoplankton_abundance,Trista Vick-majors_Keweenaw_Waterway_KW_0.5_phytoplankton_abundance,Aphanocapsa_holsatica__Lemm_Cronb_&_Kom_cell_L-1,0,
Trista Vick-majors,Keweenaw_Waterway_KW,0.5,phytoplankton_abundance,Trista Vick-majors_Keweenaw_Waterway_KW_0.5_phytoplankton_abundance,Aphanocapsa_sp_cell_L-1,0,
Trista Vick-majors,Keweenaw_Waterway_KW,0.5,phytoplankton_abundance,Trista Vick-majors_Keweenaw_Waterway_KW_0.5_phytoplankton_abundance,Cyanodictyon_filiforme_JKomárková-Legnerová_&_GCronberg_cell_L-1,0,
Trista Vick-majors,Keweenaw_Waterway_KW,0.5,phytoplankton_abundance,Trista Vick-majors_Keweenaw_Waterway_KW_0.5_phytoplankton_abundance,Cyanophyta_sp_cell_L-1,62063040,
Trista Vick-majors,Keweenaw_Waterway_KW,0.5,phytoplankton_abundance,Trista Vick-majors_Keweenaw_Waterway_KW_0.5_phytoplankton_abundance,Gloeocapsa_sp_cell_L-1,0,
Trista Vick-majors,Keweenaw_Waterway_KW,0.5,phytoplankton_abundance,Trista Vick-majors_Keweenaw_Waterway_KW_0.5_phytoplankton_abundance,Microcystis_sp_cell_L-1,0,
Trista Vick-majors,Keweenaw_Waterway_KW,0.5,phytoplankton_abundance,Trista Vick-majors_Keweenaw_Waterway_KW_0.5_phytoplankton_abundance,Planktothrix_agardhii_Gomont_Anag_and_Komar_cell_L-1,0,
Trista Vick-majors,Keweenaw_Waterway_KW,0.5,phytoplankton_abundance,Trista Vick-majors_Keweenaw_Waterway_KW_0.5_phytoplankton_abundance,Pseudanabaena_contorta_Kling_&_Watson_cell_L-1,0,
Trista Vick-majors,Keweenaw_Waterway_KW,0.5,phytoplankton_abundance,Trista Vick-majors_Keweenaw_Waterway_KW_0.5_phytoplankton_abundance,Pseudanabaena_sp_cell_L-1,1000,
Trista Vick-majors,Keweenaw_Waterway_KW,0.5,phytoplankton_abundance,Trista Vick-majors_Keweenaw_Waterway_KW_0.5_phytoplankton_abundance,Synechococcus_sp_cell_L-1,208866,
Trista Vick-majors,Keweenaw_Waterway_KW,0.5,phytoplankton_abundance,Trista Vick-majors_Keweenaw_Waterway_KW_0.5_phytoplankton_abundance,Woronichinia_sp_cell_L-1,0,
Trista Vick-majors,Keweenaw_Waterway_KW,0.5,phytoplankton_abundance,Trista Vick-majors_Keweenaw_Waterway_KW_0.5_phytoplankton_abundance,Actinastrum_hantzschii_Lagerheim_cell_L-1,0,
Trista Vick-majors,Keweenaw_Waterway_KW,0.5,phytoplankton_abundance,Trista Vick-majors_Keweenaw_Waterway_KW_0.5_phytoplankton_abundance,Botryococcus_sp_cell_L-1,1000,
Trista Vick-majors,Keweenaw_Waterway_KW,0.5,phytoplankton_abundance,Trista Vick-majors_Keweenaw_Waterway_KW_0.5_phytoplankton_abundance,Campylomonas_sp_cell_L-1,0,
Trista Vick-majors,Keweenaw_Waterway_KW,0.5,phytoplankton_abundance,Trista Vick-majors_Keweenaw_Waterway_KW_0.5_phytoplankton_abundance,Chlorogonium_minimum_Playfair_cell_L-1,0,
Trista Vick-majors,Keweenaw_Waterway_KW,0.5,phytoplankton_abundance,Trista Vick-majors_Keweenaw_Waterway_KW_0.5_phytoplankton_abundance,Chlorophyceae_spp_cell_L-1,15724626,
Trista Vick-majors,Keweenaw_Waterway_KW,0.5,phytoplankton_abundance,Trista Vick-majors_Keweenaw_Waterway_KW_0.5_phytoplankton_abundance,Closterium_aciculare_T_West_cell_L-1,0,
Trista Vick-majors,Keweenaw_Waterway_KW,0.5,phytoplankton_abundance,Trista Vick-majors_Keweenaw_Waterway_KW_0.5_phytoplankton_abundance,Closterium_strigosum_Brebisson_cell_L-1,0,
Trista Vick-majors,Keweenaw_Waterway_KW,0.5,phytoplankton_abundance,Trista Vick-majors_Keweenaw_Waterway_KW_0.5_phytoplankton_abundance,Collodictyon_triciliatum_H_Carter_cell_L-1,0,
Trista Vick-majors,Keweenaw_Waterway_KW,0.5,phytoplankton_abundance,Trista Vick-majors_Keweenaw_Waterway_KW_0.5_phytoplankton_abundance,Desmodesmus_sp_cell_L-1,0,
Trista Vick-majors,Keweenaw_Waterway_KW,0.5,phytoplankton_abundance,Trista Vick-majors_Keweenaw_Waterway_KW_0.5_phytoplankton_abundance,Gloeotila_pelagica_Nyegaard_Skuja_cell_L-1,16000,
Trista Vick-majors,Keweenaw_Waterway_KW,0.5,phytoplankton_abundance,Trista Vick-majors_Keweenaw_Waterway_KW_0.5_phytoplankton_abundance,Koliella_longiseta_Vischer_Hindák_cell_L-1,0,
Trista Vick-majors,Keweenaw_Waterway_KW,0.5,phytoplankton_abundance,Trista Vick-majors_Keweenaw_Waterway_KW_0.5_phytoplankton_abundance,Koliella_sp_cell_L-1,0,
Trista Vick-majors,Keweenaw_Waterway_KW,0.5,phytoplankton_abundance,Trista Vick-majors_Keweenaw_Waterway_KW_0.5_phytoplankton_abundance,Lagerheimia_genevensis_Chodat_cell_L-1,0,
Trista Vick-majors,Keweenaw_Waterway_KW,0.5,phytoplankton_abundance,Trista Vick-majors_Keweenaw_Waterway_KW_0.5_phytoplankton_abundance,Monoraphidium_arcuatum_Korshikov_Hindák_cell_L-1,0,
Trista Vick-majors,Keweenaw_Waterway_KW,0.5,phytoplankton_abundance,Trista Vick-majors_Keweenaw_Waterway_KW_0.5_phytoplankton_abundance,Monoraphidium_contortum_Thurs_Kom_cell_L-1,0,
Trista Vick-majors,Keweenaw_Waterway_KW,0.5,phytoplankton_abundance,Trista Vick-majors_Keweenaw_Waterway_KW_0.5_phytoplankton_abundance,Monoraphidium_minutum_Nägeli_Komárková-legnerová_cell_L-1,0,
Trista Vick-majors,Keweenaw_Waterway_KW,0.5,phytoplankton_abundance,Trista Vick-majors_Keweenaw_Waterway_KW_0.5_phytoplankton_abundance,Mougeotia_sp_cell_L-1,0,
Trista Vick-majors,Keweenaw_Waterway_KW,0.5,phytoplankton_abundance,Trista Vick-majors_Keweenaw_Waterway_KW_0.5_phytoplankton_abundance,Nephrochlamys_sp_cell_L-1,0,
Trista Vick-majors,Keweenaw_Waterway_KW,0.5,phytoplankton_abundance,Trista Vick-majors_Keweenaw_Waterway_KW_0.5_phytoplankton_abundance,Oocystis_solitaria_Wittrock_cell_L-1,0,
Trista Vick-majors,Keweenaw_Waterway_KW,0.5,phytoplankton_abundance,Trista Vick-majors_Keweenaw_Waterway_KW_0.5_phytoplankton_abundance,Oocystis_sp_cell_L-1,0,
Trista Vick-majors,Keweenaw_Waterway_KW,0.5,phytoplankton_abundance,Trista Vick-majors_Keweenaw_Waterway_KW_0.5_phytoplankton_abundance,Planktosphaeria_gelatinosa_GMSmith_cell_L-1,0,
Trista Vick-majors,Keweenaw_Waterway_KW,0.5,phytoplankton_abundance,Trista Vick-majors_Keweenaw_Waterway_KW_0.5_phytoplankton_abundance,Scenedesmus_sp_cell_L-1,0,
Trista Vick-majors,Keweenaw_Waterway_KW,0.5,phytoplankton_abundance,Trista Vick-majors_Keweenaw_Waterway_KW_0.5_phytoplankton_abundance,Spermatozopsis_exsultans_Korshikov_cell_L-1,0,
Trista Vick-majors,Keweenaw_Waterway_KW,0.5,phytoplankton_abundance,Trista Vick-majors_Keweenaw_Waterway_KW_0.5_phytoplankton_abundance,Stichococcus_sp_cell_L-1,0,
Trista Vick-majors,Keweenaw_Waterway_KW,0.5,phytoplankton_abundance,Trista Vick-majors_Keweenaw_Waterway_KW_0.5_phytoplankton_abundance,Tetraedron_triangulare_Korshikov_cell_L-1,0,
Trista Vick-majors,Keweenaw_Waterway_KW,0.5,phytoplankton_abundance,Trista Vick-majors_Keweenaw_Waterway_KW_0.5_phytoplankton_abundance,Tetrastrum_heteracanthum_Nordst_Chod_cell_L-1,0,
Trista Vick-majors,Keweenaw_Waterway_KW,0.5,phytoplankton_abundance,Trista Vick-majors_Keweenaw_Waterway_KW_0.5_phytoplankton_abundance,Euglena_sp_cell_L-1,0,
Trista Vick-majors,Keweenaw_Waterway_KW,0.5,phytoplankton_abundance,Trista Vick-majors_Keweenaw_Waterway_KW_0.5_phytoplankton_abundance,Aulomonas_purdyi_Lackey_cell_L-1,0,
Trista Vick-majors,Keweenaw_Waterway_KW,0.5,phytoplankton_abundance,Trista Vick-majors_Keweenaw_Waterway_KW_0.5_phytoplankton_abundance,Bicoeca_sp_cell_L-1,0,
Trista Vick-majors,Keweenaw_Waterway_KW,0.5,phytoplankton_abundance,Trista Vick-majors_Keweenaw_Waterway_KW_0.5_phytoplankton_abundance,Chrysochromulina_parva_Lackey_cell_L-1,0,
Trista Vick-majors,Keweenaw_Waterway_KW,0.5,phytoplankton_abundance,Trista Vick-majors_Keweenaw_Waterway_KW_0.5_phytoplankton_abundance,Chrysococcus_sp_cell_L-1,0,
Trista Vick-majors,Keweenaw_Waterway_KW,0.5,phytoplankton_abundance,Trista Vick-majors_Keweenaw_Waterway_KW_0.5_phytoplankton_abundance,Chrysolykos_planktonicus_Mack_cell_L-1,0,
Trista Vick-majors,Keweenaw_Waterway_KW,0.5,phytoplankton_abundance,Trista Vick-majors_Keweenaw_Waterway_KW_0.5_phytoplankton_abundance,Chrysophyceae_Cyst_cell_L-1,0,
Trista Vick-majors,Keweenaw_Waterway_KW,0.5,phytoplankton_abundance,Trista Vick-majors_Keweenaw_Waterway_KW_0.5_phytoplankton_abundance,Chrysophyceae_spp_cell_L-1,0,
Trista Vick-majors,Keweenaw_Waterway_KW,0.5,phytoplankton_abundance,Trista Vick-majors_Keweenaw_Waterway_KW_0.5_phytoplankton_abundance,Dinobryon_cylindricum_Imhof_cell_L-1,0,
Trista Vick-majors,Keweenaw_Waterway_KW,0.5,phytoplankton_abundance,Trista Vick-majors_Keweenaw_Waterway_KW_0.5_phytoplankton_abundance,Dinobryon_sertularia_Ehrenberg_cell_L-1,0,
Trista Vick-majors,Keweenaw_Waterway_KW,0.5,phytoplankton_abundance,Trista Vick-majors_Keweenaw_Waterway_KW_0.5_phytoplankton_abundance,Dinobryon_sp_cell_L-1,0,
Trista Vick-majors,Keweenaw_Waterway_KW,0.5,phytoplankton_abundance,Trista Vick-majors_Keweenaw_Waterway_KW_0.5_phytoplankton_abundance,Epipyxis_sp_cell_L-1,0,
Trista Vick-majors,Keweenaw_Waterway_KW,0.5,phytoplankton_abundance,Trista Vick-majors_Keweenaw_Waterway_KW_0.5_phytoplankton_abundance,Mallomonas_elongata_Reverdin_cell_L-1,0,
Trista Vick-majors,Keweenaw_Waterway_KW,0.5,phytoplankton_abundance,Trista Vick-majors_Keweenaw_Waterway_KW_0.5_phytoplankton_abundance,Mallomonas_sp_cell_L-1,0,
Trista Vick-majors,Keweenaw_Waterway_KW,0.5,phytoplankton_abundance,Trista Vick-majors_Keweenaw_Waterway_KW_0.5_phytoplankton_abundance,Ochromonad_sp_cell_L-1,119352,
Trista Vick-majors,Keweenaw_Waterway_KW,0.5,phytoplankton_abundance,Trista Vick-majors_Keweenaw_Waterway_KW_0.5_phytoplankton_abundance,Ochromonas_sp_cell_L-1,0,
Trista Vick-majors,Keweenaw_Waterway_KW,0.5,phytoplankton_abundance,Trista Vick-majors_Keweenaw_Waterway_KW_0.5_phytoplankton_abundance,Pseudopedinella_sp_cell_L-1,0,
Trista Vick-majors,Keweenaw_Waterway_KW,0.5,phytoplankton_abundance,Trista Vick-majors_Keweenaw_Waterway_KW_0.5_phytoplankton_abundance,Rhizochrysis_limnetica_GM_Smith_cell_L-1,0,
Trista Vick-majors,Keweenaw_Waterway_KW,0.5,phytoplankton_abundance,Trista Vick-majors_Keweenaw_Waterway_KW_0.5_phytoplankton_abundance,Salpingoeca_frequentissima_Zacharias_Lemmermann_cell_L-1,0,
Trista Vick-majors,Keweenaw_Waterway_KW,0.5,phytoplankton_abundance,Trista Vick-majors_Keweenaw_Waterway_KW_0.5_phytoplankton_abundance,Spiniferomonas_sp_cell_L-1,0,
Trista Vick-majors,Keweenaw_Waterway_KW,0.5,phytoplankton_abundance,Trista Vick-majors_Keweenaw_Waterway_KW_0.5_phytoplankton_abundance,Stelexomonas_dichotoma_JLackey_cell_L-1,0,
Trista Vick-majors,Keweenaw_Waterway_KW,0.5,phytoplankton_abundance,Trista Vick-majors_Keweenaw_Waterway_KW_0.5_phytoplankton_abundance,Synura_sp_cell_L-1,0,
Trista Vick-majors,Keweenaw_Waterway_KW,0.5,phytoplankton_abundance,Trista Vick-majors_Keweenaw_Waterway_KW_0.5_phytoplankton_abundance,Achnanthidium_sp_cell_L-1,0,
Trista Vick-majors,Keweenaw_Waterway_KW,0.5,phytoplankton_abundance,Trista Vick-majors_Keweenaw_Waterway_KW_0.5_phytoplankton_abundance,Asterionella_formosa_Hassall_cell_L-1,2000,
Trista Vick-majors,Keweenaw_Waterway_KW,0.5,phytoplankton_abundance,Trista Vick-majors_Keweenaw_Waterway_KW_0.5_phytoplankton_abundance,Aulacoseira_ambigua_Grunow_Simonsen_cell_L-1,0,
Trista Vick-majors,Keweenaw_Waterway_KW,0.5,phytoplankton_abundance,Trista Vick-majors_Keweenaw_Waterway_KW_0.5_phytoplankton_abundance,Aulacoseira_distans_Ehrenb_Simonsen_cell_L-1,0,
Trista Vick-majors,Keweenaw_Waterway_KW,0.5,phytoplankton_abundance,Trista Vick-majors_Keweenaw_Waterway_KW_0.5_phytoplankton_abundance,Aulacoseira_islandica_O_Mull_Simonsen_cell_L-1,0,
Trista Vick-majors,Keweenaw_Waterway_KW,0.5,phytoplankton_abundance,Trista Vick-majors_Keweenaw_Waterway_KW_0.5_phytoplankton_abundance,Bacillariophyceae_spp_cell_L-1,59676,
Trista Vick-majors,Keweenaw_Waterway_KW,0.5,phytoplankton_abundance,Trista Vick-majors_Keweenaw_Waterway_KW_0.5_phytoplankton_abundance,Cocconeis_pediculus_Ehrenb_cell_L-1,0,
Trista Vick-majors,Keweenaw_Waterway_KW,0.5,phytoplankton_abundance,Trista Vick-majors_Keweenaw_Waterway_KW_0.5_phytoplankton_abundance,Cyclotella_comensis_Grunow_cell_L-1,0,
Trista Vick-majors,Keweenaw_Waterway_KW,0.5,phytoplankton_abundance,Trista Vick-majors_Keweenaw_Waterway_KW_0.5_phytoplankton_abundance,Cyclotella_ocellata_Pantocsek_cell_L-1,0,
Trista Vick-majors,Keweenaw_Waterway_KW,0.5,phytoplankton_abundance,Trista Vick-majors_Keweenaw_Waterway_KW_0.5_phytoplankton_abundance,Cyclotella_sp_cell_L-1,0,
Trista Vick-majors,Keweenaw_Waterway_KW,0.5,phytoplankton_abundance,Trista Vick-majors_Keweenaw_Waterway_KW_0.5_phytoplankton_abundance,Diatoma_tenue_var_elongatum_Lyngb_cell_L-1,0,
Trista Vick-majors,Keweenaw_Waterway_KW,0.5,phytoplankton_abundance,Trista Vick-majors_Keweenaw_Waterway_KW_0.5_phytoplankton_abundance,Diatoma_vulgaris_Bory_cell_L-1,0,
Trista Vick-majors,Keweenaw_Waterway_KW,0.5,phytoplankton_abundance,Trista Vick-majors_Keweenaw_Waterway_KW_0.5_phytoplankton_abundance,Encyonema_minutum_Hilse_DGMann_cell_L-1,0,
Trista Vick-majors,Keweenaw_Waterway_KW,0.5,phytoplankton_abundance,Trista Vick-majors_Keweenaw_Waterway_KW_0.5_phytoplankton_abundance,Encyonema_sp_cell_L-1,0,
Trista Vick-majors,Keweenaw_Waterway_KW,0.5,phytoplankton_abundance,Trista Vick-majors_Keweenaw_Waterway_KW_0.5_phytoplankton_abundance,Fragilaria_capucina_Desmazières_cell_L-1,0,
Trista Vick-majors,Keweenaw_Waterway_KW,0.5,phytoplankton_abundance,Trista Vick-majors_Keweenaw_Waterway_KW_0.5_phytoplankton_abundance,Fragilaria_construens_Ehr_Grunow_cell_L-1,0,
Trista Vick-majors,Keweenaw_Waterway_KW,0.5,phytoplankton_abundance,Trista Vick-majors_Keweenaw_Waterway_KW_0.5_phytoplankton_abundance,Fragilaria_sp_cell_L-1,3000,
Trista Vick-majors,Keweenaw_Waterway_KW,0.5,phytoplankton_abundance,Trista Vick-majors_Keweenaw_Waterway_KW_0.5_phytoplankton_abundance,Gomphonema_sp_cell_L-1,0,
Trista Vick-majors,Keweenaw_Waterway_KW,0.5,phytoplankton_abundance,Trista Vick-majors_Keweenaw_Waterway_KW_0.5_phytoplankton_abundance,Navicula_sp_cell_L-1,0,
Trista Vick-majors,Keweenaw_Waterway_KW,0.5,phytoplankton_abundance,Trista Vick-majors_Keweenaw_Waterway_KW_0.5_phytoplankton_abundance,Navicula_tripunctata_O_F_Müll_Bory_cell_L-1,0,
Trista Vick-majors,Keweenaw_Waterway_KW,0.5,phytoplankton_abundance,Trista Vick-majors_Keweenaw_Waterway_KW_0.5_phytoplankton_abundance,Nitzschia_acicularis_Kütz_W_Smith_cell_L-1,0,
Trista Vick-majors,Keweenaw_Waterway_KW,0.5,phytoplankton_abundance,Trista Vick-majors_Keweenaw_Waterway_KW_0.5_phytoplankton_abundance,Nitzschia_linearis_C_Agardh_W_Sm_cell_L-1,0,
Trista Vick-majors,Keweenaw_Waterway_KW,0.5,phytoplankton_abundance,Trista Vick-majors_Keweenaw_Waterway_KW_0.5_phytoplankton_abundance,Nitzschia_sp_cell_L-1,0,
Trista Vick-majors,Keweenaw_Waterway_KW,0.5,phytoplankton_abundance,Trista Vick-majors_Keweenaw_Waterway_KW_0.5_phytoplankton_abundance,Rhoicosphenia_abbreviata_CAgardh_Lange-Bertalot_cell_L-1,0,
Trista Vick-majors,Keweenaw_Waterway_KW,0.5,phytoplankton_abundance,Trista Vick-majors_Keweenaw_Waterway_KW_0.5_phytoplankton_abundance,Skeletonema_potamos_Weber_Hasle_cell_L-1,0,
Trista Vick-majors,Keweenaw_Waterway_KW,0.5,phytoplankton_abundance,Trista Vick-majors_Keweenaw_Waterway_KW_0.5_phytoplankton_abundance,Stephanodiscus_agassizensis_Håk&_Kling_cell_L-1,0,
Trista Vick-majors,Keweenaw_Waterway_KW,0.5,phytoplankton_abundance,Trista Vick-majors_Keweenaw_Waterway_KW_0.5_phytoplankton_abundance,Stephanodiscus_binderanus_Kütz_Willi_Kreig_cell_L-1,0,
Trista Vick-majors,Keweenaw_Waterway_KW,0.5,phytoplankton_abundance,Trista Vick-majors_Keweenaw_Waterway_KW_0.5_phytoplankton_abundance,Stephanodiscus_hantzschii_Grunow_cell_L-1,0,
Trista Vick-majors,Keweenaw_Waterway_KW,0.5,phytoplankton_abundance,Trista Vick-majors_Keweenaw_Waterway_KW_0.5_phytoplankton_abundance,Stephanodiscus_sp_cell_L-1,0,
Trista Vick-majors,Keweenaw_Waterway_KW,0.5,phytoplankton_abundance,Trista Vick-majors_Keweenaw_Waterway_KW_0.5_phytoplankton_abundance,Synedra_acus_var_radians_Kütz_Hustedt_cell_L-1,3000,
Trista Vick-majors,Keweenaw_Waterway_KW,0.5,phytoplankton_abundance,Trista Vick-majors_Keweenaw_Waterway_KW_0.5_phytoplankton_abundance,Synedra_sp_cell_L-1,0,
Trista Vick-majors,Keweenaw_Waterway_KW,0.5,phytoplankton_abundance,Trista Vick-majors_Keweenaw_Waterway_KW_0.5_phytoplankton_abundance,Tabellaria_fenestrata_Lyngb_Kütz_cell_L-1,0,
Trista Vick-majors,Keweenaw_Waterway_KW,0.5,phytoplankton_abundance,Trista Vick-majors_Keweenaw_Waterway_KW_0.5_phytoplankton_abundance,Urosolenia_eriensis_Crawford_&_Mann_cell_L-1,1000,
Trista Vick-majors,Keweenaw_Waterway_KW,0.5,phytoplankton_abundance,Trista Vick-majors_Keweenaw_Waterway_KW_0.5_phytoplankton_abundance,Cryptomonas_erosa_Ehrenberg_cell_L-1,0,
Trista Vick-majors,Keweenaw_Waterway_KW,0.5,phytoplankton_abundance,Trista Vick-majors_Keweenaw_Waterway_KW_0.5_phytoplankton_abundance,Cryptomonas_marssonii_Skuja_cell_L-1,0,
Trista Vick-majors,Keweenaw_Waterway_KW,0.5,phytoplankton_abundance,Trista Vick-majors_Keweenaw_Waterway_KW_0.5_phytoplankton_abundance,Cryptomonas_obovata_Skuja_cell_L-1,0,
Trista Vick-majors,Keweenaw_Waterway_KW,0.5,phytoplankton_abundance,Trista Vick-majors_Keweenaw_Waterway_KW_0.5_phytoplankton_abundance,Cryptomonas_reflexa_Skuja_cell_L-1,0,
Trista Vick-majors,Keweenaw_Waterway_KW,0.5,phytoplankton_abundance,Trista Vick-majors_Keweenaw_Waterway_KW_0.5_phytoplankton_abundance,Cryptomonas_rostratiformis_Skuja_cell_L-1,0,
Trista Vick-majors,Keweenaw_Waterway_KW,0.5,phytoplankton_abundance,Trista Vick-majors_Keweenaw_Waterway_KW_0.5_phytoplankton_abundance,Cryptomonas_sp_cell_L-1,0,
Trista Vick-majors,Keweenaw_Waterway_KW,0.5,phytoplankton_abundance,Trista Vick-majors_Keweenaw_Waterway_KW_0.5_phytoplankton_abundance,Katablepharis_ovalis_Skuja_cell_L-1,0,
Trista Vick-majors,Keweenaw_Waterway_KW,0.5,phytoplankton_abundance,Trista Vick-majors_Keweenaw_Waterway_KW_0.5_phytoplankton_abundance,Rhodomonas_minuta_var_nannoplanctica_Skuja_cell_L-1,29838,
Trista Vick-majors,Keweenaw_Waterway_KW,0.5,phytoplankton_abundance,Trista Vick-majors_Keweenaw_Waterway_KW_0.5_phytoplankton_abundance,Glenodinium_sp_cell_L-1,0,
Trista Vick-majors,Keweenaw_Waterway_KW,0.5,phytoplankton_abundance,Trista Vick-majors_Keweenaw_Waterway_KW_0.5_phytoplankton_abundance,Gymnodinium_helveticum_Penard_cell_L-1,0,
Trista Vick-majors,Keweenaw_Waterway_KW,0.5,phytoplankton_abundance,Trista Vick-majors_Keweenaw_Waterway_KW_0.5_phytoplankton_abundance,Gymnodinium_sp_cell_L-1,0,
Trista Vick-majors,Keweenaw_Waterway_KW,0.5,phytoplankton_abundance,Trista Vick-majors_Keweenaw_Waterway_KW_0.5_phytoplankton_abundance,Peridinium_aciculiferum_Lemmermann_cell_L-1,0,
Trista Vick-majors,Keweenaw_Waterway_KW,0.5,phytoplankton_abundance,Trista Vick-majors_Keweenaw_Waterway_KW_0.5_phytoplankton_abundance,Peridinium_sp_cell_L-1,0,
Trista Vick-majors,Keweenaw_Waterway_KW,0.5,phytoplankton_abundance,Trista Vick-majors_Keweenaw_Waterway_KW_0.5_phytoplankton_abundance,Total_Cyanobacteria_units_or_cells_L-1,62272906,
Trista Vick-majors,Keweenaw_Waterway_KW,0.5,phytoplankton_abundance,Trista Vick-majors_Keweenaw_Waterway_KW_0.5_phytoplankton_abundance,Total_Chlorophyta_units_or_cells_L-1,15741626,
Trista Vick-majors,Keweenaw_Waterway_KW,0.5,phytoplankton_abundance,Trista Vick-majors_Keweenaw_Waterway_KW_0.5_phytoplankton_abundance,Total_Euglenophyta_units_or_cells_L-1,0,
Trista Vick-majors,Keweenaw_Waterway_KW,0.5,phytoplankton_abundance,Trista Vick-majors_Keweenaw_Waterway_KW_0.5_phytoplankton_abundance,Total_Chrysophycea_units_or_cells_L-1,119352,
Trista Vick-majors,Keweenaw_Waterway_KW,0.5,phytoplankton_abundance,Trista Vick-majors_Keweenaw_Waterway_KW_0.5_phytoplankton_abundance,Total_Diatomeae_units_or_cells_L-1,68676,
Trista Vick-majors,Keweenaw_Waterway_KW,0.5,phytoplankton_abundance,Trista Vick-majors_Keweenaw_Waterway_KW_0.5_phytoplankton_abundance,Total_Cryptophyta_units_or_cells_L-1,29838,
Trista Vick-majors,Keweenaw_Waterway_KW,0.5,phytoplankton_abundance,Trista Vick-majors_Keweenaw_Waterway_KW_0.5_phytoplankton_abundance,Total_Peridineae_units_or_cells_L-1,0,
Trista Vick-majors,Keweenaw_Waterway_KW,0.5,phytoplankton_abundance,Trista Vick-majors_Keweenaw_Waterway_KW_0.5_phytoplankton_abundance,total_units_or_cells_L-1,78232398,
McKay/Drouillard,LSC-MB,1,phytoplankton_abundance,McKay/Drouillard_LSC-MB_1_phytoplankton_abundance,Aphanocapsa_holsatica__Lemm_Cronb_&_Kom_cell_L-1,0,
McKay/Drouillard,LSC-MB,1,phytoplankton_abundance,McKay/Drouillard_LSC-MB_1_phytoplankton_abundance,Aphanocapsa_sp_cell_L-1,0,
McKay/Drouillard,LSC-MB,1,phytoplankton_abundance,McKay/Drouillard_LSC-MB_1_phytoplankton_abundance,Cyanodictyon_filiforme_JKomárková-Legnerová_&_GCronberg_cell_L-1,0,
McKay/Drouillard,LSC-MB,1,phytoplankton_abundance,McKay/Drouillard_LSC-MB_1_phytoplankton_abundance,Cyanophyta_sp_cell_L-1,50127840,
McKay/Drouillard,LSC-MB,1,phytoplankton_abundance,McKay/Drouillard_LSC-MB_1_phytoplankton_abundance,Gloeocapsa_sp_cell_L-1,0,
McKay/Drouillard,LSC-MB,1,phytoplankton_abundance,McKay/Drouillard_LSC-MB_1_phytoplankton_abundance,Microcystis_sp_cell_L-1,0,
McKay/Drouillard,LSC-MB,1,phytoplankton_abundance,McKay/Drouillard_LSC-MB_1_phytoplankton_abundance,Planktothrix_agardhii_Gomont_Anag_and_Komar_cell_L-1,0,
McKay/Drouillard,LSC-MB,1,phytoplankton_abundance,McKay/Drouillard_LSC-MB_1_phytoplankton_abundance,Pseudanabaena_contorta_Kling_&_Watson_cell_L-1,0,
McKay/Drouillard,LSC-MB,1,phytoplankton_abundance,McKay/Drouillard_LSC-MB_1_phytoplankton_abundance,Pseudanabaena_sp_cell_L-1,0,
McKay/Drouillard,LSC-MB,1,phytoplankton_abundance,McKay/Drouillard_LSC-MB_1_phytoplankton_abundance,Synechococcus_sp_cell_L-1,0,
McKay/Drouillard,LSC-MB,1,phytoplankton_abundance,McKay/Drouillard_LSC-MB_1_phytoplankton_abundance,Woronichinia_sp_cell_L-1,0,
McKay/Drouillard,LSC-MB,1,phytoplankton_abundance,McKay/Drouillard_LSC-MB_1_phytoplankton_abundance,Actinastrum_hantzschii_Lagerheim_cell_L-1,0,
McKay/Drouillard,LSC-MB,1,phytoplankton_abundance,McKay/Drouillard_LSC-MB_1_phytoplankton_abundance,Botryococcus_sp_cell_L-1,0,
McKay/Drouillard,LSC-MB,1,phytoplankton_abundance,McKay/Drouillard_LSC-MB_1_phytoplankton_abundance,Campylomonas_sp_cell_L-1,0,
McKay/Drouillard,LSC-MB,1,phytoplankton_abundance,McKay/Drouillard_LSC-MB_1_phytoplankton_abundance,Chlorogonium_minimum_Playfair_cell_L-1,0,
McKay/Drouillard,LSC-MB,1,phytoplankton_abundance,McKay/Drouillard_LSC-MB_1_phytoplankton_abundance,Chlorophyceae_spp_cell_L-1,38252316,
McKay/Drouillard,LSC-MB,1,phytoplankton_abundance,McKay/Drouillard_LSC-MB_1_phytoplankton_abundance,Closterium_aciculare_T_West_cell_L-1,0,
McKay/Drouillard,LSC-MB,1,phytoplankton_abundance,McKay/Drouillard_LSC-MB_1_phytoplankton_abundance,Closterium_strigosum_Brebisson_cell_L-1,0,
McKay/Drouillard,LSC-MB,1,phytoplankton_abundance,McKay/Drouillard_LSC-MB_1_phytoplankton_abundance,Collodictyon_triciliatum_H_Carter_cell_L-1,0,
McKay/Drouillard,LSC-MB,1,phytoplankton_abundance,McKay/Drouillard_LSC-MB_1_phytoplankton_abundance,Desmodesmus_sp_cell_L-1,0,
McKay/Drouillard,LSC-MB,1,phytoplankton_abundance,McKay/Drouillard_LSC-MB_1_phytoplankton_abundance,Gloeotila_pelagica_Nyegaard_Skuja_cell_L-1,0,
McKay/Drouillard,LSC-MB,1,phytoplankton_abundance,McKay/Drouillard_LSC-MB_1_phytoplankton_abundance,Koliella_longiseta_Vischer_Hindák_cell_L-1,1000,
McKay/Drouillard,LSC-MB,1,phytoplankton_abundance,McKay/Drouillard_LSC-MB_1_phytoplankton_abundance,Koliella_sp_cell_L-1,0,
McKay/Drouillard,LSC-MB,1,phytoplankton_abundance,McKay/Drouillard_LSC-MB_1_phytoplankton_abundance,Lagerheimia_genevensis_Chodat_cell_L-1,0,
McKay/Drouillard,LSC-MB,1,phytoplankton_abundance,McKay/Drouillard_LSC-MB_1_phytoplankton_abundance,Monoraphidium_arcuatum_Korshikov_Hindák_cell_L-1,0,
McKay/Drouillard,LSC-MB,1,phytoplankton_abundance,McKay/Drouillard_LSC-MB_1_phytoplankton_abundance,Monoraphidium_contortum_Thurs_Kom_cell_L-1,0,
McKay/Drouillard,LSC-MB,1,phytoplankton_abundance,McKay/Drouillard_LSC-MB_1_phytoplankton_abundance,Monoraphidium_minutum_Nägeli_Komárková-legnerová_cell_L-1,0,
McKay/Drouillard,LSC-MB,1,phytoplankton_abundance,McKay/Drouillard_LSC-MB_1_phytoplankton_abundance,Mougeotia_sp_cell_L-1,0,
McKay/Drouillard,LSC-MB,1,phytoplankton_abundance,McKay/Drouillard_LSC-MB_1_phytoplankton_abundance,Nephrochlamys_sp_cell_L-1,0,
McKay/Drouillard,LSC-MB,1,phytoplankton_abundance,McKay/Drouillard_LSC-MB_1_phytoplankton_abundance,Oocystis_solitaria_Wittrock_cell_L-1,0,
McKay/Drouillard,LSC-MB,1,phytoplankton_abundance,McKay/Drouillard_LSC-MB_1_phytoplankton_abundance,Oocystis_sp_cell_L-1,0,
McKay/Drouillard,LSC-MB,1,phytoplankton_abundance,McKay/Drouillard_LSC-MB_1_phytoplankton_abundance,Planktosphaeria_gelatinosa_GMSmith_cell_L-1,64000,
McKay/Drouillard,LSC-MB,1,phytoplankton_abundance,McKay/Drouillard_LSC-MB_1_phytoplankton_abundance,Scenedesmus_sp_cell_L-1,119352,
McKay/Drouillard,LSC-MB,1,phytoplankton_abundance,McKay/Drouillard_LSC-MB_1_phytoplankton_abundance,Spermatozopsis_exsultans_Korshikov_cell_L-1,0,
McKay/Drouillard,LSC-MB,1,phytoplankton_abundance,McKay/Drouillard_LSC-MB_1_phytoplankton_abundance,Stichococcus_sp_cell_L-1,0,
McKay/Drouillard,LSC-MB,1,phytoplankton_abundance,McKay/Drouillard_LSC-MB_1_phytoplankton_abundance,Tetraedron_triangulare_Korshikov_cell_L-1,0,
McKay/Drouillard,LSC-MB,1,phytoplankton_abundance,McKay/Drouillard_LSC-MB_1_phytoplankton_abundance,Tetrastrum_heteracanthum_Nordst_Chod_cell_L-1,0,
McKay/Drouillard,LSC-MB,1,phytoplankton_abundance,McKay/Drouillard_LSC-MB_1_phytoplankton_abundance,Euglena_sp_cell_L-1,0,
McKay/Drouillard,LSC-MB,1,phytoplankton_abundance,McKay/Drouillard_LSC-MB_1_phytoplankton_abundance,Aulomonas_purdyi_Lackey_cell_L-1,0,
McKay/Drouillard,LSC-MB,1,phytoplankton_abundance,McKay/Drouillard_LSC-MB_1_phytoplankton_abundance,Bicoeca_sp_cell_L-1,0,
McKay/Drouillard,LSC-MB,1,phytoplankton_abundance,McKay/Drouillard_LSC-MB_1_phytoplankton_abundance,Chrysochromulina_parva_Lackey_cell_L-1,298380,
McKay/Drouillard,LSC-MB,1,phytoplankton_abundance,McKay/Drouillard_LSC-MB_1_phytoplankton_abundance,Chrysococcus_sp_cell_L-1,0,
McKay/Drouillard,LSC-MB,1,phytoplankton_abundance,McKay/Drouillard_LSC-MB_1_phytoplankton_abundance,Chrysolykos_planktonicus_Mack_cell_L-1,0,
McKay/Drouillard,LSC-MB,1,phytoplankton_abundance,McKay/Drouillard_LSC-MB_1_phytoplankton_abundance,Chrysophyceae_Cyst_cell_L-1,0,
McKay/Drouillard,LSC-MB,1,phytoplankton_abundance,McKay/Drouillard_LSC-MB_1_phytoplankton_abundance,Chrysophyceae_spp_cell_L-1,417732,
McKay/Drouillard,LSC-MB,1,phytoplankton_abundance,McKay/Drouillard_LSC-MB_1_phytoplankton_abundance,Dinobryon_cylindricum_Imhof_cell_L-1,0,
McKay/Drouillard,LSC-MB,1,phytoplankton_abundance,McKay/Drouillard_LSC-MB_1_phytoplankton_abundance,Dinobryon_sertularia_Ehrenberg_cell_L-1,0,
McKay/Drouillard,LSC-MB,1,phytoplankton_abundance,McKay/Drouillard_LSC-MB_1_phytoplankton_abundance,Dinobryon_sp_cell_L-1,0,
McKay/Drouillard,LSC-MB,1,phytoplankton_abundance,McKay/Drouillard_LSC-MB_1_phytoplankton_abundance,Epipyxis_sp_cell_L-1,0,
McKay/Drouillard,LSC-MB,1,phytoplankton_abundance,McKay/Drouillard_LSC-MB_1_phytoplankton_abundance,Mallomonas_elongata_Reverdin_cell_L-1,0,
McKay/Drouillard,LSC-MB,1,phytoplankton_abundance,McKay/Drouillard_LSC-MB_1_phytoplankton_abundance,Mallomonas_sp_cell_L-1,29838,
McKay/Drouillard,LSC-MB,1,phytoplankton_abundance,McKay/Drouillard_LSC-MB_1_phytoplankton_abundance,Ochromonad_sp_cell_L-1,179028,
McKay/Drouillard,LSC-MB,1,phytoplankton_abundance,McKay/Drouillard_LSC-MB_1_phytoplankton_abundance,Ochromonas_sp_cell_L-1,0,
McKay/Drouillard,LSC-MB,1,phytoplankton_abundance,McKay/Drouillard_LSC-MB_1_phytoplankton_abundance,Pseudopedinella_sp_cell_L-1,0,
McKay/Drouillard,LSC-MB,1,phytoplankton_abundance,McKay/Drouillard_LSC-MB_1_phytoplankton_abundance,Rhizochrysis_limnetica_GM_Smith_cell_L-1,0,
McKay/Drouillard,LSC-MB,1,phytoplankton_abundance,McKay/Drouillard_LSC-MB_1_phytoplankton_abundance,Salpingoeca_frequentissima_Zacharias_Lemmermann_cell_L-1,29838,
McKay/Drouillard,LSC-MB,1,phytoplankton_abundance,McKay/Drouillard_LSC-MB_1_phytoplankton_abundance,Spiniferomonas_sp_cell_L-1,0,
McKay/Drouillard,LSC-MB,1,phytoplankton_abundance,McKay/Drouillard_LSC-MB_1_phytoplankton_abundance,Stelexomonas_dichotoma_JLackey_cell_L-1,0,
McKay/Drouillard,LSC-MB,1,phytoplankton_abundance,McKay/Drouillard_LSC-MB_1_phytoplankton_abundance,Synura_sp_cell_L-1,0,
McKay/Drouillard,LSC-MB,1,phytoplankton_abundance,McKay/Drouillard_LSC-MB_1_phytoplankton_abundance,Achnanthidium_sp_cell_L-1,0,
McKay/Drouillard,LSC-MB,1,phytoplankton_abundance,McKay/Drouillard_LSC-MB_1_phytoplankton_abundance,Asterionella_formosa_Hassall_cell_L-1,0,
McKay/Drouillard,LSC-MB,1,phytoplankton_abundance,McKay/Drouillard_LSC-MB_1_phytoplankton_abundance,Aulacoseira_ambigua_Grunow_Simonsen_cell_L-1,0,
McKay/Drouillard,LSC-MB,1,phytoplankton_abundance,McKay/Drouillard_LSC-MB_1_phytoplankton_abundance,Aulacoseira_distans_Ehrenb_Simonsen_cell_L-1,0,
McKay/Drouillard,LSC-MB,1,phytoplankton_abundance,McKay/Drouillard_LSC-MB_1_phytoplankton_abundance,Aulacoseira_islandica_O_Mull_Simonsen_cell_L-1,0,
McKay/Drouillard,LSC-MB,1,phytoplankton_abundance,McKay/Drouillard_LSC-MB_1_phytoplankton_abundance,Bacillariophyceae_spp_cell_L-1,0,
McKay/Drouillard,LSC-MB,1,phytoplankton_abundance,McKay/Drouillard_LSC-MB_1_phytoplankton_abundance,Cocconeis_pediculus_Ehrenb_cell_L-1,0,
McKay/Drouillard,LSC-MB,1,phytoplankton_abundance,McKay/Drouillard_LSC-MB_1_phytoplankton_abundance,Cyclotella_comensis_Grunow_cell_L-1,0,
McKay/Drouillard,LSC-MB,1,phytoplankton_abundance,McKay/Drouillard_LSC-MB_1_phytoplankton_abundance,Cyclotella_ocellata_Pantocsek_cell_L-1,1074168,
McKay/Drouillard,LSC-MB,1,phytoplankton_abundance,McKay/Drouillard_LSC-MB_1_phytoplankton_abundance,Cyclotella_sp_cell_L-1,0,
McKay/Drouillard,LSC-MB,1,phytoplankton_abundance,McKay/Drouillard_LSC-MB_1_phytoplankton_abundance,Diatoma_tenue_var_elongatum_Lyngb_cell_L-1,0,
McKay/Drouillard,LSC-MB,1,phytoplankton_abundance,McKay/Drouillard_LSC-MB_1_phytoplankton_abundance,Diatoma_vulgaris_Bory_cell_L-1,0,
McKay/Drouillard,LSC-MB,1,phytoplankton_abundance,McKay/Drouillard_LSC-MB_1_phytoplankton_abundance,Encyonema_minutum_Hilse_DGMann_cell_L-1,0,
McKay/Drouillard,LSC-MB,1,phytoplankton_abundance,McKay/Drouillard_LSC-MB_1_phytoplankton_abundance,Encyonema_sp_cell_L-1,0,
McKay/Drouillard,LSC-MB,1,phytoplankton_abundance,McKay/Drouillard_LSC-MB_1_phytoplankton_abundance,Fragilaria_capucina_Desmazières_cell_L-1,0,
McKay/Drouillard,LSC-MB,1,phytoplankton_abundance,McKay/Drouillard_LSC-MB_1_phytoplankton_abundance,Fragilaria_construens_Ehr_Grunow_cell_L-1,0,
McKay/Drouillard,LSC-MB,1,phytoplankton_abundance,McKay/Drouillard_LSC-MB_1_phytoplankton_abundance,Fragilaria_sp_cell_L-1,7000,
McKay/Drouillard,LSC-MB,1,phytoplankton_abundance,McKay/Drouillard_LSC-MB_1_phytoplankton_abundance,Gomphonema_sp_cell_L-1,0,
McKay/Drouillard,LSC-MB,1,phytoplankton_abundance,McKay/Drouillard_LSC-MB_1_phytoplankton_abundance,Navicula_sp_cell_L-1,0,
McKay/Drouillard,LSC-MB,1,phytoplankton_abundance,McKay/Drouillard_LSC-MB_1_phytoplankton_abundance,Navicula_tripunctata_O_F_Müll_Bory_cell_L-1,0,
McKay/Drouillard,LSC-MB,1,phytoplankton_abundance,McKay/Drouillard_LSC-MB_1_phytoplankton_abundance,Nitzschia_acicularis_Kütz_W_Smith_cell_L-1,2000,
McKay/Drouillard,LSC-MB,1,phytoplankton_abundance,McKay/Drouillard_LSC-MB_1_phytoplankton_abundance,Nitzschia_linearis_C_Agardh_W_Sm_cell_L-1,0,
McKay/Drouillard,LSC-MB,1,phytoplankton_abundance,McKay/Drouillard_LSC-MB_1_phytoplankton_abundance,Nitzschia_sp_cell_L-1,0,
McKay/Drouillard,LSC-MB,1,phytoplankton_abundance,McKay/Drouillard_LSC-MB_1_phytoplankton_abundance,Rhoicosphenia_abbreviata_CAgardh_Lange-Bertalot_cell_L-1,0,
McKay/Drouillard,LSC-MB,1,phytoplankton_abundance,McKay/Drouillard_LSC-MB_1_phytoplankton_abundance,Skeletonema_potamos_Weber_Hasle_cell_L-1,0,
McKay/Drouillard,LSC-MB,1,phytoplankton_abundance,McKay/Drouillard_LSC-MB_1_phytoplankton_abundance,Stephanodiscus_agassizensis_Håk&_Kling_cell_L-1,0,
McKay/Drouillard,LSC-MB,1,phytoplankton_abundance,McKay/Drouillard_LSC-MB_1_phytoplankton_abundance,Stephanodiscus_binderanus_Kütz_Willi_Kreig_cell_L-1,0,
McKay/Drouillard,LSC-MB,1,phytoplankton_abundance,McKay/Drouillard_LSC-MB_1_phytoplankton_abundance,Stephanodiscus_hantzschii_Grunow_cell_L-1,0,
McKay/Drouillard,LSC-MB,1,phytoplankton_abundance,McKay/Drouillard_LSC-MB_1_phytoplankton_abundance,Stephanodiscus_sp_cell_L-1,0,
McKay/Drouillard,LSC-MB,1,phytoplankton_abundance,McKay/Drouillard_LSC-MB_1_phytoplankton_abundance,Synedra_acus_var_radians_Kütz_Hustedt_cell_L-1,2000,
McKay/Drouillard,LSC-MB,1,phytoplankton_abundance,McKay/Drouillard_LSC-MB_1_phytoplankton_abundance,Synedra_sp_cell_L-1,0,
McKay/Drouillard,LSC-MB,1,phytoplankton_abundance,McKay/Drouillard_LSC-MB_1_phytoplankton_abundance,Tabellaria_fenestrata_Lyngb_Kütz_cell_L-1,0,
McKay/Drouillard,LSC-MB,1,phytoplankton_abundance,McKay/Drouillard_LSC-MB_1_phytoplankton_abundance,Urosolenia_eriensis_Crawford_&_Mann_cell_L-1,0,
McKay/Drouillard,LSC-MB,1,phytoplankton_abundance,McKay/Drouillard_LSC-MB_1_phytoplankton_abundance,Cryptomonas_erosa_Ehrenberg_cell_L-1,0,
McKay/Drouillard,LSC-MB,1,phytoplankton_abundance,McKay/Drouillard_LSC-MB_1_phytoplankton_abundance,Cryptomonas_marssonii_Skuja_cell_L-1,0,
McKay/Drouillard,LSC-MB,1,phytoplankton_abundance,McKay/Drouillard_LSC-MB_1_phytoplankton_abundance,Cryptomonas_obovata_Skuja_cell_L-1,0,
McKay/Drouillard,LSC-MB,1,phytoplankton_abundance,McKay/Drouillard_LSC-MB_1_phytoplankton_abundance,Cryptomonas_reflexa_Skuja_cell_L-1,0,
McKay/Drouillard,LSC-MB,1,phytoplankton_abundance,McKay/Drouillard_LSC-MB_1_phytoplankton_abundance,Cryptomonas_rostratiformis_Skuja_cell_L-1,0,
McKay/Drouillard,LSC-MB,1,phytoplankton_abundance,McKay/Drouillard_LSC-MB_1_phytoplankton_abundance,Cryptomonas_sp_cell_L-1,0,
McKay/Drouillard,LSC-MB,1,phytoplankton_abundance,McKay/Drouillard_LSC-MB_1_phytoplankton_abundance,Katablepharis_ovalis_Skuja_cell_L-1,29838,
McKay/Drouillard,LSC-MB,1,phytoplankton_abundance,McKay/Drouillard_LSC-MB_1_phytoplankton_abundance,Rhodomonas_minuta_var_nannoplanctica_Skuja_cell_L-1,29838,
McKay/Drouillard,LSC-MB,1,phytoplankton_abundance,McKay/Drouillard_LSC-MB_1_phytoplankton_abundance,Glenodinium_sp_cell_L-1,0,
McKay/Drouillard,LSC-MB,1,phytoplankton_abundance,McKay/Drouillard_LSC-MB_1_phytoplankton_abundance,Gymnodinium_helveticum_Penard_cell_L-1,0,
McKay/Drouillard,LSC-MB,1,phytoplankton_abundance,McKay/Drouillard_LSC-MB_1_phytoplankton_abundance,Gymnodinium_sp_cell_L-1,0,
McKay/Drouillard,LSC-MB,1,phytoplankton_abundance,McKay/Drouillard_LSC-MB_1_phytoplankton_abundance,Peridinium_aciculiferum_Lemmermann_cell_L-1,0,
McKay/Drouillard,LSC-MB,1,phytoplankton_abundance,McKay/Drouillard_LSC-MB_1_phytoplankton_abundance,Peridinium_sp_cell_L-1,0,
McKay/Drouillard,LSC-MB,1,phytoplankton_abundance,McKay/Drouillard_LSC-MB_1_phytoplankton_abundance,Total_Cyanobacteria_units_or_cells_L-1,50127840,
McKay/Drouillard,LSC-MB,1,phytoplankton_abundance,McKay/Drouillard_LSC-MB_1_phytoplankton_abundance,Total_Chlorophyta_units_or_cells_L-1,38436668,
McKay/Drouillard,LSC-MB,1,phytoplankton_abundance,McKay/Drouillard_LSC-MB_1_phytoplankton_abundance,Total_Euglenophyta_units_or_cells_L-1,0,
McKay/Drouillard,LSC-MB,1,phytoplankton_abundance,McKay/Drouillard_LSC-MB_1_phytoplankton_abundance,Total_Chrysophycea_units_or_cells_L-1,954816,
McKay/Drouillard,LSC-MB,1,phytoplankton_abundance,McKay/Drouillard_LSC-MB_1_phytoplankton_abundance,Total_Diatomeae_units_or_cells_L-1,1085168,
McKay/Drouillard,LSC-MB,1,phytoplankton_abundance,McKay/Drouillard_LSC-MB_1_phytoplankton_abundance,Total_Cryptophyta_units_or_cells_L-1,59676,
McKay/Drouillard,LSC-MB,1,phytoplankton_abundance,McKay/Drouillard_LSC-MB_1_phytoplankton_abundance,Total_Peridineae_units_or_cells_L-1,0,
McKay/Drouillard,LSC-MB,1,phytoplankton_abundance,McKay/Drouillard_LSC-MB_1_phytoplankton_abundance,total_units_or_cells_L-1,90664168,
