pi_name,station,depth_m,analysis,sample_name,taxon,count_cell_l-1,notes
Ozersky,Apostles,0.5,phytoplankton_abundance,Ozersky_Apostles_0.5_phytoplankton_abundance,Stephanodiscus_binderanus_cell_mL-1,0,
Ozersky,Apostles,0.5,phytoplankton_abundance,Ozersky_Apostles_0.5_phytoplankton_abundance,Stephanodiscus_spp_cell_mL-1,0,
Ozersky,Apostles,0.5,phytoplankton_abundance,Ozersky_Apostles_0.5_phytoplankton_abundance,Aulacoseira_spp_cell_mL-1,0,
Ozersky,Apostles,0.5,phytoplankton_abundance,Ozersky_Apostles_0.5_phytoplankton_abundance,Fragilaria_spp_cell_mL-1,9000,
Ozersky,Apostles,0.5,phytoplankton_abundance,Ozersky_Apostles_0.5_phytoplankton_abundance,Nitzschia_sp_cell_mL-1,500,
Ozersky,Apostles,0.5,phytoplankton_abundance,Ozersky_Apostles_0.5_phytoplankton_abundance,Staurosira_spp_cell_mL-1,0,
Ozersky,Apostles,0.5,phytoplankton_abundance,Ozersky_Apostles_0.5_phytoplankton_abundance,Asterionella_formosa_cell_mL-1,9000,
Ozersky,Apostles,0.5,phytoplankton_abundance,Ozersky_Apostles_0.5_phytoplankton_abundance,Acinoccl_spp_cell_mL-1,0,
Ozersky,Apostles,0.5,phytoplankton_abundance,Ozersky_Apostles_0.5_phytoplankton_abundance,Surirella_s_cell_mL-1,0,
Ozersky,Apostles,0.5,phytoplankton_abundance,Ozersky_Apostles_0.5_phytoplankton_abundance,Navicula_spp_cell_mL-1,0,
Ozersky,Apostles,0.5,phytoplankton_abundance,Ozersky_Apostles_0.5_phytoplankton_abundance,Diatoma_spp_cell_mL-1,0,
Ozersky,Apostles,0.5,phytoplankton_abundance,Ozersky_Apostles_0.5_phytoplankton_abundance,Tabellaria_spp_cell_mL-1,0,
Ozersky,Apostles,0.5,phytoplankton_abundance,Ozersky_Apostles_0.5_phytoplankton_abundance,Synedra_spp_cell_mL-1,0,
Ozersky,Apostles,0.5,phytoplankton_abundance,Ozersky_Apostles_0.5_phytoplankton_abundance,Gomphonema_sp_cell_mL-1,0,
Ozersky,Apostles,0.5,phytoplankton_abundance,Ozersky_Apostles_0.5_phytoplankton_abundance,Hippodonta_spp_cell_mL-1,0,
Ozersky,Apostles,0.5,phytoplankton_abundance,Ozersky_Apostles_0.5_phytoplankton_abundance,Uroselenia_spp_cell_mL-1,1400,
Ozersky,Apostles,0.5,phytoplankton_abundance,Ozersky_Apostles_0.5_phytoplankton_abundance,centric_<9_um_cell_mL-1,9000,
Ozersky,Apostles,0.5,phytoplankton_abundance,Ozersky_Apostles_0.5_phytoplankton_abundance,centric_>9_um_cell_mL-1,3000,
Ozersky,Apostles,0.5,phytoplankton_abundance,Ozersky_Apostles_0.5_phytoplankton_abundance,Microflagellates_cell_mL-1,648000,
Ozersky,Apostles,0.5,phytoplankton_abundance,Ozersky_Apostles_0.5_phytoplankton_abundance,Cryptophyta_cell_mL-1,117000,
Ozersky,Apostles,0.5,phytoplankton_abundance,Ozersky_Apostles_0.5_phytoplankton_abundance,Pyrrophyta_cell_mL-1,6000,
Ozersky,Apostles,0.5,phytoplankton_abundance,Ozersky_Apostles_0.5_phytoplankton_abundance,Chrysophyta_cell_mL-1,0,
Ozersky,Apostles,0.5,phytoplankton_abundance,Ozersky_Apostles_0.5_phytoplankton_abundance,Eugnophyta_cell_mL-1,0,
Ozersky,Apostles,0.5,phytoplankton_abundance,Ozersky_Apostles_0.5_phytoplankton_abundance,Scenedesmus_quadricatum_cell_mL-1,95000,
Ozersky,Apostles,0.5,phytoplankton_abundance,Ozersky_Apostles_0.5_phytoplankton_abundance,Tetrastrum_staurogeniaeforme_cell_mL-1,63000,
Ozersky,Apostles,0.5,phytoplankton_abundance,Ozersky_Apostles_0.5_phytoplankton_abundance,Micractinium_pusillum_cell_mL-1,32000,
Ozersky,Apostles,0.5,phytoplankton_abundance,Ozersky_Apostles_0.5_phytoplankton_abundance,Ankistrodesmus_spp_cell_mL-1,16000,
Ozersky,Apostles,0.5,phytoplankton_abundance,Ozersky_Apostles_0.5_phytoplankton_abundance,Actinastrum_hantzschii_cell_mL-1,11000,
Ozersky,Apostles,0.5,phytoplankton_abundance,Ozersky_Apostles_0.5_phytoplankton_abundance,Chlorobiflagellates_cell_mL-1,16000,
Ozersky,Apostles,0.5,phytoplankton_abundance,Ozersky_Apostles_0.5_phytoplankton_abundance,Chlamydomonas_spp_cell_mL-1,0,
Ozersky,Apostles,0.5,phytoplankton_abundance,Ozersky_Apostles_0.5_phytoplankton_abundance,Dictyosphaerium_spp_cell_mL-1,0,
Ozersky,Apostles,0.5,phytoplankton_abundance,Ozersky_Apostles_0.5_phytoplankton_abundance,Golenkenia_spp_cell_mL-1,0,
Ozersky,Apostles,0.5,phytoplankton_abundance,Ozersky_Apostles_0.5_phytoplankton_abundance,Tetraedron_spp_cell_mL-1,0,
Ozersky,Apostles,0.5,phytoplankton_abundance,Ozersky_Apostles_0.5_phytoplankton_abundance,coccoid_chlorophytes_<10_um_cell_mL-1,32000,
Ozersky,Apostles,0.5,phytoplankton_abundance,Ozersky_Apostles_0.5_phytoplankton_abundance,Lagerhemia_cell_mL-1,16000,
Ozersky,Apostles,0.5,phytoplankton_abundance,Ozersky_Apostles_0.5_phytoplankton_abundance,Closterium_spp_cell_mL-1,0,
Ozersky,Apostles,0.5,phytoplankton_abundance,Ozersky_Apostles_0.5_phytoplankton_abundance,Pediastrum_spp_cell_mL-1,0,
Ozersky,Apostles,0.5,phytoplankton_abundance,Ozersky_Apostles_0.5_phytoplankton_abundance,Selenastrum_spp_cell_mL-1,0,
Ozersky,Apostles,0.5,phytoplankton_abundance,Ozersky_Apostles_0.5_phytoplankton_abundance,Oocystis_spp_cell_mL-1,0,
Ozersky,Apostles,0.5,phytoplankton_abundance,Ozersky_Apostles_0.5_phytoplankton_abundance,Spermatozopsis_spp_cell_mL-1,0,
Ozersky,Apostles,0.5,phytoplankton_abundance,Ozersky_Apostles_0.5_phytoplankton_abundance,Cosmarium_spp_cell_mL-1,0,
Ozersky,Apostles,0.5,phytoplankton_abundance,Ozersky_Apostles_0.5_phytoplankton_abundance,Crucigenia_tetrapedia_cell_mL-1,0,
Ozersky,Apostles,0.5,phytoplankton_abundance,Ozersky_Apostles_0.5_phytoplankton_abundance,Elakatothrix_spp_cell_mL-1,0,
Ozersky,Apostles,0.5,phytoplankton_abundance,Ozersky_Apostles_0.5_phytoplankton_abundance,picoplankton_cell_mL-1,221000,
Ozersky,Apostles,0.5,phytoplankton_abundance,Ozersky_Apostles_0.5_phytoplankton_abundance,Planktolyngbya_spp_cell_mL-1,142000,
Ozersky,Apostles,0.5,phytoplankton_abundance,Ozersky_Apostles_0.5_phytoplankton_abundance,Aphanothece_spp_cell_mL-1,0,
Ozersky,Apostles,0.5,phytoplankton_abundance,Ozersky_Apostles_0.5_phytoplankton_abundance,Aphanocapsa_spp_cell_mL-1,0,
Ozersky,Apostles,0.5,phytoplankton_abundance,Ozersky_Apostles_0.5_phytoplankton_abundance,Pseudoanabaena_cell_mL-1,0,
Ozersky,Apostles,0.5,phytoplankton_abundance,Ozersky_Apostles_0.5_phytoplankton_abundance,Microcystis_spp_cell_mL-1,0,
Ozersky,Apostles,0.5,phytoplankton_abundance,Ozersky_Apostles_0.5_phytoplankton_abundance,cocoid_cyanophyte_cell_mL-1,0,
Ozersky,Apostles,0.5,phytoplankton_abundance,Ozersky_Apostles_0.5_phytoplankton_abundance,Chroococcus_spp_cell_mL-1,0,
Ozersky,Apostles,0.5,phytoplankton_abundance,Ozersky_Apostles_0.5_phytoplankton_abundance,Dolichospermum_spp_cell_mL-1,0,
Ozersky,Apostles,0.5,phytoplankton_abundance,Ozersky_Apostles_0.5_phytoplankton_abundance,Merismopedia_spp_cell_mL-1,0,
Ozersky,Apostles,0.5,phytoplankton_abundance,Ozersky_Apostles_0.5_phytoplankton_abundance,Aphanizomenon_flos-aquae_cell_mL-1,0,
Ozersky,Apostles,0.5,phytoplankton_abundance,Ozersky_Apostles_0.5_phytoplankton_abundance,Jaaginema_spp_cell_mL-1,0,
Pearce/Xenopolous,BQ1,0.5,phytoplankton_abundance,Pearce/Xenopolous_BQ1_0.5_phytoplankton_abundance,Stephanodiscus_binderanus_cell_mL-1,0,
Pearce/Xenopolous,BQ1,0.5,phytoplankton_abundance,Pearce/Xenopolous_BQ1_0.5_phytoplankton_abundance,Stephanodiscus_spp_cell_mL-1,0,
Pearce/Xenopolous,BQ1,0.5,phytoplankton_abundance,Pearce/Xenopolous_BQ1_0.5_phytoplankton_abundance,Aulacoseira_spp_cell_mL-1,0,
Pearce/Xenopolous,BQ1,0.5,phytoplankton_abundance,Pearce/Xenopolous_BQ1_0.5_phytoplankton_abundance,Fragilaria_spp_cell_mL-1,0,
Pearce/Xenopolous,BQ1,0.5,phytoplankton_abundance,Pearce/Xenopolous_BQ1_0.5_phytoplankton_abundance,Nitzschia_sp_cell_mL-1,0,
Pearce/Xenopolous,BQ1,0.5,phytoplankton_abundance,Pearce/Xenopolous_BQ1_0.5_phytoplankton_abundance,Staurosira_spp_cell_mL-1,0,
Pearce/Xenopolous,BQ1,0.5,phytoplankton_abundance,Pearce/Xenopolous_BQ1_0.5_phytoplankton_abundance,Asterionella_formosa_cell_mL-1,7000,
Pearce/Xenopolous,BQ1,0.5,phytoplankton_abundance,Pearce/Xenopolous_BQ1_0.5_phytoplankton_abundance,Acinoccl_spp_cell_mL-1,0,
Pearce/Xenopolous,BQ1,0.5,phytoplankton_abundance,Pearce/Xenopolous_BQ1_0.5_phytoplankton_abundance,Surirella_s_cell_mL-1,0,
Pearce/Xenopolous,BQ1,0.5,phytoplankton_abundance,Pearce/Xenopolous_BQ1_0.5_phytoplankton_abundance,Navicula_spp_cell_mL-1,0,
Pearce/Xenopolous,BQ1,0.5,phytoplankton_abundance,Pearce/Xenopolous_BQ1_0.5_phytoplankton_abundance,Diatoma_spp_cell_mL-1,6000,
Pearce/Xenopolous,BQ1,0.5,phytoplankton_abundance,Pearce/Xenopolous_BQ1_0.5_phytoplankton_abundance,Tabellaria_spp_cell_mL-1,0,
Pearce/Xenopolous,BQ1,0.5,phytoplankton_abundance,Pearce/Xenopolous_BQ1_0.5_phytoplankton_abundance,Synedra_spp_cell_mL-1,0,
Pearce/Xenopolous,BQ1,0.5,phytoplankton_abundance,Pearce/Xenopolous_BQ1_0.5_phytoplankton_abundance,Gomphonema_sp_cell_mL-1,0,
Pearce/Xenopolous,BQ1,0.5,phytoplankton_abundance,Pearce/Xenopolous_BQ1_0.5_phytoplankton_abundance,Hippodonta_spp_cell_mL-1,0,
Pearce/Xenopolous,BQ1,0.5,phytoplankton_abundance,Pearce/Xenopolous_BQ1_0.5_phytoplankton_abundance,Uroselenia_spp_cell_mL-1,0,
Pearce/Xenopolous,BQ1,0.5,phytoplankton_abundance,Pearce/Xenopolous_BQ1_0.5_phytoplankton_abundance,centric_<9_um_cell_mL-1,120000,
Pearce/Xenopolous,BQ1,0.5,phytoplankton_abundance,Pearce/Xenopolous_BQ1_0.5_phytoplankton_abundance,centric_>9_um_cell_mL-1,84000,
Pearce/Xenopolous,BQ1,0.5,phytoplankton_abundance,Pearce/Xenopolous_BQ1_0.5_phytoplankton_abundance,Microflagellates_cell_mL-1,228000,
Pearce/Xenopolous,BQ1,0.5,phytoplankton_abundance,Pearce/Xenopolous_BQ1_0.5_phytoplankton_abundance,Cryptophyta_cell_mL-1,174000,
Pearce/Xenopolous,BQ1,0.5,phytoplankton_abundance,Pearce/Xenopolous_BQ1_0.5_phytoplankton_abundance,Pyrrophyta_cell_mL-1,0,
Pearce/Xenopolous,BQ1,0.5,phytoplankton_abundance,Pearce/Xenopolous_BQ1_0.5_phytoplankton_abundance,Chrysophyta_cell_mL-1,0,
Pearce/Xenopolous,BQ1,0.5,phytoplankton_abundance,Pearce/Xenopolous_BQ1_0.5_phytoplankton_abundance,Eugnophyta_cell_mL-1,0,
Pearce/Xenopolous,BQ1,0.5,phytoplankton_abundance,Pearce/Xenopolous_BQ1_0.5_phytoplankton_abundance,Scenedesmus_quadricatum_cell_mL-1,0,
Pearce/Xenopolous,BQ1,0.5,phytoplankton_abundance,Pearce/Xenopolous_BQ1_0.5_phytoplankton_abundance,Tetrastrum_staurogeniaeforme_cell_mL-1,0,
Pearce/Xenopolous,BQ1,0.5,phytoplankton_abundance,Pearce/Xenopolous_BQ1_0.5_phytoplankton_abundance,Micractinium_pusillum_cell_mL-1,0,
Pearce/Xenopolous,BQ1,0.5,phytoplankton_abundance,Pearce/Xenopolous_BQ1_0.5_phytoplankton_abundance,Ankistrodesmus_spp_cell_mL-1,0,
Pearce/Xenopolous,BQ1,0.5,phytoplankton_abundance,Pearce/Xenopolous_BQ1_0.5_phytoplankton_abundance,Actinastrum_hantzschii_cell_mL-1,0,
Pearce/Xenopolous,BQ1,0.5,phytoplankton_abundance,Pearce/Xenopolous_BQ1_0.5_phytoplankton_abundance,Chlorobiflagellates_cell_mL-1,0,
Pearce/Xenopolous,BQ1,0.5,phytoplankton_abundance,Pearce/Xenopolous_BQ1_0.5_phytoplankton_abundance,Chlamydomonas_spp_cell_mL-1,0,
Pearce/Xenopolous,BQ1,0.5,phytoplankton_abundance,Pearce/Xenopolous_BQ1_0.5_phytoplankton_abundance,Dictyosphaerium_spp_cell_mL-1,0,
Pearce/Xenopolous,BQ1,0.5,phytoplankton_abundance,Pearce/Xenopolous_BQ1_0.5_phytoplankton_abundance,Golenkenia_spp_cell_mL-1,0,
Pearce/Xenopolous,BQ1,0.5,phytoplankton_abundance,Pearce/Xenopolous_BQ1_0.5_phytoplankton_abundance,Tetraedron_spp_cell_mL-1,0,
Pearce/Xenopolous,BQ1,0.5,phytoplankton_abundance,Pearce/Xenopolous_BQ1_0.5_phytoplankton_abundance,coccoid_chlorophytes_<10_um_cell_mL-1,12000,
Pearce/Xenopolous,BQ1,0.5,phytoplankton_abundance,Pearce/Xenopolous_BQ1_0.5_phytoplankton_abundance,Lagerhemia_cell_mL-1,0,
Pearce/Xenopolous,BQ1,0.5,phytoplankton_abundance,Pearce/Xenopolous_BQ1_0.5_phytoplankton_abundance,Closterium_spp_cell_mL-1,0,
Pearce/Xenopolous,BQ1,0.5,phytoplankton_abundance,Pearce/Xenopolous_BQ1_0.5_phytoplankton_abundance,Pediastrum_spp_cell_mL-1,0,
Pearce/Xenopolous,BQ1,0.5,phytoplankton_abundance,Pearce/Xenopolous_BQ1_0.5_phytoplankton_abundance,Selenastrum_spp_cell_mL-1,0,
Pearce/Xenopolous,BQ1,0.5,phytoplankton_abundance,Pearce/Xenopolous_BQ1_0.5_phytoplankton_abundance,Oocystis_spp_cell_mL-1,0,
Pearce/Xenopolous,BQ1,0.5,phytoplankton_abundance,Pearce/Xenopolous_BQ1_0.5_phytoplankton_abundance,Spermatozopsis_spp_cell_mL-1,0,
Pearce/Xenopolous,BQ1,0.5,phytoplankton_abundance,Pearce/Xenopolous_BQ1_0.5_phytoplankton_abundance,Cosmarium_spp_cell_mL-1,0,
Pearce/Xenopolous,BQ1,0.5,phytoplankton_abundance,Pearce/Xenopolous_BQ1_0.5_phytoplankton_abundance,Crucigenia_tetrapedia_cell_mL-1,0,
Pearce/Xenopolous,BQ1,0.5,phytoplankton_abundance,Pearce/Xenopolous_BQ1_0.5_phytoplankton_abundance,Elakatothrix_spp_cell_mL-1,0,
Pearce/Xenopolous,BQ1,0.5,phytoplankton_abundance,Pearce/Xenopolous_BQ1_0.5_phytoplankton_abundance,picoplankton_cell_mL-1,384000,
Pearce/Xenopolous,BQ1,0.5,phytoplankton_abundance,Pearce/Xenopolous_BQ1_0.5_phytoplankton_abundance,Planktolyngbya_spp_cell_mL-1,0,
Pearce/Xenopolous,BQ1,0.5,phytoplankton_abundance,Pearce/Xenopolous_BQ1_0.5_phytoplankton_abundance,Aphanothece_spp_cell_mL-1,11000,
Pearce/Xenopolous,BQ1,0.5,phytoplankton_abundance,Pearce/Xenopolous_BQ1_0.5_phytoplankton_abundance,Aphanocapsa_spp_cell_mL-1,0,
Pearce/Xenopolous,BQ1,0.5,phytoplankton_abundance,Pearce/Xenopolous_BQ1_0.5_phytoplankton_abundance,Pseudoanabaena_cell_mL-1,0,
Pearce/Xenopolous,BQ1,0.5,phytoplankton_abundance,Pearce/Xenopolous_BQ1_0.5_phytoplankton_abundance,Microcystis_spp_cell_mL-1,0,
Pearce/Xenopolous,BQ1,0.5,phytoplankton_abundance,Pearce/Xenopolous_BQ1_0.5_phytoplankton_abundance,cocoid_cyanophyte_cell_mL-1,6000,
Pearce/Xenopolous,BQ1,0.5,phytoplankton_abundance,Pearce/Xenopolous_BQ1_0.5_phytoplankton_abundance,Chroococcus_spp_cell_mL-1,0,
Pearce/Xenopolous,BQ1,0.5,phytoplankton_abundance,Pearce/Xenopolous_BQ1_0.5_phytoplankton_abundance,Dolichospermum_spp_cell_mL-1,0,
Pearce/Xenopolous,BQ1,0.5,phytoplankton_abundance,Pearce/Xenopolous_BQ1_0.5_phytoplankton_abundance,Merismopedia_spp_cell_mL-1,0,
Pearce/Xenopolous,BQ1,0.5,phytoplankton_abundance,Pearce/Xenopolous_BQ1_0.5_phytoplankton_abundance,Aphanizomenon_flos-aquae_cell_mL-1,0,
Pearce/Xenopolous,BQ1,0.5,phytoplankton_abundance,Pearce/Xenopolous_BQ1_0.5_phytoplankton_abundance,Jaaginema_spp_cell_mL-1,0,
Currie,CCIW_Hamilton_Harbour,0.5,phytoplankton_abundance,Currie_CCIW_Hamilton_Harbour_0.5_phytoplankton_abundance,Stephanodiscus_binderanus_cell_mL-1,38000,
Currie,CCIW_Hamilton_Harbour,0.5,phytoplankton_abundance,Currie_CCIW_Hamilton_Harbour_0.5_phytoplankton_abundance,Stephanodiscus_spp_cell_mL-1,11000,
Currie,CCIW_Hamilton_Harbour,0.5,phytoplankton_abundance,Currie_CCIW_Hamilton_Harbour_0.5_phytoplankton_abundance,Aulacoseira_spp_cell_mL-1,304000,
Currie,CCIW_Hamilton_Harbour,0.5,phytoplankton_abundance,Currie_CCIW_Hamilton_Harbour_0.5_phytoplankton_abundance,Fragilaria_spp_cell_mL-1,122000,
Currie,CCIW_Hamilton_Harbour,0.5,phytoplankton_abundance,Currie_CCIW_Hamilton_Harbour_0.5_phytoplankton_abundance,Nitzschia_sp_cell_mL-1,2000,
Currie,CCIW_Hamilton_Harbour,0.5,phytoplankton_abundance,Currie_CCIW_Hamilton_Harbour_0.5_phytoplankton_abundance,Staurosira_spp_cell_mL-1,0,
Currie,CCIW_Hamilton_Harbour,0.5,phytoplankton_abundance,Currie_CCIW_Hamilton_Harbour_0.5_phytoplankton_abundance,Asterionella_formosa_cell_mL-1,968000,
Currie,CCIW_Hamilton_Harbour,0.5,phytoplankton_abundance,Currie_CCIW_Hamilton_Harbour_0.5_phytoplankton_abundance,Acinoccl_spp_cell_mL-1,0,
Currie,CCIW_Hamilton_Harbour,0.5,phytoplankton_abundance,Currie_CCIW_Hamilton_Harbour_0.5_phytoplankton_abundance,Surirella_s_cell_mL-1,2000,
Currie,CCIW_Hamilton_Harbour,0.5,phytoplankton_abundance,Currie_CCIW_Hamilton_Harbour_0.5_phytoplankton_abundance,Navicula_spp_cell_mL-1,5000,
Currie,CCIW_Hamilton_Harbour,0.5,phytoplankton_abundance,Currie_CCIW_Hamilton_Harbour_0.5_phytoplankton_abundance,Diatoma_spp_cell_mL-1,6000,
Currie,CCIW_Hamilton_Harbour,0.5,phytoplankton_abundance,Currie_CCIW_Hamilton_Harbour_0.5_phytoplankton_abundance,Tabellaria_spp_cell_mL-1,431000,
Currie,CCIW_Hamilton_Harbour,0.5,phytoplankton_abundance,Currie_CCIW_Hamilton_Harbour_0.5_phytoplankton_abundance,Synedra_spp_cell_mL-1,0,
Currie,CCIW_Hamilton_Harbour,0.5,phytoplankton_abundance,Currie_CCIW_Hamilton_Harbour_0.5_phytoplankton_abundance,Gomphonema_sp_cell_mL-1,0,
Currie,CCIW_Hamilton_Harbour,0.5,phytoplankton_abundance,Currie_CCIW_Hamilton_Harbour_0.5_phytoplankton_abundance,Hippodonta_spp_cell_mL-1,0,
Currie,CCIW_Hamilton_Harbour,0.5,phytoplankton_abundance,Currie_CCIW_Hamilton_Harbour_0.5_phytoplankton_abundance,Uroselenia_spp_cell_mL-1,0,
Currie,CCIW_Hamilton_Harbour,0.5,phytoplankton_abundance,Currie_CCIW_Hamilton_Harbour_0.5_phytoplankton_abundance,centric_<9_um_cell_mL-1,1160000,
Currie,CCIW_Hamilton_Harbour,0.5,phytoplankton_abundance,Currie_CCIW_Hamilton_Harbour_0.5_phytoplankton_abundance,centric_>9_um_cell_mL-1,295000,
Currie,CCIW_Hamilton_Harbour,0.5,phytoplankton_abundance,Currie_CCIW_Hamilton_Harbour_0.5_phytoplankton_abundance,Microflagellates_cell_mL-1,245000,
Currie,CCIW_Hamilton_Harbour,0.5,phytoplankton_abundance,Currie_CCIW_Hamilton_Harbour_0.5_phytoplankton_abundance,Cryptophyta_cell_mL-1,185000,
Currie,CCIW_Hamilton_Harbour,0.5,phytoplankton_abundance,Currie_CCIW_Hamilton_Harbour_0.5_phytoplankton_abundance,Pyrrophyta_cell_mL-1,0,
Currie,CCIW_Hamilton_Harbour,0.5,phytoplankton_abundance,Currie_CCIW_Hamilton_Harbour_0.5_phytoplankton_abundance,Chrysophyta_cell_mL-1,0,
Currie,CCIW_Hamilton_Harbour,0.5,phytoplankton_abundance,Currie_CCIW_Hamilton_Harbour_0.5_phytoplankton_abundance,Eugnophyta_cell_mL-1,0,
Currie,CCIW_Hamilton_Harbour,0.5,phytoplankton_abundance,Currie_CCIW_Hamilton_Harbour_0.5_phytoplankton_abundance,Scenedesmus_quadricatum_cell_mL-1,0,
Currie,CCIW_Hamilton_Harbour,0.5,phytoplankton_abundance,Currie_CCIW_Hamilton_Harbour_0.5_phytoplankton_abundance,Tetrastrum_staurogeniaeforme_cell_mL-1,0,
Currie,CCIW_Hamilton_Harbour,0.5,phytoplankton_abundance,Currie_CCIW_Hamilton_Harbour_0.5_phytoplankton_abundance,Micractinium_pusillum_cell_mL-1,0,
Currie,CCIW_Hamilton_Harbour,0.5,phytoplankton_abundance,Currie_CCIW_Hamilton_Harbour_0.5_phytoplankton_abundance,Ankistrodesmus_spp_cell_mL-1,0,
Currie,CCIW_Hamilton_Harbour,0.5,phytoplankton_abundance,Currie_CCIW_Hamilton_Harbour_0.5_phytoplankton_abundance,Actinastrum_hantzschii_cell_mL-1,0,
Currie,CCIW_Hamilton_Harbour,0.5,phytoplankton_abundance,Currie_CCIW_Hamilton_Harbour_0.5_phytoplankton_abundance,Chlorobiflagellates_cell_mL-1,0,
Currie,CCIW_Hamilton_Harbour,0.5,phytoplankton_abundance,Currie_CCIW_Hamilton_Harbour_0.5_phytoplankton_abundance,Chlamydomonas_spp_cell_mL-1,0,
Currie,CCIW_Hamilton_Harbour,0.5,phytoplankton_abundance,Currie_CCIW_Hamilton_Harbour_0.5_phytoplankton_abundance,Dictyosphaerium_spp_cell_mL-1,0,
Currie,CCIW_Hamilton_Harbour,0.5,phytoplankton_abundance,Currie_CCIW_Hamilton_Harbour_0.5_phytoplankton_abundance,Golenkenia_spp_cell_mL-1,0,
Currie,CCIW_Hamilton_Harbour,0.5,phytoplankton_abundance,Currie_CCIW_Hamilton_Harbour_0.5_phytoplankton_abundance,Tetraedron_spp_cell_mL-1,0,
Currie,CCIW_Hamilton_Harbour,0.5,phytoplankton_abundance,Currie_CCIW_Hamilton_Harbour_0.5_phytoplankton_abundance,coccoid_chlorophytes_<10_um_cell_mL-1,0,
Currie,CCIW_Hamilton_Harbour,0.5,phytoplankton_abundance,Currie_CCIW_Hamilton_Harbour_0.5_phytoplankton_abundance,Lagerhemia_cell_mL-1,0,
Currie,CCIW_Hamilton_Harbour,0.5,phytoplankton_abundance,Currie_CCIW_Hamilton_Harbour_0.5_phytoplankton_abundance,Closterium_spp_cell_mL-1,0,
Currie,CCIW_Hamilton_Harbour,0.5,phytoplankton_abundance,Currie_CCIW_Hamilton_Harbour_0.5_phytoplankton_abundance,Pediastrum_spp_cell_mL-1,0,
Currie,CCIW_Hamilton_Harbour,0.5,phytoplankton_abundance,Currie_CCIW_Hamilton_Harbour_0.5_phytoplankton_abundance,Selenastrum_spp_cell_mL-1,0,
Currie,CCIW_Hamilton_Harbour,0.5,phytoplankton_abundance,Currie_CCIW_Hamilton_Harbour_0.5_phytoplankton_abundance,Oocystis_spp_cell_mL-1,0,
Currie,CCIW_Hamilton_Harbour,0.5,phytoplankton_abundance,Currie_CCIW_Hamilton_Harbour_0.5_phytoplankton_abundance,Spermatozopsis_spp_cell_mL-1,0,
Currie,CCIW_Hamilton_Harbour,0.5,phytoplankton_abundance,Currie_CCIW_Hamilton_Harbour_0.5_phytoplankton_abundance,Cosmarium_spp_cell_mL-1,0,
Currie,CCIW_Hamilton_Harbour,0.5,phytoplankton_abundance,Currie_CCIW_Hamilton_Harbour_0.5_phytoplankton_abundance,Crucigenia_tetrapedia_cell_mL-1,0,
Currie,CCIW_Hamilton_Harbour,0.5,phytoplankton_abundance,Currie_CCIW_Hamilton_Harbour_0.5_phytoplankton_abundance,Elakatothrix_spp_cell_mL-1,0,
Currie,CCIW_Hamilton_Harbour,0.5,phytoplankton_abundance,Currie_CCIW_Hamilton_Harbour_0.5_phytoplankton_abundance,picoplankton_cell_mL-1,79000,
Currie,CCIW_Hamilton_Harbour,0.5,phytoplankton_abundance,Currie_CCIW_Hamilton_Harbour_0.5_phytoplankton_abundance,Planktolyngbya_spp_cell_mL-1,0,
Currie,CCIW_Hamilton_Harbour,0.5,phytoplankton_abundance,Currie_CCIW_Hamilton_Harbour_0.5_phytoplankton_abundance,Aphanothece_spp_cell_mL-1,0,
Currie,CCIW_Hamilton_Harbour,0.5,phytoplankton_abundance,Currie_CCIW_Hamilton_Harbour_0.5_phytoplankton_abundance,Aphanocapsa_spp_cell_mL-1,0,
Currie,CCIW_Hamilton_Harbour,0.5,phytoplankton_abundance,Currie_CCIW_Hamilton_Harbour_0.5_phytoplankton_abundance,Pseudoanabaena_cell_mL-1,0,
Currie,CCIW_Hamilton_Harbour,0.5,phytoplankton_abundance,Currie_CCIW_Hamilton_Harbour_0.5_phytoplankton_abundance,Microcystis_spp_cell_mL-1,0,
Currie,CCIW_Hamilton_Harbour,0.5,phytoplankton_abundance,Currie_CCIW_Hamilton_Harbour_0.5_phytoplankton_abundance,cocoid_cyanophyte_cell_mL-1,0,
Currie,CCIW_Hamilton_Harbour,0.5,phytoplankton_abundance,Currie_CCIW_Hamilton_Harbour_0.5_phytoplankton_abundance,Chroococcus_spp_cell_mL-1,0,
Currie,CCIW_Hamilton_Harbour,0.5,phytoplankton_abundance,Currie_CCIW_Hamilton_Harbour_0.5_phytoplankton_abundance,Dolichospermum_spp_cell_mL-1,0,
Currie,CCIW_Hamilton_Harbour,0.5,phytoplankton_abundance,Currie_CCIW_Hamilton_Harbour_0.5_phytoplankton_abundance,Merismopedia_spp_cell_mL-1,0,
Currie,CCIW_Hamilton_Harbour,0.5,phytoplankton_abundance,Currie_CCIW_Hamilton_Harbour_0.5_phytoplankton_abundance,Aphanizomenon_flos-aquae_cell_mL-1,0,
Currie,CCIW_Hamilton_Harbour,0.5,phytoplankton_abundance,Currie_CCIW_Hamilton_Harbour_0.5_phytoplankton_abundance,Jaaginema_spp_cell_mL-1,0,
McKay,EC_1,0.5,phytoplankton_abundance,McKay_EC_1_0.5_phytoplankton_abundance,Stephanodiscus_binderanus_cell_mL-1,0,
McKay,EC_1,0.5,phytoplankton_abundance,McKay_EC_1_0.5_phytoplankton_abundance,Stephanodiscus_spp_cell_mL-1,0,
McKay,EC_1,0.5,phytoplankton_abundance,McKay_EC_1_0.5_phytoplankton_abundance,Aulacoseira_spp_cell_mL-1,10000,
McKay,EC_1,0.5,phytoplankton_abundance,McKay_EC_1_0.5_phytoplankton_abundance,Fragilaria_spp_cell_mL-1,35000,
McKay,EC_1,0.5,phytoplankton_abundance,McKay_EC_1_0.5_phytoplankton_abundance,Nitzschia_sp_cell_mL-1,34000,
McKay,EC_1,0.5,phytoplankton_abundance,McKay_EC_1_0.5_phytoplankton_abundance,Staurosira_spp_cell_mL-1,17000,
McKay,EC_1,0.5,phytoplankton_abundance,McKay_EC_1_0.5_phytoplankton_abundance,Asterionella_formosa_cell_mL-1,0,
McKay,EC_1,0.5,phytoplankton_abundance,McKay_EC_1_0.5_phytoplankton_abundance,Acinoccl_spp_cell_mL-1,0,
McKay,EC_1,0.5,phytoplankton_abundance,McKay_EC_1_0.5_phytoplankton_abundance,Surirella_s_cell_mL-1,0,
McKay,EC_1,0.5,phytoplankton_abundance,McKay_EC_1_0.5_phytoplankton_abundance,Navicula_spp_cell_mL-1,34000,
McKay,EC_1,0.5,phytoplankton_abundance,McKay_EC_1_0.5_phytoplankton_abundance,Diatoma_spp_cell_mL-1,0,
McKay,EC_1,0.5,phytoplankton_abundance,McKay_EC_1_0.5_phytoplankton_abundance,Tabellaria_spp_cell_mL-1,4000,
McKay,EC_1,0.5,phytoplankton_abundance,McKay_EC_1_0.5_phytoplankton_abundance,Synedra_spp_cell_mL-1,0,
McKay,EC_1,0.5,phytoplankton_abundance,McKay_EC_1_0.5_phytoplankton_abundance,Gomphonema_sp_cell_mL-1,0,
McKay,EC_1,0.5,phytoplankton_abundance,McKay_EC_1_0.5_phytoplankton_abundance,Hippodonta_spp_cell_mL-1,0,
McKay,EC_1,0.5,phytoplankton_abundance,McKay_EC_1_0.5_phytoplankton_abundance,Uroselenia_spp_cell_mL-1,0,
McKay,EC_1,0.5,phytoplankton_abundance,McKay_EC_1_0.5_phytoplankton_abundance,centric_<9_um_cell_mL-1,1180000,
McKay,EC_1,0.5,phytoplankton_abundance,McKay_EC_1_0.5_phytoplankton_abundance,centric_>9_um_cell_mL-1,268000,
McKay,EC_1,0.5,phytoplankton_abundance,McKay_EC_1_0.5_phytoplankton_abundance,Microflagellates_cell_mL-1,980000,
McKay,EC_1,0.5,phytoplankton_abundance,McKay_EC_1_0.5_phytoplankton_abundance,Cryptophyta_cell_mL-1,1220000,
McKay,EC_1,0.5,phytoplankton_abundance,McKay_EC_1_0.5_phytoplankton_abundance,Pyrrophyta_cell_mL-1,23000,
McKay,EC_1,0.5,phytoplankton_abundance,McKay_EC_1_0.5_phytoplankton_abundance,Chrysophyta_cell_mL-1,24000,
McKay,EC_1,0.5,phytoplankton_abundance,McKay_EC_1_0.5_phytoplankton_abundance,Eugnophyta_cell_mL-1,0,
McKay,EC_1,0.5,phytoplankton_abundance,McKay_EC_1_0.5_phytoplankton_abundance,Scenedesmus_quadricatum_cell_mL-1,0,
McKay,EC_1,0.5,phytoplankton_abundance,McKay_EC_1_0.5_phytoplankton_abundance,Tetrastrum_staurogeniaeforme_cell_mL-1,160000,
McKay,EC_1,0.5,phytoplankton_abundance,McKay_EC_1_0.5_phytoplankton_abundance,Micractinium_pusillum_cell_mL-1,80000,
McKay,EC_1,0.5,phytoplankton_abundance,McKay_EC_1_0.5_phytoplankton_abundance,Ankistrodesmus_spp_cell_mL-1,18000,
McKay,EC_1,0.5,phytoplankton_abundance,McKay_EC_1_0.5_phytoplankton_abundance,Actinastrum_hantzschii_cell_mL-1,126000,
McKay,EC_1,0.5,phytoplankton_abundance,McKay_EC_1_0.5_phytoplankton_abundance,Chlorobiflagellates_cell_mL-1,40000,
McKay,EC_1,0.5,phytoplankton_abundance,McKay_EC_1_0.5_phytoplankton_abundance,Chlamydomonas_spp_cell_mL-1,560000,
McKay,EC_1,0.5,phytoplankton_abundance,McKay_EC_1_0.5_phytoplankton_abundance,Dictyosphaerium_spp_cell_mL-1,29000,
McKay,EC_1,0.5,phytoplankton_abundance,McKay_EC_1_0.5_phytoplankton_abundance,Golenkenia_spp_cell_mL-1,20000,
McKay,EC_1,0.5,phytoplankton_abundance,McKay_EC_1_0.5_phytoplankton_abundance,Tetraedron_spp_cell_mL-1,0,
McKay,EC_1,0.5,phytoplankton_abundance,McKay_EC_1_0.5_phytoplankton_abundance,coccoid_chlorophytes_<10_um_cell_mL-1,80000,
McKay,EC_1,0.5,phytoplankton_abundance,McKay_EC_1_0.5_phytoplankton_abundance,Lagerhemia_cell_mL-1,0,
McKay,EC_1,0.5,phytoplankton_abundance,McKay_EC_1_0.5_phytoplankton_abundance,Closterium_spp_cell_mL-1,0,
McKay,EC_1,0.5,phytoplankton_abundance,McKay_EC_1_0.5_phytoplankton_abundance,Pediastrum_spp_cell_mL-1,0,
McKay,EC_1,0.5,phytoplankton_abundance,McKay_EC_1_0.5_phytoplankton_abundance,Selenastrum_spp_cell_mL-1,0,
McKay,EC_1,0.5,phytoplankton_abundance,McKay_EC_1_0.5_phytoplankton_abundance,Oocystis_spp_cell_mL-1,0,
McKay,EC_1,0.5,phytoplankton_abundance,McKay_EC_1_0.5_phytoplankton_abundance,Spermatozopsis_spp_cell_mL-1,0,
McKay,EC_1,0.5,phytoplankton_abundance,McKay_EC_1_0.5_phytoplankton_abundance,Cosmarium_spp_cell_mL-1,0,
McKay,EC_1,0.5,phytoplankton_abundance,McKay_EC_1_0.5_phytoplankton_abundance,Crucigenia_tetrapedia_cell_mL-1,0,
McKay,EC_1,0.5,phytoplankton_abundance,McKay_EC_1_0.5_phytoplankton_abundance,Elakatothrix_spp_cell_mL-1,0,
McKay,EC_1,0.5,phytoplankton_abundance,McKay_EC_1_0.5_phytoplankton_abundance,picoplankton_cell_mL-1,2.00E+05,
McKay,EC_1,0.5,phytoplankton_abundance,McKay_EC_1_0.5_phytoplankton_abundance,Planktolyngbya_spp_cell_mL-1,140000,
McKay,EC_1,0.5,phytoplankton_abundance,McKay_EC_1_0.5_phytoplankton_abundance,Aphanothece_spp_cell_mL-1,0,
McKay,EC_1,0.5,phytoplankton_abundance,McKay_EC_1_0.5_phytoplankton_abundance,Aphanocapsa_spp_cell_mL-1,0,
McKay,EC_1,0.5,phytoplankton_abundance,McKay_EC_1_0.5_phytoplankton_abundance,Pseudoanabaena_cell_mL-1,7000,
McKay,EC_1,0.5,phytoplankton_abundance,McKay_EC_1_0.5_phytoplankton_abundance,Microcystis_spp_cell_mL-1,0,
McKay,EC_1,0.5,phytoplankton_abundance,McKay_EC_1_0.5_phytoplankton_abundance,cocoid_cyanophyte_cell_mL-1,0,
McKay,EC_1,0.5,phytoplankton_abundance,McKay_EC_1_0.5_phytoplankton_abundance,Chroococcus_spp_cell_mL-1,0,
McKay,EC_1,0.5,phytoplankton_abundance,McKay_EC_1_0.5_phytoplankton_abundance,Dolichospermum_spp_cell_mL-1,0,
McKay,EC_1,0.5,phytoplankton_abundance,McKay_EC_1_0.5_phytoplankton_abundance,Merismopedia_spp_cell_mL-1,0,
McKay,EC_1,0.5,phytoplankton_abundance,McKay_EC_1_0.5_phytoplankton_abundance,Aphanizomenon_flos-aquae_cell_mL-1,0,
McKay,EC_1,0.5,phytoplankton_abundance,McKay_EC_1_0.5_phytoplankton_abundance,Jaaginema_spp_cell_mL-1,0,
McKay,EC_1,0.5,phytoplankton_abundance,McKay_EC_1_0.5_phytoplankton_abundance,Stephanodiscus_binderanus_cell_mL-1,8000,
McKay,EC_1,0.5,phytoplankton_abundance,McKay_EC_1_0.5_phytoplankton_abundance,Stephanodiscus_spp_cell_mL-1,0,
McKay,EC_1,0.5,phytoplankton_abundance,McKay_EC_1_0.5_phytoplankton_abundance,Aulacoseira_spp_cell_mL-1,18000,
McKay,EC_1,0.5,phytoplankton_abundance,McKay_EC_1_0.5_phytoplankton_abundance,Fragilaria_spp_cell_mL-1,4000,
McKay,EC_1,0.5,phytoplankton_abundance,McKay_EC_1_0.5_phytoplankton_abundance,Nitzschia_sp_cell_mL-1,0,
McKay,EC_1,0.5,phytoplankton_abundance,McKay_EC_1_0.5_phytoplankton_abundance,Staurosira_spp_cell_mL-1,0,
McKay,EC_1,0.5,phytoplankton_abundance,McKay_EC_1_0.5_phytoplankton_abundance,Asterionella_formosa_cell_mL-1,0,
McKay,EC_1,0.5,phytoplankton_abundance,McKay_EC_1_0.5_phytoplankton_abundance,Acinoccl_spp_cell_mL-1,0,
McKay,EC_1,0.5,phytoplankton_abundance,McKay_EC_1_0.5_phytoplankton_abundance,Surirella_s_cell_mL-1,0,
McKay,EC_1,0.5,phytoplankton_abundance,McKay_EC_1_0.5_phytoplankton_abundance,Navicula_spp_cell_mL-1,0,
McKay,EC_1,0.5,phytoplankton_abundance,McKay_EC_1_0.5_phytoplankton_abundance,Diatoma_spp_cell_mL-1,0,
McKay,EC_1,0.5,phytoplankton_abundance,McKay_EC_1_0.5_phytoplankton_abundance,Tabellaria_spp_cell_mL-1,0,
McKay,EC_1,0.5,phytoplankton_abundance,McKay_EC_1_0.5_phytoplankton_abundance,Synedra_spp_cell_mL-1,0,
McKay,EC_1,0.5,phytoplankton_abundance,McKay_EC_1_0.5_phytoplankton_abundance,Gomphonema_sp_cell_mL-1,0,
McKay,EC_1,0.5,phytoplankton_abundance,McKay_EC_1_0.5_phytoplankton_abundance,Hippodonta_spp_cell_mL-1,0,
McKay,EC_1,0.5,phytoplankton_abundance,McKay_EC_1_0.5_phytoplankton_abundance,Uroselenia_spp_cell_mL-1,0,
McKay,EC_1,0.5,phytoplankton_abundance,McKay_EC_1_0.5_phytoplankton_abundance,centric_<9_um_cell_mL-1,106000,
McKay,EC_1,0.5,phytoplankton_abundance,McKay_EC_1_0.5_phytoplankton_abundance,centric_>9_um_cell_mL-1,24000,
McKay,EC_1,0.5,phytoplankton_abundance,McKay_EC_1_0.5_phytoplankton_abundance,Microflagellates_cell_mL-1,318000,
McKay,EC_1,0.5,phytoplankton_abundance,McKay_EC_1_0.5_phytoplankton_abundance,Cryptophyta_cell_mL-1,116000,
McKay,EC_1,0.5,phytoplankton_abundance,McKay_EC_1_0.5_phytoplankton_abundance,Pyrrophyta_cell_mL-1,0,
McKay,EC_1,0.5,phytoplankton_abundance,McKay_EC_1_0.5_phytoplankton_abundance,Chrysophyta_cell_mL-1,10000,
McKay,EC_1,0.5,phytoplankton_abundance,McKay_EC_1_0.5_phytoplankton_abundance,Eugnophyta_cell_mL-1,0,
McKay,EC_1,0.5,phytoplankton_abundance,McKay_EC_1_0.5_phytoplankton_abundance,Scenedesmus_quadricatum_cell_mL-1,0,
McKay,EC_1,0.5,phytoplankton_abundance,McKay_EC_1_0.5_phytoplankton_abundance,Tetrastrum_staurogeniaeforme_cell_mL-1,0,
McKay,EC_1,0.5,phytoplankton_abundance,McKay_EC_1_0.5_phytoplankton_abundance,Micractinium_pusillum_cell_mL-1,0,
McKay,EC_1,0.5,phytoplankton_abundance,McKay_EC_1_0.5_phytoplankton_abundance,Ankistrodesmus_spp_cell_mL-1,0,
McKay,EC_1,0.5,phytoplankton_abundance,McKay_EC_1_0.5_phytoplankton_abundance,Actinastrum_hantzschii_cell_mL-1,0,
McKay,EC_1,0.5,phytoplankton_abundance,McKay_EC_1_0.5_phytoplankton_abundance,Chlorobiflagellates_cell_mL-1,0,
McKay,EC_1,0.5,phytoplankton_abundance,McKay_EC_1_0.5_phytoplankton_abundance,Chlamydomonas_spp_cell_mL-1,0,
McKay,EC_1,0.5,phytoplankton_abundance,McKay_EC_1_0.5_phytoplankton_abundance,Dictyosphaerium_spp_cell_mL-1,0,
McKay,EC_1,0.5,phytoplankton_abundance,McKay_EC_1_0.5_phytoplankton_abundance,Golenkenia_spp_cell_mL-1,0,
McKay,EC_1,0.5,phytoplankton_abundance,McKay_EC_1_0.5_phytoplankton_abundance,Tetraedron_spp_cell_mL-1,0,
McKay,EC_1,0.5,phytoplankton_abundance,McKay_EC_1_0.5_phytoplankton_abundance,coccoid_chlorophytes_<10_um_cell_mL-1,0,
McKay,EC_1,0.5,phytoplankton_abundance,McKay_EC_1_0.5_phytoplankton_abundance,Lagerhemia_cell_mL-1,0,
McKay,EC_1,0.5,phytoplankton_abundance,McKay_EC_1_0.5_phytoplankton_abundance,Closterium_spp_cell_mL-1,0,
McKay,EC_1,0.5,phytoplankton_abundance,McKay_EC_1_0.5_phytoplankton_abundance,Pediastrum_spp_cell_mL-1,0,
McKay,EC_1,0.5,phytoplankton_abundance,McKay_EC_1_0.5_phytoplankton_abundance,Selenastrum_spp_cell_mL-1,0,
McKay,EC_1,0.5,phytoplankton_abundance,McKay_EC_1_0.5_phytoplankton_abundance,Oocystis_spp_cell_mL-1,0,
McKay,EC_1,0.5,phytoplankton_abundance,McKay_EC_1_0.5_phytoplankton_abundance,Spermatozopsis_spp_cell_mL-1,0,
McKay,EC_1,0.5,phytoplankton_abundance,McKay_EC_1_0.5_phytoplankton_abundance,Cosmarium_spp_cell_mL-1,0,
McKay,EC_1,0.5,phytoplankton_abundance,McKay_EC_1_0.5_phytoplankton_abundance,Crucigenia_tetrapedia_cell_mL-1,0,
McKay,EC_1,0.5,phytoplankton_abundance,McKay_EC_1_0.5_phytoplankton_abundance,Elakatothrix_spp_cell_mL-1,0,
McKay,EC_1,0.5,phytoplankton_abundance,McKay_EC_1_0.5_phytoplankton_abundance,picoplankton_cell_mL-1,726000,
McKay,EC_1,0.5,phytoplankton_abundance,McKay_EC_1_0.5_phytoplankton_abundance,Planktolyngbya_spp_cell_mL-1,0,
McKay,EC_1,0.5,phytoplankton_abundance,McKay_EC_1_0.5_phytoplankton_abundance,Aphanothece_spp_cell_mL-1,0,
McKay,EC_1,0.5,phytoplankton_abundance,McKay_EC_1_0.5_phytoplankton_abundance,Aphanocapsa_spp_cell_mL-1,0,
McKay,EC_1,0.5,phytoplankton_abundance,McKay_EC_1_0.5_phytoplankton_abundance,Pseudoanabaena_cell_mL-1,0,
McKay,EC_1,0.5,phytoplankton_abundance,McKay_EC_1_0.5_phytoplankton_abundance,Microcystis_spp_cell_mL-1,0,
McKay,EC_1,0.5,phytoplankton_abundance,McKay_EC_1_0.5_phytoplankton_abundance,cocoid_cyanophyte_cell_mL-1,0,
McKay,EC_1,0.5,phytoplankton_abundance,McKay_EC_1_0.5_phytoplankton_abundance,Chroococcus_spp_cell_mL-1,0,
McKay,EC_1,0.5,phytoplankton_abundance,McKay_EC_1_0.5_phytoplankton_abundance,Dolichospermum_spp_cell_mL-1,0,
McKay,EC_1,0.5,phytoplankton_abundance,McKay_EC_1_0.5_phytoplankton_abundance,Merismopedia_spp_cell_mL-1,0,
McKay,EC_1,0.5,phytoplankton_abundance,McKay_EC_1_0.5_phytoplankton_abundance,Aphanizomenon_flos-aquae_cell_mL-1,0,
McKay,EC_1,0.5,phytoplankton_abundance,McKay_EC_1_0.5_phytoplankton_abundance,Jaaginema_spp_cell_mL-1,0,
McKay,EC_1156,0.5,phytoplankton_abundance,McKay_EC_1156_0.5_phytoplankton_abundance,Stephanodiscus_binderanus_cell_mL-1,0,
McKay,EC_1156,0.5,phytoplankton_abundance,McKay_EC_1156_0.5_phytoplankton_abundance,Stephanodiscus_spp_cell_mL-1,0,
McKay,EC_1156,0.5,phytoplankton_abundance,McKay_EC_1156_0.5_phytoplankton_abundance,Aulacoseira_spp_cell_mL-1,0,
McKay,EC_1156,0.5,phytoplankton_abundance,McKay_EC_1156_0.5_phytoplankton_abundance,Fragilaria_spp_cell_mL-1,0,
McKay,EC_1156,0.5,phytoplankton_abundance,McKay_EC_1156_0.5_phytoplankton_abundance,Nitzschia_sp_cell_mL-1,1000,
McKay,EC_1156,0.5,phytoplankton_abundance,McKay_EC_1156_0.5_phytoplankton_abundance,Staurosira_spp_cell_mL-1,0,
McKay,EC_1156,0.5,phytoplankton_abundance,McKay_EC_1156_0.5_phytoplankton_abundance,Asterionella_formosa_cell_mL-1,0,
McKay,EC_1156,0.5,phytoplankton_abundance,McKay_EC_1156_0.5_phytoplankton_abundance,Acinoccl_spp_cell_mL-1,0,
McKay,EC_1156,0.5,phytoplankton_abundance,McKay_EC_1156_0.5_phytoplankton_abundance,Surirella_s_cell_mL-1,0,
McKay,EC_1156,0.5,phytoplankton_abundance,McKay_EC_1156_0.5_phytoplankton_abundance,Navicula_spp_cell_mL-1,4000,
McKay,EC_1156,0.5,phytoplankton_abundance,McKay_EC_1156_0.5_phytoplankton_abundance,Diatoma_spp_cell_mL-1,0,
McKay,EC_1156,0.5,phytoplankton_abundance,McKay_EC_1156_0.5_phytoplankton_abundance,Tabellaria_spp_cell_mL-1,0,
McKay,EC_1156,0.5,phytoplankton_abundance,McKay_EC_1156_0.5_phytoplankton_abundance,Synedra_spp_cell_mL-1,3000,
McKay,EC_1156,0.5,phytoplankton_abundance,McKay_EC_1156_0.5_phytoplankton_abundance,Gomphonema_sp_cell_mL-1,1000,
McKay,EC_1156,0.5,phytoplankton_abundance,McKay_EC_1156_0.5_phytoplankton_abundance,Hippodonta_spp_cell_mL-1,2000,
McKay,EC_1156,0.5,phytoplankton_abundance,McKay_EC_1156_0.5_phytoplankton_abundance,Uroselenia_spp_cell_mL-1,0,
McKay,EC_1156,0.5,phytoplankton_abundance,McKay_EC_1156_0.5_phytoplankton_abundance,centric_<9_um_cell_mL-1,258000,
McKay,EC_1156,0.5,phytoplankton_abundance,McKay_EC_1156_0.5_phytoplankton_abundance,centric_>9_um_cell_mL-1,26000,
McKay,EC_1156,0.5,phytoplankton_abundance,McKay_EC_1156_0.5_phytoplankton_abundance,Microflagellates_cell_mL-1,159000,
McKay,EC_1156,0.5,phytoplankton_abundance,McKay_EC_1156_0.5_phytoplankton_abundance,Cryptophyta_cell_mL-1,112000,
McKay,EC_1156,0.5,phytoplankton_abundance,McKay_EC_1156_0.5_phytoplankton_abundance,Pyrrophyta_cell_mL-1,0,
McKay,EC_1156,0.5,phytoplankton_abundance,McKay_EC_1156_0.5_phytoplankton_abundance,Chrysophyta_cell_mL-1,6000,
McKay,EC_1156,0.5,phytoplankton_abundance,McKay_EC_1156_0.5_phytoplankton_abundance,Eugnophyta_cell_mL-1,0,
McKay,EC_1156,0.5,phytoplankton_abundance,McKay_EC_1156_0.5_phytoplankton_abundance,Scenedesmus_quadricatum_cell_mL-1,0,
McKay,EC_1156,0.5,phytoplankton_abundance,McKay_EC_1156_0.5_phytoplankton_abundance,Tetrastrum_staurogeniaeforme_cell_mL-1,0,
McKay,EC_1156,0.5,phytoplankton_abundance,McKay_EC_1156_0.5_phytoplankton_abundance,Micractinium_pusillum_cell_mL-1,0,
McKay,EC_1156,0.5,phytoplankton_abundance,McKay_EC_1156_0.5_phytoplankton_abundance,Ankistrodesmus_spp_cell_mL-1,0,
McKay,EC_1156,0.5,phytoplankton_abundance,McKay_EC_1156_0.5_phytoplankton_abundance,Actinastrum_hantzschii_cell_mL-1,0,
McKay,EC_1156,0.5,phytoplankton_abundance,McKay_EC_1156_0.5_phytoplankton_abundance,Chlorobiflagellates_cell_mL-1,0,
McKay,EC_1156,0.5,phytoplankton_abundance,McKay_EC_1156_0.5_phytoplankton_abundance,Chlamydomonas_spp_cell_mL-1,0,
McKay,EC_1156,0.5,phytoplankton_abundance,McKay_EC_1156_0.5_phytoplankton_abundance,Dictyosphaerium_spp_cell_mL-1,0,
McKay,EC_1156,0.5,phytoplankton_abundance,McKay_EC_1156_0.5_phytoplankton_abundance,Golenkenia_spp_cell_mL-1,0,
McKay,EC_1156,0.5,phytoplankton_abundance,McKay_EC_1156_0.5_phytoplankton_abundance,Tetraedron_spp_cell_mL-1,6000,
McKay,EC_1156,0.5,phytoplankton_abundance,McKay_EC_1156_0.5_phytoplankton_abundance,coccoid_chlorophytes_<10_um_cell_mL-1,0,
McKay,EC_1156,0.5,phytoplankton_abundance,McKay_EC_1156_0.5_phytoplankton_abundance,Lagerhemia_cell_mL-1,0,
McKay,EC_1156,0.5,phytoplankton_abundance,McKay_EC_1156_0.5_phytoplankton_abundance,Closterium_spp_cell_mL-1,0,
McKay,EC_1156,0.5,phytoplankton_abundance,McKay_EC_1156_0.5_phytoplankton_abundance,Pediastrum_spp_cell_mL-1,0,
McKay,EC_1156,0.5,phytoplankton_abundance,McKay_EC_1156_0.5_phytoplankton_abundance,Selenastrum_spp_cell_mL-1,24000,
McKay,EC_1156,0.5,phytoplankton_abundance,McKay_EC_1156_0.5_phytoplankton_abundance,Oocystis_spp_cell_mL-1,0,
McKay,EC_1156,0.5,phytoplankton_abundance,McKay_EC_1156_0.5_phytoplankton_abundance,Spermatozopsis_spp_cell_mL-1,0,
McKay,EC_1156,0.5,phytoplankton_abundance,McKay_EC_1156_0.5_phytoplankton_abundance,Cosmarium_spp_cell_mL-1,0,
McKay,EC_1156,0.5,phytoplankton_abundance,McKay_EC_1156_0.5_phytoplankton_abundance,Crucigenia_tetrapedia_cell_mL-1,0,
McKay,EC_1156,0.5,phytoplankton_abundance,McKay_EC_1156_0.5_phytoplankton_abundance,Elakatothrix_spp_cell_mL-1,0,
McKay,EC_1156,0.5,phytoplankton_abundance,McKay_EC_1156_0.5_phytoplankton_abundance,picoplankton_cell_mL-1,136000,
McKay,EC_1156,0.5,phytoplankton_abundance,McKay_EC_1156_0.5_phytoplankton_abundance,Planktolyngbya_spp_cell_mL-1,0,
McKay,EC_1156,0.5,phytoplankton_abundance,McKay_EC_1156_0.5_phytoplankton_abundance,Aphanothece_spp_cell_mL-1,0,
McKay,EC_1156,0.5,phytoplankton_abundance,McKay_EC_1156_0.5_phytoplankton_abundance,Aphanocapsa_spp_cell_mL-1,0,
McKay,EC_1156,0.5,phytoplankton_abundance,McKay_EC_1156_0.5_phytoplankton_abundance,Pseudoanabaena_cell_mL-1,0,
McKay,EC_1156,0.5,phytoplankton_abundance,McKay_EC_1156_0.5_phytoplankton_abundance,Microcystis_spp_cell_mL-1,0,
McKay,EC_1156,0.5,phytoplankton_abundance,McKay_EC_1156_0.5_phytoplankton_abundance,cocoid_cyanophyte_cell_mL-1,0,
McKay,EC_1156,0.5,phytoplankton_abundance,McKay_EC_1156_0.5_phytoplankton_abundance,Chroococcus_spp_cell_mL-1,59000,
McKay,EC_1156,0.5,phytoplankton_abundance,McKay_EC_1156_0.5_phytoplankton_abundance,Dolichospermum_spp_cell_mL-1,0,
McKay,EC_1156,0.5,phytoplankton_abundance,McKay_EC_1156_0.5_phytoplankton_abundance,Merismopedia_spp_cell_mL-1,0,
McKay,EC_1156,0.5,phytoplankton_abundance,McKay_EC_1156_0.5_phytoplankton_abundance,Aphanizomenon_flos-aquae_cell_mL-1,0,
McKay,EC_1156,0.5,phytoplankton_abundance,McKay_EC_1156_0.5_phytoplankton_abundance,Jaaginema_spp_cell_mL-1,0,
McKay,EC_12,0.5,phytoplankton_abundance,McKay_EC_12_0.5_phytoplankton_abundance,Stephanodiscus_binderanus_cell_mL-1,0,
McKay,EC_12,0.5,phytoplankton_abundance,McKay_EC_12_0.5_phytoplankton_abundance,Stephanodiscus_spp_cell_mL-1,0,
McKay,EC_12,0.5,phytoplankton_abundance,McKay_EC_12_0.5_phytoplankton_abundance,Aulacoseira_spp_cell_mL-1,0,
McKay,EC_12,0.5,phytoplankton_abundance,McKay_EC_12_0.5_phytoplankton_abundance,Fragilaria_spp_cell_mL-1,3000,
McKay,EC_12,0.5,phytoplankton_abundance,McKay_EC_12_0.5_phytoplankton_abundance,Nitzschia_sp_cell_mL-1,1000,
McKay,EC_12,0.5,phytoplankton_abundance,McKay_EC_12_0.5_phytoplankton_abundance,Staurosira_spp_cell_mL-1,0,
McKay,EC_12,0.5,phytoplankton_abundance,McKay_EC_12_0.5_phytoplankton_abundance,Asterionella_formosa_cell_mL-1,0,
McKay,EC_12,0.5,phytoplankton_abundance,McKay_EC_12_0.5_phytoplankton_abundance,Acinoccl_spp_cell_mL-1,0,
McKay,EC_12,0.5,phytoplankton_abundance,McKay_EC_12_0.5_phytoplankton_abundance,Surirella_s_cell_mL-1,0,
McKay,EC_12,0.5,phytoplankton_abundance,McKay_EC_12_0.5_phytoplankton_abundance,Navicula_spp_cell_mL-1,0,
McKay,EC_12,0.5,phytoplankton_abundance,McKay_EC_12_0.5_phytoplankton_abundance,Diatoma_spp_cell_mL-1,0,
McKay,EC_12,0.5,phytoplankton_abundance,McKay_EC_12_0.5_phytoplankton_abundance,Tabellaria_spp_cell_mL-1,0,
McKay,EC_12,0.5,phytoplankton_abundance,McKay_EC_12_0.5_phytoplankton_abundance,Synedra_spp_cell_mL-1,0,
McKay,EC_12,0.5,phytoplankton_abundance,McKay_EC_12_0.5_phytoplankton_abundance,Gomphonema_sp_cell_mL-1,0,
McKay,EC_12,0.5,phytoplankton_abundance,McKay_EC_12_0.5_phytoplankton_abundance,Hippodonta_spp_cell_mL-1,0,
McKay,EC_12,0.5,phytoplankton_abundance,McKay_EC_12_0.5_phytoplankton_abundance,Uroselenia_spp_cell_mL-1,0,
McKay,EC_12,0.5,phytoplankton_abundance,McKay_EC_12_0.5_phytoplankton_abundance,centric_<9_um_cell_mL-1,66000,
McKay,EC_12,0.5,phytoplankton_abundance,McKay_EC_12_0.5_phytoplankton_abundance,centric_>9_um_cell_mL-1,0,
McKay,EC_12,0.5,phytoplankton_abundance,McKay_EC_12_0.5_phytoplankton_abundance,Microflagellates_cell_mL-1,397000,
McKay,EC_12,0.5,phytoplankton_abundance,McKay_EC_12_0.5_phytoplankton_abundance,Cryptophyta_cell_mL-1,29000,
McKay,EC_12,0.5,phytoplankton_abundance,McKay_EC_12_0.5_phytoplankton_abundance,Pyrrophyta_cell_mL-1,2000,
McKay,EC_12,0.5,phytoplankton_abundance,McKay_EC_12_0.5_phytoplankton_abundance,Chrysophyta_cell_mL-1,17000,
McKay,EC_12,0.5,phytoplankton_abundance,McKay_EC_12_0.5_phytoplankton_abundance,Eugnophyta_cell_mL-1,0,
McKay,EC_12,0.5,phytoplankton_abundance,McKay_EC_12_0.5_phytoplankton_abundance,Scenedesmus_quadricatum_cell_mL-1,0,
McKay,EC_12,0.5,phytoplankton_abundance,McKay_EC_12_0.5_phytoplankton_abundance,Tetrastrum_staurogeniaeforme_cell_mL-1,0,
McKay,EC_12,0.5,phytoplankton_abundance,McKay_EC_12_0.5_phytoplankton_abundance,Micractinium_pusillum_cell_mL-1,0,
McKay,EC_12,0.5,phytoplankton_abundance,McKay_EC_12_0.5_phytoplankton_abundance,Ankistrodesmus_spp_cell_mL-1,0,
McKay,EC_12,0.5,phytoplankton_abundance,McKay_EC_12_0.5_phytoplankton_abundance,Actinastrum_hantzschii_cell_mL-1,0,
McKay,EC_12,0.5,phytoplankton_abundance,McKay_EC_12_0.5_phytoplankton_abundance,Chlorobiflagellates_cell_mL-1,15000,
McKay,EC_12,0.5,phytoplankton_abundance,McKay_EC_12_0.5_phytoplankton_abundance,Chlamydomonas_spp_cell_mL-1,15000,
McKay,EC_12,0.5,phytoplankton_abundance,McKay_EC_12_0.5_phytoplankton_abundance,Dictyosphaerium_spp_cell_mL-1,0,
McKay,EC_12,0.5,phytoplankton_abundance,McKay_EC_12_0.5_phytoplankton_abundance,Golenkenia_spp_cell_mL-1,0,
McKay,EC_12,0.5,phytoplankton_abundance,McKay_EC_12_0.5_phytoplankton_abundance,Tetraedron_spp_cell_mL-1,15000,
McKay,EC_12,0.5,phytoplankton_abundance,McKay_EC_12_0.5_phytoplankton_abundance,coccoid_chlorophytes_<10_um_cell_mL-1,29000,
McKay,EC_12,0.5,phytoplankton_abundance,McKay_EC_12_0.5_phytoplankton_abundance,Lagerhemia_cell_mL-1,0,
McKay,EC_12,0.5,phytoplankton_abundance,McKay_EC_12_0.5_phytoplankton_abundance,Closterium_spp_cell_mL-1,0,
McKay,EC_12,0.5,phytoplankton_abundance,McKay_EC_12_0.5_phytoplankton_abundance,Pediastrum_spp_cell_mL-1,0,
McKay,EC_12,0.5,phytoplankton_abundance,McKay_EC_12_0.5_phytoplankton_abundance,Selenastrum_spp_cell_mL-1,0,
McKay,EC_12,0.5,phytoplankton_abundance,McKay_EC_12_0.5_phytoplankton_abundance,Oocystis_spp_cell_mL-1,0,
McKay,EC_12,0.5,phytoplankton_abundance,McKay_EC_12_0.5_phytoplankton_abundance,Spermatozopsis_spp_cell_mL-1,0,
McKay,EC_12,0.5,phytoplankton_abundance,McKay_EC_12_0.5_phytoplankton_abundance,Cosmarium_spp_cell_mL-1,0,
McKay,EC_12,0.5,phytoplankton_abundance,McKay_EC_12_0.5_phytoplankton_abundance,Crucigenia_tetrapedia_cell_mL-1,0,
McKay,EC_12,0.5,phytoplankton_abundance,McKay_EC_12_0.5_phytoplankton_abundance,Elakatothrix_spp_cell_mL-1,0,
McKay,EC_12,0.5,phytoplankton_abundance,McKay_EC_12_0.5_phytoplankton_abundance,picoplankton_cell_mL-1,176000,
McKay,EC_12,0.5,phytoplankton_abundance,McKay_EC_12_0.5_phytoplankton_abundance,Planktolyngbya_spp_cell_mL-1,15000,
McKay,EC_12,0.5,phytoplankton_abundance,McKay_EC_12_0.5_phytoplankton_abundance,Aphanothece_spp_cell_mL-1,0,
McKay,EC_12,0.5,phytoplankton_abundance,McKay_EC_12_0.5_phytoplankton_abundance,Aphanocapsa_spp_cell_mL-1,0,
McKay,EC_12,0.5,phytoplankton_abundance,McKay_EC_12_0.5_phytoplankton_abundance,Pseudoanabaena_cell_mL-1,0,
McKay,EC_12,0.5,phytoplankton_abundance,McKay_EC_12_0.5_phytoplankton_abundance,Microcystis_spp_cell_mL-1,0,
McKay,EC_12,0.5,phytoplankton_abundance,McKay_EC_12_0.5_phytoplankton_abundance,cocoid_cyanophyte_cell_mL-1,0,
McKay,EC_12,0.5,phytoplankton_abundance,McKay_EC_12_0.5_phytoplankton_abundance,Chroococcus_spp_cell_mL-1,47000,
McKay,EC_12,0.5,phytoplankton_abundance,McKay_EC_12_0.5_phytoplankton_abundance,Dolichospermum_spp_cell_mL-1,0,
McKay,EC_12,0.5,phytoplankton_abundance,McKay_EC_12_0.5_phytoplankton_abundance,Merismopedia_spp_cell_mL-1,0,
McKay,EC_12,0.5,phytoplankton_abundance,McKay_EC_12_0.5_phytoplankton_abundance,Aphanizomenon_flos-aquae_cell_mL-1,0,
McKay,EC_12,0.5,phytoplankton_abundance,McKay_EC_12_0.5_phytoplankton_abundance,Jaaginema_spp_cell_mL-1,0,
McKay,EC_1326,0.5,phytoplankton_abundance,McKay_EC_1326_0.5_phytoplankton_abundance,Stephanodiscus_binderanus_cell_mL-1,277000,
McKay,EC_1326,0.5,phytoplankton_abundance,McKay_EC_1326_0.5_phytoplankton_abundance,Stephanodiscus_spp_cell_mL-1,0,
McKay,EC_1326,0.5,phytoplankton_abundance,McKay_EC_1326_0.5_phytoplankton_abundance,Aulacoseira_spp_cell_mL-1,1010000,
McKay,EC_1326,0.5,phytoplankton_abundance,McKay_EC_1326_0.5_phytoplankton_abundance,Fragilaria_spp_cell_mL-1,0,
McKay,EC_1326,0.5,phytoplankton_abundance,McKay_EC_1326_0.5_phytoplankton_abundance,Nitzschia_sp_cell_mL-1,0,
McKay,EC_1326,0.5,phytoplankton_abundance,McKay_EC_1326_0.5_phytoplankton_abundance,Staurosira_spp_cell_mL-1,0,
McKay,EC_1326,0.5,phytoplankton_abundance,McKay_EC_1326_0.5_phytoplankton_abundance,Asterionella_formosa_cell_mL-1,9000,
McKay,EC_1326,0.5,phytoplankton_abundance,McKay_EC_1326_0.5_phytoplankton_abundance,Acinoccl_spp_cell_mL-1,0,
McKay,EC_1326,0.5,phytoplankton_abundance,McKay_EC_1326_0.5_phytoplankton_abundance,Surirella_s_cell_mL-1,0,
McKay,EC_1326,0.5,phytoplankton_abundance,McKay_EC_1326_0.5_phytoplankton_abundance,Navicula_spp_cell_mL-1,0,
McKay,EC_1326,0.5,phytoplankton_abundance,McKay_EC_1326_0.5_phytoplankton_abundance,Diatoma_spp_cell_mL-1,0,
McKay,EC_1326,0.5,phytoplankton_abundance,McKay_EC_1326_0.5_phytoplankton_abundance,Tabellaria_spp_cell_mL-1,0,
McKay,EC_1326,0.5,phytoplankton_abundance,McKay_EC_1326_0.5_phytoplankton_abundance,Synedra_spp_cell_mL-1,0,
McKay,EC_1326,0.5,phytoplankton_abundance,McKay_EC_1326_0.5_phytoplankton_abundance,Gomphonema_sp_cell_mL-1,0,
McKay,EC_1326,0.5,phytoplankton_abundance,McKay_EC_1326_0.5_phytoplankton_abundance,Hippodonta_spp_cell_mL-1,0,
McKay,EC_1326,0.5,phytoplankton_abundance,McKay_EC_1326_0.5_phytoplankton_abundance,Uroselenia_spp_cell_mL-1,0,
McKay,EC_1326,0.5,phytoplankton_abundance,McKay_EC_1326_0.5_phytoplankton_abundance,centric_<9_um_cell_mL-1,228000,
McKay,EC_1326,0.5,phytoplankton_abundance,McKay_EC_1326_0.5_phytoplankton_abundance,centric_>9_um_cell_mL-1,104000,
McKay,EC_1326,0.5,phytoplankton_abundance,McKay_EC_1326_0.5_phytoplankton_abundance,Microflagellates_cell_mL-1,1.00E+06,
McKay,EC_1326,0.5,phytoplankton_abundance,McKay_EC_1326_0.5_phytoplankton_abundance,Cryptophyta_cell_mL-1,740000,
McKay,EC_1326,0.5,phytoplankton_abundance,McKay_EC_1326_0.5_phytoplankton_abundance,Pyrrophyta_cell_mL-1,2000,
McKay,EC_1326,0.5,phytoplankton_abundance,McKay_EC_1326_0.5_phytoplankton_abundance,Chrysophyta_cell_mL-1,0,
McKay,EC_1326,0.5,phytoplankton_abundance,McKay_EC_1326_0.5_phytoplankton_abundance,Eugnophyta_cell_mL-1,0,
McKay,EC_1326,0.5,phytoplankton_abundance,McKay_EC_1326_0.5_phytoplankton_abundance,Scenedesmus_quadricatum_cell_mL-1,260000,
McKay,EC_1326,0.5,phytoplankton_abundance,McKay_EC_1326_0.5_phytoplankton_abundance,Tetrastrum_staurogeniaeforme_cell_mL-1,0,
McKay,EC_1326,0.5,phytoplankton_abundance,McKay_EC_1326_0.5_phytoplankton_abundance,Micractinium_pusillum_cell_mL-1,0,
McKay,EC_1326,0.5,phytoplankton_abundance,McKay_EC_1326_0.5_phytoplankton_abundance,Ankistrodesmus_spp_cell_mL-1,0,
McKay,EC_1326,0.5,phytoplankton_abundance,McKay_EC_1326_0.5_phytoplankton_abundance,Actinastrum_hantzschii_cell_mL-1,0,
McKay,EC_1326,0.5,phytoplankton_abundance,McKay_EC_1326_0.5_phytoplankton_abundance,Chlorobiflagellates_cell_mL-1,40000,
McKay,EC_1326,0.5,phytoplankton_abundance,McKay_EC_1326_0.5_phytoplankton_abundance,Chlamydomonas_spp_cell_mL-1,0,
McKay,EC_1326,0.5,phytoplankton_abundance,McKay_EC_1326_0.5_phytoplankton_abundance,Dictyosphaerium_spp_cell_mL-1,0,
McKay,EC_1326,0.5,phytoplankton_abundance,McKay_EC_1326_0.5_phytoplankton_abundance,Golenkenia_spp_cell_mL-1,0,
McKay,EC_1326,0.5,phytoplankton_abundance,McKay_EC_1326_0.5_phytoplankton_abundance,Tetraedron_spp_cell_mL-1,0,
McKay,EC_1326,0.5,phytoplankton_abundance,McKay_EC_1326_0.5_phytoplankton_abundance,coccoid_chlorophytes_<10_um_cell_mL-1,0,
McKay,EC_1326,0.5,phytoplankton_abundance,McKay_EC_1326_0.5_phytoplankton_abundance,Lagerhemia_cell_mL-1,0,
McKay,EC_1326,0.5,phytoplankton_abundance,McKay_EC_1326_0.5_phytoplankton_abundance,Closterium_spp_cell_mL-1,2000,
McKay,EC_1326,0.5,phytoplankton_abundance,McKay_EC_1326_0.5_phytoplankton_abundance,Pediastrum_spp_cell_mL-1,54000,
McKay,EC_1326,0.5,phytoplankton_abundance,McKay_EC_1326_0.5_phytoplankton_abundance,Selenastrum_spp_cell_mL-1,0,
McKay,EC_1326,0.5,phytoplankton_abundance,McKay_EC_1326_0.5_phytoplankton_abundance,Oocystis_spp_cell_mL-1,0,
McKay,EC_1326,0.5,phytoplankton_abundance,McKay_EC_1326_0.5_phytoplankton_abundance,Spermatozopsis_spp_cell_mL-1,0,
McKay,EC_1326,0.5,phytoplankton_abundance,McKay_EC_1326_0.5_phytoplankton_abundance,Cosmarium_spp_cell_mL-1,0,
McKay,EC_1326,0.5,phytoplankton_abundance,McKay_EC_1326_0.5_phytoplankton_abundance,Crucigenia_tetrapedia_cell_mL-1,0,
McKay,EC_1326,0.5,phytoplankton_abundance,McKay_EC_1326_0.5_phytoplankton_abundance,Elakatothrix_spp_cell_mL-1,0,
McKay,EC_1326,0.5,phytoplankton_abundance,McKay_EC_1326_0.5_phytoplankton_abundance,picoplankton_cell_mL-1,480000,
McKay,EC_1326,0.5,phytoplankton_abundance,McKay_EC_1326_0.5_phytoplankton_abundance,Planktolyngbya_spp_cell_mL-1,0,
McKay,EC_1326,0.5,phytoplankton_abundance,McKay_EC_1326_0.5_phytoplankton_abundance,Aphanothece_spp_cell_mL-1,0,
McKay,EC_1326,0.5,phytoplankton_abundance,McKay_EC_1326_0.5_phytoplankton_abundance,Aphanocapsa_spp_cell_mL-1,0,
McKay,EC_1326,0.5,phytoplankton_abundance,McKay_EC_1326_0.5_phytoplankton_abundance,Pseudoanabaena_cell_mL-1,0,
McKay,EC_1326,0.5,phytoplankton_abundance,McKay_EC_1326_0.5_phytoplankton_abundance,Microcystis_spp_cell_mL-1,288000,
McKay,EC_1326,0.5,phytoplankton_abundance,McKay_EC_1326_0.5_phytoplankton_abundance,cocoid_cyanophyte_cell_mL-1,0,
McKay,EC_1326,0.5,phytoplankton_abundance,McKay_EC_1326_0.5_phytoplankton_abundance,Chroococcus_spp_cell_mL-1,0,
McKay,EC_1326,0.5,phytoplankton_abundance,McKay_EC_1326_0.5_phytoplankton_abundance,Dolichospermum_spp_cell_mL-1,0,
McKay,EC_1326,0.5,phytoplankton_abundance,McKay_EC_1326_0.5_phytoplankton_abundance,Merismopedia_spp_cell_mL-1,0,
McKay,EC_1326,0.5,phytoplankton_abundance,McKay_EC_1326_0.5_phytoplankton_abundance,Aphanizomenon_flos-aquae_cell_mL-1,0,
McKay,EC_1326,0.5,phytoplankton_abundance,McKay_EC_1326_0.5_phytoplankton_abundance,Jaaginema_spp_cell_mL-1,0,
McKay,EC_3,0.5,phytoplankton_abundance,McKay_EC_3_0.5_phytoplankton_abundance,Stephanodiscus_binderanus_cell_mL-1,0,
McKay,EC_3,0.5,phytoplankton_abundance,McKay_EC_3_0.5_phytoplankton_abundance,Stephanodiscus_spp_cell_mL-1,0,
McKay,EC_3,0.5,phytoplankton_abundance,McKay_EC_3_0.5_phytoplankton_abundance,Aulacoseira_spp_cell_mL-1,0,
McKay,EC_3,0.5,phytoplankton_abundance,McKay_EC_3_0.5_phytoplankton_abundance,Fragilaria_spp_cell_mL-1,3000,
McKay,EC_3,0.5,phytoplankton_abundance,McKay_EC_3_0.5_phytoplankton_abundance,Nitzschia_sp_cell_mL-1,0,
McKay,EC_3,0.5,phytoplankton_abundance,McKay_EC_3_0.5_phytoplankton_abundance,Staurosira_spp_cell_mL-1,2000,
McKay,EC_3,0.5,phytoplankton_abundance,McKay_EC_3_0.5_phytoplankton_abundance,Asterionella_formosa_cell_mL-1,0,
McKay,EC_3,0.5,phytoplankton_abundance,McKay_EC_3_0.5_phytoplankton_abundance,Acinoccl_spp_cell_mL-1,0,
McKay,EC_3,0.5,phytoplankton_abundance,McKay_EC_3_0.5_phytoplankton_abundance,Surirella_s_cell_mL-1,0,
McKay,EC_3,0.5,phytoplankton_abundance,McKay_EC_3_0.5_phytoplankton_abundance,Navicula_spp_cell_mL-1,1000,
McKay,EC_3,0.5,phytoplankton_abundance,McKay_EC_3_0.5_phytoplankton_abundance,Diatoma_spp_cell_mL-1,0,
McKay,EC_3,0.5,phytoplankton_abundance,McKay_EC_3_0.5_phytoplankton_abundance,Tabellaria_spp_cell_mL-1,0,
McKay,EC_3,0.5,phytoplankton_abundance,McKay_EC_3_0.5_phytoplankton_abundance,Synedra_spp_cell_mL-1,0,
McKay,EC_3,0.5,phytoplankton_abundance,McKay_EC_3_0.5_phytoplankton_abundance,Gomphonema_sp_cell_mL-1,0,
McKay,EC_3,0.5,phytoplankton_abundance,McKay_EC_3_0.5_phytoplankton_abundance,Hippodonta_spp_cell_mL-1,0,
McKay,EC_3,0.5,phytoplankton_abundance,McKay_EC_3_0.5_phytoplankton_abundance,Uroselenia_spp_cell_mL-1,0,
McKay,EC_3,0.5,phytoplankton_abundance,McKay_EC_3_0.5_phytoplankton_abundance,centric_<9_um_cell_mL-1,192000,
McKay,EC_3,0.5,phytoplankton_abundance,McKay_EC_3_0.5_phytoplankton_abundance,centric_>9_um_cell_mL-1,48000,
McKay,EC_3,0.5,phytoplankton_abundance,McKay_EC_3_0.5_phytoplankton_abundance,Microflagellates_cell_mL-1,564000,
McKay,EC_3,0.5,phytoplankton_abundance,McKay_EC_3_0.5_phytoplankton_abundance,Cryptophyta_cell_mL-1,32000,
McKay,EC_3,0.5,phytoplankton_abundance,McKay_EC_3_0.5_phytoplankton_abundance,Pyrrophyta_cell_mL-1,1000,
McKay,EC_3,0.5,phytoplankton_abundance,McKay_EC_3_0.5_phytoplankton_abundance,Chrysophyta_cell_mL-1,19000,
McKay,EC_3,0.5,phytoplankton_abundance,McKay_EC_3_0.5_phytoplankton_abundance,Eugnophyta_cell_mL-1,0,
McKay,EC_3,0.5,phytoplankton_abundance,McKay_EC_3_0.5_phytoplankton_abundance,Scenedesmus_quadricatum_cell_mL-1,0,
McKay,EC_3,0.5,phytoplankton_abundance,McKay_EC_3_0.5_phytoplankton_abundance,Tetrastrum_staurogeniaeforme_cell_mL-1,0,
McKay,EC_3,0.5,phytoplankton_abundance,McKay_EC_3_0.5_phytoplankton_abundance,Micractinium_pusillum_cell_mL-1,0,
McKay,EC_3,0.5,phytoplankton_abundance,McKay_EC_3_0.5_phytoplankton_abundance,Ankistrodesmus_spp_cell_mL-1,0,
McKay,EC_3,0.5,phytoplankton_abundance,McKay_EC_3_0.5_phytoplankton_abundance,Actinastrum_hantzschii_cell_mL-1,0,
McKay,EC_3,0.5,phytoplankton_abundance,McKay_EC_3_0.5_phytoplankton_abundance,Chlorobiflagellates_cell_mL-1,12000,
McKay,EC_3,0.5,phytoplankton_abundance,McKay_EC_3_0.5_phytoplankton_abundance,Chlamydomonas_spp_cell_mL-1,0,
McKay,EC_3,0.5,phytoplankton_abundance,McKay_EC_3_0.5_phytoplankton_abundance,Dictyosphaerium_spp_cell_mL-1,0,
McKay,EC_3,0.5,phytoplankton_abundance,McKay_EC_3_0.5_phytoplankton_abundance,Golenkenia_spp_cell_mL-1,0,
McKay,EC_3,0.5,phytoplankton_abundance,McKay_EC_3_0.5_phytoplankton_abundance,Tetraedron_spp_cell_mL-1,0,
McKay,EC_3,0.5,phytoplankton_abundance,McKay_EC_3_0.5_phytoplankton_abundance,coccoid_chlorophytes_<10_um_cell_mL-1,84000,
McKay,EC_3,0.5,phytoplankton_abundance,McKay_EC_3_0.5_phytoplankton_abundance,Lagerhemia_cell_mL-1,0,
McKay,EC_3,0.5,phytoplankton_abundance,McKay_EC_3_0.5_phytoplankton_abundance,Closterium_spp_cell_mL-1,0,
McKay,EC_3,0.5,phytoplankton_abundance,McKay_EC_3_0.5_phytoplankton_abundance,Pediastrum_spp_cell_mL-1,0,
McKay,EC_3,0.5,phytoplankton_abundance,McKay_EC_3_0.5_phytoplankton_abundance,Selenastrum_spp_cell_mL-1,0,
McKay,EC_3,0.5,phytoplankton_abundance,McKay_EC_3_0.5_phytoplankton_abundance,Oocystis_spp_cell_mL-1,0,
McKay,EC_3,0.5,phytoplankton_abundance,McKay_EC_3_0.5_phytoplankton_abundance,Spermatozopsis_spp_cell_mL-1,0,
McKay,EC_3,0.5,phytoplankton_abundance,McKay_EC_3_0.5_phytoplankton_abundance,Cosmarium_spp_cell_mL-1,0,
McKay,EC_3,0.5,phytoplankton_abundance,McKay_EC_3_0.5_phytoplankton_abundance,Crucigenia_tetrapedia_cell_mL-1,0,
McKay,EC_3,0.5,phytoplankton_abundance,McKay_EC_3_0.5_phytoplankton_abundance,Elakatothrix_spp_cell_mL-1,0,
McKay,EC_3,0.5,phytoplankton_abundance,McKay_EC_3_0.5_phytoplankton_abundance,picoplankton_cell_mL-1,912000,
McKay,EC_3,0.5,phytoplankton_abundance,McKay_EC_3_0.5_phytoplankton_abundance,Planktolyngbya_spp_cell_mL-1,594000,
McKay,EC_3,0.5,phytoplankton_abundance,McKay_EC_3_0.5_phytoplankton_abundance,Aphanothece_spp_cell_mL-1,0,
McKay,EC_3,0.5,phytoplankton_abundance,McKay_EC_3_0.5_phytoplankton_abundance,Aphanocapsa_spp_cell_mL-1,0,
McKay,EC_3,0.5,phytoplankton_abundance,McKay_EC_3_0.5_phytoplankton_abundance,Pseudoanabaena_cell_mL-1,0,
McKay,EC_3,0.5,phytoplankton_abundance,McKay_EC_3_0.5_phytoplankton_abundance,Microcystis_spp_cell_mL-1,0,
McKay,EC_3,0.5,phytoplankton_abundance,McKay_EC_3_0.5_phytoplankton_abundance,cocoid_cyanophyte_cell_mL-1,0,
McKay,EC_3,0.5,phytoplankton_abundance,McKay_EC_3_0.5_phytoplankton_abundance,Chroococcus_spp_cell_mL-1,0,
McKay,EC_3,0.5,phytoplankton_abundance,McKay_EC_3_0.5_phytoplankton_abundance,Dolichospermum_spp_cell_mL-1,0,
McKay,EC_3,0.5,phytoplankton_abundance,McKay_EC_3_0.5_phytoplankton_abundance,Merismopedia_spp_cell_mL-1,0,
McKay,EC_3,0.5,phytoplankton_abundance,McKay_EC_3_0.5_phytoplankton_abundance,Aphanizomenon_flos-aquae_cell_mL-1,0,
McKay,EC_3,0.5,phytoplankton_abundance,McKay_EC_3_0.5_phytoplankton_abundance,Jaaginema_spp_cell_mL-1,0,
McKay,EC_341,0.5,phytoplankton_abundance,McKay_EC_341_0.5_phytoplankton_abundance,Stephanodiscus_binderanus_cell_mL-1,538000,
McKay,EC_341,0.5,phytoplankton_abundance,McKay_EC_341_0.5_phytoplankton_abundance,Stephanodiscus_spp_cell_mL-1,0,
McKay,EC_341,0.5,phytoplankton_abundance,McKay_EC_341_0.5_phytoplankton_abundance,Aulacoseira_spp_cell_mL-1,1790000,
McKay,EC_341,0.5,phytoplankton_abundance,McKay_EC_341_0.5_phytoplankton_abundance,Fragilaria_spp_cell_mL-1,96000,
McKay,EC_341,0.5,phytoplankton_abundance,McKay_EC_341_0.5_phytoplankton_abundance,Nitzschia_sp_cell_mL-1,0,
McKay,EC_341,0.5,phytoplankton_abundance,McKay_EC_341_0.5_phytoplankton_abundance,Staurosira_spp_cell_mL-1,0,
McKay,EC_341,0.5,phytoplankton_abundance,McKay_EC_341_0.5_phytoplankton_abundance,Asterionella_formosa_cell_mL-1,0,
McKay,EC_341,0.5,phytoplankton_abundance,McKay_EC_341_0.5_phytoplankton_abundance,Acinoccl_spp_cell_mL-1,0,
McKay,EC_341,0.5,phytoplankton_abundance,McKay_EC_341_0.5_phytoplankton_abundance,Surirella_s_cell_mL-1,2000,
McKay,EC_341,0.5,phytoplankton_abundance,McKay_EC_341_0.5_phytoplankton_abundance,Navicula_spp_cell_mL-1,0,
McKay,EC_341,0.5,phytoplankton_abundance,McKay_EC_341_0.5_phytoplankton_abundance,Diatoma_spp_cell_mL-1,0,
McKay,EC_341,0.5,phytoplankton_abundance,McKay_EC_341_0.5_phytoplankton_abundance,Tabellaria_spp_cell_mL-1,0,
McKay,EC_341,0.5,phytoplankton_abundance,McKay_EC_341_0.5_phytoplankton_abundance,Synedra_spp_cell_mL-1,0,
McKay,EC_341,0.5,phytoplankton_abundance,McKay_EC_341_0.5_phytoplankton_abundance,Gomphonema_sp_cell_mL-1,0,
McKay,EC_341,0.5,phytoplankton_abundance,McKay_EC_341_0.5_phytoplankton_abundance,Hippodonta_spp_cell_mL-1,0,
McKay,EC_341,0.5,phytoplankton_abundance,McKay_EC_341_0.5_phytoplankton_abundance,Uroselenia_spp_cell_mL-1,0,
McKay,EC_341,0.5,phytoplankton_abundance,McKay_EC_341_0.5_phytoplankton_abundance,centric_<9_um_cell_mL-1,195000,
McKay,EC_341,0.5,phytoplankton_abundance,McKay_EC_341_0.5_phytoplankton_abundance,centric_>9_um_cell_mL-1,47000,
McKay,EC_341,0.5,phytoplankton_abundance,McKay_EC_341_0.5_phytoplankton_abundance,Microflagellates_cell_mL-1,204000,
McKay,EC_341,0.5,phytoplankton_abundance,McKay_EC_341_0.5_phytoplankton_abundance,Cryptophyta_cell_mL-1,0,
McKay,EC_341,0.5,phytoplankton_abundance,McKay_EC_341_0.5_phytoplankton_abundance,Pyrrophyta_cell_mL-1,0,
McKay,EC_341,0.5,phytoplankton_abundance,McKay_EC_341_0.5_phytoplankton_abundance,Chrysophyta_cell_mL-1,12000,
McKay,EC_341,0.5,phytoplankton_abundance,McKay_EC_341_0.5_phytoplankton_abundance,Eugnophyta_cell_mL-1,0,
McKay,EC_341,0.5,phytoplankton_abundance,McKay_EC_341_0.5_phytoplankton_abundance,Scenedesmus_quadricatum_cell_mL-1,7000,
McKay,EC_341,0.5,phytoplankton_abundance,McKay_EC_341_0.5_phytoplankton_abundance,Tetrastrum_staurogeniaeforme_cell_mL-1,0,
McKay,EC_341,0.5,phytoplankton_abundance,McKay_EC_341_0.5_phytoplankton_abundance,Micractinium_pusillum_cell_mL-1,0,
McKay,EC_341,0.5,phytoplankton_abundance,McKay_EC_341_0.5_phytoplankton_abundance,Ankistrodesmus_spp_cell_mL-1,18000,
McKay,EC_341,0.5,phytoplankton_abundance,McKay_EC_341_0.5_phytoplankton_abundance,Actinastrum_hantzschii_cell_mL-1,0,
McKay,EC_341,0.5,phytoplankton_abundance,McKay_EC_341_0.5_phytoplankton_abundance,Chlorobiflagellates_cell_mL-1,6000,
McKay,EC_341,0.5,phytoplankton_abundance,McKay_EC_341_0.5_phytoplankton_abundance,Chlamydomonas_spp_cell_mL-1,0,
McKay,EC_341,0.5,phytoplankton_abundance,McKay_EC_341_0.5_phytoplankton_abundance,Dictyosphaerium_spp_cell_mL-1,0,
McKay,EC_341,0.5,phytoplankton_abundance,McKay_EC_341_0.5_phytoplankton_abundance,Golenkenia_spp_cell_mL-1,0,
McKay,EC_341,0.5,phytoplankton_abundance,McKay_EC_341_0.5_phytoplankton_abundance,Tetraedron_spp_cell_mL-1,0,
McKay,EC_341,0.5,phytoplankton_abundance,McKay_EC_341_0.5_phytoplankton_abundance,coccoid_chlorophytes_<10_um_cell_mL-1,42000,
McKay,EC_341,0.5,phytoplankton_abundance,McKay_EC_341_0.5_phytoplankton_abundance,Lagerhemia_cell_mL-1,0,
McKay,EC_341,0.5,phytoplankton_abundance,McKay_EC_341_0.5_phytoplankton_abundance,Closterium_spp_cell_mL-1,0,
McKay,EC_341,0.5,phytoplankton_abundance,McKay_EC_341_0.5_phytoplankton_abundance,Pediastrum_spp_cell_mL-1,0,
McKay,EC_341,0.5,phytoplankton_abundance,McKay_EC_341_0.5_phytoplankton_abundance,Selenastrum_spp_cell_mL-1,0,
McKay,EC_341,0.5,phytoplankton_abundance,McKay_EC_341_0.5_phytoplankton_abundance,Oocystis_spp_cell_mL-1,0,
McKay,EC_341,0.5,phytoplankton_abundance,McKay_EC_341_0.5_phytoplankton_abundance,Spermatozopsis_spp_cell_mL-1,0,
McKay,EC_341,0.5,phytoplankton_abundance,McKay_EC_341_0.5_phytoplankton_abundance,Cosmarium_spp_cell_mL-1,0,
McKay,EC_341,0.5,phytoplankton_abundance,McKay_EC_341_0.5_phytoplankton_abundance,Crucigenia_tetrapedia_cell_mL-1,0,
McKay,EC_341,0.5,phytoplankton_abundance,McKay_EC_341_0.5_phytoplankton_abundance,Elakatothrix_spp_cell_mL-1,0,
McKay,EC_341,0.5,phytoplankton_abundance,McKay_EC_341_0.5_phytoplankton_abundance,picoplankton_cell_mL-1,210000,
McKay,EC_341,0.5,phytoplankton_abundance,McKay_EC_341_0.5_phytoplankton_abundance,Planktolyngbya_spp_cell_mL-1,0,
McKay,EC_341,0.5,phytoplankton_abundance,McKay_EC_341_0.5_phytoplankton_abundance,Aphanothece_spp_cell_mL-1,11000,
McKay,EC_341,0.5,phytoplankton_abundance,McKay_EC_341_0.5_phytoplankton_abundance,Aphanocapsa_spp_cell_mL-1,25000,
McKay,EC_341,0.5,phytoplankton_abundance,McKay_EC_341_0.5_phytoplankton_abundance,Pseudoanabaena_cell_mL-1,0,
McKay,EC_341,0.5,phytoplankton_abundance,McKay_EC_341_0.5_phytoplankton_abundance,Microcystis_spp_cell_mL-1,0,
McKay,EC_341,0.5,phytoplankton_abundance,McKay_EC_341_0.5_phytoplankton_abundance,cocoid_cyanophyte_cell_mL-1,0,
McKay,EC_341,0.5,phytoplankton_abundance,McKay_EC_341_0.5_phytoplankton_abundance,Chroococcus_spp_cell_mL-1,0,
McKay,EC_341,0.5,phytoplankton_abundance,McKay_EC_341_0.5_phytoplankton_abundance,Dolichospermum_spp_cell_mL-1,0,
McKay,EC_341,0.5,phytoplankton_abundance,McKay_EC_341_0.5_phytoplankton_abundance,Merismopedia_spp_cell_mL-1,0,
McKay,EC_341,0.5,phytoplankton_abundance,McKay_EC_341_0.5_phytoplankton_abundance,Aphanizomenon_flos-aquae_cell_mL-1,0,
McKay,EC_341,0.5,phytoplankton_abundance,McKay_EC_341_0.5_phytoplankton_abundance,Jaaginema_spp_cell_mL-1,0,
McKay,EC_84,0.5,phytoplankton_abundance,McKay_EC_84_0.5_phytoplankton_abundance,Stephanodiscus_binderanus_cell_mL-1,291000,
McKay,EC_84,0.5,phytoplankton_abundance,McKay_EC_84_0.5_phytoplankton_abundance,Stephanodiscus_spp_cell_mL-1,0,
McKay,EC_84,0.5,phytoplankton_abundance,McKay_EC_84_0.5_phytoplankton_abundance,Aulacoseira_spp_cell_mL-1,2800000,
McKay,EC_84,0.5,phytoplankton_abundance,McKay_EC_84_0.5_phytoplankton_abundance,Fragilaria_spp_cell_mL-1,0,
McKay,EC_84,0.5,phytoplankton_abundance,McKay_EC_84_0.5_phytoplankton_abundance,Nitzschia_sp_cell_mL-1,0,
McKay,EC_84,0.5,phytoplankton_abundance,McKay_EC_84_0.5_phytoplankton_abundance,Staurosira_spp_cell_mL-1,0,
McKay,EC_84,0.5,phytoplankton_abundance,McKay_EC_84_0.5_phytoplankton_abundance,Asterionella_formosa_cell_mL-1,0,
McKay,EC_84,0.5,phytoplankton_abundance,McKay_EC_84_0.5_phytoplankton_abundance,Acinoccl_spp_cell_mL-1,0,
McKay,EC_84,0.5,phytoplankton_abundance,McKay_EC_84_0.5_phytoplankton_abundance,Surirella_s_cell_mL-1,0,
McKay,EC_84,0.5,phytoplankton_abundance,McKay_EC_84_0.5_phytoplankton_abundance,Navicula_spp_cell_mL-1,0,
McKay,EC_84,0.5,phytoplankton_abundance,McKay_EC_84_0.5_phytoplankton_abundance,Diatoma_spp_cell_mL-1,0,
McKay,EC_84,0.5,phytoplankton_abundance,McKay_EC_84_0.5_phytoplankton_abundance,Tabellaria_spp_cell_mL-1,0,
McKay,EC_84,0.5,phytoplankton_abundance,McKay_EC_84_0.5_phytoplankton_abundance,Synedra_spp_cell_mL-1,0,
McKay,EC_84,0.5,phytoplankton_abundance,McKay_EC_84_0.5_phytoplankton_abundance,Gomphonema_sp_cell_mL-1,0,
McKay,EC_84,0.5,phytoplankton_abundance,McKay_EC_84_0.5_phytoplankton_abundance,Hippodonta_spp_cell_mL-1,0,
McKay,EC_84,0.5,phytoplankton_abundance,McKay_EC_84_0.5_phytoplankton_abundance,Uroselenia_spp_cell_mL-1,0,
McKay,EC_84,0.5,phytoplankton_abundance,McKay_EC_84_0.5_phytoplankton_abundance,centric_<9_um_cell_mL-1,0,
McKay,EC_84,0.5,phytoplankton_abundance,McKay_EC_84_0.5_phytoplankton_abundance,centric_>9_um_cell_mL-1,55000,
McKay,EC_84,0.5,phytoplankton_abundance,McKay_EC_84_0.5_phytoplankton_abundance,Microflagellates_cell_mL-1,495000,
McKay,EC_84,0.5,phytoplankton_abundance,McKay_EC_84_0.5_phytoplankton_abundance,Cryptophyta_cell_mL-1,339000,
McKay,EC_84,0.5,phytoplankton_abundance,McKay_EC_84_0.5_phytoplankton_abundance,Pyrrophyta_cell_mL-1,2000,
McKay,EC_84,0.5,phytoplankton_abundance,McKay_EC_84_0.5_phytoplankton_abundance,Chrysophyta_cell_mL-1,15000,
McKay,EC_84,0.5,phytoplankton_abundance,McKay_EC_84_0.5_phytoplankton_abundance,Eugnophyta_cell_mL-1,2000,
McKay,EC_84,0.5,phytoplankton_abundance,McKay_EC_84_0.5_phytoplankton_abundance,Scenedesmus_quadricatum_cell_mL-1,0,
McKay,EC_84,0.5,phytoplankton_abundance,McKay_EC_84_0.5_phytoplankton_abundance,Tetrastrum_staurogeniaeforme_cell_mL-1,0,
McKay,EC_84,0.5,phytoplankton_abundance,McKay_EC_84_0.5_phytoplankton_abundance,Micractinium_pusillum_cell_mL-1,0,
McKay,EC_84,0.5,phytoplankton_abundance,McKay_EC_84_0.5_phytoplankton_abundance,Ankistrodesmus_spp_cell_mL-1,0,
McKay,EC_84,0.5,phytoplankton_abundance,McKay_EC_84_0.5_phytoplankton_abundance,Actinastrum_hantzschii_cell_mL-1,0,
McKay,EC_84,0.5,phytoplankton_abundance,McKay_EC_84_0.5_phytoplankton_abundance,Chlorobiflagellates_cell_mL-1,0,
McKay,EC_84,0.5,phytoplankton_abundance,McKay_EC_84_0.5_phytoplankton_abundance,Chlamydomonas_spp_cell_mL-1,0,
McKay,EC_84,0.5,phytoplankton_abundance,McKay_EC_84_0.5_phytoplankton_abundance,Dictyosphaerium_spp_cell_mL-1,0,
McKay,EC_84,0.5,phytoplankton_abundance,McKay_EC_84_0.5_phytoplankton_abundance,Golenkenia_spp_cell_mL-1,0,
McKay,EC_84,0.5,phytoplankton_abundance,McKay_EC_84_0.5_phytoplankton_abundance,Tetraedron_spp_cell_mL-1,0,
McKay,EC_84,0.5,phytoplankton_abundance,McKay_EC_84_0.5_phytoplankton_abundance,coccoid_chlorophytes_<10_um_cell_mL-1,0,
McKay,EC_84,0.5,phytoplankton_abundance,McKay_EC_84_0.5_phytoplankton_abundance,Lagerhemia_cell_mL-1,0,
McKay,EC_84,0.5,phytoplankton_abundance,McKay_EC_84_0.5_phytoplankton_abundance,Closterium_spp_cell_mL-1,0,
McKay,EC_84,0.5,phytoplankton_abundance,McKay_EC_84_0.5_phytoplankton_abundance,Pediastrum_spp_cell_mL-1,0,
McKay,EC_84,0.5,phytoplankton_abundance,McKay_EC_84_0.5_phytoplankton_abundance,Selenastrum_spp_cell_mL-1,0,
McKay,EC_84,0.5,phytoplankton_abundance,McKay_EC_84_0.5_phytoplankton_abundance,Oocystis_spp_cell_mL-1,0,
McKay,EC_84,0.5,phytoplankton_abundance,McKay_EC_84_0.5_phytoplankton_abundance,Spermatozopsis_spp_cell_mL-1,0,
McKay,EC_84,0.5,phytoplankton_abundance,McKay_EC_84_0.5_phytoplankton_abundance,Cosmarium_spp_cell_mL-1,0,
McKay,EC_84,0.5,phytoplankton_abundance,McKay_EC_84_0.5_phytoplankton_abundance,Crucigenia_tetrapedia_cell_mL-1,0,
McKay,EC_84,0.5,phytoplankton_abundance,McKay_EC_84_0.5_phytoplankton_abundance,Elakatothrix_spp_cell_mL-1,0,
McKay,EC_84,0.5,phytoplankton_abundance,McKay_EC_84_0.5_phytoplankton_abundance,picoplankton_cell_mL-1,660000,
McKay,EC_84,0.5,phytoplankton_abundance,McKay_EC_84_0.5_phytoplankton_abundance,Planktolyngbya_spp_cell_mL-1,0,
McKay,EC_84,0.5,phytoplankton_abundance,McKay_EC_84_0.5_phytoplankton_abundance,Aphanothece_spp_cell_mL-1,0,
McKay,EC_84,0.5,phytoplankton_abundance,McKay_EC_84_0.5_phytoplankton_abundance,Aphanocapsa_spp_cell_mL-1,0,
McKay,EC_84,0.5,phytoplankton_abundance,McKay_EC_84_0.5_phytoplankton_abundance,Pseudoanabaena_cell_mL-1,0,
McKay,EC_84,0.5,phytoplankton_abundance,McKay_EC_84_0.5_phytoplankton_abundance,Microcystis_spp_cell_mL-1,0,
McKay,EC_84,0.5,phytoplankton_abundance,McKay_EC_84_0.5_phytoplankton_abundance,cocoid_cyanophyte_cell_mL-1,0,
McKay,EC_84,0.5,phytoplankton_abundance,McKay_EC_84_0.5_phytoplankton_abundance,Chroococcus_spp_cell_mL-1,0,
McKay,EC_84,0.5,phytoplankton_abundance,McKay_EC_84_0.5_phytoplankton_abundance,Dolichospermum_spp_cell_mL-1,22000,
McKay,EC_84,0.5,phytoplankton_abundance,McKay_EC_84_0.5_phytoplankton_abundance,Merismopedia_spp_cell_mL-1,2580000,
McKay,EC_84,0.5,phytoplankton_abundance,McKay_EC_84_0.5_phytoplankton_abundance,Aphanizomenon_flos-aquae_cell_mL-1,0,
McKay,EC_84,0.5,phytoplankton_abundance,McKay_EC_84_0.5_phytoplankton_abundance,Jaaginema_spp_cell_mL-1,0,
McKay,EC_9,0.5,phytoplankton_abundance,McKay_EC_9_0.5_phytoplankton_abundance,Stephanodiscus_binderanus_cell_mL-1,0,
McKay,EC_9,0.5,phytoplankton_abundance,McKay_EC_9_0.5_phytoplankton_abundance,Stephanodiscus_spp_cell_mL-1,0,
McKay,EC_9,0.5,phytoplankton_abundance,McKay_EC_9_0.5_phytoplankton_abundance,Aulacoseira_spp_cell_mL-1,0,
McKay,EC_9,0.5,phytoplankton_abundance,McKay_EC_9_0.5_phytoplankton_abundance,Fragilaria_spp_cell_mL-1,3000,
McKay,EC_9,0.5,phytoplankton_abundance,McKay_EC_9_0.5_phytoplankton_abundance,Nitzschia_sp_cell_mL-1,1000,
McKay,EC_9,0.5,phytoplankton_abundance,McKay_EC_9_0.5_phytoplankton_abundance,Staurosira_spp_cell_mL-1,0,
McKay,EC_9,0.5,phytoplankton_abundance,McKay_EC_9_0.5_phytoplankton_abundance,Asterionella_formosa_cell_mL-1,0,
McKay,EC_9,0.5,phytoplankton_abundance,McKay_EC_9_0.5_phytoplankton_abundance,Acinoccl_spp_cell_mL-1,0,
McKay,EC_9,0.5,phytoplankton_abundance,McKay_EC_9_0.5_phytoplankton_abundance,Surirella_s_cell_mL-1,0,
McKay,EC_9,0.5,phytoplankton_abundance,McKay_EC_9_0.5_phytoplankton_abundance,Navicula_spp_cell_mL-1,0,
McKay,EC_9,0.5,phytoplankton_abundance,McKay_EC_9_0.5_phytoplankton_abundance,Diatoma_spp_cell_mL-1,0,
McKay,EC_9,0.5,phytoplankton_abundance,McKay_EC_9_0.5_phytoplankton_abundance,Tabellaria_spp_cell_mL-1,0,
McKay,EC_9,0.5,phytoplankton_abundance,McKay_EC_9_0.5_phytoplankton_abundance,Synedra_spp_cell_mL-1,0,
McKay,EC_9,0.5,phytoplankton_abundance,McKay_EC_9_0.5_phytoplankton_abundance,Gomphonema_sp_cell_mL-1,0,
McKay,EC_9,0.5,phytoplankton_abundance,McKay_EC_9_0.5_phytoplankton_abundance,Hippodonta_spp_cell_mL-1,0,
McKay,EC_9,0.5,phytoplankton_abundance,McKay_EC_9_0.5_phytoplankton_abundance,Uroselenia_spp_cell_mL-1,0,
McKay,EC_9,0.5,phytoplankton_abundance,McKay_EC_9_0.5_phytoplankton_abundance,centric_<9_um_cell_mL-1,36000,
McKay,EC_9,0.5,phytoplankton_abundance,McKay_EC_9_0.5_phytoplankton_abundance,centric_>9_um_cell_mL-1,1000,
McKay,EC_9,0.5,phytoplankton_abundance,McKay_EC_9_0.5_phytoplankton_abundance,Microflagellates_cell_mL-1,840000,
McKay,EC_9,0.5,phytoplankton_abundance,McKay_EC_9_0.5_phytoplankton_abundance,Cryptophyta_cell_mL-1,360000,
McKay,EC_9,0.5,phytoplankton_abundance,McKay_EC_9_0.5_phytoplankton_abundance,Pyrrophyta_cell_mL-1,0,
McKay,EC_9,0.5,phytoplankton_abundance,McKay_EC_9_0.5_phytoplankton_abundance,Chrysophyta_cell_mL-1,0,
McKay,EC_9,0.5,phytoplankton_abundance,McKay_EC_9_0.5_phytoplankton_abundance,Eugnophyta_cell_mL-1,0,
McKay,EC_9,0.5,phytoplankton_abundance,McKay_EC_9_0.5_phytoplankton_abundance,Scenedesmus_quadricatum_cell_mL-1,0,
McKay,EC_9,0.5,phytoplankton_abundance,McKay_EC_9_0.5_phytoplankton_abundance,Tetrastrum_staurogeniaeforme_cell_mL-1,0,
McKay,EC_9,0.5,phytoplankton_abundance,McKay_EC_9_0.5_phytoplankton_abundance,Micractinium_pusillum_cell_mL-1,0,
McKay,EC_9,0.5,phytoplankton_abundance,McKay_EC_9_0.5_phytoplankton_abundance,Ankistrodesmus_spp_cell_mL-1,0,
McKay,EC_9,0.5,phytoplankton_abundance,McKay_EC_9_0.5_phytoplankton_abundance,Actinastrum_hantzschii_cell_mL-1,0,
McKay,EC_9,0.5,phytoplankton_abundance,McKay_EC_9_0.5_phytoplankton_abundance,Chlorobiflagellates_cell_mL-1,0,
McKay,EC_9,0.5,phytoplankton_abundance,McKay_EC_9_0.5_phytoplankton_abundance,Chlamydomonas_spp_cell_mL-1,0,
McKay,EC_9,0.5,phytoplankton_abundance,McKay_EC_9_0.5_phytoplankton_abundance,Dictyosphaerium_spp_cell_mL-1,0,
McKay,EC_9,0.5,phytoplankton_abundance,McKay_EC_9_0.5_phytoplankton_abundance,Golenkenia_spp_cell_mL-1,0,
McKay,EC_9,0.5,phytoplankton_abundance,McKay_EC_9_0.5_phytoplankton_abundance,Tetraedron_spp_cell_mL-1,0,
McKay,EC_9,0.5,phytoplankton_abundance,McKay_EC_9_0.5_phytoplankton_abundance,coccoid_chlorophytes_<10_um_cell_mL-1,0,
McKay,EC_9,0.5,phytoplankton_abundance,McKay_EC_9_0.5_phytoplankton_abundance,Lagerhemia_cell_mL-1,0,
McKay,EC_9,0.5,phytoplankton_abundance,McKay_EC_9_0.5_phytoplankton_abundance,Closterium_spp_cell_mL-1,0,
McKay,EC_9,0.5,phytoplankton_abundance,McKay_EC_9_0.5_phytoplankton_abundance,Pediastrum_spp_cell_mL-1,0,
McKay,EC_9,0.5,phytoplankton_abundance,McKay_EC_9_0.5_phytoplankton_abundance,Selenastrum_spp_cell_mL-1,0,
McKay,EC_9,0.5,phytoplankton_abundance,McKay_EC_9_0.5_phytoplankton_abundance,Oocystis_spp_cell_mL-1,0,
McKay,EC_9,0.5,phytoplankton_abundance,McKay_EC_9_0.5_phytoplankton_abundance,Spermatozopsis_spp_cell_mL-1,0,
McKay,EC_9,0.5,phytoplankton_abundance,McKay_EC_9_0.5_phytoplankton_abundance,Cosmarium_spp_cell_mL-1,0,
McKay,EC_9,0.5,phytoplankton_abundance,McKay_EC_9_0.5_phytoplankton_abundance,Crucigenia_tetrapedia_cell_mL-1,0,
McKay,EC_9,0.5,phytoplankton_abundance,McKay_EC_9_0.5_phytoplankton_abundance,Elakatothrix_spp_cell_mL-1,0,
McKay,EC_9,0.5,phytoplankton_abundance,McKay_EC_9_0.5_phytoplankton_abundance,picoplankton_cell_mL-1,6.00E+05,
McKay,EC_9,0.5,phytoplankton_abundance,McKay_EC_9_0.5_phytoplankton_abundance,Planktolyngbya_spp_cell_mL-1,0,
McKay,EC_9,0.5,phytoplankton_abundance,McKay_EC_9_0.5_phytoplankton_abundance,Aphanothece_spp_cell_mL-1,0,
McKay,EC_9,0.5,phytoplankton_abundance,McKay_EC_9_0.5_phytoplankton_abundance,Aphanocapsa_spp_cell_mL-1,0,
McKay,EC_9,0.5,phytoplankton_abundance,McKay_EC_9_0.5_phytoplankton_abundance,Pseudoanabaena_cell_mL-1,0,
McKay,EC_9,0.5,phytoplankton_abundance,McKay_EC_9_0.5_phytoplankton_abundance,Microcystis_spp_cell_mL-1,0,
McKay,EC_9,0.5,phytoplankton_abundance,McKay_EC_9_0.5_phytoplankton_abundance,cocoid_cyanophyte_cell_mL-1,0,
McKay,EC_9,0.5,phytoplankton_abundance,McKay_EC_9_0.5_phytoplankton_abundance,Chroococcus_spp_cell_mL-1,0,
McKay,EC_9,0.5,phytoplankton_abundance,McKay_EC_9_0.5_phytoplankton_abundance,Dolichospermum_spp_cell_mL-1,0,
McKay,EC_9,0.5,phytoplankton_abundance,McKay_EC_9_0.5_phytoplankton_abundance,Merismopedia_spp_cell_mL-1,0,
McKay,EC_9,0.5,phytoplankton_abundance,McKay_EC_9_0.5_phytoplankton_abundance,Aphanizomenon_flos-aquae_cell_mL-1,0,
McKay,EC_9,0.5,phytoplankton_abundance,McKay_EC_9_0.5_phytoplankton_abundance,Jaaginema_spp_cell_mL-1,0,
McKay,EC_970,0.5,phytoplankton_abundance,McKay_EC_970_0.5_phytoplankton_abundance,Stephanodiscus_binderanus_cell_mL-1,0,
McKay,EC_970,0.5,phytoplankton_abundance,McKay_EC_970_0.5_phytoplankton_abundance,Stephanodiscus_spp_cell_mL-1,0,
McKay,EC_970,0.5,phytoplankton_abundance,McKay_EC_970_0.5_phytoplankton_abundance,Aulacoseira_spp_cell_mL-1,0,
McKay,EC_970,0.5,phytoplankton_abundance,McKay_EC_970_0.5_phytoplankton_abundance,Fragilaria_spp_cell_mL-1,0,
McKay,EC_970,0.5,phytoplankton_abundance,McKay_EC_970_0.5_phytoplankton_abundance,Nitzschia_sp_cell_mL-1,6000,
McKay,EC_970,0.5,phytoplankton_abundance,McKay_EC_970_0.5_phytoplankton_abundance,Staurosira_spp_cell_mL-1,0,
McKay,EC_970,0.5,phytoplankton_abundance,McKay_EC_970_0.5_phytoplankton_abundance,Asterionella_formosa_cell_mL-1,0,
McKay,EC_970,0.5,phytoplankton_abundance,McKay_EC_970_0.5_phytoplankton_abundance,Acinoccl_spp_cell_mL-1,0,
McKay,EC_970,0.5,phytoplankton_abundance,McKay_EC_970_0.5_phytoplankton_abundance,Surirella_s_cell_mL-1,2000,
McKay,EC_970,0.5,phytoplankton_abundance,McKay_EC_970_0.5_phytoplankton_abundance,Navicula_spp_cell_mL-1,0,
McKay,EC_970,0.5,phytoplankton_abundance,McKay_EC_970_0.5_phytoplankton_abundance,Diatoma_spp_cell_mL-1,0,
McKay,EC_970,0.5,phytoplankton_abundance,McKay_EC_970_0.5_phytoplankton_abundance,Tabellaria_spp_cell_mL-1,0,
McKay,EC_970,0.5,phytoplankton_abundance,McKay_EC_970_0.5_phytoplankton_abundance,Synedra_spp_cell_mL-1,0,
McKay,EC_970,0.5,phytoplankton_abundance,McKay_EC_970_0.5_phytoplankton_abundance,Gomphonema_sp_cell_mL-1,0,
McKay,EC_970,0.5,phytoplankton_abundance,McKay_EC_970_0.5_phytoplankton_abundance,Hippodonta_spp_cell_mL-1,0,
McKay,EC_970,0.5,phytoplankton_abundance,McKay_EC_970_0.5_phytoplankton_abundance,Uroselenia_spp_cell_mL-1,0,
McKay,EC_970,0.5,phytoplankton_abundance,McKay_EC_970_0.5_phytoplankton_abundance,centric_<9_um_cell_mL-1,228000,
McKay,EC_970,0.5,phytoplankton_abundance,McKay_EC_970_0.5_phytoplankton_abundance,centric_>9_um_cell_mL-1,6000,
McKay,EC_970,0.5,phytoplankton_abundance,McKay_EC_970_0.5_phytoplankton_abundance,Microflagellates_cell_mL-1,444000,
McKay,EC_970,0.5,phytoplankton_abundance,McKay_EC_970_0.5_phytoplankton_abundance,Cryptophyta_cell_mL-1,204000,
McKay,EC_970,0.5,phytoplankton_abundance,McKay_EC_970_0.5_phytoplankton_abundance,Pyrrophyta_cell_mL-1,11000,
McKay,EC_970,0.5,phytoplankton_abundance,McKay_EC_970_0.5_phytoplankton_abundance,Chrysophyta_cell_mL-1,0,
McKay,EC_970,0.5,phytoplankton_abundance,McKay_EC_970_0.5_phytoplankton_abundance,Eugnophyta_cell_mL-1,0,
McKay,EC_970,0.5,phytoplankton_abundance,McKay_EC_970_0.5_phytoplankton_abundance,Scenedesmus_quadricatum_cell_mL-1,0,
McKay,EC_970,0.5,phytoplankton_abundance,McKay_EC_970_0.5_phytoplankton_abundance,Tetrastrum_staurogeniaeforme_cell_mL-1,0,
McKay,EC_970,0.5,phytoplankton_abundance,McKay_EC_970_0.5_phytoplankton_abundance,Micractinium_pusillum_cell_mL-1,0,
McKay,EC_970,0.5,phytoplankton_abundance,McKay_EC_970_0.5_phytoplankton_abundance,Ankistrodesmus_spp_cell_mL-1,0,
McKay,EC_970,0.5,phytoplankton_abundance,McKay_EC_970_0.5_phytoplankton_abundance,Actinastrum_hantzschii_cell_mL-1,0,
McKay,EC_970,0.5,phytoplankton_abundance,McKay_EC_970_0.5_phytoplankton_abundance,Chlorobiflagellates_cell_mL-1,0,
McKay,EC_970,0.5,phytoplankton_abundance,McKay_EC_970_0.5_phytoplankton_abundance,Chlamydomonas_spp_cell_mL-1,0,
McKay,EC_970,0.5,phytoplankton_abundance,McKay_EC_970_0.5_phytoplankton_abundance,Dictyosphaerium_spp_cell_mL-1,0,
McKay,EC_970,0.5,phytoplankton_abundance,McKay_EC_970_0.5_phytoplankton_abundance,Golenkenia_spp_cell_mL-1,0,
McKay,EC_970,0.5,phytoplankton_abundance,McKay_EC_970_0.5_phytoplankton_abundance,Tetraedron_spp_cell_mL-1,0,
McKay,EC_970,0.5,phytoplankton_abundance,McKay_EC_970_0.5_phytoplankton_abundance,coccoid_chlorophytes_<10_um_cell_mL-1,0,
McKay,EC_970,0.5,phytoplankton_abundance,McKay_EC_970_0.5_phytoplankton_abundance,Lagerhemia_cell_mL-1,0,
McKay,EC_970,0.5,phytoplankton_abundance,McKay_EC_970_0.5_phytoplankton_abundance,Closterium_spp_cell_mL-1,0,
McKay,EC_970,0.5,phytoplankton_abundance,McKay_EC_970_0.5_phytoplankton_abundance,Pediastrum_spp_cell_mL-1,0,
McKay,EC_970,0.5,phytoplankton_abundance,McKay_EC_970_0.5_phytoplankton_abundance,Selenastrum_spp_cell_mL-1,0,
McKay,EC_970,0.5,phytoplankton_abundance,McKay_EC_970_0.5_phytoplankton_abundance,Oocystis_spp_cell_mL-1,0,
McKay,EC_970,0.5,phytoplankton_abundance,McKay_EC_970_0.5_phytoplankton_abundance,Spermatozopsis_spp_cell_mL-1,0,
McKay,EC_970,0.5,phytoplankton_abundance,McKay_EC_970_0.5_phytoplankton_abundance,Cosmarium_spp_cell_mL-1,0,
McKay,EC_970,0.5,phytoplankton_abundance,McKay_EC_970_0.5_phytoplankton_abundance,Crucigenia_tetrapedia_cell_mL-1,0,
McKay,EC_970,0.5,phytoplankton_abundance,McKay_EC_970_0.5_phytoplankton_abundance,Elakatothrix_spp_cell_mL-1,0,
McKay,EC_970,0.5,phytoplankton_abundance,McKay_EC_970_0.5_phytoplankton_abundance,picoplankton_cell_mL-1,240000,
McKay,EC_970,0.5,phytoplankton_abundance,McKay_EC_970_0.5_phytoplankton_abundance,Planktolyngbya_spp_cell_mL-1,0,
McKay,EC_970,0.5,phytoplankton_abundance,McKay_EC_970_0.5_phytoplankton_abundance,Aphanothece_spp_cell_mL-1,0,
McKay,EC_970,0.5,phytoplankton_abundance,McKay_EC_970_0.5_phytoplankton_abundance,Aphanocapsa_spp_cell_mL-1,0,
McKay,EC_970,0.5,phytoplankton_abundance,McKay_EC_970_0.5_phytoplankton_abundance,Pseudoanabaena_cell_mL-1,0,
McKay,EC_970,0.5,phytoplankton_abundance,McKay_EC_970_0.5_phytoplankton_abundance,Microcystis_spp_cell_mL-1,0,
McKay,EC_970,0.5,phytoplankton_abundance,McKay_EC_970_0.5_phytoplankton_abundance,cocoid_cyanophyte_cell_mL-1,0,
McKay,EC_970,0.5,phytoplankton_abundance,McKay_EC_970_0.5_phytoplankton_abundance,Chroococcus_spp_cell_mL-1,0,
McKay,EC_970,0.5,phytoplankton_abundance,McKay_EC_970_0.5_phytoplankton_abundance,Dolichospermum_spp_cell_mL-1,0,
McKay,EC_970,0.5,phytoplankton_abundance,McKay_EC_970_0.5_phytoplankton_abundance,Merismopedia_spp_cell_mL-1,48000,
McKay,EC_970,0.5,phytoplankton_abundance,McKay_EC_970_0.5_phytoplankton_abundance,Aphanizomenon_flos-aquae_cell_mL-1,0,
McKay,EC_970,0.5,phytoplankton_abundance,McKay_EC_970_0.5_phytoplankton_abundance,Jaaginema_spp_cell_mL-1,0,
McKay,ER_78M,0.5,phytoplankton_abundance,McKay_ER_78M_0.5_phytoplankton_abundance,Stephanodiscus_binderanus_cell_mL-1,31000,
McKay,ER_78M,0.5,phytoplankton_abundance,McKay_ER_78M_0.5_phytoplankton_abundance,Stephanodiscus_spp_cell_mL-1,0,
McKay,ER_78M,0.5,phytoplankton_abundance,McKay_ER_78M_0.5_phytoplankton_abundance,Aulacoseira_spp_cell_mL-1,1210000,
McKay,ER_78M,0.5,phytoplankton_abundance,McKay_ER_78M_0.5_phytoplankton_abundance,Fragilaria_spp_cell_mL-1,2000,
McKay,ER_78M,0.5,phytoplankton_abundance,McKay_ER_78M_0.5_phytoplankton_abundance,Nitzschia_sp_cell_mL-1,0,
McKay,ER_78M,0.5,phytoplankton_abundance,McKay_ER_78M_0.5_phytoplankton_abundance,Staurosira_spp_cell_mL-1,0,
McKay,ER_78M,0.5,phytoplankton_abundance,McKay_ER_78M_0.5_phytoplankton_abundance,Asterionella_formosa_cell_mL-1,0,
McKay,ER_78M,0.5,phytoplankton_abundance,McKay_ER_78M_0.5_phytoplankton_abundance,Acinoccl_spp_cell_mL-1,0,
McKay,ER_78M,0.5,phytoplankton_abundance,McKay_ER_78M_0.5_phytoplankton_abundance,Surirella_s_cell_mL-1,0,
McKay,ER_78M,0.5,phytoplankton_abundance,McKay_ER_78M_0.5_phytoplankton_abundance,Navicula_spp_cell_mL-1,0,
McKay,ER_78M,0.5,phytoplankton_abundance,McKay_ER_78M_0.5_phytoplankton_abundance,Diatoma_spp_cell_mL-1,0,
McKay,ER_78M,0.5,phytoplankton_abundance,McKay_ER_78M_0.5_phytoplankton_abundance,Tabellaria_spp_cell_mL-1,0,
McKay,ER_78M,0.5,phytoplankton_abundance,McKay_ER_78M_0.5_phytoplankton_abundance,Synedra_spp_cell_mL-1,0,
McKay,ER_78M,0.5,phytoplankton_abundance,McKay_ER_78M_0.5_phytoplankton_abundance,Gomphonema_sp_cell_mL-1,0,
McKay,ER_78M,0.5,phytoplankton_abundance,McKay_ER_78M_0.5_phytoplankton_abundance,Hippodonta_spp_cell_mL-1,0,
McKay,ER_78M,0.5,phytoplankton_abundance,McKay_ER_78M_0.5_phytoplankton_abundance,Uroselenia_spp_cell_mL-1,0,
McKay,ER_78M,0.5,phytoplankton_abundance,McKay_ER_78M_0.5_phytoplankton_abundance,centric_<9_um_cell_mL-1,585000,
McKay,ER_78M,0.5,phytoplankton_abundance,McKay_ER_78M_0.5_phytoplankton_abundance,centric_>9_um_cell_mL-1,13000,
McKay,ER_78M,0.5,phytoplankton_abundance,McKay_ER_78M_0.5_phytoplankton_abundance,Microflagellates_cell_mL-1,330000,
McKay,ER_78M,0.5,phytoplankton_abundance,McKay_ER_78M_0.5_phytoplankton_abundance,Cryptophyta_cell_mL-1,171000,
McKay,ER_78M,0.5,phytoplankton_abundance,McKay_ER_78M_0.5_phytoplankton_abundance,Pyrrophyta_cell_mL-1,0,
McKay,ER_78M,0.5,phytoplankton_abundance,McKay_ER_78M_0.5_phytoplankton_abundance,Chrysophyta_cell_mL-1,0,
McKay,ER_78M,0.5,phytoplankton_abundance,McKay_ER_78M_0.5_phytoplankton_abundance,Eugnophyta_cell_mL-1,0,
McKay,ER_78M,0.5,phytoplankton_abundance,McKay_ER_78M_0.5_phytoplankton_abundance,Scenedesmus_quadricatum_cell_mL-1,0,
McKay,ER_78M,0.5,phytoplankton_abundance,McKay_ER_78M_0.5_phytoplankton_abundance,Tetrastrum_staurogeniaeforme_cell_mL-1,0,
McKay,ER_78M,0.5,phytoplankton_abundance,McKay_ER_78M_0.5_phytoplankton_abundance,Micractinium_pusillum_cell_mL-1,0,
McKay,ER_78M,0.5,phytoplankton_abundance,McKay_ER_78M_0.5_phytoplankton_abundance,Ankistrodesmus_spp_cell_mL-1,0,
McKay,ER_78M,0.5,phytoplankton_abundance,McKay_ER_78M_0.5_phytoplankton_abundance,Actinastrum_hantzschii_cell_mL-1,0,
McKay,ER_78M,0.5,phytoplankton_abundance,McKay_ER_78M_0.5_phytoplankton_abundance,Chlorobiflagellates_cell_mL-1,0,
McKay,ER_78M,0.5,phytoplankton_abundance,McKay_ER_78M_0.5_phytoplankton_abundance,Chlamydomonas_spp_cell_mL-1,0,
McKay,ER_78M,0.5,phytoplankton_abundance,McKay_ER_78M_0.5_phytoplankton_abundance,Dictyosphaerium_spp_cell_mL-1,0,
McKay,ER_78M,0.5,phytoplankton_abundance,McKay_ER_78M_0.5_phytoplankton_abundance,Golenkenia_spp_cell_mL-1,0,
McKay,ER_78M,0.5,phytoplankton_abundance,McKay_ER_78M_0.5_phytoplankton_abundance,Tetraedron_spp_cell_mL-1,0,
McKay,ER_78M,0.5,phytoplankton_abundance,McKay_ER_78M_0.5_phytoplankton_abundance,coccoid_chlorophytes_<10_um_cell_mL-1,0,
McKay,ER_78M,0.5,phytoplankton_abundance,McKay_ER_78M_0.5_phytoplankton_abundance,Lagerhemia_cell_mL-1,0,
McKay,ER_78M,0.5,phytoplankton_abundance,McKay_ER_78M_0.5_phytoplankton_abundance,Closterium_spp_cell_mL-1,0,
McKay,ER_78M,0.5,phytoplankton_abundance,McKay_ER_78M_0.5_phytoplankton_abundance,Pediastrum_spp_cell_mL-1,0,
McKay,ER_78M,0.5,phytoplankton_abundance,McKay_ER_78M_0.5_phytoplankton_abundance,Selenastrum_spp_cell_mL-1,0,
McKay,ER_78M,0.5,phytoplankton_abundance,McKay_ER_78M_0.5_phytoplankton_abundance,Oocystis_spp_cell_mL-1,0,
McKay,ER_78M,0.5,phytoplankton_abundance,McKay_ER_78M_0.5_phytoplankton_abundance,Spermatozopsis_spp_cell_mL-1,0,
McKay,ER_78M,0.5,phytoplankton_abundance,McKay_ER_78M_0.5_phytoplankton_abundance,Cosmarium_spp_cell_mL-1,0,
McKay,ER_78M,0.5,phytoplankton_abundance,McKay_ER_78M_0.5_phytoplankton_abundance,Crucigenia_tetrapedia_cell_mL-1,0,
McKay,ER_78M,0.5,phytoplankton_abundance,McKay_ER_78M_0.5_phytoplankton_abundance,Elakatothrix_spp_cell_mL-1,0,
McKay,ER_78M,0.5,phytoplankton_abundance,McKay_ER_78M_0.5_phytoplankton_abundance,picoplankton_cell_mL-1,360000,
McKay,ER_78M,0.5,phytoplankton_abundance,McKay_ER_78M_0.5_phytoplankton_abundance,Planktolyngbya_spp_cell_mL-1,0,
McKay,ER_78M,0.5,phytoplankton_abundance,McKay_ER_78M_0.5_phytoplankton_abundance,Aphanothece_spp_cell_mL-1,0,
McKay,ER_78M,0.5,phytoplankton_abundance,McKay_ER_78M_0.5_phytoplankton_abundance,Aphanocapsa_spp_cell_mL-1,0,
McKay,ER_78M,0.5,phytoplankton_abundance,McKay_ER_78M_0.5_phytoplankton_abundance,Pseudoanabaena_cell_mL-1,0,
McKay,ER_78M,0.5,phytoplankton_abundance,McKay_ER_78M_0.5_phytoplankton_abundance,Microcystis_spp_cell_mL-1,0,
McKay,ER_78M,0.5,phytoplankton_abundance,McKay_ER_78M_0.5_phytoplankton_abundance,cocoid_cyanophyte_cell_mL-1,0,
McKay,ER_78M,0.5,phytoplankton_abundance,McKay_ER_78M_0.5_phytoplankton_abundance,Chroococcus_spp_cell_mL-1,0,
McKay,ER_78M,0.5,phytoplankton_abundance,McKay_ER_78M_0.5_phytoplankton_abundance,Dolichospermum_spp_cell_mL-1,0,
McKay,ER_78M,0.5,phytoplankton_abundance,McKay_ER_78M_0.5_phytoplankton_abundance,Merismopedia_spp_cell_mL-1,3300000,
McKay,ER_78M,0.5,phytoplankton_abundance,McKay_ER_78M_0.5_phytoplankton_abundance,Aphanizomenon_flos-aquae_cell_mL-1,38000,
McKay,ER_78M,0.5,phytoplankton_abundance,McKay_ER_78M_0.5_phytoplankton_abundance,Jaaginema_spp_cell_mL-1,0,
McKay,GR001,0.5,phytoplankton_abundance,McKay_GR001_0.5_phytoplankton_abundance,Stephanodiscus_binderanus_cell_mL-1,14000,
McKay,GR001,0.5,phytoplankton_abundance,McKay_GR001_0.5_phytoplankton_abundance,Stephanodiscus_spp_cell_mL-1,0,
McKay,GR001,0.5,phytoplankton_abundance,McKay_GR001_0.5_phytoplankton_abundance,Aulacoseira_spp_cell_mL-1,0,
McKay,GR001,0.5,phytoplankton_abundance,McKay_GR001_0.5_phytoplankton_abundance,Fragilaria_spp_cell_mL-1,2000,
McKay,GR001,0.5,phytoplankton_abundance,McKay_GR001_0.5_phytoplankton_abundance,Nitzschia_sp_cell_mL-1,0,
McKay,GR001,0.5,phytoplankton_abundance,McKay_GR001_0.5_phytoplankton_abundance,Staurosira_spp_cell_mL-1,0,
McKay,GR001,0.5,phytoplankton_abundance,McKay_GR001_0.5_phytoplankton_abundance,Asterionella_formosa_cell_mL-1,6000,
McKay,GR001,0.5,phytoplankton_abundance,McKay_GR001_0.5_phytoplankton_abundance,Acinoccl_spp_cell_mL-1,0,
McKay,GR001,0.5,phytoplankton_abundance,McKay_GR001_0.5_phytoplankton_abundance,Surirella_s_cell_mL-1,0,
McKay,GR001,0.5,phytoplankton_abundance,McKay_GR001_0.5_phytoplankton_abundance,Navicula_spp_cell_mL-1,0,
McKay,GR001,0.5,phytoplankton_abundance,McKay_GR001_0.5_phytoplankton_abundance,Diatoma_spp_cell_mL-1,0,
McKay,GR001,0.5,phytoplankton_abundance,McKay_GR001_0.5_phytoplankton_abundance,Tabellaria_spp_cell_mL-1,0,
McKay,GR001,0.5,phytoplankton_abundance,McKay_GR001_0.5_phytoplankton_abundance,Synedra_spp_cell_mL-1,0,
McKay,GR001,0.5,phytoplankton_abundance,McKay_GR001_0.5_phytoplankton_abundance,Gomphonema_sp_cell_mL-1,0,
McKay,GR001,0.5,phytoplankton_abundance,McKay_GR001_0.5_phytoplankton_abundance,Hippodonta_spp_cell_mL-1,0,
McKay,GR001,0.5,phytoplankton_abundance,McKay_GR001_0.5_phytoplankton_abundance,Uroselenia_spp_cell_mL-1,0,
McKay,GR001,0.5,phytoplankton_abundance,McKay_GR001_0.5_phytoplankton_abundance,centric_<9_um_cell_mL-1,259000,
McKay,GR001,0.5,phytoplankton_abundance,McKay_GR001_0.5_phytoplankton_abundance,centric_>9_um_cell_mL-1,35000,
McKay,GR001,0.5,phytoplankton_abundance,McKay_GR001_0.5_phytoplankton_abundance,Microflagellates_cell_mL-1,302000,
McKay,GR001,0.5,phytoplankton_abundance,McKay_GR001_0.5_phytoplankton_abundance,Cryptophyta_cell_mL-1,0,
McKay,GR001,0.5,phytoplankton_abundance,McKay_GR001_0.5_phytoplankton_abundance,Pyrrophyta_cell_mL-1,2000,
McKay,GR001,0.5,phytoplankton_abundance,McKay_GR001_0.5_phytoplankton_abundance,Chrysophyta_cell_mL-1,75000,
McKay,GR001,0.5,phytoplankton_abundance,McKay_GR001_0.5_phytoplankton_abundance,Eugnophyta_cell_mL-1,0,
McKay,GR001,0.5,phytoplankton_abundance,McKay_GR001_0.5_phytoplankton_abundance,Scenedesmus_quadricatum_cell_mL-1,34000,
McKay,GR001,0.5,phytoplankton_abundance,McKay_GR001_0.5_phytoplankton_abundance,Tetrastrum_staurogeniaeforme_cell_mL-1,0,
McKay,GR001,0.5,phytoplankton_abundance,McKay_GR001_0.5_phytoplankton_abundance,Micractinium_pusillum_cell_mL-1,0,
McKay,GR001,0.5,phytoplankton_abundance,McKay_GR001_0.5_phytoplankton_abundance,Ankistrodesmus_spp_cell_mL-1,0,
McKay,GR001,0.5,phytoplankton_abundance,McKay_GR001_0.5_phytoplankton_abundance,Actinastrum_hantzschii_cell_mL-1,0,
McKay,GR001,0.5,phytoplankton_abundance,McKay_GR001_0.5_phytoplankton_abundance,Chlorobiflagellates_cell_mL-1,0,
McKay,GR001,0.5,phytoplankton_abundance,McKay_GR001_0.5_phytoplankton_abundance,Chlamydomonas_spp_cell_mL-1,0,
McKay,GR001,0.5,phytoplankton_abundance,McKay_GR001_0.5_phytoplankton_abundance,Dictyosphaerium_spp_cell_mL-1,0,
McKay,GR001,0.5,phytoplankton_abundance,McKay_GR001_0.5_phytoplankton_abundance,Golenkenia_spp_cell_mL-1,0,
McKay,GR001,0.5,phytoplankton_abundance,McKay_GR001_0.5_phytoplankton_abundance,Tetraedron_spp_cell_mL-1,0,
McKay,GR001,0.5,phytoplankton_abundance,McKay_GR001_0.5_phytoplankton_abundance,coccoid_chlorophytes_<10_um_cell_mL-1,34000,
McKay,GR001,0.5,phytoplankton_abundance,McKay_GR001_0.5_phytoplankton_abundance,Lagerhemia_cell_mL-1,0,
McKay,GR001,0.5,phytoplankton_abundance,McKay_GR001_0.5_phytoplankton_abundance,Closterium_spp_cell_mL-1,0,
McKay,GR001,0.5,phytoplankton_abundance,McKay_GR001_0.5_phytoplankton_abundance,Pediastrum_spp_cell_mL-1,0,
McKay,GR001,0.5,phytoplankton_abundance,McKay_GR001_0.5_phytoplankton_abundance,Selenastrum_spp_cell_mL-1,0,
McKay,GR001,0.5,phytoplankton_abundance,McKay_GR001_0.5_phytoplankton_abundance,Oocystis_spp_cell_mL-1,67000,
McKay,GR001,0.5,phytoplankton_abundance,McKay_GR001_0.5_phytoplankton_abundance,Spermatozopsis_spp_cell_mL-1,0,
McKay,GR001,0.5,phytoplankton_abundance,McKay_GR001_0.5_phytoplankton_abundance,Cosmarium_spp_cell_mL-1,0,
McKay,GR001,0.5,phytoplankton_abundance,McKay_GR001_0.5_phytoplankton_abundance,Crucigenia_tetrapedia_cell_mL-1,0,
McKay,GR001,0.5,phytoplankton_abundance,McKay_GR001_0.5_phytoplankton_abundance,Elakatothrix_spp_cell_mL-1,0,
McKay,GR001,0.5,phytoplankton_abundance,McKay_GR001_0.5_phytoplankton_abundance,picoplankton_cell_mL-1,50000,
McKay,GR001,0.5,phytoplankton_abundance,McKay_GR001_0.5_phytoplankton_abundance,Planktolyngbya_spp_cell_mL-1,0,
McKay,GR001,0.5,phytoplankton_abundance,McKay_GR001_0.5_phytoplankton_abundance,Aphanothece_spp_cell_mL-1,0,
McKay,GR001,0.5,phytoplankton_abundance,McKay_GR001_0.5_phytoplankton_abundance,Aphanocapsa_spp_cell_mL-1,613000,
McKay,GR001,0.5,phytoplankton_abundance,McKay_GR001_0.5_phytoplankton_abundance,Pseudoanabaena_cell_mL-1,0,
McKay,GR001,0.5,phytoplankton_abundance,McKay_GR001_0.5_phytoplankton_abundance,Microcystis_spp_cell_mL-1,234000,
McKay,GR001,0.5,phytoplankton_abundance,McKay_GR001_0.5_phytoplankton_abundance,cocoid_cyanophyte_cell_mL-1,0,
McKay,GR001,0.5,phytoplankton_abundance,McKay_GR001_0.5_phytoplankton_abundance,Chroococcus_spp_cell_mL-1,182000,
McKay,GR001,0.5,phytoplankton_abundance,McKay_GR001_0.5_phytoplankton_abundance,Dolichospermum_spp_cell_mL-1,0,
McKay,GR001,0.5,phytoplankton_abundance,McKay_GR001_0.5_phytoplankton_abundance,Merismopedia_spp_cell_mL-1,0,
McKay,GR001,0.5,phytoplankton_abundance,McKay_GR001_0.5_phytoplankton_abundance,Aphanizomenon_flos-aquae_cell_mL-1,0,
McKay,GR001,0.5,phytoplankton_abundance,McKay_GR001_0.5_phytoplankton_abundance,Jaaginema_spp_cell_mL-1,0,
Ozersky,Green_Bay,0.5,phytoplankton_abundance,Ozersky_Green_Bay_0.5_phytoplankton_abundance,Stephanodiscus_binderanus_cell_mL-1,0,
Ozersky,Green_Bay,0.5,phytoplankton_abundance,Ozersky_Green_Bay_0.5_phytoplankton_abundance,Stephanodiscus_spp_cell_mL-1,0,
Ozersky,Green_Bay,0.5,phytoplankton_abundance,Ozersky_Green_Bay_0.5_phytoplankton_abundance,Aulacoseira_spp_cell_mL-1,0,
Ozersky,Green_Bay,0.5,phytoplankton_abundance,Ozersky_Green_Bay_0.5_phytoplankton_abundance,Fragilaria_spp_cell_mL-1,12000,
Ozersky,Green_Bay,0.5,phytoplankton_abundance,Ozersky_Green_Bay_0.5_phytoplankton_abundance,Nitzschia_sp_cell_mL-1,1800,
Ozersky,Green_Bay,0.5,phytoplankton_abundance,Ozersky_Green_Bay_0.5_phytoplankton_abundance,Staurosira_spp_cell_mL-1,0,
Ozersky,Green_Bay,0.5,phytoplankton_abundance,Ozersky_Green_Bay_0.5_phytoplankton_abundance,Asterionella_formosa_cell_mL-1,12400,
Ozersky,Green_Bay,0.5,phytoplankton_abundance,Ozersky_Green_Bay_0.5_phytoplankton_abundance,Acinoccl_spp_cell_mL-1,0,
Ozersky,Green_Bay,0.5,phytoplankton_abundance,Ozersky_Green_Bay_0.5_phytoplankton_abundance,Surirella_s_cell_mL-1,0,
Ozersky,Green_Bay,0.5,phytoplankton_abundance,Ozersky_Green_Bay_0.5_phytoplankton_abundance,Navicula_spp_cell_mL-1,0,
Ozersky,Green_Bay,0.5,phytoplankton_abundance,Ozersky_Green_Bay_0.5_phytoplankton_abundance,Diatoma_spp_cell_mL-1,0,
Ozersky,Green_Bay,0.5,phytoplankton_abundance,Ozersky_Green_Bay_0.5_phytoplankton_abundance,Tabellaria_spp_cell_mL-1,0,
Ozersky,Green_Bay,0.5,phytoplankton_abundance,Ozersky_Green_Bay_0.5_phytoplankton_abundance,Synedra_spp_cell_mL-1,0,
Ozersky,Green_Bay,0.5,phytoplankton_abundance,Ozersky_Green_Bay_0.5_phytoplankton_abundance,Gomphonema_sp_cell_mL-1,0,
Ozersky,Green_Bay,0.5,phytoplankton_abundance,Ozersky_Green_Bay_0.5_phytoplankton_abundance,Hippodonta_spp_cell_mL-1,0,
Ozersky,Green_Bay,0.5,phytoplankton_abundance,Ozersky_Green_Bay_0.5_phytoplankton_abundance,Uroselenia_spp_cell_mL-1,1400,
Ozersky,Green_Bay,0.5,phytoplankton_abundance,Ozersky_Green_Bay_0.5_phytoplankton_abundance,centric_<9_um_cell_mL-1,54000,
Ozersky,Green_Bay,0.5,phytoplankton_abundance,Ozersky_Green_Bay_0.5_phytoplankton_abundance,centric_>9_um_cell_mL-1,3200,
Ozersky,Green_Bay,0.5,phytoplankton_abundance,Ozersky_Green_Bay_0.5_phytoplankton_abundance,Microflagellates_cell_mL-1,307000,
Ozersky,Green_Bay,0.5,phytoplankton_abundance,Ozersky_Green_Bay_0.5_phytoplankton_abundance,Cryptophyta_cell_mL-1,44000,
Ozersky,Green_Bay,0.5,phytoplankton_abundance,Ozersky_Green_Bay_0.5_phytoplankton_abundance,Pyrrophyta_cell_mL-1,0,
Ozersky,Green_Bay,0.5,phytoplankton_abundance,Ozersky_Green_Bay_0.5_phytoplankton_abundance,Chrysophyta_cell_mL-1,0,
Ozersky,Green_Bay,0.5,phytoplankton_abundance,Ozersky_Green_Bay_0.5_phytoplankton_abundance,Eugnophyta_cell_mL-1,0,
Ozersky,Green_Bay,0.5,phytoplankton_abundance,Ozersky_Green_Bay_0.5_phytoplankton_abundance,Scenedesmus_quadricatum_cell_mL-1,4000,
Ozersky,Green_Bay,0.5,phytoplankton_abundance,Ozersky_Green_Bay_0.5_phytoplankton_abundance,Tetrastrum_staurogeniaeforme_cell_mL-1,0,
Ozersky,Green_Bay,0.5,phytoplankton_abundance,Ozersky_Green_Bay_0.5_phytoplankton_abundance,Micractinium_pusillum_cell_mL-1,0,
Ozersky,Green_Bay,0.5,phytoplankton_abundance,Ozersky_Green_Bay_0.5_phytoplankton_abundance,Ankistrodesmus_spp_cell_mL-1,0,
Ozersky,Green_Bay,0.5,phytoplankton_abundance,Ozersky_Green_Bay_0.5_phytoplankton_abundance,Actinastrum_hantzschii_cell_mL-1,0,
Ozersky,Green_Bay,0.5,phytoplankton_abundance,Ozersky_Green_Bay_0.5_phytoplankton_abundance,Chlorobiflagellates_cell_mL-1,0,
Ozersky,Green_Bay,0.5,phytoplankton_abundance,Ozersky_Green_Bay_0.5_phytoplankton_abundance,Chlamydomonas_spp_cell_mL-1,0,
Ozersky,Green_Bay,0.5,phytoplankton_abundance,Ozersky_Green_Bay_0.5_phytoplankton_abundance,Dictyosphaerium_spp_cell_mL-1,0,
Ozersky,Green_Bay,0.5,phytoplankton_abundance,Ozersky_Green_Bay_0.5_phytoplankton_abundance,Golenkenia_spp_cell_mL-1,0,
Ozersky,Green_Bay,0.5,phytoplankton_abundance,Ozersky_Green_Bay_0.5_phytoplankton_abundance,Tetraedron_spp_cell_mL-1,18000,
Ozersky,Green_Bay,0.5,phytoplankton_abundance,Ozersky_Green_Bay_0.5_phytoplankton_abundance,coccoid_chlorophytes_<10_um_cell_mL-1,6000,
Ozersky,Green_Bay,0.5,phytoplankton_abundance,Ozersky_Green_Bay_0.5_phytoplankton_abundance,Lagerhemia_cell_mL-1,0,
Ozersky,Green_Bay,0.5,phytoplankton_abundance,Ozersky_Green_Bay_0.5_phytoplankton_abundance,Closterium_spp_cell_mL-1,0,
Ozersky,Green_Bay,0.5,phytoplankton_abundance,Ozersky_Green_Bay_0.5_phytoplankton_abundance,Pediastrum_spp_cell_mL-1,0,
Ozersky,Green_Bay,0.5,phytoplankton_abundance,Ozersky_Green_Bay_0.5_phytoplankton_abundance,Selenastrum_spp_cell_mL-1,0,
Ozersky,Green_Bay,0.5,phytoplankton_abundance,Ozersky_Green_Bay_0.5_phytoplankton_abundance,Oocystis_spp_cell_mL-1,0,
Ozersky,Green_Bay,0.5,phytoplankton_abundance,Ozersky_Green_Bay_0.5_phytoplankton_abundance,Spermatozopsis_spp_cell_mL-1,0,
Ozersky,Green_Bay,0.5,phytoplankton_abundance,Ozersky_Green_Bay_0.5_phytoplankton_abundance,Cosmarium_spp_cell_mL-1,0,
Ozersky,Green_Bay,0.5,phytoplankton_abundance,Ozersky_Green_Bay_0.5_phytoplankton_abundance,Crucigenia_tetrapedia_cell_mL-1,0,
Ozersky,Green_Bay,0.5,phytoplankton_abundance,Ozersky_Green_Bay_0.5_phytoplankton_abundance,Elakatothrix_spp_cell_mL-1,0,
Ozersky,Green_Bay,0.5,phytoplankton_abundance,Ozersky_Green_Bay_0.5_phytoplankton_abundance,picoplankton_cell_mL-1,590000,
Ozersky,Green_Bay,0.5,phytoplankton_abundance,Ozersky_Green_Bay_0.5_phytoplankton_abundance,Planktolyngbya_spp_cell_mL-1,0,
Ozersky,Green_Bay,0.5,phytoplankton_abundance,Ozersky_Green_Bay_0.5_phytoplankton_abundance,Aphanothece_spp_cell_mL-1,0,
Ozersky,Green_Bay,0.5,phytoplankton_abundance,Ozersky_Green_Bay_0.5_phytoplankton_abundance,Aphanocapsa_spp_cell_mL-1,0,
Ozersky,Green_Bay,0.5,phytoplankton_abundance,Ozersky_Green_Bay_0.5_phytoplankton_abundance,Pseudoanabaena_cell_mL-1,0,
Ozersky,Green_Bay,0.5,phytoplankton_abundance,Ozersky_Green_Bay_0.5_phytoplankton_abundance,Microcystis_spp_cell_mL-1,187000,
Ozersky,Green_Bay,0.5,phytoplankton_abundance,Ozersky_Green_Bay_0.5_phytoplankton_abundance,cocoid_cyanophyte_cell_mL-1,0,
Ozersky,Green_Bay,0.5,phytoplankton_abundance,Ozersky_Green_Bay_0.5_phytoplankton_abundance,Chroococcus_spp_cell_mL-1,0,
Ozersky,Green_Bay,0.5,phytoplankton_abundance,Ozersky_Green_Bay_0.5_phytoplankton_abundance,Dolichospermum_spp_cell_mL-1,0,
Ozersky,Green_Bay,0.5,phytoplankton_abundance,Ozersky_Green_Bay_0.5_phytoplankton_abundance,Merismopedia_spp_cell_mL-1,71000,
Ozersky,Green_Bay,0.5,phytoplankton_abundance,Ozersky_Green_Bay_0.5_phytoplankton_abundance,Aphanizomenon_flos-aquae_cell_mL-1,0,
Ozersky,Green_Bay,0.5,phytoplankton_abundance,Ozersky_Green_Bay_0.5_phytoplankton_abundance,Jaaginema_spp_cell_mL-1,0,
Ozersky,Green_Bay,5,phytoplankton_abundance,Ozersky_Green_Bay_5_phytoplankton_abundance,Stephanodiscus_binderanus_cell_mL-1,0,
Ozersky,Green_Bay,5,phytoplankton_abundance,Ozersky_Green_Bay_5_phytoplankton_abundance,Stephanodiscus_spp_cell_mL-1,0,
Ozersky,Green_Bay,5,phytoplankton_abundance,Ozersky_Green_Bay_5_phytoplankton_abundance,Aulacoseira_spp_cell_mL-1,150000,
Ozersky,Green_Bay,5,phytoplankton_abundance,Ozersky_Green_Bay_5_phytoplankton_abundance,Fragilaria_spp_cell_mL-1,0,
Ozersky,Green_Bay,5,phytoplankton_abundance,Ozersky_Green_Bay_5_phytoplankton_abundance,Nitzschia_sp_cell_mL-1,0,
Ozersky,Green_Bay,5,phytoplankton_abundance,Ozersky_Green_Bay_5_phytoplankton_abundance,Staurosira_spp_cell_mL-1,12000,
Ozersky,Green_Bay,5,phytoplankton_abundance,Ozersky_Green_Bay_5_phytoplankton_abundance,Asterionella_formosa_cell_mL-1,27000,
Ozersky,Green_Bay,5,phytoplankton_abundance,Ozersky_Green_Bay_5_phytoplankton_abundance,Acinoccl_spp_cell_mL-1,0,
Ozersky,Green_Bay,5,phytoplankton_abundance,Ozersky_Green_Bay_5_phytoplankton_abundance,Surirella_s_cell_mL-1,0,
Ozersky,Green_Bay,5,phytoplankton_abundance,Ozersky_Green_Bay_5_phytoplankton_abundance,Navicula_spp_cell_mL-1,0,
Ozersky,Green_Bay,5,phytoplankton_abundance,Ozersky_Green_Bay_5_phytoplankton_abundance,Diatoma_spp_cell_mL-1,424000,
Ozersky,Green_Bay,5,phytoplankton_abundance,Ozersky_Green_Bay_5_phytoplankton_abundance,Tabellaria_spp_cell_mL-1,0,
Ozersky,Green_Bay,5,phytoplankton_abundance,Ozersky_Green_Bay_5_phytoplankton_abundance,Synedra_spp_cell_mL-1,0,
Ozersky,Green_Bay,5,phytoplankton_abundance,Ozersky_Green_Bay_5_phytoplankton_abundance,Gomphonema_sp_cell_mL-1,0,
Ozersky,Green_Bay,5,phytoplankton_abundance,Ozersky_Green_Bay_5_phytoplankton_abundance,Hippodonta_spp_cell_mL-1,0,
Ozersky,Green_Bay,5,phytoplankton_abundance,Ozersky_Green_Bay_5_phytoplankton_abundance,Uroselenia_spp_cell_mL-1,0,
Ozersky,Green_Bay,5,phytoplankton_abundance,Ozersky_Green_Bay_5_phytoplankton_abundance,centric_<9_um_cell_mL-1,137000,
Ozersky,Green_Bay,5,phytoplankton_abundance,Ozersky_Green_Bay_5_phytoplankton_abundance,centric_>9_um_cell_mL-1,29000,
Ozersky,Green_Bay,5,phytoplankton_abundance,Ozersky_Green_Bay_5_phytoplankton_abundance,Microflagellates_cell_mL-1,444000,
Ozersky,Green_Bay,5,phytoplankton_abundance,Ozersky_Green_Bay_5_phytoplankton_abundance,Cryptophyta_cell_mL-1,124000,
Ozersky,Green_Bay,5,phytoplankton_abundance,Ozersky_Green_Bay_5_phytoplankton_abundance,Pyrrophyta_cell_mL-1,0,
Ozersky,Green_Bay,5,phytoplankton_abundance,Ozersky_Green_Bay_5_phytoplankton_abundance,Chrysophyta_cell_mL-1,0,
Ozersky,Green_Bay,5,phytoplankton_abundance,Ozersky_Green_Bay_5_phytoplankton_abundance,Eugnophyta_cell_mL-1,0,
Ozersky,Green_Bay,5,phytoplankton_abundance,Ozersky_Green_Bay_5_phytoplankton_abundance,Scenedesmus_quadricatum_cell_mL-1,14000,
Ozersky,Green_Bay,5,phytoplankton_abundance,Ozersky_Green_Bay_5_phytoplankton_abundance,Tetrastrum_staurogeniaeforme_cell_mL-1,0,
Ozersky,Green_Bay,5,phytoplankton_abundance,Ozersky_Green_Bay_5_phytoplankton_abundance,Micractinium_pusillum_cell_mL-1,0,
Ozersky,Green_Bay,5,phytoplankton_abundance,Ozersky_Green_Bay_5_phytoplankton_abundance,Ankistrodesmus_spp_cell_mL-1,0,
Ozersky,Green_Bay,5,phytoplankton_abundance,Ozersky_Green_Bay_5_phytoplankton_abundance,Actinastrum_hantzschii_cell_mL-1,0,
Ozersky,Green_Bay,5,phytoplankton_abundance,Ozersky_Green_Bay_5_phytoplankton_abundance,Chlorobiflagellates_cell_mL-1,0,
Ozersky,Green_Bay,5,phytoplankton_abundance,Ozersky_Green_Bay_5_phytoplankton_abundance,Chlamydomonas_spp_cell_mL-1,0,
Ozersky,Green_Bay,5,phytoplankton_abundance,Ozersky_Green_Bay_5_phytoplankton_abundance,Dictyosphaerium_spp_cell_mL-1,0,
Ozersky,Green_Bay,5,phytoplankton_abundance,Ozersky_Green_Bay_5_phytoplankton_abundance,Golenkenia_spp_cell_mL-1,0,
Ozersky,Green_Bay,5,phytoplankton_abundance,Ozersky_Green_Bay_5_phytoplankton_abundance,Tetraedron_spp_cell_mL-1,0,
Ozersky,Green_Bay,5,phytoplankton_abundance,Ozersky_Green_Bay_5_phytoplankton_abundance,coccoid_chlorophytes_<10_um_cell_mL-1,0,
Ozersky,Green_Bay,5,phytoplankton_abundance,Ozersky_Green_Bay_5_phytoplankton_abundance,Lagerhemia_cell_mL-1,0,
Ozersky,Green_Bay,5,phytoplankton_abundance,Ozersky_Green_Bay_5_phytoplankton_abundance,Closterium_spp_cell_mL-1,0,
Ozersky,Green_Bay,5,phytoplankton_abundance,Ozersky_Green_Bay_5_phytoplankton_abundance,Pediastrum_spp_cell_mL-1,0,
Ozersky,Green_Bay,5,phytoplankton_abundance,Ozersky_Green_Bay_5_phytoplankton_abundance,Selenastrum_spp_cell_mL-1,0,
Ozersky,Green_Bay,5,phytoplankton_abundance,Ozersky_Green_Bay_5_phytoplankton_abundance,Oocystis_spp_cell_mL-1,0,
Ozersky,Green_Bay,5,phytoplankton_abundance,Ozersky_Green_Bay_5_phytoplankton_abundance,Spermatozopsis_spp_cell_mL-1,0,
Ozersky,Green_Bay,5,phytoplankton_abundance,Ozersky_Green_Bay_5_phytoplankton_abundance,Cosmarium_spp_cell_mL-1,0,
Ozersky,Green_Bay,5,phytoplankton_abundance,Ozersky_Green_Bay_5_phytoplankton_abundance,Crucigenia_tetrapedia_cell_mL-1,0,
Ozersky,Green_Bay,5,phytoplankton_abundance,Ozersky_Green_Bay_5_phytoplankton_abundance,Elakatothrix_spp_cell_mL-1,0,
Ozersky,Green_Bay,5,phytoplankton_abundance,Ozersky_Green_Bay_5_phytoplankton_abundance,picoplankton_cell_mL-1,108000,
Ozersky,Green_Bay,5,phytoplankton_abundance,Ozersky_Green_Bay_5_phytoplankton_abundance,Planktolyngbya_spp_cell_mL-1,0,
Ozersky,Green_Bay,5,phytoplankton_abundance,Ozersky_Green_Bay_5_phytoplankton_abundance,Aphanothece_spp_cell_mL-1,0,
Ozersky,Green_Bay,5,phytoplankton_abundance,Ozersky_Green_Bay_5_phytoplankton_abundance,Aphanocapsa_spp_cell_mL-1,0,
Ozersky,Green_Bay,5,phytoplankton_abundance,Ozersky_Green_Bay_5_phytoplankton_abundance,Pseudoanabaena_cell_mL-1,0,
Ozersky,Green_Bay,5,phytoplankton_abundance,Ozersky_Green_Bay_5_phytoplankton_abundance,Microcystis_spp_cell_mL-1,38000,
Ozersky,Green_Bay,5,phytoplankton_abundance,Ozersky_Green_Bay_5_phytoplankton_abundance,cocoid_cyanophyte_cell_mL-1,0,
Ozersky,Green_Bay,5,phytoplankton_abundance,Ozersky_Green_Bay_5_phytoplankton_abundance,Chroococcus_spp_cell_mL-1,0,
Ozersky,Green_Bay,5,phytoplankton_abundance,Ozersky_Green_Bay_5_phytoplankton_abundance,Dolichospermum_spp_cell_mL-1,0,
Ozersky,Green_Bay,5,phytoplankton_abundance,Ozersky_Green_Bay_5_phytoplankton_abundance,Merismopedia_spp_cell_mL-1,0,
Ozersky,Green_Bay,5,phytoplankton_abundance,Ozersky_Green_Bay_5_phytoplankton_abundance,Aphanizomenon_flos-aquae_cell_mL-1,0,
Ozersky,Green_Bay,5,phytoplankton_abundance,Ozersky_Green_Bay_5_phytoplankton_abundance,Jaaginema_spp_cell_mL-1,0,
Vick-Majors,Keweenaw_Bay_KB,0.5,phytoplankton_abundance,Vick-Majors_Keweenaw_Bay_KB_0.5_phytoplankton_abundance,Stephanodiscus_binderanus_cell_mL-1,0,
Vick-Majors,Keweenaw_Bay_KB,0.5,phytoplankton_abundance,Vick-Majors_Keweenaw_Bay_KB_0.5_phytoplankton_abundance,Stephanodiscus_spp_cell_mL-1,0,
Vick-Majors,Keweenaw_Bay_KB,0.5,phytoplankton_abundance,Vick-Majors_Keweenaw_Bay_KB_0.5_phytoplankton_abundance,Aulacoseira_spp_cell_mL-1,144000,
Vick-Majors,Keweenaw_Bay_KB,0.5,phytoplankton_abundance,Vick-Majors_Keweenaw_Bay_KB_0.5_phytoplankton_abundance,Fragilaria_spp_cell_mL-1,0,
Vick-Majors,Keweenaw_Bay_KB,0.5,phytoplankton_abundance,Vick-Majors_Keweenaw_Bay_KB_0.5_phytoplankton_abundance,Nitzschia_sp_cell_mL-1,0,
Vick-Majors,Keweenaw_Bay_KB,0.5,phytoplankton_abundance,Vick-Majors_Keweenaw_Bay_KB_0.5_phytoplankton_abundance,Staurosira_spp_cell_mL-1,0,
Vick-Majors,Keweenaw_Bay_KB,0.5,phytoplankton_abundance,Vick-Majors_Keweenaw_Bay_KB_0.5_phytoplankton_abundance,Asterionella_formosa_cell_mL-1,14000,
Vick-Majors,Keweenaw_Bay_KB,0.5,phytoplankton_abundance,Vick-Majors_Keweenaw_Bay_KB_0.5_phytoplankton_abundance,Acinoccl_spp_cell_mL-1,0,
Vick-Majors,Keweenaw_Bay_KB,0.5,phytoplankton_abundance,Vick-Majors_Keweenaw_Bay_KB_0.5_phytoplankton_abundance,Surirella_s_cell_mL-1,0,
Vick-Majors,Keweenaw_Bay_KB,0.5,phytoplankton_abundance,Vick-Majors_Keweenaw_Bay_KB_0.5_phytoplankton_abundance,Navicula_spp_cell_mL-1,0,
Vick-Majors,Keweenaw_Bay_KB,0.5,phytoplankton_abundance,Vick-Majors_Keweenaw_Bay_KB_0.5_phytoplankton_abundance,Diatoma_spp_cell_mL-1,99000,
Vick-Majors,Keweenaw_Bay_KB,0.5,phytoplankton_abundance,Vick-Majors_Keweenaw_Bay_KB_0.5_phytoplankton_abundance,Tabellaria_spp_cell_mL-1,0,
Vick-Majors,Keweenaw_Bay_KB,0.5,phytoplankton_abundance,Vick-Majors_Keweenaw_Bay_KB_0.5_phytoplankton_abundance,Synedra_spp_cell_mL-1,0,
Vick-Majors,Keweenaw_Bay_KB,0.5,phytoplankton_abundance,Vick-Majors_Keweenaw_Bay_KB_0.5_phytoplankton_abundance,Gomphonema_sp_cell_mL-1,0,
Vick-Majors,Keweenaw_Bay_KB,0.5,phytoplankton_abundance,Vick-Majors_Keweenaw_Bay_KB_0.5_phytoplankton_abundance,Hippodonta_spp_cell_mL-1,0,
Vick-Majors,Keweenaw_Bay_KB,0.5,phytoplankton_abundance,Vick-Majors_Keweenaw_Bay_KB_0.5_phytoplankton_abundance,Uroselenia_spp_cell_mL-1,0,
Vick-Majors,Keweenaw_Bay_KB,0.5,phytoplankton_abundance,Vick-Majors_Keweenaw_Bay_KB_0.5_phytoplankton_abundance,centric_<9_um_cell_mL-1,150000,
Vick-Majors,Keweenaw_Bay_KB,0.5,phytoplankton_abundance,Vick-Majors_Keweenaw_Bay_KB_0.5_phytoplankton_abundance,centric_>9_um_cell_mL-1,150000,
Vick-Majors,Keweenaw_Bay_KB,0.5,phytoplankton_abundance,Vick-Majors_Keweenaw_Bay_KB_0.5_phytoplankton_abundance,Microflagellates_cell_mL-1,312000,
Vick-Majors,Keweenaw_Bay_KB,0.5,phytoplankton_abundance,Vick-Majors_Keweenaw_Bay_KB_0.5_phytoplankton_abundance,Cryptophyta_cell_mL-1,263000,
Vick-Majors,Keweenaw_Bay_KB,0.5,phytoplankton_abundance,Vick-Majors_Keweenaw_Bay_KB_0.5_phytoplankton_abundance,Pyrrophyta_cell_mL-1,0,
Vick-Majors,Keweenaw_Bay_KB,0.5,phytoplankton_abundance,Vick-Majors_Keweenaw_Bay_KB_0.5_phytoplankton_abundance,Chrysophyta_cell_mL-1,0,
Vick-Majors,Keweenaw_Bay_KB,0.5,phytoplankton_abundance,Vick-Majors_Keweenaw_Bay_KB_0.5_phytoplankton_abundance,Eugnophyta_cell_mL-1,0,
Vick-Majors,Keweenaw_Bay_KB,0.5,phytoplankton_abundance,Vick-Majors_Keweenaw_Bay_KB_0.5_phytoplankton_abundance,Scenedesmus_quadricatum_cell_mL-1,0,
Vick-Majors,Keweenaw_Bay_KB,0.5,phytoplankton_abundance,Vick-Majors_Keweenaw_Bay_KB_0.5_phytoplankton_abundance,Tetrastrum_staurogeniaeforme_cell_mL-1,0,
Vick-Majors,Keweenaw_Bay_KB,0.5,phytoplankton_abundance,Vick-Majors_Keweenaw_Bay_KB_0.5_phytoplankton_abundance,Micractinium_pusillum_cell_mL-1,0,
Vick-Majors,Keweenaw_Bay_KB,0.5,phytoplankton_abundance,Vick-Majors_Keweenaw_Bay_KB_0.5_phytoplankton_abundance,Ankistrodesmus_spp_cell_mL-1,0,
Vick-Majors,Keweenaw_Bay_KB,0.5,phytoplankton_abundance,Vick-Majors_Keweenaw_Bay_KB_0.5_phytoplankton_abundance,Actinastrum_hantzschii_cell_mL-1,0,
Vick-Majors,Keweenaw_Bay_KB,0.5,phytoplankton_abundance,Vick-Majors_Keweenaw_Bay_KB_0.5_phytoplankton_abundance,Chlorobiflagellates_cell_mL-1,0,
Vick-Majors,Keweenaw_Bay_KB,0.5,phytoplankton_abundance,Vick-Majors_Keweenaw_Bay_KB_0.5_phytoplankton_abundance,Chlamydomonas_spp_cell_mL-1,0,
Vick-Majors,Keweenaw_Bay_KB,0.5,phytoplankton_abundance,Vick-Majors_Keweenaw_Bay_KB_0.5_phytoplankton_abundance,Dictyosphaerium_spp_cell_mL-1,0,
Vick-Majors,Keweenaw_Bay_KB,0.5,phytoplankton_abundance,Vick-Majors_Keweenaw_Bay_KB_0.5_phytoplankton_abundance,Golenkenia_spp_cell_mL-1,0,
Vick-Majors,Keweenaw_Bay_KB,0.5,phytoplankton_abundance,Vick-Majors_Keweenaw_Bay_KB_0.5_phytoplankton_abundance,Tetraedron_spp_cell_mL-1,12000,
Vick-Majors,Keweenaw_Bay_KB,0.5,phytoplankton_abundance,Vick-Majors_Keweenaw_Bay_KB_0.5_phytoplankton_abundance,coccoid_chlorophytes_<10_um_cell_mL-1,12000,
Vick-Majors,Keweenaw_Bay_KB,0.5,phytoplankton_abundance,Vick-Majors_Keweenaw_Bay_KB_0.5_phytoplankton_abundance,Lagerhemia_cell_mL-1,0,
Vick-Majors,Keweenaw_Bay_KB,0.5,phytoplankton_abundance,Vick-Majors_Keweenaw_Bay_KB_0.5_phytoplankton_abundance,Closterium_spp_cell_mL-1,0,
Vick-Majors,Keweenaw_Bay_KB,0.5,phytoplankton_abundance,Vick-Majors_Keweenaw_Bay_KB_0.5_phytoplankton_abundance,Pediastrum_spp_cell_mL-1,0,
Vick-Majors,Keweenaw_Bay_KB,0.5,phytoplankton_abundance,Vick-Majors_Keweenaw_Bay_KB_0.5_phytoplankton_abundance,Selenastrum_spp_cell_mL-1,12000,
Vick-Majors,Keweenaw_Bay_KB,0.5,phytoplankton_abundance,Vick-Majors_Keweenaw_Bay_KB_0.5_phytoplankton_abundance,Oocystis_spp_cell_mL-1,0,
Vick-Majors,Keweenaw_Bay_KB,0.5,phytoplankton_abundance,Vick-Majors_Keweenaw_Bay_KB_0.5_phytoplankton_abundance,Spermatozopsis_spp_cell_mL-1,0,
Vick-Majors,Keweenaw_Bay_KB,0.5,phytoplankton_abundance,Vick-Majors_Keweenaw_Bay_KB_0.5_phytoplankton_abundance,Cosmarium_spp_cell_mL-1,0,
Vick-Majors,Keweenaw_Bay_KB,0.5,phytoplankton_abundance,Vick-Majors_Keweenaw_Bay_KB_0.5_phytoplankton_abundance,Crucigenia_tetrapedia_cell_mL-1,0,
Vick-Majors,Keweenaw_Bay_KB,0.5,phytoplankton_abundance,Vick-Majors_Keweenaw_Bay_KB_0.5_phytoplankton_abundance,Elakatothrix_spp_cell_mL-1,0,
Vick-Majors,Keweenaw_Bay_KB,0.5,phytoplankton_abundance,Vick-Majors_Keweenaw_Bay_KB_0.5_phytoplankton_abundance,picoplankton_cell_mL-1,36000,
Vick-Majors,Keweenaw_Bay_KB,0.5,phytoplankton_abundance,Vick-Majors_Keweenaw_Bay_KB_0.5_phytoplankton_abundance,Planktolyngbya_spp_cell_mL-1,0,
Vick-Majors,Keweenaw_Bay_KB,0.5,phytoplankton_abundance,Vick-Majors_Keweenaw_Bay_KB_0.5_phytoplankton_abundance,Aphanothece_spp_cell_mL-1,0,
Vick-Majors,Keweenaw_Bay_KB,0.5,phytoplankton_abundance,Vick-Majors_Keweenaw_Bay_KB_0.5_phytoplankton_abundance,Aphanocapsa_spp_cell_mL-1,0,
Vick-Majors,Keweenaw_Bay_KB,0.5,phytoplankton_abundance,Vick-Majors_Keweenaw_Bay_KB_0.5_phytoplankton_abundance,Pseudoanabaena_cell_mL-1,0,
Vick-Majors,Keweenaw_Bay_KB,0.5,phytoplankton_abundance,Vick-Majors_Keweenaw_Bay_KB_0.5_phytoplankton_abundance,Microcystis_spp_cell_mL-1,0,
Vick-Majors,Keweenaw_Bay_KB,0.5,phytoplankton_abundance,Vick-Majors_Keweenaw_Bay_KB_0.5_phytoplankton_abundance,cocoid_cyanophyte_cell_mL-1,0,
Vick-Majors,Keweenaw_Bay_KB,0.5,phytoplankton_abundance,Vick-Majors_Keweenaw_Bay_KB_0.5_phytoplankton_abundance,Chroococcus_spp_cell_mL-1,0,
Vick-Majors,Keweenaw_Bay_KB,0.5,phytoplankton_abundance,Vick-Majors_Keweenaw_Bay_KB_0.5_phytoplankton_abundance,Dolichospermum_spp_cell_mL-1,0,
Vick-Majors,Keweenaw_Bay_KB,0.5,phytoplankton_abundance,Vick-Majors_Keweenaw_Bay_KB_0.5_phytoplankton_abundance,Merismopedia_spp_cell_mL-1,0,
Vick-Majors,Keweenaw_Bay_KB,0.5,phytoplankton_abundance,Vick-Majors_Keweenaw_Bay_KB_0.5_phytoplankton_abundance,Aphanizomenon_flos-aquae_cell_mL-1,0,
Vick-Majors,Keweenaw_Bay_KB,0.5,phytoplankton_abundance,Vick-Majors_Keweenaw_Bay_KB_0.5_phytoplankton_abundance,Jaaginema_spp_cell_mL-1,0,
McKay/Drouillard,LSC-MB,0.5,phytoplankton_abundance,McKay/Drouillard_LSC-MB_0.5_phytoplankton_abundance,Stephanodiscus_binderanus_cell_mL-1,0,
McKay/Drouillard,LSC-MB,0.5,phytoplankton_abundance,McKay/Drouillard_LSC-MB_0.5_phytoplankton_abundance,Stephanodiscus_spp_cell_mL-1,0,
McKay/Drouillard,LSC-MB,0.5,phytoplankton_abundance,McKay/Drouillard_LSC-MB_0.5_phytoplankton_abundance,Aulacoseira_spp_cell_mL-1,0,
McKay/Drouillard,LSC-MB,0.5,phytoplankton_abundance,McKay/Drouillard_LSC-MB_0.5_phytoplankton_abundance,Fragilaria_spp_cell_mL-1,4000,
McKay/Drouillard,LSC-MB,0.5,phytoplankton_abundance,McKay/Drouillard_LSC-MB_0.5_phytoplankton_abundance,Nitzschia_sp_cell_mL-1,15000,
McKay/Drouillard,LSC-MB,0.5,phytoplankton_abundance,McKay/Drouillard_LSC-MB_0.5_phytoplankton_abundance,Staurosira_spp_cell_mL-1,0,
McKay/Drouillard,LSC-MB,0.5,phytoplankton_abundance,McKay/Drouillard_LSC-MB_0.5_phytoplankton_abundance,Asterionella_formosa_cell_mL-1,12000,
McKay/Drouillard,LSC-MB,0.5,phytoplankton_abundance,McKay/Drouillard_LSC-MB_0.5_phytoplankton_abundance,Acinoccl_spp_cell_mL-1,0,
McKay/Drouillard,LSC-MB,0.5,phytoplankton_abundance,McKay/Drouillard_LSC-MB_0.5_phytoplankton_abundance,Surirella_s_cell_mL-1,0,
McKay/Drouillard,LSC-MB,0.5,phytoplankton_abundance,McKay/Drouillard_LSC-MB_0.5_phytoplankton_abundance,Navicula_spp_cell_mL-1,0,
McKay/Drouillard,LSC-MB,0.5,phytoplankton_abundance,McKay/Drouillard_LSC-MB_0.5_phytoplankton_abundance,Diatoma_spp_cell_mL-1,0,
McKay/Drouillard,LSC-MB,0.5,phytoplankton_abundance,McKay/Drouillard_LSC-MB_0.5_phytoplankton_abundance,Tabellaria_spp_cell_mL-1,0,
McKay/Drouillard,LSC-MB,0.5,phytoplankton_abundance,McKay/Drouillard_LSC-MB_0.5_phytoplankton_abundance,Synedra_spp_cell_mL-1,0,
McKay/Drouillard,LSC-MB,0.5,phytoplankton_abundance,McKay/Drouillard_LSC-MB_0.5_phytoplankton_abundance,Gomphonema_sp_cell_mL-1,0,
McKay/Drouillard,LSC-MB,0.5,phytoplankton_abundance,McKay/Drouillard_LSC-MB_0.5_phytoplankton_abundance,Hippodonta_spp_cell_mL-1,0,
McKay/Drouillard,LSC-MB,0.5,phytoplankton_abundance,McKay/Drouillard_LSC-MB_0.5_phytoplankton_abundance,Uroselenia_spp_cell_mL-1,0,
McKay/Drouillard,LSC-MB,0.5,phytoplankton_abundance,McKay/Drouillard_LSC-MB_0.5_phytoplankton_abundance,centric_<9_um_cell_mL-1,191000,
McKay/Drouillard,LSC-MB,0.5,phytoplankton_abundance,McKay/Drouillard_LSC-MB_0.5_phytoplankton_abundance,centric_>9_um_cell_mL-1,649000,
McKay/Drouillard,LSC-MB,0.5,phytoplankton_abundance,McKay/Drouillard_LSC-MB_0.5_phytoplankton_abundance,Microflagellates_cell_mL-1,162000,
McKay/Drouillard,LSC-MB,0.5,phytoplankton_abundance,McKay/Drouillard_LSC-MB_0.5_phytoplankton_abundance,Cryptophyta_cell_mL-1,38000,
McKay/Drouillard,LSC-MB,0.5,phytoplankton_abundance,McKay/Drouillard_LSC-MB_0.5_phytoplankton_abundance,Pyrrophyta_cell_mL-1,0,
McKay/Drouillard,LSC-MB,0.5,phytoplankton_abundance,McKay/Drouillard_LSC-MB_0.5_phytoplankton_abundance,Chrysophyta_cell_mL-1,12000,
McKay/Drouillard,LSC-MB,0.5,phytoplankton_abundance,McKay/Drouillard_LSC-MB_0.5_phytoplankton_abundance,Eugnophyta_cell_mL-1,0,
McKay/Drouillard,LSC-MB,0.5,phytoplankton_abundance,McKay/Drouillard_LSC-MB_0.5_phytoplankton_abundance,Scenedesmus_quadricatum_cell_mL-1,0,
McKay/Drouillard,LSC-MB,0.5,phytoplankton_abundance,McKay/Drouillard_LSC-MB_0.5_phytoplankton_abundance,Tetrastrum_staurogeniaeforme_cell_mL-1,0,
McKay/Drouillard,LSC-MB,0.5,phytoplankton_abundance,McKay/Drouillard_LSC-MB_0.5_phytoplankton_abundance,Micractinium_pusillum_cell_mL-1,0,
McKay/Drouillard,LSC-MB,0.5,phytoplankton_abundance,McKay/Drouillard_LSC-MB_0.5_phytoplankton_abundance,Ankistrodesmus_spp_cell_mL-1,1000,
McKay/Drouillard,LSC-MB,0.5,phytoplankton_abundance,McKay/Drouillard_LSC-MB_0.5_phytoplankton_abundance,Actinastrum_hantzschii_cell_mL-1,0,
McKay/Drouillard,LSC-MB,0.5,phytoplankton_abundance,McKay/Drouillard_LSC-MB_0.5_phytoplankton_abundance,Chlorobiflagellates_cell_mL-1,0,
McKay/Drouillard,LSC-MB,0.5,phytoplankton_abundance,McKay/Drouillard_LSC-MB_0.5_phytoplankton_abundance,Chlamydomonas_spp_cell_mL-1,0,
McKay/Drouillard,LSC-MB,0.5,phytoplankton_abundance,McKay/Drouillard_LSC-MB_0.5_phytoplankton_abundance,Dictyosphaerium_spp_cell_mL-1,0,
McKay/Drouillard,LSC-MB,0.5,phytoplankton_abundance,McKay/Drouillard_LSC-MB_0.5_phytoplankton_abundance,Golenkenia_spp_cell_mL-1,0,
McKay/Drouillard,LSC-MB,0.5,phytoplankton_abundance,McKay/Drouillard_LSC-MB_0.5_phytoplankton_abundance,Tetraedron_spp_cell_mL-1,0,
McKay/Drouillard,LSC-MB,0.5,phytoplankton_abundance,McKay/Drouillard_LSC-MB_0.5_phytoplankton_abundance,coccoid_chlorophytes_<10_um_cell_mL-1,0,
McKay/Drouillard,LSC-MB,0.5,phytoplankton_abundance,McKay/Drouillard_LSC-MB_0.5_phytoplankton_abundance,Lagerhemia_cell_mL-1,0,
McKay/Drouillard,LSC-MB,0.5,phytoplankton_abundance,McKay/Drouillard_LSC-MB_0.5_phytoplankton_abundance,Closterium_spp_cell_mL-1,0,
McKay/Drouillard,LSC-MB,0.5,phytoplankton_abundance,McKay/Drouillard_LSC-MB_0.5_phytoplankton_abundance,Pediastrum_spp_cell_mL-1,0,
McKay/Drouillard,LSC-MB,0.5,phytoplankton_abundance,McKay/Drouillard_LSC-MB_0.5_phytoplankton_abundance,Selenastrum_spp_cell_mL-1,0,
McKay/Drouillard,LSC-MB,0.5,phytoplankton_abundance,McKay/Drouillard_LSC-MB_0.5_phytoplankton_abundance,Oocystis_spp_cell_mL-1,0,
McKay/Drouillard,LSC-MB,0.5,phytoplankton_abundance,McKay/Drouillard_LSC-MB_0.5_phytoplankton_abundance,Spermatozopsis_spp_cell_mL-1,6000,
McKay/Drouillard,LSC-MB,0.5,phytoplankton_abundance,McKay/Drouillard_LSC-MB_0.5_phytoplankton_abundance,Cosmarium_spp_cell_mL-1,0,
McKay/Drouillard,LSC-MB,0.5,phytoplankton_abundance,McKay/Drouillard_LSC-MB_0.5_phytoplankton_abundance,Crucigenia_tetrapedia_cell_mL-1,0,
McKay/Drouillard,LSC-MB,0.5,phytoplankton_abundance,McKay/Drouillard_LSC-MB_0.5_phytoplankton_abundance,Elakatothrix_spp_cell_mL-1,0,
McKay/Drouillard,LSC-MB,0.5,phytoplankton_abundance,McKay/Drouillard_LSC-MB_0.5_phytoplankton_abundance,picoplankton_cell_mL-1,24000,
McKay/Drouillard,LSC-MB,0.5,phytoplankton_abundance,McKay/Drouillard_LSC-MB_0.5_phytoplankton_abundance,Planktolyngbya_spp_cell_mL-1,0,
McKay/Drouillard,LSC-MB,0.5,phytoplankton_abundance,McKay/Drouillard_LSC-MB_0.5_phytoplankton_abundance,Aphanothece_spp_cell_mL-1,0,
McKay/Drouillard,LSC-MB,0.5,phytoplankton_abundance,McKay/Drouillard_LSC-MB_0.5_phytoplankton_abundance,Aphanocapsa_spp_cell_mL-1,0,
McKay/Drouillard,LSC-MB,0.5,phytoplankton_abundance,McKay/Drouillard_LSC-MB_0.5_phytoplankton_abundance,Pseudoanabaena_cell_mL-1,0,
McKay/Drouillard,LSC-MB,0.5,phytoplankton_abundance,McKay/Drouillard_LSC-MB_0.5_phytoplankton_abundance,Microcystis_spp_cell_mL-1,0,
McKay/Drouillard,LSC-MB,0.5,phytoplankton_abundance,McKay/Drouillard_LSC-MB_0.5_phytoplankton_abundance,cocoid_cyanophyte_cell_mL-1,0,
McKay/Drouillard,LSC-MB,0.5,phytoplankton_abundance,McKay/Drouillard_LSC-MB_0.5_phytoplankton_abundance,Chroococcus_spp_cell_mL-1,0,
McKay/Drouillard,LSC-MB,0.5,phytoplankton_abundance,McKay/Drouillard_LSC-MB_0.5_phytoplankton_abundance,Dolichospermum_spp_cell_mL-1,0,
McKay/Drouillard,LSC-MB,0.5,phytoplankton_abundance,McKay/Drouillard_LSC-MB_0.5_phytoplankton_abundance,Merismopedia_spp_cell_mL-1,0,
McKay/Drouillard,LSC-MB,0.5,phytoplankton_abundance,McKay/Drouillard_LSC-MB_0.5_phytoplankton_abundance,Aphanizomenon_flos-aquae_cell_mL-1,0,
McKay/Drouillard,LSC-MB,0.5,phytoplankton_abundance,McKay/Drouillard_LSC-MB_0.5_phytoplankton_abundance,Jaaginema_spp_cell_mL-1,0,
McKay,NB22-002,0.5,phytoplankton_abundance,McKay_NB22-002_0.5_phytoplankton_abundance,Stephanodiscus_binderanus_cell_mL-1,518000,
McKay,NB22-002,0.5,phytoplankton_abundance,McKay_NB22-002_0.5_phytoplankton_abundance,Stephanodiscus_spp_cell_mL-1,58000,
McKay,NB22-002,0.5,phytoplankton_abundance,McKay_NB22-002_0.5_phytoplankton_abundance,Aulacoseira_spp_cell_mL-1,310000,
McKay,NB22-002,0.5,phytoplankton_abundance,McKay_NB22-002_0.5_phytoplankton_abundance,Fragilaria_spp_cell_mL-1,7000,
McKay,NB22-002,0.5,phytoplankton_abundance,McKay_NB22-002_0.5_phytoplankton_abundance,Nitzschia_sp_cell_mL-1,0,
McKay,NB22-002,0.5,phytoplankton_abundance,McKay_NB22-002_0.5_phytoplankton_abundance,Staurosira_spp_cell_mL-1,0,
McKay,NB22-002,0.5,phytoplankton_abundance,McKay_NB22-002_0.5_phytoplankton_abundance,Asterionella_formosa_cell_mL-1,0,
McKay,NB22-002,0.5,phytoplankton_abundance,McKay_NB22-002_0.5_phytoplankton_abundance,Acinoccl_spp_cell_mL-1,0,
McKay,NB22-002,0.5,phytoplankton_abundance,McKay_NB22-002_0.5_phytoplankton_abundance,Surirella_s_cell_mL-1,0,
McKay,NB22-002,0.5,phytoplankton_abundance,McKay_NB22-002_0.5_phytoplankton_abundance,Navicula_spp_cell_mL-1,0,
McKay,NB22-002,0.5,phytoplankton_abundance,McKay_NB22-002_0.5_phytoplankton_abundance,Diatoma_spp_cell_mL-1,0,
McKay,NB22-002,0.5,phytoplankton_abundance,McKay_NB22-002_0.5_phytoplankton_abundance,Tabellaria_spp_cell_mL-1,0,
McKay,NB22-002,0.5,phytoplankton_abundance,McKay_NB22-002_0.5_phytoplankton_abundance,Synedra_spp_cell_mL-1,0,
McKay,NB22-002,0.5,phytoplankton_abundance,McKay_NB22-002_0.5_phytoplankton_abundance,Gomphonema_sp_cell_mL-1,0,
McKay,NB22-002,0.5,phytoplankton_abundance,McKay_NB22-002_0.5_phytoplankton_abundance,Hippodonta_spp_cell_mL-1,0,
McKay,NB22-002,0.5,phytoplankton_abundance,McKay_NB22-002_0.5_phytoplankton_abundance,Uroselenia_spp_cell_mL-1,0,
McKay,NB22-002,0.5,phytoplankton_abundance,McKay_NB22-002_0.5_phytoplankton_abundance,centric_<9_um_cell_mL-1,26000,
McKay,NB22-002,0.5,phytoplankton_abundance,McKay_NB22-002_0.5_phytoplankton_abundance,centric_>9_um_cell_mL-1,79000,
McKay,NB22-002,0.5,phytoplankton_abundance,McKay_NB22-002_0.5_phytoplankton_abundance,Microflagellates_cell_mL-1,413000,
McKay,NB22-002,0.5,phytoplankton_abundance,McKay_NB22-002_0.5_phytoplankton_abundance,Cryptophyta_cell_mL-1,13000,
McKay,NB22-002,0.5,phytoplankton_abundance,McKay_NB22-002_0.5_phytoplankton_abundance,Pyrrophyta_cell_mL-1,6000,
McKay,NB22-002,0.5,phytoplankton_abundance,McKay_NB22-002_0.5_phytoplankton_abundance,Chrysophyta_cell_mL-1,0,
McKay,NB22-002,0.5,phytoplankton_abundance,McKay_NB22-002_0.5_phytoplankton_abundance,Eugnophyta_cell_mL-1,0,
McKay,NB22-002,0.5,phytoplankton_abundance,McKay_NB22-002_0.5_phytoplankton_abundance,Scenedesmus_quadricatum_cell_mL-1,0,
McKay,NB22-002,0.5,phytoplankton_abundance,McKay_NB22-002_0.5_phytoplankton_abundance,Tetrastrum_staurogeniaeforme_cell_mL-1,0,
McKay,NB22-002,0.5,phytoplankton_abundance,McKay_NB22-002_0.5_phytoplankton_abundance,Micractinium_pusillum_cell_mL-1,0,
McKay,NB22-002,0.5,phytoplankton_abundance,McKay_NB22-002_0.5_phytoplankton_abundance,Ankistrodesmus_spp_cell_mL-1,0,
McKay,NB22-002,0.5,phytoplankton_abundance,McKay_NB22-002_0.5_phytoplankton_abundance,Actinastrum_hantzschii_cell_mL-1,0,
McKay,NB22-002,0.5,phytoplankton_abundance,McKay_NB22-002_0.5_phytoplankton_abundance,Chlorobiflagellates_cell_mL-1,0,
McKay,NB22-002,0.5,phytoplankton_abundance,McKay_NB22-002_0.5_phytoplankton_abundance,Chlamydomonas_spp_cell_mL-1,0,
McKay,NB22-002,0.5,phytoplankton_abundance,McKay_NB22-002_0.5_phytoplankton_abundance,Dictyosphaerium_spp_cell_mL-1,0,
McKay,NB22-002,0.5,phytoplankton_abundance,McKay_NB22-002_0.5_phytoplankton_abundance,Golenkenia_spp_cell_mL-1,0,
McKay,NB22-002,0.5,phytoplankton_abundance,McKay_NB22-002_0.5_phytoplankton_abundance,Tetraedron_spp_cell_mL-1,0,
McKay,NB22-002,0.5,phytoplankton_abundance,McKay_NB22-002_0.5_phytoplankton_abundance,coccoid_chlorophytes_<10_um_cell_mL-1,0,
McKay,NB22-002,0.5,phytoplankton_abundance,McKay_NB22-002_0.5_phytoplankton_abundance,Lagerhemia_cell_mL-1,0,
McKay,NB22-002,0.5,phytoplankton_abundance,McKay_NB22-002_0.5_phytoplankton_abundance,Closterium_spp_cell_mL-1,0,
McKay,NB22-002,0.5,phytoplankton_abundance,McKay_NB22-002_0.5_phytoplankton_abundance,Pediastrum_spp_cell_mL-1,0,
McKay,NB22-002,0.5,phytoplankton_abundance,McKay_NB22-002_0.5_phytoplankton_abundance,Selenastrum_spp_cell_mL-1,0,
McKay,NB22-002,0.5,phytoplankton_abundance,McKay_NB22-002_0.5_phytoplankton_abundance,Oocystis_spp_cell_mL-1,0,
McKay,NB22-002,0.5,phytoplankton_abundance,McKay_NB22-002_0.5_phytoplankton_abundance,Spermatozopsis_spp_cell_mL-1,0,
McKay,NB22-002,0.5,phytoplankton_abundance,McKay_NB22-002_0.5_phytoplankton_abundance,Cosmarium_spp_cell_mL-1,0,
McKay,NB22-002,0.5,phytoplankton_abundance,McKay_NB22-002_0.5_phytoplankton_abundance,Crucigenia_tetrapedia_cell_mL-1,0,
McKay,NB22-002,0.5,phytoplankton_abundance,McKay_NB22-002_0.5_phytoplankton_abundance,Elakatothrix_spp_cell_mL-1,0,
McKay,NB22-002,0.5,phytoplankton_abundance,McKay_NB22-002_0.5_phytoplankton_abundance,picoplankton_cell_mL-1,,
McKay,NB22-002,0.5,phytoplankton_abundance,McKay_NB22-002_0.5_phytoplankton_abundance,Planktolyngbya_spp_cell_mL-1,0,
McKay,NB22-002,0.5,phytoplankton_abundance,McKay_NB22-002_0.5_phytoplankton_abundance,Aphanothece_spp_cell_mL-1,0,
McKay,NB22-002,0.5,phytoplankton_abundance,McKay_NB22-002_0.5_phytoplankton_abundance,Aphanocapsa_spp_cell_mL-1,0,
McKay,NB22-002,0.5,phytoplankton_abundance,McKay_NB22-002_0.5_phytoplankton_abundance,Pseudoanabaena_cell_mL-1,0,
McKay,NB22-002,0.5,phytoplankton_abundance,McKay_NB22-002_0.5_phytoplankton_abundance,Microcystis_spp_cell_mL-1,0,
McKay,NB22-002,0.5,phytoplankton_abundance,McKay_NB22-002_0.5_phytoplankton_abundance,cocoid_cyanophyte_cell_mL-1,0,
McKay,NB22-002,0.5,phytoplankton_abundance,McKay_NB22-002_0.5_phytoplankton_abundance,Chroococcus_spp_cell_mL-1,0,
McKay,NB22-002,0.5,phytoplankton_abundance,McKay_NB22-002_0.5_phytoplankton_abundance,Dolichospermum_spp_cell_mL-1,0,
McKay,NB22-002,0.5,phytoplankton_abundance,McKay_NB22-002_0.5_phytoplankton_abundance,Merismopedia_spp_cell_mL-1,138000,
McKay,NB22-002,0.5,phytoplankton_abundance,McKay_NB22-002_0.5_phytoplankton_abundance,Aphanizomenon_flos-aquae_cell_mL-1,0,
McKay,NB22-002,0.5,phytoplankton_abundance,McKay_NB22-002_0.5_phytoplankton_abundance,Jaaginema_spp_cell_mL-1,0,
McKay,NB22-003,0.5,phytoplankton_abundance,McKay_NB22-003_0.5_phytoplankton_abundance,Stephanodiscus_binderanus_cell_mL-1,0,
McKay,NB22-003,0.5,phytoplankton_abundance,McKay_NB22-003_0.5_phytoplankton_abundance,Stephanodiscus_spp_cell_mL-1,0,
McKay,NB22-003,0.5,phytoplankton_abundance,McKay_NB22-003_0.5_phytoplankton_abundance,Aulacoseira_spp_cell_mL-1,0,
McKay,NB22-003,0.5,phytoplankton_abundance,McKay_NB22-003_0.5_phytoplankton_abundance,Fragilaria_spp_cell_mL-1,0,
McKay,NB22-003,0.5,phytoplankton_abundance,McKay_NB22-003_0.5_phytoplankton_abundance,Nitzschia_sp_cell_mL-1,7000,
McKay,NB22-003,0.5,phytoplankton_abundance,McKay_NB22-003_0.5_phytoplankton_abundance,Staurosira_spp_cell_mL-1,6000,
McKay,NB22-003,0.5,phytoplankton_abundance,McKay_NB22-003_0.5_phytoplankton_abundance,Asterionella_formosa_cell_mL-1,0,
McKay,NB22-003,0.5,phytoplankton_abundance,McKay_NB22-003_0.5_phytoplankton_abundance,Acinoccl_spp_cell_mL-1,0,
McKay,NB22-003,0.5,phytoplankton_abundance,McKay_NB22-003_0.5_phytoplankton_abundance,Surirella_s_cell_mL-1,0,
McKay,NB22-003,0.5,phytoplankton_abundance,McKay_NB22-003_0.5_phytoplankton_abundance,Navicula_spp_cell_mL-1,0,
McKay,NB22-003,0.5,phytoplankton_abundance,McKay_NB22-003_0.5_phytoplankton_abundance,Diatoma_spp_cell_mL-1,0,
McKay,NB22-003,0.5,phytoplankton_abundance,McKay_NB22-003_0.5_phytoplankton_abundance,Tabellaria_spp_cell_mL-1,0,
McKay,NB22-003,0.5,phytoplankton_abundance,McKay_NB22-003_0.5_phytoplankton_abundance,Synedra_spp_cell_mL-1,0,
McKay,NB22-003,0.5,phytoplankton_abundance,McKay_NB22-003_0.5_phytoplankton_abundance,Gomphonema_sp_cell_mL-1,0,
McKay,NB22-003,0.5,phytoplankton_abundance,McKay_NB22-003_0.5_phytoplankton_abundance,Hippodonta_spp_cell_mL-1,0,
McKay,NB22-003,0.5,phytoplankton_abundance,McKay_NB22-003_0.5_phytoplankton_abundance,Uroselenia_spp_cell_mL-1,0,
McKay,NB22-003,0.5,phytoplankton_abundance,McKay_NB22-003_0.5_phytoplankton_abundance,centric_<9_um_cell_mL-1,96000,
McKay,NB22-003,0.5,phytoplankton_abundance,McKay_NB22-003_0.5_phytoplankton_abundance,centric_>9_um_cell_mL-1,4000,
McKay,NB22-003,0.5,phytoplankton_abundance,McKay_NB22-003_0.5_phytoplankton_abundance,Microflagellates_cell_mL-1,1200000,
McKay,NB22-003,0.5,phytoplankton_abundance,McKay_NB22-003_0.5_phytoplankton_abundance,Cryptophyta_cell_mL-1,1.00E+05,
McKay,NB22-003,0.5,phytoplankton_abundance,McKay_NB22-003_0.5_phytoplankton_abundance,Pyrrophyta_cell_mL-1,0,
McKay,NB22-003,0.5,phytoplankton_abundance,McKay_NB22-003_0.5_phytoplankton_abundance,Chrysophyta_cell_mL-1,0,
McKay,NB22-003,0.5,phytoplankton_abundance,McKay_NB22-003_0.5_phytoplankton_abundance,Eugnophyta_cell_mL-1,0,
McKay,NB22-003,0.5,phytoplankton_abundance,McKay_NB22-003_0.5_phytoplankton_abundance,Scenedesmus_quadricatum_cell_mL-1,0,
McKay,NB22-003,0.5,phytoplankton_abundance,McKay_NB22-003_0.5_phytoplankton_abundance,Tetrastrum_staurogeniaeforme_cell_mL-1,0,
McKay,NB22-003,0.5,phytoplankton_abundance,McKay_NB22-003_0.5_phytoplankton_abundance,Micractinium_pusillum_cell_mL-1,0,
McKay,NB22-003,0.5,phytoplankton_abundance,McKay_NB22-003_0.5_phytoplankton_abundance,Ankistrodesmus_spp_cell_mL-1,0,
McKay,NB22-003,0.5,phytoplankton_abundance,McKay_NB22-003_0.5_phytoplankton_abundance,Actinastrum_hantzschii_cell_mL-1,0,
McKay,NB22-003,0.5,phytoplankton_abundance,McKay_NB22-003_0.5_phytoplankton_abundance,Chlorobiflagellates_cell_mL-1,0,
McKay,NB22-003,0.5,phytoplankton_abundance,McKay_NB22-003_0.5_phytoplankton_abundance,Chlamydomonas_spp_cell_mL-1,61000,
McKay,NB22-003,0.5,phytoplankton_abundance,McKay_NB22-003_0.5_phytoplankton_abundance,Dictyosphaerium_spp_cell_mL-1,0,
McKay,NB22-003,0.5,phytoplankton_abundance,McKay_NB22-003_0.5_phytoplankton_abundance,Golenkenia_spp_cell_mL-1,0,
McKay,NB22-003,0.5,phytoplankton_abundance,McKay_NB22-003_0.5_phytoplankton_abundance,Tetraedron_spp_cell_mL-1,0,
McKay,NB22-003,0.5,phytoplankton_abundance,McKay_NB22-003_0.5_phytoplankton_abundance,coccoid_chlorophytes_<10_um_cell_mL-1,1.00E+05,
McKay,NB22-003,0.5,phytoplankton_abundance,McKay_NB22-003_0.5_phytoplankton_abundance,Lagerhemia_cell_mL-1,0,
McKay,NB22-003,0.5,phytoplankton_abundance,McKay_NB22-003_0.5_phytoplankton_abundance,Closterium_spp_cell_mL-1,0,
McKay,NB22-003,0.5,phytoplankton_abundance,McKay_NB22-003_0.5_phytoplankton_abundance,Pediastrum_spp_cell_mL-1,0,
McKay,NB22-003,0.5,phytoplankton_abundance,McKay_NB22-003_0.5_phytoplankton_abundance,Selenastrum_spp_cell_mL-1,0,
McKay,NB22-003,0.5,phytoplankton_abundance,McKay_NB22-003_0.5_phytoplankton_abundance,Oocystis_spp_cell_mL-1,0,
McKay,NB22-003,0.5,phytoplankton_abundance,McKay_NB22-003_0.5_phytoplankton_abundance,Spermatozopsis_spp_cell_mL-1,0,
McKay,NB22-003,0.5,phytoplankton_abundance,McKay_NB22-003_0.5_phytoplankton_abundance,Cosmarium_spp_cell_mL-1,0,
McKay,NB22-003,0.5,phytoplankton_abundance,McKay_NB22-003_0.5_phytoplankton_abundance,Crucigenia_tetrapedia_cell_mL-1,0,
McKay,NB22-003,0.5,phytoplankton_abundance,McKay_NB22-003_0.5_phytoplankton_abundance,Elakatothrix_spp_cell_mL-1,0,
McKay,NB22-003,0.5,phytoplankton_abundance,McKay_NB22-003_0.5_phytoplankton_abundance,picoplankton_cell_mL-1,3.00E+05,
McKay,NB22-003,0.5,phytoplankton_abundance,McKay_NB22-003_0.5_phytoplankton_abundance,Planktolyngbya_spp_cell_mL-1,0,
McKay,NB22-003,0.5,phytoplankton_abundance,McKay_NB22-003_0.5_phytoplankton_abundance,Aphanothece_spp_cell_mL-1,0,
McKay,NB22-003,0.5,phytoplankton_abundance,McKay_NB22-003_0.5_phytoplankton_abundance,Aphanocapsa_spp_cell_mL-1,0,
McKay,NB22-003,0.5,phytoplankton_abundance,McKay_NB22-003_0.5_phytoplankton_abundance,Pseudoanabaena_cell_mL-1,0,
McKay,NB22-003,0.5,phytoplankton_abundance,McKay_NB22-003_0.5_phytoplankton_abundance,Microcystis_spp_cell_mL-1,0,
McKay,NB22-003,0.5,phytoplankton_abundance,McKay_NB22-003_0.5_phytoplankton_abundance,cocoid_cyanophyte_cell_mL-1,0,
McKay,NB22-003,0.5,phytoplankton_abundance,McKay_NB22-003_0.5_phytoplankton_abundance,Chroococcus_spp_cell_mL-1,0,
McKay,NB22-003,0.5,phytoplankton_abundance,McKay_NB22-003_0.5_phytoplankton_abundance,Dolichospermum_spp_cell_mL-1,0,
McKay,NB22-003,0.5,phytoplankton_abundance,McKay_NB22-003_0.5_phytoplankton_abundance,Merismopedia_spp_cell_mL-1,0,
McKay,NB22-003,0.5,phytoplankton_abundance,McKay_NB22-003_0.5_phytoplankton_abundance,Aphanizomenon_flos-aquae_cell_mL-1,0,
McKay,NB22-003,0.5,phytoplankton_abundance,McKay_NB22-003_0.5_phytoplankton_abundance,Jaaginema_spp_cell_mL-1,0,
McKay,NB22-004,0.5,phytoplankton_abundance,McKay_NB22-004_0.5_phytoplankton_abundance,Stephanodiscus_binderanus_cell_mL-1,0,
McKay,NB22-004,0.5,phytoplankton_abundance,McKay_NB22-004_0.5_phytoplankton_abundance,Stephanodiscus_spp_cell_mL-1,0,
McKay,NB22-004,0.5,phytoplankton_abundance,McKay_NB22-004_0.5_phytoplankton_abundance,Aulacoseira_spp_cell_mL-1,0,
McKay,NB22-004,0.5,phytoplankton_abundance,McKay_NB22-004_0.5_phytoplankton_abundance,Fragilaria_spp_cell_mL-1,61000,
McKay,NB22-004,0.5,phytoplankton_abundance,McKay_NB22-004_0.5_phytoplankton_abundance,Nitzschia_sp_cell_mL-1,8000,
McKay,NB22-004,0.5,phytoplankton_abundance,McKay_NB22-004_0.5_phytoplankton_abundance,Staurosira_spp_cell_mL-1,0,
McKay,NB22-004,0.5,phytoplankton_abundance,McKay_NB22-004_0.5_phytoplankton_abundance,Asterionella_formosa_cell_mL-1,7000,
McKay,NB22-004,0.5,phytoplankton_abundance,McKay_NB22-004_0.5_phytoplankton_abundance,Acinoccl_spp_cell_mL-1,0,
McKay,NB22-004,0.5,phytoplankton_abundance,McKay_NB22-004_0.5_phytoplankton_abundance,Surirella_s_cell_mL-1,0,
McKay,NB22-004,0.5,phytoplankton_abundance,McKay_NB22-004_0.5_phytoplankton_abundance,Navicula_spp_cell_mL-1,0,
McKay,NB22-004,0.5,phytoplankton_abundance,McKay_NB22-004_0.5_phytoplankton_abundance,Diatoma_spp_cell_mL-1,0,
McKay,NB22-004,0.5,phytoplankton_abundance,McKay_NB22-004_0.5_phytoplankton_abundance,Tabellaria_spp_cell_mL-1,0,
McKay,NB22-004,0.5,phytoplankton_abundance,McKay_NB22-004_0.5_phytoplankton_abundance,Synedra_spp_cell_mL-1,0,
McKay,NB22-004,0.5,phytoplankton_abundance,McKay_NB22-004_0.5_phytoplankton_abundance,Gomphonema_sp_cell_mL-1,0,
McKay,NB22-004,0.5,phytoplankton_abundance,McKay_NB22-004_0.5_phytoplankton_abundance,Hippodonta_spp_cell_mL-1,0,
McKay,NB22-004,0.5,phytoplankton_abundance,McKay_NB22-004_0.5_phytoplankton_abundance,Uroselenia_spp_cell_mL-1,0,
McKay,NB22-004,0.5,phytoplankton_abundance,McKay_NB22-004_0.5_phytoplankton_abundance,centric_<9_um_cell_mL-1,238000,
McKay,NB22-004,0.5,phytoplankton_abundance,McKay_NB22-004_0.5_phytoplankton_abundance,centric_>9_um_cell_mL-1,14000,
McKay,NB22-004,0.5,phytoplankton_abundance,McKay_NB22-004_0.5_phytoplankton_abundance,Microflagellates_cell_mL-1,1750000,
McKay,NB22-004,0.5,phytoplankton_abundance,McKay_NB22-004_0.5_phytoplankton_abundance,Cryptophyta_cell_mL-1,113000,
McKay,NB22-004,0.5,phytoplankton_abundance,McKay_NB22-004_0.5_phytoplankton_abundance,Pyrrophyta_cell_mL-1,0,
McKay,NB22-004,0.5,phytoplankton_abundance,McKay_NB22-004_0.5_phytoplankton_abundance,Chrysophyta_cell_mL-1,3000,
McKay,NB22-004,0.5,phytoplankton_abundance,McKay_NB22-004_0.5_phytoplankton_abundance,Eugnophyta_cell_mL-1,0,
McKay,NB22-004,0.5,phytoplankton_abundance,McKay_NB22-004_0.5_phytoplankton_abundance,Scenedesmus_quadricatum_cell_mL-1,0,
McKay,NB22-004,0.5,phytoplankton_abundance,McKay_NB22-004_0.5_phytoplankton_abundance,Tetrastrum_staurogeniaeforme_cell_mL-1,0,
McKay,NB22-004,0.5,phytoplankton_abundance,McKay_NB22-004_0.5_phytoplankton_abundance,Micractinium_pusillum_cell_mL-1,0,
McKay,NB22-004,0.5,phytoplankton_abundance,McKay_NB22-004_0.5_phytoplankton_abundance,Ankistrodesmus_spp_cell_mL-1,0,
McKay,NB22-004,0.5,phytoplankton_abundance,McKay_NB22-004_0.5_phytoplankton_abundance,Actinastrum_hantzschii_cell_mL-1,0,
McKay,NB22-004,0.5,phytoplankton_abundance,McKay_NB22-004_0.5_phytoplankton_abundance,Chlorobiflagellates_cell_mL-1,56000,
McKay,NB22-004,0.5,phytoplankton_abundance,McKay_NB22-004_0.5_phytoplankton_abundance,Chlamydomonas_spp_cell_mL-1,0,
McKay,NB22-004,0.5,phytoplankton_abundance,McKay_NB22-004_0.5_phytoplankton_abundance,Dictyosphaerium_spp_cell_mL-1,0,
McKay,NB22-004,0.5,phytoplankton_abundance,McKay_NB22-004_0.5_phytoplankton_abundance,Golenkenia_spp_cell_mL-1,0,
McKay,NB22-004,0.5,phytoplankton_abundance,McKay_NB22-004_0.5_phytoplankton_abundance,Tetraedron_spp_cell_mL-1,0,
McKay,NB22-004,0.5,phytoplankton_abundance,McKay_NB22-004_0.5_phytoplankton_abundance,coccoid_chlorophytes_<10_um_cell_mL-1,56000,
McKay,NB22-004,0.5,phytoplankton_abundance,McKay_NB22-004_0.5_phytoplankton_abundance,Lagerhemia_cell_mL-1,0,
McKay,NB22-004,0.5,phytoplankton_abundance,McKay_NB22-004_0.5_phytoplankton_abundance,Closterium_spp_cell_mL-1,0,
McKay,NB22-004,0.5,phytoplankton_abundance,McKay_NB22-004_0.5_phytoplankton_abundance,Pediastrum_spp_cell_mL-1,0,
McKay,NB22-004,0.5,phytoplankton_abundance,McKay_NB22-004_0.5_phytoplankton_abundance,Selenastrum_spp_cell_mL-1,0,
McKay,NB22-004,0.5,phytoplankton_abundance,McKay_NB22-004_0.5_phytoplankton_abundance,Oocystis_spp_cell_mL-1,0,
McKay,NB22-004,0.5,phytoplankton_abundance,McKay_NB22-004_0.5_phytoplankton_abundance,Spermatozopsis_spp_cell_mL-1,0,
McKay,NB22-004,0.5,phytoplankton_abundance,McKay_NB22-004_0.5_phytoplankton_abundance,Cosmarium_spp_cell_mL-1,0,
McKay,NB22-004,0.5,phytoplankton_abundance,McKay_NB22-004_0.5_phytoplankton_abundance,Crucigenia_tetrapedia_cell_mL-1,0,
McKay,NB22-004,0.5,phytoplankton_abundance,McKay_NB22-004_0.5_phytoplankton_abundance,Elakatothrix_spp_cell_mL-1,0,
McKay,NB22-004,0.5,phytoplankton_abundance,McKay_NB22-004_0.5_phytoplankton_abundance,picoplankton_cell_mL-1,225000,
McKay,NB22-004,0.5,phytoplankton_abundance,McKay_NB22-004_0.5_phytoplankton_abundance,Planktolyngbya_spp_cell_mL-1,0,
McKay,NB22-004,0.5,phytoplankton_abundance,McKay_NB22-004_0.5_phytoplankton_abundance,Aphanothece_spp_cell_mL-1,0,
McKay,NB22-004,0.5,phytoplankton_abundance,McKay_NB22-004_0.5_phytoplankton_abundance,Aphanocapsa_spp_cell_mL-1,0,
McKay,NB22-004,0.5,phytoplankton_abundance,McKay_NB22-004_0.5_phytoplankton_abundance,Pseudoanabaena_cell_mL-1,0,
McKay,NB22-004,0.5,phytoplankton_abundance,McKay_NB22-004_0.5_phytoplankton_abundance,Microcystis_spp_cell_mL-1,0,
McKay,NB22-004,0.5,phytoplankton_abundance,McKay_NB22-004_0.5_phytoplankton_abundance,cocoid_cyanophyte_cell_mL-1,0,
McKay,NB22-004,0.5,phytoplankton_abundance,McKay_NB22-004_0.5_phytoplankton_abundance,Chroococcus_spp_cell_mL-1,0,
McKay,NB22-004,0.5,phytoplankton_abundance,McKay_NB22-004_0.5_phytoplankton_abundance,Dolichospermum_spp_cell_mL-1,0,
McKay,NB22-004,0.5,phytoplankton_abundance,McKay_NB22-004_0.5_phytoplankton_abundance,Merismopedia_spp_cell_mL-1,0,
McKay,NB22-004,0.5,phytoplankton_abundance,McKay_NB22-004_0.5_phytoplankton_abundance,Aphanizomenon_flos-aquae_cell_mL-1,0,
McKay,NB22-004,0.5,phytoplankton_abundance,McKay_NB22-004_0.5_phytoplankton_abundance,Jaaginema_spp_cell_mL-1,0,
McKay,NB22-005,0.5,phytoplankton_abundance,McKay_NB22-005_0.5_phytoplankton_abundance,Stephanodiscus_binderanus_cell_mL-1,302000,
McKay,NB22-005,0.5,phytoplankton_abundance,McKay_NB22-005_0.5_phytoplankton_abundance,Stephanodiscus_spp_cell_mL-1,0,
McKay,NB22-005,0.5,phytoplankton_abundance,McKay_NB22-005_0.5_phytoplankton_abundance,Aulacoseira_spp_cell_mL-1,725000,
McKay,NB22-005,0.5,phytoplankton_abundance,McKay_NB22-005_0.5_phytoplankton_abundance,Fragilaria_spp_cell_mL-1,3000,
McKay,NB22-005,0.5,phytoplankton_abundance,McKay_NB22-005_0.5_phytoplankton_abundance,Nitzschia_sp_cell_mL-1,0,
McKay,NB22-005,0.5,phytoplankton_abundance,McKay_NB22-005_0.5_phytoplankton_abundance,Staurosira_spp_cell_mL-1,0,
McKay,NB22-005,0.5,phytoplankton_abundance,McKay_NB22-005_0.5_phytoplankton_abundance,Asterionella_formosa_cell_mL-1,0,
McKay,NB22-005,0.5,phytoplankton_abundance,McKay_NB22-005_0.5_phytoplankton_abundance,Acinoccl_spp_cell_mL-1,0,
McKay,NB22-005,0.5,phytoplankton_abundance,McKay_NB22-005_0.5_phytoplankton_abundance,Surirella_s_cell_mL-1,0,
McKay,NB22-005,0.5,phytoplankton_abundance,McKay_NB22-005_0.5_phytoplankton_abundance,Navicula_spp_cell_mL-1,0,
McKay,NB22-005,0.5,phytoplankton_abundance,McKay_NB22-005_0.5_phytoplankton_abundance,Diatoma_spp_cell_mL-1,0,
McKay,NB22-005,0.5,phytoplankton_abundance,McKay_NB22-005_0.5_phytoplankton_abundance,Tabellaria_spp_cell_mL-1,0,
McKay,NB22-005,0.5,phytoplankton_abundance,McKay_NB22-005_0.5_phytoplankton_abundance,Synedra_spp_cell_mL-1,3000,
McKay,NB22-005,0.5,phytoplankton_abundance,McKay_NB22-005_0.5_phytoplankton_abundance,Gomphonema_sp_cell_mL-1,0,
McKay,NB22-005,0.5,phytoplankton_abundance,McKay_NB22-005_0.5_phytoplankton_abundance,Hippodonta_spp_cell_mL-1,0,
McKay,NB22-005,0.5,phytoplankton_abundance,McKay_NB22-005_0.5_phytoplankton_abundance,Uroselenia_spp_cell_mL-1,0,
McKay,NB22-005,0.5,phytoplankton_abundance,McKay_NB22-005_0.5_phytoplankton_abundance,centric_<9_um_cell_mL-1,68000,
McKay,NB22-005,0.5,phytoplankton_abundance,McKay_NB22-005_0.5_phytoplankton_abundance,centric_>9_um_cell_mL-1,41000,
McKay,NB22-005,0.5,phytoplankton_abundance,McKay_NB22-005_0.5_phytoplankton_abundance,Microflagellates_cell_mL-1,176000,
McKay,NB22-005,0.5,phytoplankton_abundance,McKay_NB22-005_0.5_phytoplankton_abundance,Cryptophyta_cell_mL-1,2000,
McKay,NB22-005,0.5,phytoplankton_abundance,McKay_NB22-005_0.5_phytoplankton_abundance,Pyrrophyta_cell_mL-1,0,
McKay,NB22-005,0.5,phytoplankton_abundance,McKay_NB22-005_0.5_phytoplankton_abundance,Chrysophyta_cell_mL-1,0,
McKay,NB22-005,0.5,phytoplankton_abundance,McKay_NB22-005_0.5_phytoplankton_abundance,Eugnophyta_cell_mL-1,0,
McKay,NB22-005,0.5,phytoplankton_abundance,McKay_NB22-005_0.5_phytoplankton_abundance,Scenedesmus_quadricatum_cell_mL-1,7000,
McKay,NB22-005,0.5,phytoplankton_abundance,McKay_NB22-005_0.5_phytoplankton_abundance,Tetrastrum_staurogeniaeforme_cell_mL-1,0,
McKay,NB22-005,0.5,phytoplankton_abundance,McKay_NB22-005_0.5_phytoplankton_abundance,Micractinium_pusillum_cell_mL-1,0,
McKay,NB22-005,0.5,phytoplankton_abundance,McKay_NB22-005_0.5_phytoplankton_abundance,Ankistrodesmus_spp_cell_mL-1,7000,
McKay,NB22-005,0.5,phytoplankton_abundance,McKay_NB22-005_0.5_phytoplankton_abundance,Actinastrum_hantzschii_cell_mL-1,0,
McKay,NB22-005,0.5,phytoplankton_abundance,McKay_NB22-005_0.5_phytoplankton_abundance,Chlorobiflagellates_cell_mL-1,0,
McKay,NB22-005,0.5,phytoplankton_abundance,McKay_NB22-005_0.5_phytoplankton_abundance,Chlamydomonas_spp_cell_mL-1,0,
McKay,NB22-005,0.5,phytoplankton_abundance,McKay_NB22-005_0.5_phytoplankton_abundance,Dictyosphaerium_spp_cell_mL-1,18000,
McKay,NB22-005,0.5,phytoplankton_abundance,McKay_NB22-005_0.5_phytoplankton_abundance,Golenkenia_spp_cell_mL-1,0,
McKay,NB22-005,0.5,phytoplankton_abundance,McKay_NB22-005_0.5_phytoplankton_abundance,Tetraedron_spp_cell_mL-1,0,
McKay,NB22-005,0.5,phytoplankton_abundance,McKay_NB22-005_0.5_phytoplankton_abundance,coccoid_chlorophytes_<10_um_cell_mL-1,0,
McKay,NB22-005,0.5,phytoplankton_abundance,McKay_NB22-005_0.5_phytoplankton_abundance,Lagerhemia_cell_mL-1,0,
McKay,NB22-005,0.5,phytoplankton_abundance,McKay_NB22-005_0.5_phytoplankton_abundance,Closterium_spp_cell_mL-1,0,
McKay,NB22-005,0.5,phytoplankton_abundance,McKay_NB22-005_0.5_phytoplankton_abundance,Pediastrum_spp_cell_mL-1,0,
McKay,NB22-005,0.5,phytoplankton_abundance,McKay_NB22-005_0.5_phytoplankton_abundance,Selenastrum_spp_cell_mL-1,0,
McKay,NB22-005,0.5,phytoplankton_abundance,McKay_NB22-005_0.5_phytoplankton_abundance,Oocystis_spp_cell_mL-1,0,
McKay,NB22-005,0.5,phytoplankton_abundance,McKay_NB22-005_0.5_phytoplankton_abundance,Spermatozopsis_spp_cell_mL-1,0,
McKay,NB22-005,0.5,phytoplankton_abundance,McKay_NB22-005_0.5_phytoplankton_abundance,Cosmarium_spp_cell_mL-1,0,
McKay,NB22-005,0.5,phytoplankton_abundance,McKay_NB22-005_0.5_phytoplankton_abundance,Crucigenia_tetrapedia_cell_mL-1,0,
McKay,NB22-005,0.5,phytoplankton_abundance,McKay_NB22-005_0.5_phytoplankton_abundance,Elakatothrix_spp_cell_mL-1,0,
McKay,NB22-005,0.5,phytoplankton_abundance,McKay_NB22-005_0.5_phytoplankton_abundance,picoplankton_cell_mL-1,10000,
McKay,NB22-005,0.5,phytoplankton_abundance,McKay_NB22-005_0.5_phytoplankton_abundance,Planktolyngbya_spp_cell_mL-1,0,
McKay,NB22-005,0.5,phytoplankton_abundance,McKay_NB22-005_0.5_phytoplankton_abundance,Aphanothece_spp_cell_mL-1,0,
McKay,NB22-005,0.5,phytoplankton_abundance,McKay_NB22-005_0.5_phytoplankton_abundance,Aphanocapsa_spp_cell_mL-1,0,
McKay,NB22-005,0.5,phytoplankton_abundance,McKay_NB22-005_0.5_phytoplankton_abundance,Pseudoanabaena_cell_mL-1,0,
McKay,NB22-005,0.5,phytoplankton_abundance,McKay_NB22-005_0.5_phytoplankton_abundance,Microcystis_spp_cell_mL-1,0,
McKay,NB22-005,0.5,phytoplankton_abundance,McKay_NB22-005_0.5_phytoplankton_abundance,cocoid_cyanophyte_cell_mL-1,0,
McKay,NB22-005,0.5,phytoplankton_abundance,McKay_NB22-005_0.5_phytoplankton_abundance,Chroococcus_spp_cell_mL-1,0,
McKay,NB22-005,0.5,phytoplankton_abundance,McKay_NB22-005_0.5_phytoplankton_abundance,Dolichospermum_spp_cell_mL-1,0,
McKay,NB22-005,0.5,phytoplankton_abundance,McKay_NB22-005_0.5_phytoplankton_abundance,Merismopedia_spp_cell_mL-1,0,
McKay,NB22-005,0.5,phytoplankton_abundance,McKay_NB22-005_0.5_phytoplankton_abundance,Aphanizomenon_flos-aquae_cell_mL-1,0,
McKay,NB22-005,0.5,phytoplankton_abundance,McKay_NB22-005_0.5_phytoplankton_abundance,Jaaginema_spp_cell_mL-1,0,
McKay,NB22-006,0.5,phytoplankton_abundance,McKay_NB22-006_0.5_phytoplankton_abundance,Stephanodiscus_binderanus_cell_mL-1,0,
McKay,NB22-006,0.5,phytoplankton_abundance,McKay_NB22-006_0.5_phytoplankton_abundance,Stephanodiscus_spp_cell_mL-1,0,
McKay,NB22-006,0.5,phytoplankton_abundance,McKay_NB22-006_0.5_phytoplankton_abundance,Aulacoseira_spp_cell_mL-1,4.00E+05,
McKay,NB22-006,0.5,phytoplankton_abundance,McKay_NB22-006_0.5_phytoplankton_abundance,Fragilaria_spp_cell_mL-1,109000,
McKay,NB22-006,0.5,phytoplankton_abundance,McKay_NB22-006_0.5_phytoplankton_abundance,Nitzschia_sp_cell_mL-1,0,
McKay,NB22-006,0.5,phytoplankton_abundance,McKay_NB22-006_0.5_phytoplankton_abundance,Staurosira_spp_cell_mL-1,0,
McKay,NB22-006,0.5,phytoplankton_abundance,McKay_NB22-006_0.5_phytoplankton_abundance,Asterionella_formosa_cell_mL-1,195000,
McKay,NB22-006,0.5,phytoplankton_abundance,McKay_NB22-006_0.5_phytoplankton_abundance,Acinoccl_spp_cell_mL-1,0,
McKay,NB22-006,0.5,phytoplankton_abundance,McKay_NB22-006_0.5_phytoplankton_abundance,Surirella_s_cell_mL-1,0,
McKay,NB22-006,0.5,phytoplankton_abundance,McKay_NB22-006_0.5_phytoplankton_abundance,Navicula_spp_cell_mL-1,0,
McKay,NB22-006,0.5,phytoplankton_abundance,McKay_NB22-006_0.5_phytoplankton_abundance,Diatoma_spp_cell_mL-1,55000,
McKay,NB22-006,0.5,phytoplankton_abundance,McKay_NB22-006_0.5_phytoplankton_abundance,Tabellaria_spp_cell_mL-1,0,
McKay,NB22-006,0.5,phytoplankton_abundance,McKay_NB22-006_0.5_phytoplankton_abundance,Synedra_spp_cell_mL-1,0,
McKay,NB22-006,0.5,phytoplankton_abundance,McKay_NB22-006_0.5_phytoplankton_abundance,Gomphonema_sp_cell_mL-1,0,
McKay,NB22-006,0.5,phytoplankton_abundance,McKay_NB22-006_0.5_phytoplankton_abundance,Hippodonta_spp_cell_mL-1,0,
McKay,NB22-006,0.5,phytoplankton_abundance,McKay_NB22-006_0.5_phytoplankton_abundance,Uroselenia_spp_cell_mL-1,0,
McKay,NB22-006,0.5,phytoplankton_abundance,McKay_NB22-006_0.5_phytoplankton_abundance,centric_<9_um_cell_mL-1,2750000,
McKay,NB22-006,0.5,phytoplankton_abundance,McKay_NB22-006_0.5_phytoplankton_abundance,centric_>9_um_cell_mL-1,3750000,
McKay,NB22-006,0.5,phytoplankton_abundance,McKay_NB22-006_0.5_phytoplankton_abundance,Microflagellates_cell_mL-1,18000,
McKay,NB22-006,0.5,phytoplankton_abundance,McKay_NB22-006_0.5_phytoplankton_abundance,Cryptophyta_cell_mL-1,6000,
McKay,NB22-006,0.5,phytoplankton_abundance,McKay_NB22-006_0.5_phytoplankton_abundance,Pyrrophyta_cell_mL-1,0,
McKay,NB22-006,0.5,phytoplankton_abundance,McKay_NB22-006_0.5_phytoplankton_abundance,Chrysophyta_cell_mL-1,500,
McKay,NB22-006,0.5,phytoplankton_abundance,McKay_NB22-006_0.5_phytoplankton_abundance,Eugnophyta_cell_mL-1,0,
McKay,NB22-006,0.5,phytoplankton_abundance,McKay_NB22-006_0.5_phytoplankton_abundance,Scenedesmus_quadricatum_cell_mL-1,12000,
McKay,NB22-006,0.5,phytoplankton_abundance,McKay_NB22-006_0.5_phytoplankton_abundance,Tetrastrum_staurogeniaeforme_cell_mL-1,0,
McKay,NB22-006,0.5,phytoplankton_abundance,McKay_NB22-006_0.5_phytoplankton_abundance,Micractinium_pusillum_cell_mL-1,0,
McKay,NB22-006,0.5,phytoplankton_abundance,McKay_NB22-006_0.5_phytoplankton_abundance,Ankistrodesmus_spp_cell_mL-1,900,
McKay,NB22-006,0.5,phytoplankton_abundance,McKay_NB22-006_0.5_phytoplankton_abundance,Actinastrum_hantzschii_cell_mL-1,0,
McKay,NB22-006,0.5,phytoplankton_abundance,McKay_NB22-006_0.5_phytoplankton_abundance,Chlorobiflagellates_cell_mL-1,0,
McKay,NB22-006,0.5,phytoplankton_abundance,McKay_NB22-006_0.5_phytoplankton_abundance,Chlamydomonas_spp_cell_mL-1,0,
McKay,NB22-006,0.5,phytoplankton_abundance,McKay_NB22-006_0.5_phytoplankton_abundance,Dictyosphaerium_spp_cell_mL-1,0,
McKay,NB22-006,0.5,phytoplankton_abundance,McKay_NB22-006_0.5_phytoplankton_abundance,Golenkenia_spp_cell_mL-1,0,
McKay,NB22-006,0.5,phytoplankton_abundance,McKay_NB22-006_0.5_phytoplankton_abundance,Tetraedron_spp_cell_mL-1,0,
McKay,NB22-006,0.5,phytoplankton_abundance,McKay_NB22-006_0.5_phytoplankton_abundance,coccoid_chlorophytes_<10_um_cell_mL-1,6000,
McKay,NB22-006,0.5,phytoplankton_abundance,McKay_NB22-006_0.5_phytoplankton_abundance,Lagerhemia_cell_mL-1,0,
McKay,NB22-006,0.5,phytoplankton_abundance,McKay_NB22-006_0.5_phytoplankton_abundance,Closterium_spp_cell_mL-1,0,
McKay,NB22-006,0.5,phytoplankton_abundance,McKay_NB22-006_0.5_phytoplankton_abundance,Pediastrum_spp_cell_mL-1,0,
McKay,NB22-006,0.5,phytoplankton_abundance,McKay_NB22-006_0.5_phytoplankton_abundance,Selenastrum_spp_cell_mL-1,0,
McKay,NB22-006,0.5,phytoplankton_abundance,McKay_NB22-006_0.5_phytoplankton_abundance,Oocystis_spp_cell_mL-1,9600,
McKay,NB22-006,0.5,phytoplankton_abundance,McKay_NB22-006_0.5_phytoplankton_abundance,Spermatozopsis_spp_cell_mL-1,0,
McKay,NB22-006,0.5,phytoplankton_abundance,McKay_NB22-006_0.5_phytoplankton_abundance,Cosmarium_spp_cell_mL-1,500,
McKay,NB22-006,0.5,phytoplankton_abundance,McKay_NB22-006_0.5_phytoplankton_abundance,Crucigenia_tetrapedia_cell_mL-1,24000,
McKay,NB22-006,0.5,phytoplankton_abundance,McKay_NB22-006_0.5_phytoplankton_abundance,Elakatothrix_spp_cell_mL-1,0,
McKay,NB22-006,0.5,phytoplankton_abundance,McKay_NB22-006_0.5_phytoplankton_abundance,picoplankton_cell_mL-1,504000,
McKay,NB22-006,0.5,phytoplankton_abundance,McKay_NB22-006_0.5_phytoplankton_abundance,Planktolyngbya_spp_cell_mL-1,192000,
McKay,NB22-006,0.5,phytoplankton_abundance,McKay_NB22-006_0.5_phytoplankton_abundance,Aphanothece_spp_cell_mL-1,0,
McKay,NB22-006,0.5,phytoplankton_abundance,McKay_NB22-006_0.5_phytoplankton_abundance,Aphanocapsa_spp_cell_mL-1,147000,
McKay,NB22-006,0.5,phytoplankton_abundance,McKay_NB22-006_0.5_phytoplankton_abundance,Pseudoanabaena_cell_mL-1,68700,
McKay,NB22-006,0.5,phytoplankton_abundance,McKay_NB22-006_0.5_phytoplankton_abundance,Microcystis_spp_cell_mL-1,0,
McKay,NB22-006,0.5,phytoplankton_abundance,McKay_NB22-006_0.5_phytoplankton_abundance,cocoid_cyanophyte_cell_mL-1,54000,
McKay,NB22-006,0.5,phytoplankton_abundance,McKay_NB22-006_0.5_phytoplankton_abundance,Chroococcus_spp_cell_mL-1,0,
McKay,NB22-006,0.5,phytoplankton_abundance,McKay_NB22-006_0.5_phytoplankton_abundance,Dolichospermum_spp_cell_mL-1,0,
McKay,NB22-006,0.5,phytoplankton_abundance,McKay_NB22-006_0.5_phytoplankton_abundance,Merismopedia_spp_cell_mL-1,144000,
McKay,NB22-006,0.5,phytoplankton_abundance,McKay_NB22-006_0.5_phytoplankton_abundance,Aphanizomenon_flos-aquae_cell_mL-1,0,
McKay,NB22-006,0.5,phytoplankton_abundance,McKay_NB22-006_0.5_phytoplankton_abundance,Jaaginema_spp_cell_mL-1,0,
McKay,NB22-007,0.5,phytoplankton_abundance,McKay_NB22-007_0.5_phytoplankton_abundance,Stephanodiscus_binderanus_cell_mL-1,0,
McKay,NB22-007,0.5,phytoplankton_abundance,McKay_NB22-007_0.5_phytoplankton_abundance,Stephanodiscus_spp_cell_mL-1,0,
McKay,NB22-007,0.5,phytoplankton_abundance,McKay_NB22-007_0.5_phytoplankton_abundance,Aulacoseira_spp_cell_mL-1,0,
McKay,NB22-007,0.5,phytoplankton_abundance,McKay_NB22-007_0.5_phytoplankton_abundance,Fragilaria_spp_cell_mL-1,0,
McKay,NB22-007,0.5,phytoplankton_abundance,McKay_NB22-007_0.5_phytoplankton_abundance,Nitzschia_sp_cell_mL-1,6000,
McKay,NB22-007,0.5,phytoplankton_abundance,McKay_NB22-007_0.5_phytoplankton_abundance,Staurosira_spp_cell_mL-1,0,
McKay,NB22-007,0.5,phytoplankton_abundance,McKay_NB22-007_0.5_phytoplankton_abundance,Asterionella_formosa_cell_mL-1,21000,
McKay,NB22-007,0.5,phytoplankton_abundance,McKay_NB22-007_0.5_phytoplankton_abundance,Acinoccl_spp_cell_mL-1,0,
McKay,NB22-007,0.5,phytoplankton_abundance,McKay_NB22-007_0.5_phytoplankton_abundance,Surirella_s_cell_mL-1,0,
McKay,NB22-007,0.5,phytoplankton_abundance,McKay_NB22-007_0.5_phytoplankton_abundance,Navicula_spp_cell_mL-1,3000,
McKay,NB22-007,0.5,phytoplankton_abundance,McKay_NB22-007_0.5_phytoplankton_abundance,Diatoma_spp_cell_mL-1,5000,
McKay,NB22-007,0.5,phytoplankton_abundance,McKay_NB22-007_0.5_phytoplankton_abundance,Tabellaria_spp_cell_mL-1,0,
McKay,NB22-007,0.5,phytoplankton_abundance,McKay_NB22-007_0.5_phytoplankton_abundance,Synedra_spp_cell_mL-1,0,
McKay,NB22-007,0.5,phytoplankton_abundance,McKay_NB22-007_0.5_phytoplankton_abundance,Gomphonema_sp_cell_mL-1,0,
McKay,NB22-007,0.5,phytoplankton_abundance,McKay_NB22-007_0.5_phytoplankton_abundance,Hippodonta_spp_cell_mL-1,0,
McKay,NB22-007,0.5,phytoplankton_abundance,McKay_NB22-007_0.5_phytoplankton_abundance,Uroselenia_spp_cell_mL-1,0,
McKay,NB22-007,0.5,phytoplankton_abundance,McKay_NB22-007_0.5_phytoplankton_abundance,centric_<9_um_cell_mL-1,3380000,
McKay,NB22-007,0.5,phytoplankton_abundance,McKay_NB22-007_0.5_phytoplankton_abundance,centric_>9_um_cell_mL-1,5010000,
McKay,NB22-007,0.5,phytoplankton_abundance,McKay_NB22-007_0.5_phytoplankton_abundance,Microflagellates_cell_mL-1,363000,
McKay,NB22-007,0.5,phytoplankton_abundance,McKay_NB22-007_0.5_phytoplankton_abundance,Cryptophyta_cell_mL-1,250000,
McKay,NB22-007,0.5,phytoplankton_abundance,McKay_NB22-007_0.5_phytoplankton_abundance,Pyrrophyta_cell_mL-1,12800,
McKay,NB22-007,0.5,phytoplankton_abundance,McKay_NB22-007_0.5_phytoplankton_abundance,Chrysophyta_cell_mL-1,43000,
McKay,NB22-007,0.5,phytoplankton_abundance,McKay_NB22-007_0.5_phytoplankton_abundance,Eugnophyta_cell_mL-1,900,
McKay,NB22-007,0.5,phytoplankton_abundance,McKay_NB22-007_0.5_phytoplankton_abundance,Scenedesmus_quadricatum_cell_mL-1,39000,
McKay,NB22-007,0.5,phytoplankton_abundance,McKay_NB22-007_0.5_phytoplankton_abundance,Tetrastrum_staurogeniaeforme_cell_mL-1,0,
McKay,NB22-007,0.5,phytoplankton_abundance,McKay_NB22-007_0.5_phytoplankton_abundance,Micractinium_pusillum_cell_mL-1,0,
McKay,NB22-007,0.5,phytoplankton_abundance,McKay_NB22-007_0.5_phytoplankton_abundance,Ankistrodesmus_spp_cell_mL-1,30000,
McKay,NB22-007,0.5,phytoplankton_abundance,McKay_NB22-007_0.5_phytoplankton_abundance,Actinastrum_hantzschii_cell_mL-1,0,
McKay,NB22-007,0.5,phytoplankton_abundance,McKay_NB22-007_0.5_phytoplankton_abundance,Chlorobiflagellates_cell_mL-1,29000,
McKay,NB22-007,0.5,phytoplankton_abundance,McKay_NB22-007_0.5_phytoplankton_abundance,Chlamydomonas_spp_cell_mL-1,10000,
McKay,NB22-007,0.5,phytoplankton_abundance,McKay_NB22-007_0.5_phytoplankton_abundance,Dictyosphaerium_spp_cell_mL-1,0,
McKay,NB22-007,0.5,phytoplankton_abundance,McKay_NB22-007_0.5_phytoplankton_abundance,Golenkenia_spp_cell_mL-1,0,
McKay,NB22-007,0.5,phytoplankton_abundance,McKay_NB22-007_0.5_phytoplankton_abundance,Tetraedron_spp_cell_mL-1,0,
McKay,NB22-007,0.5,phytoplankton_abundance,McKay_NB22-007_0.5_phytoplankton_abundance,coccoid_chlorophytes_<10_um_cell_mL-1,49000,
McKay,NB22-007,0.5,phytoplankton_abundance,McKay_NB22-007_0.5_phytoplankton_abundance,Lagerhemia_cell_mL-1,0,
McKay,NB22-007,0.5,phytoplankton_abundance,McKay_NB22-007_0.5_phytoplankton_abundance,Closterium_spp_cell_mL-1,0,
McKay,NB22-007,0.5,phytoplankton_abundance,McKay_NB22-007_0.5_phytoplankton_abundance,Pediastrum_spp_cell_mL-1,26000,
McKay,NB22-007,0.5,phytoplankton_abundance,McKay_NB22-007_0.5_phytoplankton_abundance,Selenastrum_spp_cell_mL-1,0,
McKay,NB22-007,0.5,phytoplankton_abundance,McKay_NB22-007_0.5_phytoplankton_abundance,Oocystis_spp_cell_mL-1,0,
McKay,NB22-007,0.5,phytoplankton_abundance,McKay_NB22-007_0.5_phytoplankton_abundance,Spermatozopsis_spp_cell_mL-1,0,
McKay,NB22-007,0.5,phytoplankton_abundance,McKay_NB22-007_0.5_phytoplankton_abundance,Cosmarium_spp_cell_mL-1,0,
McKay,NB22-007,0.5,phytoplankton_abundance,McKay_NB22-007_0.5_phytoplankton_abundance,Crucigenia_tetrapedia_cell_mL-1,0,
McKay,NB22-007,0.5,phytoplankton_abundance,McKay_NB22-007_0.5_phytoplankton_abundance,Elakatothrix_spp_cell_mL-1,2000,
McKay,NB22-007,0.5,phytoplankton_abundance,McKay_NB22-007_0.5_phytoplankton_abundance,picoplankton_cell_mL-1,157000,
McKay,NB22-007,0.5,phytoplankton_abundance,McKay_NB22-007_0.5_phytoplankton_abundance,Planktolyngbya_spp_cell_mL-1,38700,
McKay,NB22-007,0.5,phytoplankton_abundance,McKay_NB22-007_0.5_phytoplankton_abundance,Aphanothece_spp_cell_mL-1,0,
McKay,NB22-007,0.5,phytoplankton_abundance,McKay_NB22-007_0.5_phytoplankton_abundance,Aphanocapsa_spp_cell_mL-1,1470000,
McKay,NB22-007,0.5,phytoplankton_abundance,McKay_NB22-007_0.5_phytoplankton_abundance,Pseudoanabaena_cell_mL-1,0,
McKay,NB22-007,0.5,phytoplankton_abundance,McKay_NB22-007_0.5_phytoplankton_abundance,Microcystis_spp_cell_mL-1,5720000,
McKay,NB22-007,0.5,phytoplankton_abundance,McKay_NB22-007_0.5_phytoplankton_abundance,cocoid_cyanophyte_cell_mL-1,10000,
McKay,NB22-007,0.5,phytoplankton_abundance,McKay_NB22-007_0.5_phytoplankton_abundance,Chroococcus_spp_cell_mL-1,157000,
McKay,NB22-007,0.5,phytoplankton_abundance,McKay_NB22-007_0.5_phytoplankton_abundance,Dolichospermum_spp_cell_mL-1,0,
McKay,NB22-007,0.5,phytoplankton_abundance,McKay_NB22-007_0.5_phytoplankton_abundance,Merismopedia_spp_cell_mL-1,235000,
McKay,NB22-007,0.5,phytoplankton_abundance,McKay_NB22-007_0.5_phytoplankton_abundance,Aphanizomenon_flos-aquae_cell_mL-1,0,
McKay,NB22-007,0.5,phytoplankton_abundance,McKay_NB22-007_0.5_phytoplankton_abundance,Jaaginema_spp_cell_mL-1,0,
McKay,NB22-008,0.5,phytoplankton_abundance,McKay_NB22-008_0.5_phytoplankton_abundance,Stephanodiscus_binderanus_cell_mL-1,30000,
McKay,NB22-008,0.5,phytoplankton_abundance,McKay_NB22-008_0.5_phytoplankton_abundance,Stephanodiscus_spp_cell_mL-1,0,
McKay,NB22-008,0.5,phytoplankton_abundance,McKay_NB22-008_0.5_phytoplankton_abundance,Aulacoseira_spp_cell_mL-1,0,
McKay,NB22-008,0.5,phytoplankton_abundance,McKay_NB22-008_0.5_phytoplankton_abundance,Fragilaria_spp_cell_mL-1,12000,
McKay,NB22-008,0.5,phytoplankton_abundance,McKay_NB22-008_0.5_phytoplankton_abundance,Nitzschia_sp_cell_mL-1,2000,
McKay,NB22-008,0.5,phytoplankton_abundance,McKay_NB22-008_0.5_phytoplankton_abundance,Staurosira_spp_cell_mL-1,10000,
McKay,NB22-008,0.5,phytoplankton_abundance,McKay_NB22-008_0.5_phytoplankton_abundance,Asterionella_formosa_cell_mL-1,0,
McKay,NB22-008,0.5,phytoplankton_abundance,McKay_NB22-008_0.5_phytoplankton_abundance,Acinoccl_spp_cell_mL-1,0,
McKay,NB22-008,0.5,phytoplankton_abundance,McKay_NB22-008_0.5_phytoplankton_abundance,Surirella_s_cell_mL-1,0,
McKay,NB22-008,0.5,phytoplankton_abundance,McKay_NB22-008_0.5_phytoplankton_abundance,Navicula_spp_cell_mL-1,2000,
McKay,NB22-008,0.5,phytoplankton_abundance,McKay_NB22-008_0.5_phytoplankton_abundance,Diatoma_spp_cell_mL-1,0,
McKay,NB22-008,0.5,phytoplankton_abundance,McKay_NB22-008_0.5_phytoplankton_abundance,Tabellaria_spp_cell_mL-1,0,
McKay,NB22-008,0.5,phytoplankton_abundance,McKay_NB22-008_0.5_phytoplankton_abundance,Synedra_spp_cell_mL-1,0,
McKay,NB22-008,0.5,phytoplankton_abundance,McKay_NB22-008_0.5_phytoplankton_abundance,Gomphonema_sp_cell_mL-1,0,
McKay,NB22-008,0.5,phytoplankton_abundance,McKay_NB22-008_0.5_phytoplankton_abundance,Hippodonta_spp_cell_mL-1,0,
McKay,NB22-008,0.5,phytoplankton_abundance,McKay_NB22-008_0.5_phytoplankton_abundance,Uroselenia_spp_cell_mL-1,0,
McKay,NB22-008,0.5,phytoplankton_abundance,McKay_NB22-008_0.5_phytoplankton_abundance,centric_<9_um_cell_mL-1,225000,
McKay,NB22-008,0.5,phytoplankton_abundance,McKay_NB22-008_0.5_phytoplankton_abundance,centric_>9_um_cell_mL-1,216000,
McKay,NB22-008,0.5,phytoplankton_abundance,McKay_NB22-008_0.5_phytoplankton_abundance,Microflagellates_cell_mL-1,1350000,
McKay,NB22-008,0.5,phytoplankton_abundance,McKay_NB22-008_0.5_phytoplankton_abundance,Cryptophyta_cell_mL-1,150000,
McKay,NB22-008,0.5,phytoplankton_abundance,McKay_NB22-008_0.5_phytoplankton_abundance,Pyrrophyta_cell_mL-1,5000,
McKay,NB22-008,0.5,phytoplankton_abundance,McKay_NB22-008_0.5_phytoplankton_abundance,Chrysophyta_cell_mL-1,3600000,
McKay,NB22-008,0.5,phytoplankton_abundance,McKay_NB22-008_0.5_phytoplankton_abundance,Eugnophyta_cell_mL-1,0,
McKay,NB22-008,0.5,phytoplankton_abundance,McKay_NB22-008_0.5_phytoplankton_abundance,Scenedesmus_quadricatum_cell_mL-1,0,
McKay,NB22-008,0.5,phytoplankton_abundance,McKay_NB22-008_0.5_phytoplankton_abundance,Tetrastrum_staurogeniaeforme_cell_mL-1,0,
McKay,NB22-008,0.5,phytoplankton_abundance,McKay_NB22-008_0.5_phytoplankton_abundance,Micractinium_pusillum_cell_mL-1,0,
McKay,NB22-008,0.5,phytoplankton_abundance,McKay_NB22-008_0.5_phytoplankton_abundance,Ankistrodesmus_spp_cell_mL-1,150000,
McKay,NB22-008,0.5,phytoplankton_abundance,McKay_NB22-008_0.5_phytoplankton_abundance,Actinastrum_hantzschii_cell_mL-1,0,
McKay,NB22-008,0.5,phytoplankton_abundance,McKay_NB22-008_0.5_phytoplankton_abundance,Chlorobiflagellates_cell_mL-1,150000,
McKay,NB22-008,0.5,phytoplankton_abundance,McKay_NB22-008_0.5_phytoplankton_abundance,Chlamydomonas_spp_cell_mL-1,75000,
McKay,NB22-008,0.5,phytoplankton_abundance,McKay_NB22-008_0.5_phytoplankton_abundance,Dictyosphaerium_spp_cell_mL-1,0,
McKay,NB22-008,0.5,phytoplankton_abundance,McKay_NB22-008_0.5_phytoplankton_abundance,Golenkenia_spp_cell_mL-1,0,
McKay,NB22-008,0.5,phytoplankton_abundance,McKay_NB22-008_0.5_phytoplankton_abundance,Tetraedron_spp_cell_mL-1,0,
McKay,NB22-008,0.5,phytoplankton_abundance,McKay_NB22-008_0.5_phytoplankton_abundance,coccoid_chlorophytes_<10_um_cell_mL-1,75000,
McKay,NB22-008,0.5,phytoplankton_abundance,McKay_NB22-008_0.5_phytoplankton_abundance,Lagerhemia_cell_mL-1,0,
McKay,NB22-008,0.5,phytoplankton_abundance,McKay_NB22-008_0.5_phytoplankton_abundance,Closterium_spp_cell_mL-1,0,
McKay,NB22-008,0.5,phytoplankton_abundance,McKay_NB22-008_0.5_phytoplankton_abundance,Pediastrum_spp_cell_mL-1,0,
McKay,NB22-008,0.5,phytoplankton_abundance,McKay_NB22-008_0.5_phytoplankton_abundance,Selenastrum_spp_cell_mL-1,0,
McKay,NB22-008,0.5,phytoplankton_abundance,McKay_NB22-008_0.5_phytoplankton_abundance,Oocystis_spp_cell_mL-1,450000,
McKay,NB22-008,0.5,phytoplankton_abundance,McKay_NB22-008_0.5_phytoplankton_abundance,Spermatozopsis_spp_cell_mL-1,0,
McKay,NB22-008,0.5,phytoplankton_abundance,McKay_NB22-008_0.5_phytoplankton_abundance,Cosmarium_spp_cell_mL-1,0,
McKay,NB22-008,0.5,phytoplankton_abundance,McKay_NB22-008_0.5_phytoplankton_abundance,Crucigenia_tetrapedia_cell_mL-1,0,
McKay,NB22-008,0.5,phytoplankton_abundance,McKay_NB22-008_0.5_phytoplankton_abundance,Elakatothrix_spp_cell_mL-1,2000,
McKay,NB22-008,0.5,phytoplankton_abundance,McKay_NB22-008_0.5_phytoplankton_abundance,picoplankton_cell_mL-1,225000,
McKay,NB22-008,0.5,phytoplankton_abundance,McKay_NB22-008_0.5_phytoplankton_abundance,Planktolyngbya_spp_cell_mL-1,22000,
McKay,NB22-008,0.5,phytoplankton_abundance,McKay_NB22-008_0.5_phytoplankton_abundance,Aphanothece_spp_cell_mL-1,0,
McKay,NB22-008,0.5,phytoplankton_abundance,McKay_NB22-008_0.5_phytoplankton_abundance,Aphanocapsa_spp_cell_mL-1,0,
McKay,NB22-008,0.5,phytoplankton_abundance,McKay_NB22-008_0.5_phytoplankton_abundance,Pseudoanabaena_cell_mL-1,0,
McKay,NB22-008,0.5,phytoplankton_abundance,McKay_NB22-008_0.5_phytoplankton_abundance,Microcystis_spp_cell_mL-1,0,
McKay,NB22-008,0.5,phytoplankton_abundance,McKay_NB22-008_0.5_phytoplankton_abundance,cocoid_cyanophyte_cell_mL-1,0,
McKay,NB22-008,0.5,phytoplankton_abundance,McKay_NB22-008_0.5_phytoplankton_abundance,Chroococcus_spp_cell_mL-1,0,
McKay,NB22-008,0.5,phytoplankton_abundance,McKay_NB22-008_0.5_phytoplankton_abundance,Dolichospermum_spp_cell_mL-1,0,
McKay,NB22-008,0.5,phytoplankton_abundance,McKay_NB22-008_0.5_phytoplankton_abundance,Merismopedia_spp_cell_mL-1,3.00E+05,
McKay,NB22-008,0.5,phytoplankton_abundance,McKay_NB22-008_0.5_phytoplankton_abundance,Aphanizomenon_flos-aquae_cell_mL-1,0,
McKay,NB22-008,0.5,phytoplankton_abundance,McKay_NB22-008_0.5_phytoplankton_abundance,Jaaginema_spp_cell_mL-1,0,
McKay/Bullerjahn,Sandusky_Bay,0.5,phytoplankton_abundance,McKay/Bullerjahn_Sandusky_Bay_0.5_phytoplankton_abundance,Stephanodiscus_binderanus_cell_mL-1,0,
McKay/Bullerjahn,Sandusky_Bay,0.5,phytoplankton_abundance,McKay/Bullerjahn_Sandusky_Bay_0.5_phytoplankton_abundance,Stephanodiscus_spp_cell_mL-1,0,
McKay/Bullerjahn,Sandusky_Bay,0.5,phytoplankton_abundance,McKay/Bullerjahn_Sandusky_Bay_0.5_phytoplankton_abundance,Aulacoseira_spp_cell_mL-1,47000,
McKay/Bullerjahn,Sandusky_Bay,0.5,phytoplankton_abundance,McKay/Bullerjahn_Sandusky_Bay_0.5_phytoplankton_abundance,Fragilaria_spp_cell_mL-1,0,
McKay/Bullerjahn,Sandusky_Bay,0.5,phytoplankton_abundance,McKay/Bullerjahn_Sandusky_Bay_0.5_phytoplankton_abundance,Nitzschia_sp_cell_mL-1,0,
McKay/Bullerjahn,Sandusky_Bay,0.5,phytoplankton_abundance,McKay/Bullerjahn_Sandusky_Bay_0.5_phytoplankton_abundance,Staurosira_spp_cell_mL-1,0,
McKay/Bullerjahn,Sandusky_Bay,0.5,phytoplankton_abundance,McKay/Bullerjahn_Sandusky_Bay_0.5_phytoplankton_abundance,Asterionella_formosa_cell_mL-1,0,
McKay/Bullerjahn,Sandusky_Bay,0.5,phytoplankton_abundance,McKay/Bullerjahn_Sandusky_Bay_0.5_phytoplankton_abundance,Acinoccl_spp_cell_mL-1,2000,
McKay/Bullerjahn,Sandusky_Bay,0.5,phytoplankton_abundance,McKay/Bullerjahn_Sandusky_Bay_0.5_phytoplankton_abundance,Surirella_s_cell_mL-1,0,
McKay/Bullerjahn,Sandusky_Bay,0.5,phytoplankton_abundance,McKay/Bullerjahn_Sandusky_Bay_0.5_phytoplankton_abundance,Navicula_spp_cell_mL-1,0,
McKay/Bullerjahn,Sandusky_Bay,0.5,phytoplankton_abundance,McKay/Bullerjahn_Sandusky_Bay_0.5_phytoplankton_abundance,Diatoma_spp_cell_mL-1,0,
McKay/Bullerjahn,Sandusky_Bay,0.5,phytoplankton_abundance,McKay/Bullerjahn_Sandusky_Bay_0.5_phytoplankton_abundance,Tabellaria_spp_cell_mL-1,0,
McKay/Bullerjahn,Sandusky_Bay,0.5,phytoplankton_abundance,McKay/Bullerjahn_Sandusky_Bay_0.5_phytoplankton_abundance,Synedra_spp_cell_mL-1,0,
McKay/Bullerjahn,Sandusky_Bay,0.5,phytoplankton_abundance,McKay/Bullerjahn_Sandusky_Bay_0.5_phytoplankton_abundance,Gomphonema_sp_cell_mL-1,0,
McKay/Bullerjahn,Sandusky_Bay,0.5,phytoplankton_abundance,McKay/Bullerjahn_Sandusky_Bay_0.5_phytoplankton_abundance,Hippodonta_spp_cell_mL-1,0,
McKay/Bullerjahn,Sandusky_Bay,0.5,phytoplankton_abundance,McKay/Bullerjahn_Sandusky_Bay_0.5_phytoplankton_abundance,Uroselenia_spp_cell_mL-1,0,
McKay/Bullerjahn,Sandusky_Bay,0.5,phytoplankton_abundance,McKay/Bullerjahn_Sandusky_Bay_0.5_phytoplankton_abundance,centric_<9_um_cell_mL-1,3.00E+05,
McKay/Bullerjahn,Sandusky_Bay,0.5,phytoplankton_abundance,McKay/Bullerjahn_Sandusky_Bay_0.5_phytoplankton_abundance,centric_>9_um_cell_mL-1,0,
McKay/Bullerjahn,Sandusky_Bay,0.5,phytoplankton_abundance,McKay/Bullerjahn_Sandusky_Bay_0.5_phytoplankton_abundance,Microflagellates_cell_mL-1,30000,
McKay/Bullerjahn,Sandusky_Bay,0.5,phytoplankton_abundance,McKay/Bullerjahn_Sandusky_Bay_0.5_phytoplankton_abundance,Cryptophyta_cell_mL-1,115000,
McKay/Bullerjahn,Sandusky_Bay,0.5,phytoplankton_abundance,McKay/Bullerjahn_Sandusky_Bay_0.5_phytoplankton_abundance,Pyrrophyta_cell_mL-1,2800,
McKay/Bullerjahn,Sandusky_Bay,0.5,phytoplankton_abundance,McKay/Bullerjahn_Sandusky_Bay_0.5_phytoplankton_abundance,Chrysophyta_cell_mL-1,1000,
McKay/Bullerjahn,Sandusky_Bay,0.5,phytoplankton_abundance,McKay/Bullerjahn_Sandusky_Bay_0.5_phytoplankton_abundance,Eugnophyta_cell_mL-1,0,
McKay/Bullerjahn,Sandusky_Bay,0.5,phytoplankton_abundance,McKay/Bullerjahn_Sandusky_Bay_0.5_phytoplankton_abundance,Scenedesmus_quadricatum_cell_mL-1,0,
McKay/Bullerjahn,Sandusky_Bay,0.5,phytoplankton_abundance,McKay/Bullerjahn_Sandusky_Bay_0.5_phytoplankton_abundance,Tetrastrum_staurogeniaeforme_cell_mL-1,0,
McKay/Bullerjahn,Sandusky_Bay,0.5,phytoplankton_abundance,McKay/Bullerjahn_Sandusky_Bay_0.5_phytoplankton_abundance,Micractinium_pusillum_cell_mL-1,0,
McKay/Bullerjahn,Sandusky_Bay,0.5,phytoplankton_abundance,McKay/Bullerjahn_Sandusky_Bay_0.5_phytoplankton_abundance,Ankistrodesmus_spp_cell_mL-1,500,
McKay/Bullerjahn,Sandusky_Bay,0.5,phytoplankton_abundance,McKay/Bullerjahn_Sandusky_Bay_0.5_phytoplankton_abundance,Actinastrum_hantzschii_cell_mL-1,0,
McKay/Bullerjahn,Sandusky_Bay,0.5,phytoplankton_abundance,McKay/Bullerjahn_Sandusky_Bay_0.5_phytoplankton_abundance,Chlorobiflagellates_cell_mL-1,0,
McKay/Bullerjahn,Sandusky_Bay,0.5,phytoplankton_abundance,McKay/Bullerjahn_Sandusky_Bay_0.5_phytoplankton_abundance,Chlamydomonas_spp_cell_mL-1,0,
McKay/Bullerjahn,Sandusky_Bay,0.5,phytoplankton_abundance,McKay/Bullerjahn_Sandusky_Bay_0.5_phytoplankton_abundance,Dictyosphaerium_spp_cell_mL-1,7000,
McKay/Bullerjahn,Sandusky_Bay,0.5,phytoplankton_abundance,McKay/Bullerjahn_Sandusky_Bay_0.5_phytoplankton_abundance,Golenkenia_spp_cell_mL-1,0,
McKay/Bullerjahn,Sandusky_Bay,0.5,phytoplankton_abundance,McKay/Bullerjahn_Sandusky_Bay_0.5_phytoplankton_abundance,Tetraedron_spp_cell_mL-1,3000,
McKay/Bullerjahn,Sandusky_Bay,0.5,phytoplankton_abundance,McKay/Bullerjahn_Sandusky_Bay_0.5_phytoplankton_abundance,coccoid_chlorophytes_<10_um_cell_mL-1,0,
McKay/Bullerjahn,Sandusky_Bay,0.5,phytoplankton_abundance,McKay/Bullerjahn_Sandusky_Bay_0.5_phytoplankton_abundance,Lagerhemia_cell_mL-1,0,
McKay/Bullerjahn,Sandusky_Bay,0.5,phytoplankton_abundance,McKay/Bullerjahn_Sandusky_Bay_0.5_phytoplankton_abundance,Closterium_spp_cell_mL-1,0,
McKay/Bullerjahn,Sandusky_Bay,0.5,phytoplankton_abundance,McKay/Bullerjahn_Sandusky_Bay_0.5_phytoplankton_abundance,Pediastrum_spp_cell_mL-1,0,
McKay/Bullerjahn,Sandusky_Bay,0.5,phytoplankton_abundance,McKay/Bullerjahn_Sandusky_Bay_0.5_phytoplankton_abundance,Selenastrum_spp_cell_mL-1,0,
McKay/Bullerjahn,Sandusky_Bay,0.5,phytoplankton_abundance,McKay/Bullerjahn_Sandusky_Bay_0.5_phytoplankton_abundance,Oocystis_spp_cell_mL-1,0,
McKay/Bullerjahn,Sandusky_Bay,0.5,phytoplankton_abundance,McKay/Bullerjahn_Sandusky_Bay_0.5_phytoplankton_abundance,Spermatozopsis_spp_cell_mL-1,0,
McKay/Bullerjahn,Sandusky_Bay,0.5,phytoplankton_abundance,McKay/Bullerjahn_Sandusky_Bay_0.5_phytoplankton_abundance,Cosmarium_spp_cell_mL-1,0,
McKay/Bullerjahn,Sandusky_Bay,0.5,phytoplankton_abundance,McKay/Bullerjahn_Sandusky_Bay_0.5_phytoplankton_abundance,Crucigenia_tetrapedia_cell_mL-1,13200,
McKay/Bullerjahn,Sandusky_Bay,0.5,phytoplankton_abundance,McKay/Bullerjahn_Sandusky_Bay_0.5_phytoplankton_abundance,Elakatothrix_spp_cell_mL-1,0,
McKay/Bullerjahn,Sandusky_Bay,0.5,phytoplankton_abundance,McKay/Bullerjahn_Sandusky_Bay_0.5_phytoplankton_abundance,picoplankton_cell_mL-1,111000,
McKay/Bullerjahn,Sandusky_Bay,0.5,phytoplankton_abundance,McKay/Bullerjahn_Sandusky_Bay_0.5_phytoplankton_abundance,Planktolyngbya_spp_cell_mL-1,12000,
McKay/Bullerjahn,Sandusky_Bay,0.5,phytoplankton_abundance,McKay/Bullerjahn_Sandusky_Bay_0.5_phytoplankton_abundance,Aphanothece_spp_cell_mL-1,0,
McKay/Bullerjahn,Sandusky_Bay,0.5,phytoplankton_abundance,McKay/Bullerjahn_Sandusky_Bay_0.5_phytoplankton_abundance,Aphanocapsa_spp_cell_mL-1,32000,
McKay/Bullerjahn,Sandusky_Bay,0.5,phytoplankton_abundance,McKay/Bullerjahn_Sandusky_Bay_0.5_phytoplankton_abundance,Pseudoanabaena_cell_mL-1,0,
McKay/Bullerjahn,Sandusky_Bay,0.5,phytoplankton_abundance,McKay/Bullerjahn_Sandusky_Bay_0.5_phytoplankton_abundance,Microcystis_spp_cell_mL-1,0,
McKay/Bullerjahn,Sandusky_Bay,0.5,phytoplankton_abundance,McKay/Bullerjahn_Sandusky_Bay_0.5_phytoplankton_abundance,cocoid_cyanophyte_cell_mL-1,0,
McKay/Bullerjahn,Sandusky_Bay,0.5,phytoplankton_abundance,McKay/Bullerjahn_Sandusky_Bay_0.5_phytoplankton_abundance,Chroococcus_spp_cell_mL-1,0,
McKay/Bullerjahn,Sandusky_Bay,0.5,phytoplankton_abundance,McKay/Bullerjahn_Sandusky_Bay_0.5_phytoplankton_abundance,Dolichospermum_spp_cell_mL-1,0,
McKay/Bullerjahn,Sandusky_Bay,0.5,phytoplankton_abundance,McKay/Bullerjahn_Sandusky_Bay_0.5_phytoplankton_abundance,Merismopedia_spp_cell_mL-1,0,
McKay/Bullerjahn,Sandusky_Bay,0.5,phytoplankton_abundance,McKay/Bullerjahn_Sandusky_Bay_0.5_phytoplankton_abundance,Aphanizomenon_flos-aquae_cell_mL-1,0,
McKay/Bullerjahn,Sandusky_Bay,0.5,phytoplankton_abundance,McKay/Bullerjahn_Sandusky_Bay_0.5_phytoplankton_abundance,Jaaginema_spp_cell_mL-1,0,
Doubek,Whitefish_Bay_WB-LS,0.5,phytoplankton_abundance,Doubek_Whitefish_Bay_WB-LS_0.5_phytoplankton_abundance,Stephanodiscus_binderanus_cell_mL-1,0,
Doubek,Whitefish_Bay_WB-LS,0.5,phytoplankton_abundance,Doubek_Whitefish_Bay_WB-LS_0.5_phytoplankton_abundance,Stephanodiscus_spp_cell_mL-1,0,
Doubek,Whitefish_Bay_WB-LS,0.5,phytoplankton_abundance,Doubek_Whitefish_Bay_WB-LS_0.5_phytoplankton_abundance,Aulacoseira_spp_cell_mL-1,0,
Doubek,Whitefish_Bay_WB-LS,0.5,phytoplankton_abundance,Doubek_Whitefish_Bay_WB-LS_0.5_phytoplankton_abundance,Fragilaria_spp_cell_mL-1,13000,
Doubek,Whitefish_Bay_WB-LS,0.5,phytoplankton_abundance,Doubek_Whitefish_Bay_WB-LS_0.5_phytoplankton_abundance,Nitzschia_sp_cell_mL-1,0,
Doubek,Whitefish_Bay_WB-LS,0.5,phytoplankton_abundance,Doubek_Whitefish_Bay_WB-LS_0.5_phytoplankton_abundance,Staurosira_spp_cell_mL-1,0,
Doubek,Whitefish_Bay_WB-LS,0.5,phytoplankton_abundance,Doubek_Whitefish_Bay_WB-LS_0.5_phytoplankton_abundance,Asterionella_formosa_cell_mL-1,54000,
Doubek,Whitefish_Bay_WB-LS,0.5,phytoplankton_abundance,Doubek_Whitefish_Bay_WB-LS_0.5_phytoplankton_abundance,Acinoccl_spp_cell_mL-1,0,
Doubek,Whitefish_Bay_WB-LS,0.5,phytoplankton_abundance,Doubek_Whitefish_Bay_WB-LS_0.5_phytoplankton_abundance,Surirella_s_cell_mL-1,0,
Doubek,Whitefish_Bay_WB-LS,0.5,phytoplankton_abundance,Doubek_Whitefish_Bay_WB-LS_0.5_phytoplankton_abundance,Navicula_spp_cell_mL-1,0,
Doubek,Whitefish_Bay_WB-LS,0.5,phytoplankton_abundance,Doubek_Whitefish_Bay_WB-LS_0.5_phytoplankton_abundance,Diatoma_spp_cell_mL-1,0,
Doubek,Whitefish_Bay_WB-LS,0.5,phytoplankton_abundance,Doubek_Whitefish_Bay_WB-LS_0.5_phytoplankton_abundance,Tabellaria_spp_cell_mL-1,0,
Doubek,Whitefish_Bay_WB-LS,0.5,phytoplankton_abundance,Doubek_Whitefish_Bay_WB-LS_0.5_phytoplankton_abundance,Synedra_spp_cell_mL-1,0,
Doubek,Whitefish_Bay_WB-LS,0.5,phytoplankton_abundance,Doubek_Whitefish_Bay_WB-LS_0.5_phytoplankton_abundance,Gomphonema_sp_cell_mL-1,0,
Doubek,Whitefish_Bay_WB-LS,0.5,phytoplankton_abundance,Doubek_Whitefish_Bay_WB-LS_0.5_phytoplankton_abundance,Hippodonta_spp_cell_mL-1,0,
Doubek,Whitefish_Bay_WB-LS,0.5,phytoplankton_abundance,Doubek_Whitefish_Bay_WB-LS_0.5_phytoplankton_abundance,Uroselenia_spp_cell_mL-1,18000,
Doubek,Whitefish_Bay_WB-LS,0.5,phytoplankton_abundance,Doubek_Whitefish_Bay_WB-LS_0.5_phytoplankton_abundance,centric_<9_um_cell_mL-1,60000,
Doubek,Whitefish_Bay_WB-LS,0.5,phytoplankton_abundance,Doubek_Whitefish_Bay_WB-LS_0.5_phytoplankton_abundance,centric_>9_um_cell_mL-1,23000,
Doubek,Whitefish_Bay_WB-LS,0.5,phytoplankton_abundance,Doubek_Whitefish_Bay_WB-LS_0.5_phytoplankton_abundance,Microflagellates_cell_mL-1,1060000,
Doubek,Whitefish_Bay_WB-LS,0.5,phytoplankton_abundance,Doubek_Whitefish_Bay_WB-LS_0.5_phytoplankton_abundance,Cryptophyta_cell_mL-1,408000,
Doubek,Whitefish_Bay_WB-LS,0.5,phytoplankton_abundance,Doubek_Whitefish_Bay_WB-LS_0.5_phytoplankton_abundance,Pyrrophyta_cell_mL-1,0,
Doubek,Whitefish_Bay_WB-LS,0.5,phytoplankton_abundance,Doubek_Whitefish_Bay_WB-LS_0.5_phytoplankton_abundance,Chrysophyta_cell_mL-1,0,
Doubek,Whitefish_Bay_WB-LS,0.5,phytoplankton_abundance,Doubek_Whitefish_Bay_WB-LS_0.5_phytoplankton_abundance,Eugnophyta_cell_mL-1,0,
Doubek,Whitefish_Bay_WB-LS,0.5,phytoplankton_abundance,Doubek_Whitefish_Bay_WB-LS_0.5_phytoplankton_abundance,Scenedesmus_quadricatum_cell_mL-1,0,
Doubek,Whitefish_Bay_WB-LS,0.5,phytoplankton_abundance,Doubek_Whitefish_Bay_WB-LS_0.5_phytoplankton_abundance,Tetrastrum_staurogeniaeforme_cell_mL-1,0,
Doubek,Whitefish_Bay_WB-LS,0.5,phytoplankton_abundance,Doubek_Whitefish_Bay_WB-LS_0.5_phytoplankton_abundance,Micractinium_pusillum_cell_mL-1,0,
Doubek,Whitefish_Bay_WB-LS,0.5,phytoplankton_abundance,Doubek_Whitefish_Bay_WB-LS_0.5_phytoplankton_abundance,Ankistrodesmus_spp_cell_mL-1,0,
Doubek,Whitefish_Bay_WB-LS,0.5,phytoplankton_abundance,Doubek_Whitefish_Bay_WB-LS_0.5_phytoplankton_abundance,Actinastrum_hantzschii_cell_mL-1,0,
Doubek,Whitefish_Bay_WB-LS,0.5,phytoplankton_abundance,Doubek_Whitefish_Bay_WB-LS_0.5_phytoplankton_abundance,Chlorobiflagellates_cell_mL-1,0,
Doubek,Whitefish_Bay_WB-LS,0.5,phytoplankton_abundance,Doubek_Whitefish_Bay_WB-LS_0.5_phytoplankton_abundance,Chlamydomonas_spp_cell_mL-1,48000,
Doubek,Whitefish_Bay_WB-LS,0.5,phytoplankton_abundance,Doubek_Whitefish_Bay_WB-LS_0.5_phytoplankton_abundance,Dictyosphaerium_spp_cell_mL-1,0,
Doubek,Whitefish_Bay_WB-LS,0.5,phytoplankton_abundance,Doubek_Whitefish_Bay_WB-LS_0.5_phytoplankton_abundance,Golenkenia_spp_cell_mL-1,0,
Doubek,Whitefish_Bay_WB-LS,0.5,phytoplankton_abundance,Doubek_Whitefish_Bay_WB-LS_0.5_phytoplankton_abundance,Tetraedron_spp_cell_mL-1,0,
Doubek,Whitefish_Bay_WB-LS,0.5,phytoplankton_abundance,Doubek_Whitefish_Bay_WB-LS_0.5_phytoplankton_abundance,coccoid_chlorophytes_<10_um_cell_mL-1,0,
Doubek,Whitefish_Bay_WB-LS,0.5,phytoplankton_abundance,Doubek_Whitefish_Bay_WB-LS_0.5_phytoplankton_abundance,Lagerhemia_cell_mL-1,0,
Doubek,Whitefish_Bay_WB-LS,0.5,phytoplankton_abundance,Doubek_Whitefish_Bay_WB-LS_0.5_phytoplankton_abundance,Closterium_spp_cell_mL-1,0,
Doubek,Whitefish_Bay_WB-LS,0.5,phytoplankton_abundance,Doubek_Whitefish_Bay_WB-LS_0.5_phytoplankton_abundance,Pediastrum_spp_cell_mL-1,0,
Doubek,Whitefish_Bay_WB-LS,0.5,phytoplankton_abundance,Doubek_Whitefish_Bay_WB-LS_0.5_phytoplankton_abundance,Selenastrum_spp_cell_mL-1,0,
Doubek,Whitefish_Bay_WB-LS,0.5,phytoplankton_abundance,Doubek_Whitefish_Bay_WB-LS_0.5_phytoplankton_abundance,Oocystis_spp_cell_mL-1,0,
Doubek,Whitefish_Bay_WB-LS,0.5,phytoplankton_abundance,Doubek_Whitefish_Bay_WB-LS_0.5_phytoplankton_abundance,Spermatozopsis_spp_cell_mL-1,48000,
Doubek,Whitefish_Bay_WB-LS,0.5,phytoplankton_abundance,Doubek_Whitefish_Bay_WB-LS_0.5_phytoplankton_abundance,Cosmarium_spp_cell_mL-1,0,
Doubek,Whitefish_Bay_WB-LS,0.5,phytoplankton_abundance,Doubek_Whitefish_Bay_WB-LS_0.5_phytoplankton_abundance,Crucigenia_tetrapedia_cell_mL-1,0,
Doubek,Whitefish_Bay_WB-LS,0.5,phytoplankton_abundance,Doubek_Whitefish_Bay_WB-LS_0.5_phytoplankton_abundance,Elakatothrix_spp_cell_mL-1,0,
Doubek,Whitefish_Bay_WB-LS,0.5,phytoplankton_abundance,Doubek_Whitefish_Bay_WB-LS_0.5_phytoplankton_abundance,picoplankton_cell_mL-1,576000,
Doubek,Whitefish_Bay_WB-LS,0.5,phytoplankton_abundance,Doubek_Whitefish_Bay_WB-LS_0.5_phytoplankton_abundance,Planktolyngbya_spp_cell_mL-1,0,
Doubek,Whitefish_Bay_WB-LS,0.5,phytoplankton_abundance,Doubek_Whitefish_Bay_WB-LS_0.5_phytoplankton_abundance,Aphanothece_spp_cell_mL-1,0,
Doubek,Whitefish_Bay_WB-LS,0.5,phytoplankton_abundance,Doubek_Whitefish_Bay_WB-LS_0.5_phytoplankton_abundance,Aphanocapsa_spp_cell_mL-1,0,
Doubek,Whitefish_Bay_WB-LS,0.5,phytoplankton_abundance,Doubek_Whitefish_Bay_WB-LS_0.5_phytoplankton_abundance,Pseudoanabaena_cell_mL-1,0,
Doubek,Whitefish_Bay_WB-LS,0.5,phytoplankton_abundance,Doubek_Whitefish_Bay_WB-LS_0.5_phytoplankton_abundance,Microcystis_spp_cell_mL-1,0,
Doubek,Whitefish_Bay_WB-LS,0.5,phytoplankton_abundance,Doubek_Whitefish_Bay_WB-LS_0.5_phytoplankton_abundance,cocoid_cyanophyte_cell_mL-1,0,
Doubek,Whitefish_Bay_WB-LS,0.5,phytoplankton_abundance,Doubek_Whitefish_Bay_WB-LS_0.5_phytoplankton_abundance,Chroococcus_spp_cell_mL-1,0,
Doubek,Whitefish_Bay_WB-LS,0.5,phytoplankton_abundance,Doubek_Whitefish_Bay_WB-LS_0.5_phytoplankton_abundance,Dolichospermum_spp_cell_mL-1,0,
Doubek,Whitefish_Bay_WB-LS,0.5,phytoplankton_abundance,Doubek_Whitefish_Bay_WB-LS_0.5_phytoplankton_abundance,Merismopedia_spp_cell_mL-1,0,
Doubek,Whitefish_Bay_WB-LS,0.5,phytoplankton_abundance,Doubek_Whitefish_Bay_WB-LS_0.5_phytoplankton_abundance,Aphanizomenon_flos-aquae_cell_mL-1,0,
Doubek,Whitefish_Bay_WB-LS,0.5,phytoplankton_abundance,Doubek_Whitefish_Bay_WB-LS_0.5_phytoplankton_abundance,Jaaginema_spp_cell_mL-1,0,
Vanderploeg,WE6,0.5,phytoplankton_abundance,Vanderploeg_WE6_0.5_phytoplankton_abundance,Stephanodiscus_binderanus_cell_mL-1,0,
Vanderploeg,WE6,0.5,phytoplankton_abundance,Vanderploeg_WE6_0.5_phytoplankton_abundance,Stephanodiscus_spp_cell_mL-1,0,
Vanderploeg,WE6,0.5,phytoplankton_abundance,Vanderploeg_WE6_0.5_phytoplankton_abundance,Aulacoseira_spp_cell_mL-1,0,
Vanderploeg,WE6,0.5,phytoplankton_abundance,Vanderploeg_WE6_0.5_phytoplankton_abundance,Fragilaria_spp_cell_mL-1,4000,
Vanderploeg,WE6,0.5,phytoplankton_abundance,Vanderploeg_WE6_0.5_phytoplankton_abundance,Nitzschia_sp_cell_mL-1,0,
Vanderploeg,WE6,0.5,phytoplankton_abundance,Vanderploeg_WE6_0.5_phytoplankton_abundance,Staurosira_spp_cell_mL-1,0,
Vanderploeg,WE6,0.5,phytoplankton_abundance,Vanderploeg_WE6_0.5_phytoplankton_abundance,Asterionella_formosa_cell_mL-1,14000,
Vanderploeg,WE6,0.5,phytoplankton_abundance,Vanderploeg_WE6_0.5_phytoplankton_abundance,Acinoccl_spp_cell_mL-1,0,
Vanderploeg,WE6,0.5,phytoplankton_abundance,Vanderploeg_WE6_0.5_phytoplankton_abundance,Surirella_s_cell_mL-1,0,
Vanderploeg,WE6,0.5,phytoplankton_abundance,Vanderploeg_WE6_0.5_phytoplankton_abundance,Navicula_spp_cell_mL-1,0,
Vanderploeg,WE6,0.5,phytoplankton_abundance,Vanderploeg_WE6_0.5_phytoplankton_abundance,Diatoma_spp_cell_mL-1,0,
Vanderploeg,WE6,0.5,phytoplankton_abundance,Vanderploeg_WE6_0.5_phytoplankton_abundance,Tabellaria_spp_cell_mL-1,0,
Vanderploeg,WE6,0.5,phytoplankton_abundance,Vanderploeg_WE6_0.5_phytoplankton_abundance,Synedra_spp_cell_mL-1,0,
Vanderploeg,WE6,0.5,phytoplankton_abundance,Vanderploeg_WE6_0.5_phytoplankton_abundance,Gomphonema_sp_cell_mL-1,0,
Vanderploeg,WE6,0.5,phytoplankton_abundance,Vanderploeg_WE6_0.5_phytoplankton_abundance,Hippodonta_spp_cell_mL-1,0,
Vanderploeg,WE6,0.5,phytoplankton_abundance,Vanderploeg_WE6_0.5_phytoplankton_abundance,Uroselenia_spp_cell_mL-1,0,
Vanderploeg,WE6,0.5,phytoplankton_abundance,Vanderploeg_WE6_0.5_phytoplankton_abundance,centric_<9_um_cell_mL-1,984000,
Vanderploeg,WE6,0.5,phytoplankton_abundance,Vanderploeg_WE6_0.5_phytoplankton_abundance,centric_>9_um_cell_mL-1,312000,
Vanderploeg,WE6,0.5,phytoplankton_abundance,Vanderploeg_WE6_0.5_phytoplankton_abundance,Microflagellates_cell_mL-1,372000,
Vanderploeg,WE6,0.5,phytoplankton_abundance,Vanderploeg_WE6_0.5_phytoplankton_abundance,Cryptophyta_cell_mL-1,1800,
Vanderploeg,WE6,0.5,phytoplankton_abundance,Vanderploeg_WE6_0.5_phytoplankton_abundance,Pyrrophyta_cell_mL-1,1800,
Vanderploeg,WE6,0.5,phytoplankton_abundance,Vanderploeg_WE6_0.5_phytoplankton_abundance,Chrysophyta_cell_mL-1,66000,
Vanderploeg,WE6,0.5,phytoplankton_abundance,Vanderploeg_WE6_0.5_phytoplankton_abundance,Eugnophyta_cell_mL-1,0,
Vanderploeg,WE6,0.5,phytoplankton_abundance,Vanderploeg_WE6_0.5_phytoplankton_abundance,Scenedesmus_quadricatum_cell_mL-1,0,
Vanderploeg,WE6,0.5,phytoplankton_abundance,Vanderploeg_WE6_0.5_phytoplankton_abundance,Tetrastrum_staurogeniaeforme_cell_mL-1,0,
Vanderploeg,WE6,0.5,phytoplankton_abundance,Vanderploeg_WE6_0.5_phytoplankton_abundance,Micractinium_pusillum_cell_mL-1,0,
Vanderploeg,WE6,0.5,phytoplankton_abundance,Vanderploeg_WE6_0.5_phytoplankton_abundance,Ankistrodesmus_spp_cell_mL-1,2000,
Vanderploeg,WE6,0.5,phytoplankton_abundance,Vanderploeg_WE6_0.5_phytoplankton_abundance,Actinastrum_hantzschii_cell_mL-1,0,
Vanderploeg,WE6,0.5,phytoplankton_abundance,Vanderploeg_WE6_0.5_phytoplankton_abundance,Chlorobiflagellates_cell_mL-1,12000,
Vanderploeg,WE6,0.5,phytoplankton_abundance,Vanderploeg_WE6_0.5_phytoplankton_abundance,Chlamydomonas_spp_cell_mL-1,0,
Vanderploeg,WE6,0.5,phytoplankton_abundance,Vanderploeg_WE6_0.5_phytoplankton_abundance,Dictyosphaerium_spp_cell_mL-1,0,
Vanderploeg,WE6,0.5,phytoplankton_abundance,Vanderploeg_WE6_0.5_phytoplankton_abundance,Golenkenia_spp_cell_mL-1,0,
Vanderploeg,WE6,0.5,phytoplankton_abundance,Vanderploeg_WE6_0.5_phytoplankton_abundance,Tetraedron_spp_cell_mL-1,24000,
Vanderploeg,WE6,0.5,phytoplankton_abundance,Vanderploeg_WE6_0.5_phytoplankton_abundance,coccoid_chlorophytes_<10_um_cell_mL-1,36000,
Vanderploeg,WE6,0.5,phytoplankton_abundance,Vanderploeg_WE6_0.5_phytoplankton_abundance,Lagerhemia_cell_mL-1,0,
Vanderploeg,WE6,0.5,phytoplankton_abundance,Vanderploeg_WE6_0.5_phytoplankton_abundance,Closterium_spp_cell_mL-1,0,
Vanderploeg,WE6,0.5,phytoplankton_abundance,Vanderploeg_WE6_0.5_phytoplankton_abundance,Pediastrum_spp_cell_mL-1,0,
Vanderploeg,WE6,0.5,phytoplankton_abundance,Vanderploeg_WE6_0.5_phytoplankton_abundance,Selenastrum_spp_cell_mL-1,0,
Vanderploeg,WE6,0.5,phytoplankton_abundance,Vanderploeg_WE6_0.5_phytoplankton_abundance,Oocystis_spp_cell_mL-1,0,
Vanderploeg,WE6,0.5,phytoplankton_abundance,Vanderploeg_WE6_0.5_phytoplankton_abundance,Spermatozopsis_spp_cell_mL-1,0,
Vanderploeg,WE6,0.5,phytoplankton_abundance,Vanderploeg_WE6_0.5_phytoplankton_abundance,Cosmarium_spp_cell_mL-1,0,
Vanderploeg,WE6,0.5,phytoplankton_abundance,Vanderploeg_WE6_0.5_phytoplankton_abundance,Crucigenia_tetrapedia_cell_mL-1,0,
Vanderploeg,WE6,0.5,phytoplankton_abundance,Vanderploeg_WE6_0.5_phytoplankton_abundance,Elakatothrix_spp_cell_mL-1,0,
Vanderploeg,WE6,0.5,phytoplankton_abundance,Vanderploeg_WE6_0.5_phytoplankton_abundance,picoplankton_cell_mL-1,456000,
Vanderploeg,WE6,0.5,phytoplankton_abundance,Vanderploeg_WE6_0.5_phytoplankton_abundance,Planktolyngbya_spp_cell_mL-1,454000,
Vanderploeg,WE6,0.5,phytoplankton_abundance,Vanderploeg_WE6_0.5_phytoplankton_abundance,Aphanothece_spp_cell_mL-1,0,
Vanderploeg,WE6,0.5,phytoplankton_abundance,Vanderploeg_WE6_0.5_phytoplankton_abundance,Aphanocapsa_spp_cell_mL-1,0,
Vanderploeg,WE6,0.5,phytoplankton_abundance,Vanderploeg_WE6_0.5_phytoplankton_abundance,Pseudoanabaena_cell_mL-1,22000,
Vanderploeg,WE6,0.5,phytoplankton_abundance,Vanderploeg_WE6_0.5_phytoplankton_abundance,Microcystis_spp_cell_mL-1,0,
Vanderploeg,WE6,0.5,phytoplankton_abundance,Vanderploeg_WE6_0.5_phytoplankton_abundance,cocoid_cyanophyte_cell_mL-1,0,
Vanderploeg,WE6,0.5,phytoplankton_abundance,Vanderploeg_WE6_0.5_phytoplankton_abundance,Chroococcus_spp_cell_mL-1,0,
Vanderploeg,WE6,0.5,phytoplankton_abundance,Vanderploeg_WE6_0.5_phytoplankton_abundance,Dolichospermum_spp_cell_mL-1,0,
Vanderploeg,WE6,0.5,phytoplankton_abundance,Vanderploeg_WE6_0.5_phytoplankton_abundance,Merismopedia_spp_cell_mL-1,144000,
Vanderploeg,WE6,0.5,phytoplankton_abundance,Vanderploeg_WE6_0.5_phytoplankton_abundance,Aphanizomenon_flos-aquae_cell_mL-1,0,
Vanderploeg,WE6,0.5,phytoplankton_abundance,Vanderploeg_WE6_0.5_phytoplankton_abundance,Jaaginema_spp_cell_mL-1,77000,
