year,section,species,length_1_mm,weight_g
1987,CC,Cutthroat trout,58,1.75
1987,CC,Cutthroat trout,61,1.95
1987,CC,Cutthroat trout,89,5.6
1987,CC,Cutthroat trout,58,2.15
1987,CC,Cutthroat trout,93,6.9
1987,CC,Cutthroat trout,86,5.9
1987,CC,Cutthroat trout,107,10.5
1987,CC,Cutthroat trout,131,20.6
1987,CC,Cutthroat trout,103,9.55
1987,CC,Cutthroat trout,117,13
1987,CC,Cutthroat trout,100,8.25
1987,CC,Cutthroat trout,127,17.7
1987,CC,Cutthroat trout,99,8.15
1987,CC,Cutthroat trout,111,11.25
1987,CC,Cutthroat trout,149,27.15
1987,CC,Cutthroat trout,102,9.25
1987,CC,Cutthroat trout,53,1.45
1987,CC,Cutthroat trout,58,2.1
1987,CC,Cutthroat trout,58,2.05
1987,CC,Cutthroat trout,105,10.85
1987,CC,Cutthroat trout,145,22.9
1987,CC,Cutthroat trout,97,7.3
1987,CC,Cutthroat trout,118,12
1987,CC,Cutthroat trout,110,11.1
1987,CC,Cutthroat trout,133,19.1
1987,CC,Cutthroat trout,99,7.75
1987,CC,Cutthroat trout,93,7.05
1987,CC,Cutthroat trout,155,30.85
1987,CC,Cutthroat trout,131,17.65
1987,CC,Cutthroat trout,120,13.45
1987,CC,Cutthroat trout,94,6.65
1987,CC,Cutthroat trout,97,7.6
1987,CC,Cutthroat trout,98,7.65
1987,CC,Cutthroat trout,122,14.2
1987,CC,Cutthroat trout,135,19.7
1987,CC,Cutthroat trout,186,49.15
1987,CC,Cutthroat trout,121,16.15
1987,CC,Cutthroat trout,59,2.25
1987,CC,Cutthroat trout,91,6.9
1987,CC,Cutthroat trout,103,9.1
1987,CC,Cutthroat trout,107,9.3
1987,CC,Cutthroat trout,129,17.5
1987,CC,Cutthroat trout,92,6.1
1987,CC,Cutthroat trout,93,8.15
1987,CC,Cutthroat trout,154,29.5
1987,CC,Cutthroat trout,121,13.95
1987,CC,Cutthroat trout,63,2.35
1987,CC,Cutthroat trout,116,12.25
1987,CC,Cutthroat trout,59,2.35
1987,CC,Cutthroat trout,48,1.3
1987,CC,Cutthroat trout,111,10.55
1987,CC,Cutthroat trout,63,2.05
1987,CC,Cutthroat trout,96,7
1987,CC,Cutthroat trout,62,2.3
1987,CC,Cutthroat trout,57,2.1
1987,CC,Cutthroat trout,57,1.85
1987,CC,Cutthroat trout,56,2.1
1987,CC,Cutthroat trout,64,2.45
1987,CC,Cutthroat trout,58,1.95
1987,CC,Cutthroat trout,70,3.1
1987,CC,Cutthroat trout,68,2.8
1987,CC,Cutthroat trout,83,5.7
1987,CC,Cutthroat trout,55,1.4
1987,CC,Cutthroat trout,61,2.6
1987,CC,Cutthroat trout,142,21.3
1987,CC,Cutthroat trout,121,14.9
1987,CC,Cutthroat trout,100,7.35
1987,CC,Cutthroat trout,96,7.35
1987,CC,Cutthroat trout,158,30.6
1987,CC,Cutthroat trout,96,7.05
1987,CC,Cutthroat trout,60,2.1
1987,CC,Cutthroat trout,55,1.75
1987,CC,Cutthroat trout,66,2.95
1987,CC,Cutthroat trout,116,12.5
1987,CC,Cutthroat trout,134,19.5
1987,CC,Cutthroat trout,63,2.6
1987,CC,Cutthroat trout,101,9.55
1987,CC,Cutthroat trout,58,2
1987,CC,Cutthroat trout,52,1.25
1987,CC,Cutthroat trout,28,6.3
1987,CC,Cutthroat trout,65,2.35
1987,CC,Cutthroat trout,61,1.9
1987,CC,Cutthroat trout,62,2.15
1987,CC,Cutthroat trout,135,19.4
1987,CC,Cutthroat trout,61,2.3
1987,CC,Cutthroat trout,106,10.75
1987,CC,Cutthroat trout,88,5.2
1987,CC,Cutthroat trout,103,9.6
1987,CC,Cutthroat trout,107,9.5
1987,CC,Cutthroat trout,53,1.65
1987,CC,Cutthroat trout,81,4.5
1987,CC,Cutthroat trout,58,1.7
1987,CC,Cutthroat trout,68,2.45
1987,CC,Cutthroat trout,57,2.15
1987,CC,Cutthroat trout,65,2.7
1987,CC,Cutthroat trout,59,1.65
1987,CC,Cutthroat trout,51,1.45
1987,CC,Cutthroat trout,59,1.25
1987,CC,Cutthroat trout,58,1.25
1987,CC,Cutthroat trout,58,1.85
1987,CC,Cutthroat trout,53,1.65
1987,CC,Cutthroat trout,55,1.75
1987,CC,Cutthroat trout,58,2
1987,CC,Cutthroat trout,55,1.7
1987,CC,Cutthroat trout,57,1.85
1987,CC,Cutthroat trout,61,2.15
1987,CC,Cutthroat trout,98,9.65
1987,CC,Cutthroat trout,92,6.95
1987,CC,Cutthroat trout,92,6.95
1987,CC,Cutthroat trout,121,16.8
1987,CC,Cutthroat trout,106,10
1987,CC,Cutthroat trout,96,7.35
1987,CC,Cutthroat trout,97,8.5
1987,CC,Cutthroat trout,101,8.7
1987,CC,Cutthroat trout,57,2.15
1987,CC,Cutthroat trout,122,15.25
1987,CC,Cutthroat trout,102,11.3
1987,CC,Cutthroat trout,119,18.5
1987,CC,Cutthroat trout,158,33.6
1987,CC,Cutthroat trout,85,5
1987,CC,Cutthroat trout,55,1.65
1987,CC,Cutthroat trout,59,1.85
1987,CC,Cutthroat trout,95,7.2
1987,CC,Cutthroat trout,108,10.45
1987,CC,Cutthroat trout,114,11.7
1987,CC,Cutthroat trout,115,15.5
1987,CC,Cutthroat trout,166,37.15
1987,CC,Cutthroat trout,145,27.8
1987,CC,Cutthroat trout,184,64.2
1987,CC,Cutthroat trout,140,23.4
1987,CC,Cutthroat trout,151,31.2
1987,CC,Cutthroat trout,133,19.5
1987,CC,Cutthroat trout,124,17.15
1987,CC,Cutthroat trout,130,19.25
1987,CC,Cutthroat trout,88,6.5
1987,CC,Cutthroat trout,107,10.65
1987,CC,Cutthroat trout,94,6.85
1987,CC,Cutthroat trout,69,3.5
1987,CC,Cutthroat trout,57,2.2
1987,CC,Cutthroat trout,92,6.05
1987,CC,Cutthroat trout,89,6.55
1987,CC,Cutthroat trout,60,1.95
1987,CC,Cutthroat trout,147,30.15
1987,CC,Cutthroat trout,150,28.1
1987,CC,Cutthroat trout,56,1.8
1987,CC,Cutthroat trout,62,2
1987,CC,Cutthroat trout,53,1.55
1987,CC,Cutthroat trout,57,2.15
1987,CC,Cutthroat trout,52,1.5
1987,CC,Cutthroat trout,101,8.6
1987,CC,Cutthroat trout,100,9.25
1987,CC,Cutthroat trout,112,12.25
1987,CC,Cutthroat trout,136,21.05
1987,CC,Cutthroat trout,133,22.55
1987,CC,Cutthroat trout,94,7.15
1987,CC,Cutthroat trout,52,1.25
1987,CC,Cutthroat trout,97,7.8
1987,CC,Cutthroat trout,106,9.8
1987,CC,Cutthroat trout,85,5.65
1987,CC,Cutthroat trout,105,9.75
1987,CC,Cutthroat trout,143,24
1987,CC,Cutthroat trout,148,28.9
1987,CC,Cutthroat trout,96,7.6
1987,CC,Cutthroat trout,122,15.4
1987,CC,Cutthroat trout,127,17.1
1987,CC,Cutthroat trout,117,13.55
1987,CC,Cutthroat trout,65,2.4
1987,CC,Cutthroat trout,65,2.45
1987,CC,Cutthroat trout,98,9.35
1987,CC,Cutthroat trout,131,21.3
1987,CC,Cutthroat trout,120,15.4
1987,CC,Cutthroat trout,139,27.75
1987,CC,Cutthroat trout,95,8.55
1987,CC,Cutthroat trout,88,6.3
1987,CC,Cutthroat trout,61,2.15
1987,CC,Cutthroat trout,63,2.1
1987,CC,Cutthroat trout,105,10.55
1987,CC,Cutthroat trout,63,2.2
1987,CC,Cutthroat trout,59,2.35
1987,CC,Cutthroat trout,60,1.9
1987,CC,Cutthroat trout,53,1.6
1987,CC,Cutthroat trout,71,3.25
1987,CC,Cutthroat trout,56,1.6
1987,CC,Cutthroat trout,61,2.5
1987,CC,Cutthroat trout,51,1.2
1987,CC,Cutthroat trout,98,8.65
1987,CC,Cutthroat trout,43,0.45
1987,CC,Cutthroat trout,51,1.2
1987,CC,Cutthroat trout,53,1.25
1987,CC,Cutthroat trout,144,25.8
1987,CC,Cutthroat trout,131,20.65
1987,CC,Cutthroat trout,131,19.75
1987,CC,Cutthroat trout,106,9.65
1987,CC,Cutthroat trout,120,14.55
1987,CC,Cutthroat trout,165,40.5
1987,CC,Cutthroat trout,48,1.05
1987,CC,Cutthroat trout,49,1.2
1987,CC,Cutthroat trout,62,2.75
1987,CC,Cutthroat trout,72,3.6
1987,CC,Cutthroat trout,128,19.3
1987,CC,Cutthroat trout,47,1.1
1987,CC,Cutthroat trout,126,18.7
1987,CC,Cutthroat trout,99,8.95
1987,CC,Cutthroat trout,86,6
1987,CC,Cutthroat trout,130,18.65
1987,CC,Cutthroat trout,123,16.7
1987,CC,Cutthroat trout,104,10.05
1987,CC,Cutthroat trout,66,2.55
1987,CC,Cutthroat trout,65,2.75
1987,CC,Cutthroat trout,132,19.55
1987,CC,Cutthroat trout,124,16
1987,CC,Cutthroat trout,123,16.05
1987,CC,Cutthroat trout,95,8.85
1987,CC,Cutthroat trout,63,2.8
1987,CC,Cutthroat trout,107,10.75
1987,CC,Cutthroat trout,91,6.8
1987,CC,Cutthroat trout,93,6.8
1987,CC,Cutthroat trout,102,8.4
1987,CC,Cutthroat trout,92,6.35
1987,CC,Cutthroat trout,91,6.45
1987,CC,Cutthroat trout,60,2.5
1987,CC,Cutthroat trout,53,1.65
1987,CC,Cutthroat trout,60,2
1987,CC,Cutthroat trout,104,12.25
1987,CC,Cutthroat trout,51,1.25
1987,CC,Cutthroat trout,86,6.65
1987,CC,Cutthroat trout,116,14.7
1987,CC,Cutthroat trout,105,10.4
1987,CC,Cutthroat trout,57,1.65
1987,CC,Cutthroat trout,64,2.7
1987,CC,Cutthroat trout,55,1.7
1987,CC,Cutthroat trout,118,14.4
1987,CC,Cutthroat trout,104,9.05
1987,CC,Cutthroat trout,58,1.7
1987,CC,Cutthroat trout,63,2.6
1987,CC,Cutthroat trout,69,3
1987,CC,Cutthroat trout,57,2.2
1987,CC,Cutthroat trout,89,5.9
1987,CC,Cutthroat trout,63,2.95
1987,CC,Cutthroat trout,76,3.65
1987,CC,Cutthroat trout,72,3.35
1987,CC,Cutthroat trout,109,11
1987,CC,Cutthroat trout,108,10.6
1987,CC,Cutthroat trout,112,13.1
1987,CC,Cutthroat trout,145,28.2
1987,CC,Cutthroat trout,86,5.9
1987,CC,Cutthroat trout,81,4.6
1987,CC,Cutthroat trout,97,7.85
1987,CC,Cutthroat trout,96,7.55
1987,CC,Cutthroat trout,99,8.15
1987,CC,Cutthroat trout,129,18.3
1987,CC,Cutthroat trout,142,27
1987,CC,Cutthroat trout,124,16.95
1987,CC,Cutthroat trout,109,11.1
1987,CC,Cutthroat trout,112,12.4
1987,CC,Cutthroat trout,56,2.1
1987,CC,Cutthroat trout,66,3.3
1987,CC,Cutthroat trout,50,1.4
1987,CC,Cutthroat trout,61,2.15
1987,CC,Cutthroat trout,60,2
1987,CC,Cutthroat trout,57,2
1987,CC,Cutthroat trout,52,1.35
1987,CC,Cutthroat trout,60,1.8
1987,CC,Cutthroat trout,59,1.95
1987,CC,Cutthroat trout,59,1.9
1987,CC,Cutthroat trout,100,8.6
1987,CC,Cutthroat trout,101,8.25
1987,CC,Cutthroat trout,116,14
1987,CC,Cutthroat trout,126,17.1
1987,CC,Cutthroat trout,104,10.05
1987,CC,Cutthroat trout,101,9.6
1987,CC,Cutthroat trout,143,24.1
1987,CC,Cutthroat trout,102,8.9
1987,CC,Cutthroat trout,116,14.4
1987,CC,Cutthroat trout,111,10.9
1987,CC,Cutthroat trout,129,22.35
1987,CC,Cutthroat trout,70,3.8
1987,CC,Cutthroat trout,98,8.3
1987,CC,Cutthroat trout,122,15.85
1987,CC,Cutthroat trout,49,1.1
1987,CC,Cutthroat trout,61,1.85
1987,CC,Cutthroat trout,59,2.05
1987,CC,Cutthroat trout,72,3.6
1987,CC,Cutthroat trout,60,2.05
1987,CC,Cutthroat trout,70,3.9
1987,CC,Cutthroat trout,52,1.15
1987,CC,Cutthroat trout,65,3
1987,CC,Cutthroat trout,68,2.7
1987,CC,Cutthroat trout,60,1.85
1987,CC,Cutthroat trout,101,8.7
1987,CC,Cutthroat trout,112,12.35
1987,CC,Cutthroat trout,101,10.05
1987,CC,Cutthroat trout,123,16.8
1987,CC,Cutthroat trout,130,19.8
1987,CC,Cutthroat trout,147,30.7
1987,CC,Cutthroat trout,73,3.5
1987,CC,Cutthroat trout,112,13.4
1987,CC,Cutthroat trout,72,3.7
1987,CC,Cutthroat trout,90,6.8
1987,CC,Cutthroat trout,99,10.3
1987,CC,Cutthroat trout,97,7.6
1987,CC,Cutthroat trout,64,2.65
1987,CC,Cutthroat trout,62,2.25
1987,CC,Cutthroat trout,123,15.45
1987,CC,Cutthroat trout,98,8
1987,CC,Cutthroat trout,100,8.3
1987,CC,Cutthroat trout,100,8
1987,CC,Cutthroat trout,62,2.6
1987,CC,Cutthroat trout,115,15.15
1987,CC,Cutthroat trout,112,12.45
1987,CC,Cutthroat trout,139,23.05
1987,CC,Cutthroat trout,121,15.95
1987,CC,Cutthroat trout,105,10.45
1987,CC,Cutthroat trout,145,27.1
1987,CC,Cutthroat trout,170,39.55
1987,CC,Cutthroat trout,156,33.2
1987,CC,Cutthroat trout,61,2.65
1987,CC,Cutthroat trout,64,3.1
1987,CC,Cutthroat trout,61,2.7
1987,CC,Cutthroat trout,57,2.1
1987,CC,Cutthroat trout,62,2.95
1987,CC,Cutthroat trout,51,1.3
1987,CC,Cutthroat trout,48,1.05
1987,CC,Cutthroat trout,56,1.8
1987,CC,Cutthroat trout,45,0.85
1987,CC,Cutthroat trout,37,0.55
1987,CC,Cutthroat trout,70,3
1987,CC,Cutthroat trout,62,2.15
1987,CC,Cutthroat trout,56,1.75
1987,CC,Cutthroat trout,71,3.2
1987,CC,Cutthroat trout,52,1.5
1987,CC,Cutthroat trout,75,3.55
1987,CC,Cutthroat trout,54,1.55
1987,CC,Cutthroat trout,109,11.3
1987,CC,Cutthroat trout,110,12
1987,CC,Cutthroat trout,96,7.75
1987,CC,Cutthroat trout,99,10
1987,CC,Cutthroat trout,116,13.4
1987,CC,Cutthroat trout,57,2.4
1987,CC,Cutthroat trout,69,3.55
1987,CC,Cutthroat trout,67,3.3
1987,CC,Cutthroat trout,60,2.2
1987,CC,Cutthroat trout,61,2.3
1987,CC,Cutthroat trout,60,2.05
1987,CC,Cutthroat trout,59,2
1987,CC,Cutthroat trout,65,2.65
1987,CC,Cutthroat trout,67,2.75
1987,CC,Cutthroat trout,75,4.1
1987,CC,Cutthroat trout,65,2.85
1987,CC,Cutthroat trout,126,18.75
1987,CC,Cutthroat trout,80,4.45
1987,CC,Cutthroat trout,106,10.6
1987,CC,Cutthroat trout,134,20.8
1987,CC,Cutthroat trout,144,27.6
1987,CC,Cutthroat trout,95,7.05
1987,CC,Cutthroat trout,65,3.1
1987,CC,Cutthroat trout,53,1.7
1987,CC,Cutthroat trout,60,2
1987,CC,Cutthroat trout,133,24.55
1987,CC,Cutthroat trout,139,23.75
1987,CC,Cutthroat trout,101,10.4
1987,CC,Cutthroat trout,63,2.45
1987,CC,Cutthroat trout,64,2.35
1987,CC,Cutthroat trout,69,3
1987,CC,Cutthroat trout,61,2.05
1987,CC,Cutthroat trout,100,9.85
1987,CC,Cutthroat trout,67,3.65
1987,CC,Cutthroat trout,69,3.6
1987,CC,Cutthroat trout,48,1.25
1987,CC,Cutthroat trout,65,3.15
1987,CC,Cutthroat trout,66,2.55
1987,CC,Cutthroat trout,56,2
1987,CC,Cutthroat trout,60,2.4
1987,CC,Cutthroat trout,55,1.65
1987,CC,Cutthroat trout,62,2.7
1987,CC,Cutthroat trout,63,2.8
1987,CC,Cutthroat trout,100,9.7
1987,CC,Cutthroat trout,59,2.1
1987,CC,Cutthroat trout,116,14.25
1987,CC,Cutthroat trout,115,13.25
1987,CC,Cutthroat trout,119,15.15
1987,CC,Cutthroat trout,49,1.15
1987,CC,Cutthroat trout,108,11.65
1987,CC,Cutthroat trout,135,21.55
1987,OG,Cutthroat trout,84,4.4
1987,OG,Cutthroat trout,133,18.05
1987,OG,Cutthroat trout,102,9
1987,OG,Cutthroat trout,83,4.9
1987,OG,Cutthroat trout,83,6.2
1987,OG,Cutthroat trout,90,5.9
1987,OG,Cutthroat trout,127,19.45
1987,OG,Cutthroat trout,56,1.85
1987,OG,Cutthroat trout,55,1.75
1987,OG,Cutthroat trout,87,5.85
1987,OG,Cutthroat trout,91,6.6
1987,OG,Cutthroat trout,92,6.95
1987,OG,Cutthroat trout,100,8.25
1987,OG,Cutthroat trout,57,2.15
1987,OG,Cutthroat trout,53,1.2
1987,OG,Cutthroat trout,122,16.8
1987,OG,Cutthroat trout,76,5.15
1987,OG,Cutthroat trout,75,5.3
1987,OG,Cutthroat trout,79,4.4
1987,OG,Cutthroat trout,127,21.05
1987,OG,Cutthroat trout,130,18.4
1987,OG,Cutthroat trout,79,6.25
1987,OG,Cutthroat trout,108,11.4
1987,OG,Cutthroat trout,74,5.25
1987,OG,Cutthroat trout,153,27.9
1987,OG,Cutthroat trout,121,16.8
1987,OG,Cutthroat trout,105,10.2
1987,OG,Cutthroat trout,122,16.6
1987,OG,Cutthroat trout,147,25.9
1987,OG,Cutthroat trout,101,9
1987,OG,Cutthroat trout,55,2
1987,OG,Cutthroat trout,47,1.45
1987,OG,Cutthroat trout,55,1.75
1987,OG,Cutthroat trout,108,10.9
1987,OG,Cutthroat trout,103,9.3
1987,OG,Cutthroat trout,129,19.2
1987,OG,Cutthroat trout,62,2.15
1987,OG,Cutthroat trout,77,5.75
1987,OG,Cutthroat trout,70,3.5
1987,OG,Cutthroat trout,78,5.9
1987,OG,Cutthroat trout,113,14.85
1987,OG,Cutthroat trout,94,7.5
1987,OG,Cutthroat trout,92,6.85
1987,OG,Cutthroat trout,114,15.05
1987,OG,Cutthroat trout,162,35.9
1987,OG,Cutthroat trout,90,6.4
1987,OG,Cutthroat trout,82,6.7
1987,OG,Cutthroat trout,72,3.2
1987,OG,Cutthroat trout,86,5.75
1987,OG,Cutthroat trout,78,4.5
1987,OG,Cutthroat trout,91,6.95
1987,OG,Cutthroat trout,108,10.35
1987,OG,Cutthroat trout,143,24.15
1987,OG,Cutthroat trout,75,5
1987,OG,Cutthroat trout,83,5.35
1987,OG,Cutthroat trout,111,14.6
1987,OG,Cutthroat trout,109,13.2
1987,OG,Cutthroat trout,52,1.75
1987,OG,Cutthroat trout,106,10.35
1987,OG,Cutthroat trout,92,6.95
1987,OG,Cutthroat trout,127,18.35
1987,OG,Cutthroat trout,55,2.5
1987,OG,Cutthroat trout,90,5.65
1987,OG,Cutthroat trout,87,6.9
1987,OG,Cutthroat trout,71,5.8
1987,OG,Cutthroat trout,90,7.75
1987,OG,Cutthroat trout,76,5.6
1987,OG,Cutthroat trout,116,12.3
1987,OG,Cutthroat trout,109,10.75
1987,OG,Cutthroat trout,102,8.95
1987,OG,Cutthroat trout,91,6.2
1987,OG,Cutthroat trout,101,9.55
1987,OG,Cutthroat trout,143,25.05
1987,OG,Cutthroat trout,49,1.4
1987,OG,Cutthroat trout,102,9.05
1987,OG,Cutthroat trout,162,35.8
1987,OG,Cutthroat trout,124,16.05
1987,OG,Cutthroat trout,93,6.7
1987,OG,Cutthroat trout,100,7.6
1987,OG,Cutthroat trout,75,5.7
1987,OG,Cutthroat trout,106,10.8
1987,OG,Cutthroat trout,99,8.65
1987,OG,Cutthroat trout,62,1.95
1987,OG,Cutthroat trout,61,2.5
1987,OG,Cutthroat trout,66,2.55
1987,OG,Cutthroat trout,59,2.75
1987,OG,Cutthroat trout,56,1.95
1987,OG,Cutthroat trout,91,6.15
1987,OG,Cutthroat trout,51,1.7
1987,OG,Cutthroat trout,67,3
1987,OG,Cutthroat trout,115,12.95
1987,OG,Cutthroat trout,126,17.05
1987,OG,Cutthroat trout,53,1.6
1987,OG,Cutthroat trout,56,1.8
1987,OG,Cutthroat trout,54,1.45
1987,OG,Cutthroat trout,57,1.9
1987,OG,Cutthroat trout,51,1.05
1987,OG,Cutthroat trout,83,4.85
1987,OG,Cutthroat trout,98,8.2
1987,OG,Cutthroat trout,78,3.75
1987,OG,Cutthroat trout,79,5.65
1987,OG,Cutthroat trout,94,7
1987,OG,Cutthroat trout,95,7.35
1987,OG,Cutthroat trout,104,9.25
1987,OG,Cutthroat trout,125,15.35
1987,OG,Cutthroat trout,134,20.2
1987,OG,Cutthroat trout,59,2.5
1987,OG,Cutthroat trout,63,2.55
1987,OG,Cutthroat trout,58,2.65
1987,OG,Cutthroat trout,97,7.95
1987,OG,Cutthroat trout,78,5.8
1987,OG,Cutthroat trout,131,17.85
1987,OG,Cutthroat trout,110,11.7
1987,OG,Cutthroat trout,144,22.25
1987,OG,Cutthroat trout,125,14.95
1987,OG,Cutthroat trout,129,17.55
1987,OG,Cutthroat trout,88,6
1987,OG,Cutthroat trout,133,18.3
1987,OG,Cutthroat trout,120,14
1987,OG,Cutthroat trout,170,43.35
1987,OG,Cutthroat trout,77,4.35
1987,OG,Cutthroat trout,151,30.3
1987,OG,Cutthroat trout,61,2.45
1987,OG,Cutthroat trout,114,14.55
1987,OG,Cutthroat trout,116,13.75
1987,OG,Cutthroat trout,62,2.5
1987,OG,Cutthroat trout,60,2.45
1987,OG,Cutthroat trout,58,1.8
1987,OG,Cutthroat trout,60,2.3
1987,OG,Cutthroat trout,159,36.75
1987,OG,Cutthroat trout,65,2.85
1987,OG,Cutthroat trout,99,7.8
1987,OG,Cutthroat trout,60,2.25
1987,OG,Cutthroat trout,93,7.05
1987,OG,Cutthroat trout,112,15.35
1987,OG,Cutthroat trout,61,3
1987,OG,Cutthroat trout,84,6.5
1987,OG,Cutthroat trout,148,28.4
1987,OG,Cutthroat trout,87,5.75
1987,OG,Cutthroat trout,64,2.95
1987,OG,Cutthroat trout,52,1.45
1987,OG,Cutthroat trout,96,7.85
1987,OG,Cutthroat trout,114,12.9
1987,OG,Cutthroat trout,161,36.85
1987,OG,Cutthroat trout,76,4.7
1987,OG,Cutthroat trout,62,2.25
1987,OG,Cutthroat trout,50,1.35
1987,OG,Cutthroat trout,61,2.6
1987,OG,Cutthroat trout,60,1.7
1987,OG,Cutthroat trout,76,5.4
1987,OG,Cutthroat trout,87,5.8
1987,OG,Cutthroat trout,63,2.35
1987,OG,Cutthroat trout,107,10.4
1987,OG,Cutthroat trout,123,18.35
1987,OG,Cutthroat trout,46,1.1
1987,OG,Cutthroat trout,58,1.85
1987,OG,Cutthroat trout,48,1.3
1987,OG,Cutthroat trout,47,1.1
1987,OG,Cutthroat trout,51,1.5
1987,OG,Cutthroat trout,50,1.45
1987,OG,Cutthroat trout,41,0.6
1987,OG,Cutthroat trout,80,4.5
1987,OG,Cutthroat trout,62,2.35
1987,OG,Cutthroat trout,77,4.2
1987,OG,Cutthroat trout,47,1.15
1987,OG,Cutthroat trout,83,5.3
1987,OG,Cutthroat trout,112,11.65
1987,OG,Cutthroat trout,106,9.65
1987,OG,Cutthroat trout,117,13.1
1987,OG,Cutthroat trout,127,18.65
1987,OG,Cutthroat trout,141,23.85
1987,OG,Cutthroat trout,92,6.65
1987,OG,Cutthroat trout,54,1.5
1987,OG,Cutthroat trout,58,1.85
1987,OG,Cutthroat trout,62,2.65
1987,OG,Cutthroat trout,63,2.35
1987,OG,Cutthroat trout,86,6.15
1987,OG,Cutthroat trout,104,10.7
1987,OG,Cutthroat trout,95,7.1
1987,OG,Cutthroat trout,82,4.6
1987,OG,Cutthroat trout,103,8.65
1987,OG,Cutthroat trout,92,6.4
1987,OG,Cutthroat trout,147,26.65
1987,OG,Cutthroat trout,142,23.8
1987,OG,Cutthroat trout,129,21
1987,OG,Cutthroat trout,160,40.6
1987,OG,Cutthroat trout,47,1.05
1987,OG,Cutthroat trout,62,2.1
1987,OG,Cutthroat trout,97,7.5
1987,OG,Cutthroat trout,52,1.4
1987,OG,Cutthroat trout,88,6.15
1987,OG,Cutthroat trout,93,7.9
1987,OG,Cutthroat trout,124,15.15
1987,OG,Cutthroat trout,134,21.25
1987,OG,Cutthroat trout,51,1.1
1987,OG,Cutthroat trout,55,1.45
1987,OG,Cutthroat trout,96,7.4
1987,OG,Cutthroat trout,105,9.4
1987,OG,Cutthroat trout,150,30.65
1987,OG,Cutthroat trout,51,1.5
1987,OG,Cutthroat trout,116,14.5
1987,OG,Cutthroat trout,117,17.05
1987,OG,Cutthroat trout,57,1.85
1987,OG,Cutthroat trout,100,8.6
1987,OG,Cutthroat trout,50,1.25
1987,OG,Cutthroat trout,52,1.45
1987,OG,Cutthroat trout,102,8.9
1987,OG,Cutthroat trout,124,16.1
1987,OG,Cutthroat trout,123,18.5
1987,OG,Cutthroat trout,48,1.15
1987,OG,Cutthroat trout,122,14.75
1987,OG,Cutthroat trout,113,13.45
1987,OG,Cutthroat trout,116,13.75
1987,OG,Cutthroat trout,54,1.8
1987,OG,Cutthroat trout,58,1.9
1987,OG,Cutthroat trout,105,10.65
1987,OG,Cutthroat trout,52,1.25
1987,OG,Cutthroat trout,121,14.5
1987,OG,Cutthroat trout,54,1.7
1988,CC,Cutthroat trout,141,29.45
1988,CC,Cutthroat trout,97,9.6
1988,CC,Cutthroat trout,129,17.3
1988,CC,Cutthroat trout,128,22.8
1988,CC,Cutthroat trout,96,8.25
1988,CC,Cutthroat trout,100,8.3
1988,CC,Cutthroat trout,106,10.25
1988,CC,Cutthroat trout,120,16.8
1988,CC,Cutthroat trout,88,8.15
1988,CC,Cutthroat trout,148,29.45
1988,CC,Cutthroat trout,96,7.45
1988,CC,Cutthroat trout,110,10.65
1988,CC,Cutthroat trout,122,15.05
1988,CC,Cutthroat trout,98,7.75
1988,CC,Cutthroat trout,108,11.45
1988,CC,Cutthroat trout,169,42
1988,CC,Cutthroat trout,118,14.35
1988,CC,Cutthroat trout,139,28.35
1988,CC,Cutthroat trout,110,10.35
1988,CC,Cutthroat trout,108,10.7
1988,CC,Cutthroat trout,111,12.15
1988,CC,Cutthroat trout,98,7.95
1988,CC,Cutthroat trout,105,9.45
1988,CC,Cutthroat trout,122,15.95
1988,CC,Cutthroat trout,138,22.65
1988,CC,Cutthroat trout,107,10.7
1988,CC,Cutthroat trout,188,56.3
1988,CC,Cutthroat trout,105,9.95
1988,CC,Cutthroat trout,138,23.45
1988,CC,Cutthroat trout,186,60.45
1988,CC,Cutthroat trout,91,6.2
1988,CC,Cutthroat trout,94,6.6
1988,CC,Cutthroat trout,160,38.2
1988,CC,Cutthroat trout,103,8.9
1988,CC,Cutthroat trout,132,19.15
1988,CC,Cutthroat trout,89,6.8
1988,CC,Cutthroat trout,87,5.3
1988,CC,Cutthroat trout,135,20.2
1988,CC,Cutthroat trout,96,7.15
1988,CC,Cutthroat trout,128,17.55
1988,CC,Cutthroat trout,134,19.6
1988,CC,Cutthroat trout,95,7.1
1988,CC,Cutthroat trout,123,15.4
1988,CC,Cutthroat trout,153,30.15
1988,CC,Cutthroat trout,102,8.9
1988,CC,Cutthroat trout,106,11.75
1988,CC,Cutthroat trout,112,12.35
1988,CC,Cutthroat trout,98,8.05
1988,CC,Cutthroat trout,148,30.95
1988,CC,Cutthroat trout,113,12.55
1988,CC,Cutthroat trout,104,10.1
1988,CC,Cutthroat trout,96,7.6
1988,CC,Cutthroat trout,156,32.45
1988,CC,Cutthroat trout,145,29.2
1988,CC,Cutthroat trout,171,44.65
1988,CC,Cutthroat trout,85,4.85
1988,CC,Cutthroat trout,96,8.95
1988,CC,Cutthroat trout,99,9.55
1988,CC,Cutthroat trout,111,10.85
1988,CC,Cutthroat trout,99,7.95
1988,CC,Cutthroat trout,106,10.45
1988,CC,Cutthroat trout,90,7.65
1988,CC,Cutthroat trout,105,9.85
1988,CC,Cutthroat trout,138,24.2
1988,CC,Cutthroat trout,130,19.45
1988,CC,Cutthroat trout,140,23.05
1988,CC,Cutthroat trout,163,40.15
1988,CC,Cutthroat trout,99,8.65
1988,CC,Cutthroat trout,92,6.75
1988,CC,Cutthroat trout,147,33.1
1988,CC,Cutthroat trout,91,6.85
1988,CC,Cutthroat trout,170,47.35
1988,CC,Cutthroat trout,130,19
1988,CC,Cutthroat trout,101,9.45
1988,CC,Cutthroat trout,100,8.85
1988,CC,Cutthroat trout,143,27.6
1988,CC,Cutthroat trout,106,10.55
1988,CC,Cutthroat trout,150,30.1
1988,CC,Cutthroat trout,129,21.4
1988,CC,Cutthroat trout,161,39.4
1988,CC,Cutthroat trout,105,10.45
1988,CC,Cutthroat trout,156,38.15
1988,CC,Cutthroat trout,137,23.9
1988,CC,Cutthroat trout,113,12.4
1988,CC,Cutthroat trout,142,28.15
1988,CC,Cutthroat trout,135,21.65
1988,CC,Cutthroat trout,130,20.3
1988,CC,Cutthroat trout,105,10.75
1988,CC,Cutthroat trout,96,8.05
1988,CC,Cutthroat trout,96,7.9
1988,CC,Cutthroat trout,107,12.8
1988,CC,Cutthroat trout,127,19.65
1988,CC,Cutthroat trout,100,8.25
1988,CC,Cutthroat trout,102,10.75
1988,CC,Cutthroat trout,158,38.3
1988,CC,Cutthroat trout,106,10.35
1988,CC,Cutthroat trout,100,9.3
1988,CC,Cutthroat trout,97,8.05
1988,CC,Cutthroat trout,132,19.65
1988,CC,Cutthroat trout,148,29.65
1988,CC,Cutthroat trout,190,63.85
1988,CC,Cutthroat trout,95,7.95
1988,CC,Cutthroat trout,128,16.55
1988,CC,Cutthroat trout,101,8.8
1988,CC,Cutthroat trout,103,10.65
1988,CC,Cutthroat trout,103,10.2
1988,CC,Cutthroat trout,130,20.65
1988,CC,Cutthroat trout,113,13.8
1988,CC,Cutthroat trout,139,24.7
1988,CC,Cutthroat trout,101,9.8
1988,CC,Cutthroat trout,101,9.7
1988,CC,Cutthroat trout,124,16.5
1988,CC,Cutthroat trout,102,9.4
1988,CC,Cutthroat trout,137,25.85
1988,CC,Cutthroat trout,131,19.65
1988,CC,Cutthroat trout,106,10.4
1988,CC,Cutthroat trout,109,10.95
1988,CC,Cutthroat trout,90,7.05
1988,CC,Cutthroat trout,96,8.25
1988,CC,Cutthroat trout,97,8.65
1988,CC,Cutthroat trout,102,10.8
1988,CC,Cutthroat trout,111,13.25
1988,CC,Cutthroat trout,107,11.5
1988,CC,Cutthroat trout,105,10.25
1988,CC,Cutthroat trout,132,21.75
1988,CC,Cutthroat trout,182,54.85
1988,CC,Cutthroat trout,119,15
1988,CC,Cutthroat trout,107,12.9
1988,CC,Cutthroat trout,111,11.35
1988,CC,Cutthroat trout,131,19.4
1988,CC,Cutthroat trout,112,12
1988,CC,Cutthroat trout,138,25.95
1988,CC,Cutthroat trout,172,44.85
1988,CC,Cutthroat trout,110,12.55
1988,CC,Cutthroat trout,131,21.6
1988,CC,Cutthroat trout,168,41.95
1988,CC,Cutthroat trout,109,13.25
1988,CC,Cutthroat trout,101,9.8
1988,CC,Cutthroat trout,127,18.55
1988,CC,Cutthroat trout,133,20.65
1988,CC,Cutthroat trout,125,16.55
1988,CC,Cutthroat trout,102,9.5
1988,CC,Cutthroat trout,114,12.4
1988,CC,Cutthroat trout,104,9.55
1988,CC,Cutthroat trout,123,16.95
1988,CC,Cutthroat trout,136,21.95
1988,CC,Cutthroat trout,167,39.9
1988,CC,Cutthroat trout,102,10.1
1988,CC,Cutthroat trout,108,11.9
1988,CC,Cutthroat trout,91,6.9
1988,CC,Cutthroat trout,136,23.4
1988,CC,Cutthroat trout,140,23.75
1988,CC,Cutthroat trout,118,18.55
1988,CC,Cutthroat trout,100,8.85
1988,CC,Cutthroat trout,94,7.5
1988,CC,Cutthroat trout,103,10.35
1988,CC,Cutthroat trout,97,8.65
1988,CC,Cutthroat trout,112,13.05
1988,CC,Cutthroat trout,106,9.7
1988,CC,Cutthroat trout,120,13.75
1988,CC,Cutthroat trout,142,26.9
1988,CC,Cutthroat trout,127,20.8
1988,CC,Cutthroat trout,145,27.7
1988,CC,Cutthroat trout,126,17.45
1988,CC,Cutthroat trout,136,13.3
1988,CC,Cutthroat trout,120,19.05
1988,CC,Cutthroat trout,126,13.4
1988,CC,Cutthroat trout,105,10.6
1988,CC,Cutthroat trout,101,11.65
1988,CC,Cutthroat trout,108,11
1988,CC,Cutthroat trout,125,17.2
1988,CC,Cutthroat trout,120,14.5
1988,CC,Cutthroat trout,100,8.7
1988,CC,Cutthroat trout,115,13.85
1988,CC,Cutthroat trout,108,11.3
1988,CC,Cutthroat trout,106,11.95
1988,CC,Cutthroat trout,102,9.45
1988,CC,Cutthroat trout,94,9.3
1988,CC,Cutthroat trout,105,10.7
1988,CC,Cutthroat trout,53,1.4
1988,CC,Cutthroat trout,103,9.9
1988,CC,Cutthroat trout,111,12.95
1988,CC,Cutthroat trout,139,21.75
1988,CC,Cutthroat trout,112,12.65
1988,CC,Cutthroat trout,95,7.45
1988,CC,Cutthroat trout,101,8.7
1988,CC,Cutthroat trout,154,32.2
1988,CC,Cutthroat trout,105,11.15
1988,CC,Cutthroat trout,127,18.45
1988,CC,Cutthroat trout,156,37.05
1988,CC,Cutthroat trout,165,42.5
1988,CC,Cutthroat trout,158,39.85
1988,CC,Cutthroat trout,110,12.5
1988,OG,Cutthroat trout,46,1.05
1988,OG,Cutthroat trout,51,1.05
1988,OG,Cutthroat trout,143,26.6
1988,OG,Cutthroat trout,114,13.45
1988,OG,Cutthroat trout,175,54.6
1988,OG,Cutthroat trout,116,13.7
1988,OG,Cutthroat trout,135,24.6
1988,OG,Cutthroat trout,142,27.7
1988,OG,Cutthroat trout,130,20.8
1988,OG,Cutthroat trout,112,11.4
1988,OG,Cutthroat trout,91,7.15
1988,OG,Cutthroat trout,53,1.4
1988,OG,Cutthroat trout,46,1
1988,OG,Cutthroat trout,51,1.3
1988,OG,Cutthroat trout,54,1.55
1988,OG,Cutthroat trout,55,1.55
1988,OG,Cutthroat trout,43,0.75
1988,OG,Cutthroat trout,44,0.75
1988,OG,Cutthroat trout,99,9.3
1988,OG,Cutthroat trout,123,16.85
1988,OG,Cutthroat trout,117,13.95
1988,OG,Cutthroat trout,98,9.15
1988,OG,Cutthroat trout,119,14
1988,OG,Cutthroat trout,123,16.65
1988,OG,Cutthroat trout,81,5.9
1988,OG,Cutthroat trout,120,16.15
1988,OG,Cutthroat trout,137,25.8
1988,OG,Cutthroat trout,129,19.4
1988,OG,Cutthroat trout,130,22.2
1988,OG,Cutthroat trout,116,16.35
1988,OG,Cutthroat trout,129,8.85
1988,OG,Cutthroat trout,108,11
1988,OG,Cutthroat trout,156,31.9
1988,OG,Cutthroat trout,42,0.75
1988,OG,Cutthroat trout,112,13.9
1988,OG,Cutthroat trout,99,8.35
1988,OG,Cutthroat trout,88,6.45
1988,OG,Cutthroat trout,102,11.15
1988,OG,Cutthroat trout,105,10.4
1988,OG,Cutthroat trout,123,16
1988,OG,Cutthroat trout,122,18.45
1988,OG,Cutthroat trout,86,5.95
1988,OG,Cutthroat trout,146,30.3
1988,OG,Cutthroat trout,99,9.05
1988,OG,Cutthroat trout,80,5.6
1988,OG,Cutthroat trout,115,14.2
1988,OG,Cutthroat trout,104,11.05
1988,OG,Cutthroat trout,152,37.4
1988,OG,Cutthroat trout,122,16.1
1988,OG,Cutthroat trout,105,10.2
1988,OG,Cutthroat trout,123,16.35
1988,OG,Cutthroat trout,127,19.3
1988,OG,Cutthroat trout,102,11.25
1988,OG,Cutthroat trout,154,37.85
1988,OG,Cutthroat trout,120,15.55
1988,OG,Cutthroat trout,81,5.55
1988,OG,Cutthroat trout,87,5.55
1988,OG,Cutthroat trout,119,14.15
1988,OG,Cutthroat trout,138,24.5
1988,OG,Cutthroat trout,131,21.4
1988,OG,Cutthroat trout,83,4.7
1988,OG,Cutthroat trout,112,12.5
1988,OG,Cutthroat trout,87,6
1988,OG,Cutthroat trout,140,24.65
1988,OG,Cutthroat trout,140,28.65
1988,OG,Cutthroat trout,135,22.75
1988,OG,Cutthroat trout,124,19.25
1988,OG,Cutthroat trout,103,9.3
1988,OG,Cutthroat trout,116,14.75
1988,OG,Cutthroat trout,91,6.9
1988,OG,Cutthroat trout,144,26.65
1988,OG,Cutthroat trout,152,33
1988,OG,Cutthroat trout,106,10.6
1988,OG,Cutthroat trout,115,12.9
1988,OG,Cutthroat trout,152,28.6
1988,OG,Cutthroat trout,104,10.2
1988,OG,Cutthroat trout,126,18
1988,OG,Cutthroat trout,93,7.25
1988,OG,Cutthroat trout,128,18.7
1988,OG,Cutthroat trout,108,11.45
1988,OG,Cutthroat trout,100,8.6
1988,OG,Cutthroat trout,86,5.35
1988,OG,Cutthroat trout,88,6.15
1988,OG,Cutthroat trout,130,24.6
1988,OG,Cutthroat trout,116,13.85
1988,OG,Cutthroat trout,99,8.55
1988,OG,Cutthroat trout,120,15.95
1988,OG,Cutthroat trout,102,11.3
1988,OG,Cutthroat trout,91,7.65
1988,OG,Cutthroat trout,92,7
1988,OG,Cutthroat trout,130,19
1988,OG,Cutthroat trout,105,10.9
1988,OG,Cutthroat trout,85,5.3
1988,OG,Cutthroat trout,98,7.9
1988,OG,Cutthroat trout,134,20.55
1988,OG,Cutthroat trout,140,24.35
1988,OG,Cutthroat trout,86,5.2
1988,OG,Cutthroat trout,85,5.35
1988,OG,Cutthroat trout,145,26.4
1988,OG,Cutthroat trout,117,13.05
1988,OG,Cutthroat trout,105,12.15
1988,OG,Cutthroat trout,94,7.25
1988,OG,Cutthroat trout,85,5.25
1988,OG,Cutthroat trout,118,13.95
1988,OG,Cutthroat trout,133,22.45
1988,OG,Cutthroat trout,120,14.65
1988,OG,Cutthroat trout,114,13.25
1988,OG,Cutthroat trout,142,25.2
1988,OG,Cutthroat trout,92,6.8
1989,CC,Cutthroat trout,47,0.85
1989,CC,Cutthroat trout,45,0.85
1989,CC,Cutthroat trout,37,0.5
1989,CC,Cutthroat trout,40,0.7
1989,CC,Cutthroat trout,86,6.75
1989,CC,Cutthroat trout,94,8.55
1989,CC,Cutthroat trout,54,1.6
1989,CC,Cutthroat trout,43,0.95
1989,CC,Cutthroat trout,54,1.6
1989,CC,Cutthroat trout,84,6.15
1989,CC,Cutthroat trout,43,0.8
1989,CC,Cutthroat trout,46,1
1989,CC,Cutthroat trout,101,10.95
1989,CC,Cutthroat trout,90,6.8
1989,CC,Cutthroat trout,117,15.6
1989,CC,Cutthroat trout,83,5.65
1989,CC,Cutthroat trout,90,5.45
1989,CC,Cutthroat trout,125,17.8
1989,CC,Cutthroat trout,139,22.7
1989,CC,Cutthroat trout,97,8.55
1989,CC,Cutthroat trout,44,0.8
1989,CC,Cutthroat trout,155,30.75
1989,CC,Cutthroat trout,147,29.45
1989,CC,Cutthroat trout,99,8.3
1989,CC,Cutthroat trout,104,9.85
1989,CC,Cutthroat trout,127,19.45
1989,CC,Cutthroat trout,162,43
1989,CC,Cutthroat trout,138,23.75
1989,CC,Cutthroat trout,176,42.95
1989,CC,Cutthroat trout,46,1.1
1989,CC,Cutthroat trout,107,12.45
1989,CC,Cutthroat trout,148,30.25
1989,CC,Cutthroat trout,98,8.65
1989,CC,Cutthroat trout,84,6.3
1989,CC,Cutthroat trout,102,9.25
1989,CC,Cutthroat trout,102,10
1989,CC,Cutthroat trout,97,8.05
1989,CC,Cutthroat trout,109,11.55
1989,CC,Cutthroat trout,121,15.5
1989,CC,Cutthroat trout,92,7.15
1989,CC,Cutthroat trout,143,26.7
1989,CC,Cutthroat trout,124,17.25
1989,CC,Cutthroat trout,107,10.55
1989,CC,Cutthroat trout,108,10.7
1989,CC,Cutthroat trout,132,19.25
1989,CC,Cutthroat trout,96,7.85
1989,CC,Cutthroat trout,103,9.3
1989,CC,Cutthroat trout,95,7.1
1989,CC,Cutthroat trout,121,15.55
1989,CC,Cutthroat trout,38,0.55
1989,CC,Cutthroat trout,46,1.1
1989,CC,Cutthroat trout,59,2.1
1989,CC,Cutthroat trout,108,10.7
1989,CC,Cutthroat trout,47,1.1
1989,CC,Cutthroat trout,79,5.25
1989,CC,Cutthroat trout,136,21.95
1989,CC,Cutthroat trout,53,1.4
1989,CC,Cutthroat trout,45,1
1989,CC,Cutthroat trout,117,15.95
1989,CC,Cutthroat trout,95,8.85
1989,CC,Cutthroat trout,38,0.75
1989,CC,Cutthroat trout,77,3.85
1989,CC,Cutthroat trout,92,8.7
1989,CC,Cutthroat trout,96,7.8
1989,CC,Cutthroat trout,89,6.55
1989,CC,Cutthroat trout,147,30.35
1989,CC,Cutthroat trout,77,10.6
1989,CC,Cutthroat trout,105,11.05
1989,CC,Cutthroat trout,107,12.65
1989,CC,Cutthroat trout,110,11.9
1989,CC,Cutthroat trout,101,9.2
1989,CC,Cutthroat trout,147,28
1989,CC,Cutthroat trout,156,33.3
1989,CC,Cutthroat trout,149,29.45
1989,CC,Cutthroat trout,97,10.05
1989,CC,Cutthroat trout,103,11.9
1989,CC,Cutthroat trout,98,9.05
1989,CC,Cutthroat trout,183,59.75
1989,CC,Cutthroat trout,143,26.75
1989,CC,Cutthroat trout,156,40.15
1989,CC,Cutthroat trout,155,34
1989,CC,Cutthroat trout,79,5.95
1989,CC,Cutthroat trout,102,11.35
1989,CC,Cutthroat trout,98,8.8
1989,CC,Cutthroat trout,126,18.9
1989,CC,Cutthroat trout,131,19.95
1989,CC,Cutthroat trout,129,19.85
1989,CC,Cutthroat trout,100,9.55
1989,CC,Cutthroat trout,102,10.55
1989,CC,Cutthroat trout,113,12.8
1989,CC,Cutthroat trout,112,13.45
1989,CC,Cutthroat trout,137,24.55
1989,CC,Cutthroat trout,147,33.65
1989,CC,Cutthroat trout,98,10.4
1989,CC,Cutthroat trout,154,37.95
1989,CC,Cutthroat trout,98,10.25
1989,CC,Cutthroat trout,145,28.4
1989,CC,Cutthroat trout,146,25.65
1989,CC,Cutthroat trout,129,22.15
1989,CC,Cutthroat trout,94,8.45
1989,CC,Cutthroat trout,97,8.55
1989,CC,Cutthroat trout,110,13.6
1989,CC,Cutthroat trout,143,25.95
1989,CC,Cutthroat trout,105,12.05
1989,CC,Cutthroat trout,107,12.2
1989,CC,Cutthroat trout,130,20.25
1989,CC,Cutthroat trout,108,12.15
1989,CC,Cutthroat trout,122,16.95
1989,CC,Cutthroat trout,102,10
1989,CC,Cutthroat trout,109,11.85
1989,CC,Cutthroat trout,99,9.55
1989,CC,Cutthroat trout,91,6.85
1989,CC,Cutthroat trout,107,10.9
1989,CC,Cutthroat trout,96,5.55
1989,CC,Cutthroat trout,85,6.4
1989,CC,Cutthroat trout,75,5.1
1989,CC,Cutthroat trout,110,11.65
1989,CC,Cutthroat trout,98,8.9
1989,CC,Cutthroat trout,84,7.5
1989,CC,Cutthroat trout,129,23.35
1989,CC,Cutthroat trout,138,29.5
1989,CC,Cutthroat trout,172,45.15
1989,CC,Cutthroat trout,155,38.1
1989,CC,Cutthroat trout,124,18.95
1989,CC,Cutthroat trout,129,19.35
1989,CC,Cutthroat trout,148,28.65
1989,CC,Cutthroat trout,148,29.05
1989,CC,Cutthroat trout,143,27.25
1989,CC,Cutthroat trout,128,22.7
1989,CC,Cutthroat trout,139,25.05
1989,CC,Cutthroat trout,133,22.6
1989,CC,Cutthroat trout,78,5.65
1989,CC,Cutthroat trout,136,21.65
1989,CC,Cutthroat trout,119,14.75
1989,CC,Cutthroat trout,104,10.65
1989,CC,Cutthroat trout,102,13.3
1989,CC,Cutthroat trout,105,11.35
1989,CC,Cutthroat trout,85,6.65
1989,CC,Cutthroat trout,96,8.8
1989,CC,Cutthroat trout,109,11.8
1989,CC,Cutthroat trout,127,18.55
1989,CC,Cutthroat trout,96,9.5
1989,CC,Cutthroat trout,142,26.5
1989,CC,Cutthroat trout,137,22.55
1989,CC,Cutthroat trout,107,11
1989,CC,Cutthroat trout,138,24.15
1989,CC,Cutthroat trout,98,9.25
1989,CC,Cutthroat trout,151,30.85
1989,CC,Cutthroat trout,99,10.35
1989,CC,Cutthroat trout,165,47.05
1989,CC,Cutthroat trout,135,21.35
1989,CC,Cutthroat trout,145,28.8
1989,CC,Cutthroat trout,103,10.85
1989,CC,Cutthroat trout,154,32.85
1989,CC,Cutthroat trout,138,23.65
1989,CC,Cutthroat trout,135,26.85
1989,CC,Cutthroat trout,115,14.5
1989,CC,Cutthroat trout,107,10.05
1989,CC,Cutthroat trout,95,7.25
1989,CC,Cutthroat trout,106,12.25
1989,CC,Cutthroat trout,88,6.25
1989,CC,Cutthroat trout,102,8.85
1989,CC,Cutthroat trout,108,12.55
1989,CC,Cutthroat trout,112,15.35
1989,CC,Cutthroat trout,107,10.7
1989,CC,Cutthroat trout,140,25.45
1989,CC,Cutthroat trout,143,26.9
1989,CC,Cutthroat trout,115,13.75
1989,CC,Cutthroat trout,107,9.85
1989,CC,Cutthroat trout,108,10.6
1989,CC,Cutthroat trout,95,7.7
1989,CC,Cutthroat trout,87,7.45
1989,CC,Cutthroat trout,132,19.35
1989,CC,Cutthroat trout,123,17.35
1989,CC,Cutthroat trout,128,20.3
1989,CC,Cutthroat trout,108,12.85
1989,CC,Cutthroat trout,98,10.4
1989,CC,Cutthroat trout,94,9.05
1989,CC,Cutthroat trout,86,5.45
1989,CC,Cutthroat trout,111,13.2
1989,CC,Cutthroat trout,184,54.95
1989,CC,Cutthroat trout,104,12.6
1989,CC,Cutthroat trout,100,10.75
1989,CC,Cutthroat trout,134,27.25
1989,CC,Cutthroat trout,146,27.8
1989,CC,Cutthroat trout,130,20.95
1989,CC,Cutthroat trout,128,24.05
1989,CC,Cutthroat trout,102,9
1989,CC,Cutthroat trout,112,13.95
1989,CC,Cutthroat trout,146,25.75
1989,OG,Cutthroat trout,57,1.4
1989,OG,Cutthroat trout,85,7.05
1989,OG,Cutthroat trout,101,10.5
1989,OG,Cutthroat trout,46,1.15
1989,OG,Cutthroat trout,109,10.55
1989,OG,Cutthroat trout,49,1.5
1989,OG,Cutthroat trout,80,4.4
1989,OG,Cutthroat trout,45,1.05
1989,OG,Cutthroat trout,51,1.4
1989,OG,Cutthroat trout,55,1.7
1989,OG,Cutthroat trout,49,1.65
1989,OG,Cutthroat trout,49,1.45
1989,OG,Cutthroat trout,130,21.5
1989,OG,Cutthroat trout,91,6.95
1989,OG,Cutthroat trout,97,8.2
1989,OG,Cutthroat trout,124,16.45
1989,OG,Cutthroat trout,158,33.85
1989,OG,Cutthroat trout,132,23
1989,OG,Cutthroat trout,129,20.45
1989,OG,Cutthroat trout,101,8.5
1989,OG,Cutthroat trout,103,9.25
1989,OG,Cutthroat trout,90,7.3
1989,OG,Cutthroat trout,47,1.2
1989,OG,Cutthroat trout,44,1.15
1989,OG,Cutthroat trout,50,1.2
1989,OG,Cutthroat trout,97,9.1
1989,OG,Cutthroat trout,51,1.35
1989,OG,Cutthroat trout,150,31.8
1989,OG,Cutthroat trout,151,34.35
1989,OG,Cutthroat trout,127,19
1989,OG,Cutthroat trout,109,11.55
1989,OG,Cutthroat trout,113,12.8
1989,OG,Cutthroat trout,115,14.45
1989,OG,Cutthroat trout,148,31.75
1989,OG,Cutthroat trout,121,16.75
1989,OG,Cutthroat trout,91,6.5
1989,OG,Cutthroat trout,45,1.4
1989,OG,Cutthroat trout,47,1.65
1989,OG,Cutthroat trout,47,1.3
1989,OG,Cutthroat trout,113,13.85
1989,OG,Cutthroat trout,140,24.55
1989,OG,Cutthroat trout,49,1.45
1989,OG,Cutthroat trout,96,8
1989,OG,Cutthroat trout,43,0.9
1989,OG,Cutthroat trout,157,35.3
1989,OG,Cutthroat trout,51,1.8
1989,OG,Cutthroat trout,110,11
1989,OG,Cutthroat trout,100,8.75
1989,OG,Cutthroat trout,96,8.1
1989,OG,Cutthroat trout,107,10.4
1989,OG,Cutthroat trout,89,6.2
1989,OG,Cutthroat trout,99,8.15
1989,OG,Cutthroat trout,108,12.2
1989,OG,Cutthroat trout,118,16.55
1989,OG,Cutthroat trout,94,8.45
1989,OG,Cutthroat trout,100,8.8
1989,OG,Cutthroat trout,94,7.05
1989,OG,Cutthroat trout,111,12.9
1989,OG,Cutthroat trout,163,38.55
1989,OG,Cutthroat trout,152,31.4
1989,OG,Cutthroat trout,80,5.05
1989,OG,Cutthroat trout,94,7.05
1989,OG,Cutthroat trout,95,7.35
1989,OG,Cutthroat trout,86,5.25
1989,OG,Cutthroat trout,132,20.45
1989,OG,Cutthroat trout,150,26.9
1989,OG,Cutthroat trout,142,25.25
1989,OG,Cutthroat trout,142,24.95
1989,OG,Cutthroat trout,134,22.5
1989,OG,Cutthroat trout,112,13.45
1989,OG,Cutthroat trout,103,10.4
1989,OG,Cutthroat trout,90,7.65
1989,OG,Cutthroat trout,117,15.35
1989,OG,Cutthroat trout,110,11.55
1989,OG,Cutthroat trout,131,20.45
1989,OG,Cutthroat trout,138,22.6
1989,OG,Cutthroat trout,140,23.95
1989,OG,Cutthroat trout,100,8.85
1989,OG,Cutthroat trout,93,7.85
1989,OG,Cutthroat trout,143,28.05
1989,OG,Cutthroat trout,128,18.85
1989,OG,Cutthroat trout,117,17.4
1989,OG,Cutthroat trout,130,21.7
1989,OG,Cutthroat trout,112,14
1989,OG,Cutthroat trout,84,6
1989,OG,Cutthroat trout,151,30.8
1989,OG,Cutthroat trout,110,13.9
1989,OG,Cutthroat trout,146,28
1989,OG,Cutthroat trout,97,7.8
1989,OG,Cutthroat trout,109,10.85
1989,OG,Cutthroat trout,123,18.8
1989,OG,Cutthroat trout,131,19.35
1989,OG,Cutthroat trout,132,21.8
1989,OG,Cutthroat trout,122,17.3
1989,OG,Cutthroat trout,92,7.75
1989,OG,Cutthroat trout,99,8.25
1989,OG,Cutthroat trout,106,10.2
1989,OG,Cutthroat trout,96,7.35
1989,OG,Cutthroat trout,84,6.75
1989,OG,Cutthroat trout,91,7.65
1989,OG,Cutthroat trout,145,25.8
1989,OG,Cutthroat trout,78,4.55
1989,OG,Cutthroat trout,89,6.35
1989,OG,Cutthroat trout,98,7.9
1989,OG,Cutthroat trout,105,9.7
1989,OG,Cutthroat trout,131,19.75
1989,OG,Cutthroat trout,40,0.85
1989,OG,Cutthroat trout,123,16.9
1989,OG,Cutthroat trout,120,17.45
1989,OG,Cutthroat trout,113,13.1
1989,OG,Cutthroat trout,121,19.55
1989,OG,Cutthroat trout,88,6.9
1989,OG,Cutthroat trout,79,5.2
1989,OG,Cutthroat trout,90,6.95
1989,OG,Cutthroat trout,134,22.55
1989,OG,Cutthroat trout,77,4.75
1989,OG,Cutthroat trout,87,7.25
1989,OG,Cutthroat trout,124,17.55
1990,CC,Cutthroat trout,120,14.5
1990,CC,Cutthroat trout,127,18.6
1990,CC,Cutthroat trout,97,7.6
1990,CC,Cutthroat trout,168,39.05
1990,CC,Cutthroat trout,117,13.45
1990,CC,Cutthroat trout,86,6
1990,CC,Cutthroat trout,124,16.45
1990,CC,Cutthroat trout,131,27
1990,CC,Cutthroat trout,105,10.45
1990,CC,Cutthroat trout,125,17.55
1990,CC,Cutthroat trout,116,13.05
1990,CC,Cutthroat trout,149,27.75
1990,CC,Cutthroat trout,82,5.85
1990,CC,Cutthroat trout,97,7.3
1990,CC,Cutthroat trout,126,17.7
1990,CC,Cutthroat trout,129,18.7
1990,CC,Cutthroat trout,153,29.85
1990,CC,Cutthroat trout,164,39
1990,CC,Cutthroat trout,125,17.15
1990,CC,Cutthroat trout,100,8.55
1990,CC,Cutthroat trout,92,7
1990,CC,Cutthroat trout,97,7.3
1990,CC,Cutthroat trout,164,36.55
1990,CC,Cutthroat trout,91,7
1990,CC,Cutthroat trout,123,15.4
1990,CC,Cutthroat trout,122,14.5
1990,CC,Cutthroat trout,107,10.5
1990,CC,Cutthroat trout,133,19.8
1990,CC,Cutthroat trout,112,10.75
1990,CC,Cutthroat trout,95,8.55
1990,CC,Cutthroat trout,105,9.75
1990,CC,Cutthroat trout,44,0.7
1990,CC,Cutthroat trout,133,18.75
1990,CC,Cutthroat trout,41,0.65
1990,CC,Cutthroat trout,107,10.35
1990,CC,Cutthroat trout,87,6.1
1990,CC,Cutthroat trout,93,7.25
1990,CC,Cutthroat trout,126,17.2
1990,CC,Cutthroat trout,126,15.9
1990,CC,Cutthroat trout,90,6.55
1990,CC,Cutthroat trout,41,0.7
1990,CC,Cutthroat trout,114,14.15
1990,CC,Cutthroat trout,40,0.55
1990,CC,Cutthroat trout,39,0.65
1990,CC,Cutthroat trout,39,0.5
1990,CC,Cutthroat trout,99,7.8
1990,CC,Cutthroat trout,42,0.45
1990,CC,Cutthroat trout,130,17.6
1990,CC,Cutthroat trout,121,15.8
1990,CC,Cutthroat trout,80,5.6
1990,CC,Cutthroat trout,41,0.75
1990,CC,Cutthroat trout,37,0.55
1990,CC,Cutthroat trout,38,0.45
1990,CC,Cutthroat trout,120,15
1990,CC,Cutthroat trout,140,22.75
1990,CC,Cutthroat trout,102,10
1990,CC,Cutthroat trout,90,6.3
1990,CC,Cutthroat trout,98,7.35
1990,CC,Cutthroat trout,125,15.35
1990,CC,Cutthroat trout,168,38.35
1990,CC,Cutthroat trout,146,25.95
1990,CC,Cutthroat trout,46,0.85
1990,CC,Cutthroat trout,91,8.4
1990,CC,Cutthroat trout,43,0.75
1990,CC,Cutthroat trout,102,9.9
1990,CC,Cutthroat trout,131,19.6
1990,CC,Cutthroat trout,149,27.8
1990,CC,Cutthroat trout,88,7.15
1990,CC,Cutthroat trout,148,28.05
1990,CC,Cutthroat trout,140,22.5
1990,CC,Cutthroat trout,54,1.5
1990,CC,Cutthroat trout,45,0.8
1990,CC,Cutthroat trout,101,9.85
1990,CC,Cutthroat trout,97,8.15
1990,CC,Cutthroat trout,48,0.95
1990,CC,Cutthroat trout,45,0.6
1990,CC,Cutthroat trout,36,0.4
1990,CC,Cutthroat trout,35,0.5
1990,CC,Cutthroat trout,41,0.5
1990,CC,Cutthroat trout,91,6.35
1990,CC,Cutthroat trout,46,0.8
1990,CC,Cutthroat trout,117,13.55
1990,CC,Cutthroat trout,36,0.35
1990,CC,Cutthroat trout,47,0.85
1990,CC,Cutthroat trout,180,48.3
1990,CC,Cutthroat trout,108,11.45
1990,CC,Cutthroat trout,106,11.5
1990,CC,Cutthroat trout,41,0.55
1990,CC,Cutthroat trout,39,0.55
1990,CC,Cutthroat trout,45,0.7
1990,CC,Cutthroat trout,131,27
1990,CC,Cutthroat trout,129,18.7
1990,CC,Cutthroat trout,65,3.8
1990,CC,Cutthroat trout,126,15.55
1990,CC,Cutthroat trout,93,6.8
1990,CC,Cutthroat trout,90,7.1
1990,CC,Cutthroat trout,107,9.45
1990,CC,Cutthroat trout,137,23.15
1990,CC,Cutthroat trout,154,38.7
1990,CC,Cutthroat trout,88,6.2
1990,CC,Cutthroat trout,142,23.95
1990,CC,Cutthroat trout,51,1.15
1990,CC,Cutthroat trout,43,0.85
1990,CC,Cutthroat trout,108,10.95
1990,CC,Cutthroat trout,39,0.55
1990,CC,Cutthroat trout,40,0.75
1990,CC,Cutthroat trout,52,1.4
1990,CC,Cutthroat trout,49,1.35
1990,CC,Cutthroat trout,167,41.85
1990,CC,Cutthroat trout,52,1.35
1990,CC,Cutthroat trout,105,10.05
1990,CC,Cutthroat trout,90,9.4
1990,CC,Cutthroat trout,103,9.3
1990,CC,Cutthroat trout,155,34.8
1990,CC,Cutthroat trout,94,6.95
1990,CC,Cutthroat trout,118,14.4
1990,CC,Cutthroat trout,110,11.85
1990,CC,Cutthroat trout,132,20.65
1990,CC,Cutthroat trout,158,31.6
1990,CC,Cutthroat trout,35,0.35
1990,CC,Cutthroat trout,89,6
1990,CC,Cutthroat trout,129,19.5
1990,CC,Cutthroat trout,114,11.95
1990,CC,Cutthroat trout,90,6.15
1990,CC,Cutthroat trout,154,30.1
1990,CC,Cutthroat trout,88,6.3
1990,CC,Cutthroat trout,106,10.85
1990,CC,Cutthroat trout,95,10.75
1990,CC,Cutthroat trout,143,25.3
1990,CC,Cutthroat trout,130,19.85
1990,CC,Cutthroat trout,120,14.65
1990,CC,Cutthroat trout,167,45.35
1990,CC,Cutthroat trout,102,9.05
1990,CC,Cutthroat trout,110,11.95
1990,CC,Cutthroat trout,155,30.6
1990,CC,Cutthroat trout,93,7.65
1990,CC,Cutthroat trout,140,23.35
1990,CC,Cutthroat trout,177,46.65
1990,CC,Cutthroat trout,39,0.4
1990,CC,Cutthroat trout,45,0.95
1990,CC,Cutthroat trout,97,7.35
1990,CC,Cutthroat trout,36,0.33
1990,CC,Cutthroat trout,91,6.1
1990,CC,Cutthroat trout,61,3.25
1990,CC,Cutthroat trout,42,0.75
1990,CC,Cutthroat trout,40,0.45
1990,CC,Cutthroat trout,32,0.35
1990,CC,Cutthroat trout,88,6
1990,CC,Cutthroat trout,96,8.35
1990,CC,Cutthroat trout,149,31.1
1990,CC,Cutthroat trout,84,5.3
1990,CC,Cutthroat trout,38,0.55
1990,CC,Cutthroat trout,128,16.65
1990,CC,Cutthroat trout,131,21
1990,CC,Cutthroat trout,91,7.7
1990,CC,Cutthroat trout,162,38.8
1990,CC,Cutthroat trout,114,12.8
1990,CC,Cutthroat trout,96,8.6
1990,CC,Cutthroat trout,150,28.25
1990,CC,Cutthroat trout,102,10.05
1990,CC,Cutthroat trout,36,0.55
1990,CC,Cutthroat trout,150,30.85
1990,CC,Cutthroat trout,89,7.1
1990,CC,Cutthroat trout,89,6.05
1990,CC,Cutthroat trout,101,8.55
1990,CC,Cutthroat trout,118,14.2
1990,CC,Cutthroat trout,137,22.4
1990,CC,Cutthroat trout,141,24.9
1990,CC,Cutthroat trout,83,5.25
1990,CC,Cutthroat trout,125,17.45
1990,CC,Cutthroat trout,88,6.3
1990,CC,Cutthroat trout,127,19.15
1990,CC,Cutthroat trout,133,18
1990,CC,Cutthroat trout,142,24.65
1990,CC,Cutthroat trout,36,0.6
1990,CC,Cutthroat trout,76,5.35
1990,CC,Cutthroat trout,105,9.85
1990,CC,Cutthroat trout,125,18.75
1990,CC,Cutthroat trout,36,0.5
1990,CC,Cutthroat trout,119,18.3
1990,CC,Cutthroat trout,93,7.35
1990,CC,Cutthroat trout,146,26.4
1990,CC,Cutthroat trout,34,0.35
1990,CC,Cutthroat trout,43,0.6
1990,CC,Cutthroat trout,77,4.15
1990,CC,Cutthroat trout,41,0.65
1990,CC,Cutthroat trout,103,9.85
1990,CC,Cutthroat trout,134,24.2
1990,CC,Cutthroat trout,35,0.4
1990,CC,Cutthroat trout,32,0.35
1990,CC,Cutthroat trout,89,6.1
1990,CC,Cutthroat trout,139,24.55
1990,CC,Cutthroat trout,72,3.25
1990,CC,Cutthroat trout,37,0.5
1990,CC,Cutthroat trout,35,0.55
1990,CC,Cutthroat trout,89,6.55
1990,CC,Cutthroat trout,106,10
1990,CC,Cutthroat trout,38,0.55
1990,CC,Cutthroat trout,139,23.9
1990,CC,Cutthroat trout,102,10
1990,CC,Cutthroat trout,108,10.85
1990,CC,Cutthroat trout,38,0.55
1990,CC,Cutthroat trout,41,0.65
1990,CC,Cutthroat trout,154,31.95
1990,CC,Cutthroat trout,32,0.35
1990,CC,Cutthroat trout,94,8.65
1990,CC,Cutthroat trout,134,21.85
1990,CC,Cutthroat trout,35,0.35
1990,CC,Cutthroat trout,39,0.6
1990,CC,Cutthroat trout,100,8.5
1990,CC,Cutthroat trout,105,10.25
1990,CC,Cutthroat trout,116,13.25
1990,CC,Cutthroat trout,85,6.7
1990,CC,Cutthroat trout,94,7.3
1990,CC,Cutthroat trout,143,23.2
1990,CC,Cutthroat trout,39,0.55
1990,CC,Cutthroat trout,104,10.1
1990,CC,Cutthroat trout,120,16.3
1990,CC,Cutthroat trout,90,6.55
1990,CC,Cutthroat trout,37,0.4
1990,CC,Cutthroat trout,90,6.45
1990,CC,Cutthroat trout,136,20.45
1990,CC,Cutthroat trout,140,23.8
1990,CC,Cutthroat trout,72,3.95
1990,CC,Cutthroat trout,103,10.3
1990,CC,Cutthroat trout,88,6.25
1990,CC,Cutthroat trout,158,35.75
1990,CC,Cutthroat trout,44,0.75
1990,CC,Cutthroat trout,44,0.9
1990,CC,Cutthroat trout,42,0.75
1990,CC,Cutthroat trout,44,0.65
1990,CC,Cutthroat trout,31,0.25
1990,CC,Cutthroat trout,126,17.4
1990,CC,Cutthroat trout,132,20.85
1990,CC,Cutthroat trout,46,0.6
1990,CC,Cutthroat trout,47,0.85
1990,CC,Cutthroat trout,45,0.75
1990,CC,Cutthroat trout,40,0.65
1990,CC,Cutthroat trout,41,0.7
1990,CC,Cutthroat trout,124,16.3
1990,CC,Cutthroat trout,146,24.9
1990,CC,Cutthroat trout,47,1
1990,CC,Cutthroat trout,81,5.35
1990,CC,Cutthroat trout,122,16.15
1990,CC,Cutthroat trout,96,7.25
1990,CC,Cutthroat trout,130,18.3
1990,CC,Cutthroat trout,89,6.1
1990,CC,Cutthroat trout,136,24.1
1990,CC,Cutthroat trout,131,19.6
1990,CC,Cutthroat trout,102,9.25
1990,CC,Cutthroat trout,172,44.4
1990,CC,Cutthroat trout,122,14.75
1990,CC,Cutthroat trout,83,5.15
1990,CC,Cutthroat trout,128,17.35
1990,CC,Cutthroat trout,123,15.55
1990,CC,Cutthroat trout,130,19.3
1990,CC,Cutthroat trout,133,19.9
1990,CC,Cutthroat trout,88,5.4
1990,CC,Cutthroat trout,88,6
1990,CC,Cutthroat trout,174,49.05
1990,CC,Cutthroat trout,138,22.5
1990,CC,Cutthroat trout,33,0.3
1990,CC,Cutthroat trout,140,25
1990,CC,Cutthroat trout,42,0.75
1990,CC,Cutthroat trout,151,32.2
1990,CC,Cutthroat trout,93,7.55
1990,CC,Cutthroat trout,130,18.5
1990,CC,Cutthroat trout,169,41.85
1990,CC,Cutthroat trout,104,10
1990,CC,Cutthroat trout,139,22.8
1990,CC,Cutthroat trout,98,8.35
1990,CC,Cutthroat trout,134,19.65
1990,CC,Cutthroat trout,152,27.85
1990,CC,Cutthroat trout,181,48.55
1990,CC,Cutthroat trout,97,7.5
1990,CC,Cutthroat trout,39,0.65
1990,CC,Cutthroat trout,47,0.9
1990,CC,Cutthroat trout,41,0.75
1990,CC,Cutthroat trout,99,9.25
1990,CC,Cutthroat trout,101,8.55
1990,CC,Cutthroat trout,108,11.15
1990,CC,Cutthroat trout,93,7.8
1990,CC,Cutthroat trout,101,9.4
1990,CC,Cutthroat trout,171,48.75
1990,CC,Cutthroat trout,148,29.5
1990,CC,Cutthroat trout,118,14.8
1990,CC,Cutthroat trout,133,19.9
1990,CC,Cutthroat trout,125,19.2
1990,OG,Cutthroat trout,49,1.05
1990,OG,Cutthroat trout,150,30.45
1990,OG,Cutthroat trout,95,7.8
1990,OG,Cutthroat trout,144,25.45
1990,OG,Cutthroat trout,111,12.45
1990,OG,Cutthroat trout,92,7.6
1990,OG,Cutthroat trout,36,0.75
1990,OG,Cutthroat trout,131,19.8
1990,OG,Cutthroat trout,94,7.35
1990,OG,Cutthroat trout,94,7.95
1990,OG,Cutthroat trout,90,6.75
1990,OG,Cutthroat trout,86,5.85
1990,OG,Cutthroat trout,146,30.3
1990,OG,Cutthroat trout,73,3.15
1990,OG,Cutthroat trout,47,1.05
1990,OG,Cutthroat trout,114,17.1
1990,OG,Cutthroat trout,108,10.65
1990,OG,Cutthroat trout,88,6.25
1990,OG,Cutthroat trout,43,0.8
1990,OG,Cutthroat trout,41,1.1
1990,OG,Cutthroat trout,143,25.75
1990,OG,Cutthroat trout,90,7.15
1990,OG,Cutthroat trout,129,17.8
1990,OG,Cutthroat trout,127,18.1
1990,OG,Cutthroat trout,38,0.55
1990,OG,Cutthroat trout,45,1.1
1990,OG,Cutthroat trout,125,15.85
1990,OG,Cutthroat trout,97,11.45
1990,OG,Cutthroat trout,82,5.25
1990,OG,Cutthroat trout,148,27.2
1990,OG,Cutthroat trout,112,12.45
1990,OG,Cutthroat trout,50,1.3
1990,OG,Cutthroat trout,90,6.3
1990,OG,Cutthroat trout,94,7.95
1990,OG,Cutthroat trout,109,12.2
1990,OG,Cutthroat trout,117,13
1990,OG,Cutthroat trout,87,6.15
1990,OG,Cutthroat trout,160,38.2
1990,OG,Cutthroat trout,38,0.5
1990,OG,Cutthroat trout,74,4.15
1990,OG,Cutthroat trout,104,10.55
1990,OG,Cutthroat trout,40,0.65
1990,OG,Cutthroat trout,63,2.8
1990,OG,Cutthroat trout,41,0.95
1990,OG,Cutthroat trout,35,0.7
1990,OG,Cutthroat trout,41,1.05
1990,OG,Cutthroat trout,38,0.3
1990,OG,Cutthroat trout,34,0.3
1990,OG,Cutthroat trout,47,0.8
1990,OG,Cutthroat trout,36,0.55
1990,OG,Cutthroat trout,39,0.5
1990,OG,Cutthroat trout,31,0.25
1990,OG,Cutthroat trout,96,7.05
1990,OG,Cutthroat trout,86,6
1990,OG,Cutthroat trout,120,14.1
1990,OG,Cutthroat trout,125,17.15
1990,OG,Cutthroat trout,105,10.5
1990,OG,Cutthroat trout,140,23.95
1990,OG,Cutthroat trout,144,24.45
1990,OG,Cutthroat trout,145,27.8
1990,OG,Cutthroat trout,44,0.9
1990,OG,Cutthroat trout,87,6.45
1990,OG,Cutthroat trout,91,6.65
1990,OG,Cutthroat trout,88,6.45
1990,OG,Cutthroat trout,92,6.85
1990,OG,Cutthroat trout,37,0.65
1990,OG,Cutthroat trout,32,0.5
1990,OG,Cutthroat trout,87,6.1
1990,OG,Cutthroat trout,95,8
1990,OG,Cutthroat trout,89,6.7
1990,OG,Cutthroat trout,137,24.65
1990,OG,Cutthroat trout,87,6.35
1990,OG,Cutthroat trout,45,1
1990,OG,Cutthroat trout,33,0.3
1990,OG,Cutthroat trout,124,16.05
1990,OG,Cutthroat trout,91,6.85
1990,OG,Cutthroat trout,101,9
1990,OG,Cutthroat trout,44,0.85
1990,OG,Cutthroat trout,93,8.4
1990,OG,Cutthroat trout,103,11.65
1990,OG,Cutthroat trout,88,5.75
1990,OG,Cutthroat trout,82,5.75
1990,OG,Cutthroat trout,91,7.05
1990,OG,Cutthroat trout,98,7.35
1990,OG,Cutthroat trout,101,11
1990,OG,Cutthroat trout,121,14.8
1990,OG,Cutthroat trout,95,7.4
1990,OG,Cutthroat trout,156,33.15
1990,OG,Cutthroat trout,148,26.5
1990,OG,Cutthroat trout,162,36.5
1990,OG,Cutthroat trout,38,0.55
1990,OG,Cutthroat trout,42,0.6
1990,OG,Cutthroat trout,37,0.4
1990,OG,Cutthroat trout,83,4.95
1990,OG,Cutthroat trout,94,7.8
1990,OG,Cutthroat trout,97,7.15
1990,OG,Cutthroat trout,108,10.15
1990,OG,Cutthroat trout,73,3.25
1990,OG,Cutthroat trout,126,16.6
1990,OG,Cutthroat trout,91,6.55
1990,OG,Cutthroat trout,93,6.55
1990,OG,Cutthroat trout,94,8.25
1990,OG,Cutthroat trout,132,19.95
1990,OG,Cutthroat trout,43,0.7
1990,OG,Cutthroat trout,89,5.9
1990,OG,Cutthroat trout,86,8.9
1990,OG,Cutthroat trout,92,7.2
1990,OG,Cutthroat trout,133,22.1
1990,OG,Cutthroat trout,35,0.45
1990,OG,Cutthroat trout,65,3.45
1990,OG,Cutthroat trout,97,8.5
1990,OG,Cutthroat trout,99,8.2
1990,OG,Cutthroat trout,121,15.5
1990,OG,Cutthroat trout,125,17.5
1990,OG,Cutthroat trout,45,0.75
1990,OG,Cutthroat trout,41,0.65
1990,OG,Cutthroat trout,113,12.35
1990,OG,Cutthroat trout,87,6.05
1990,OG,Cutthroat trout,98,8.2
1990,OG,Cutthroat trout,89,6.1
1990,OG,Cutthroat trout,80,5.45
1990,OG,Cutthroat trout,134,22
1990,OG,Cutthroat trout,38,0.5
1990,OG,Cutthroat trout,123,17
1990,OG,Cutthroat trout,139,24.9
1990,OG,Cutthroat trout,130,18.6
1990,OG,Cutthroat trout,117,14.25
1990,OG,Cutthroat trout,102,8.7
1990,OG,Cutthroat trout,96,8.1
1990,OG,Cutthroat trout,89,6.75
1990,OG,Cutthroat trout,122,16.2
1990,OG,Cutthroat trout,113,12.9
1990,OG,Cutthroat trout,170,42.45
1990,OG,Cutthroat trout,36,0.4
1990,OG,Cutthroat trout,126,17.85
1990,OG,Cutthroat trout,85,5.95
1990,OG,Cutthroat trout,116,15.65
1990,OG,Cutthroat trout,136,20.25
1990,OG,Cutthroat trout,46,0.95
1990,OG,Cutthroat trout,41,0.6
1990,OG,Cutthroat trout,119,14.9
1990,OG,Cutthroat trout,44,0.75
1990,OG,Cutthroat trout,87,7.15
1990,OG,Cutthroat trout,127,19.9
1990,OG,Cutthroat trout,37,0.55
1990,OG,Cutthroat trout,124,16
1990,OG,Cutthroat trout,82,5.95
1990,OG,Cutthroat trout,100,9.05
1990,OG,Cutthroat trout,86,5.85
1990,OG,Cutthroat trout,45,0.85
1990,OG,Cutthroat trout,41,1
1990,OG,Cutthroat trout,96,7.45
1990,OG,Cutthroat trout,109,11.8
1990,OG,Cutthroat trout,104,11.35
1990,OG,Cutthroat trout,73,4.55
1990,OG,Cutthroat trout,122,15.25
1990,OG,Cutthroat trout,114,11.75
1990,OG,Cutthroat trout,114,12.8
1990,OG,Cutthroat trout,92,6.9
1990,OG,Cutthroat trout,125,16.8
1990,OG,Cutthroat trout,97,7.45
1990,OG,Cutthroat trout,42,0.75
1990,OG,Cutthroat trout,35,0.45
1990,OG,Cutthroat trout,40,0.8
1990,OG,Cutthroat trout,91,7.25
1990,OG,Cutthroat trout,140,24
1990,OG,Cutthroat trout,83,5.2
1990,OG,Cutthroat trout,31,0.4
1990,OG,Cutthroat trout,34,0.45
1990,OG,Cutthroat trout,138,19.9
1990,OG,Cutthroat trout,116,15.2
1990,OG,Cutthroat trout,142,22.7
1990,OG,Cutthroat trout,102,9.2
1990,OG,Cutthroat trout,106,13.75
1990,OG,Cutthroat trout,128,19.85
1990,OG,Cutthroat trout,156,34.2
1990,OG,Cutthroat trout,81,4.9
1990,OG,Cutthroat trout,124,19.5
1990,OG,Cutthroat trout,44,0.75
1990,OG,Cutthroat trout,152,30.75
1990,OG,Cutthroat trout,100,8.15
1990,OG,Cutthroat trout,95,7.6
1990,OG,Cutthroat trout,137,22
1990,OG,Cutthroat trout,77,5.35
1990,OG,Cutthroat trout,123,16.55
1990,OG,Cutthroat trout,114,13.4
1990,OG,Cutthroat trout,85,5.2
1990,OG,Cutthroat trout,37,0.45
1990,OG,Cutthroat trout,84,6.65
1990,OG,Cutthroat trout,158,34.95
1990,OG,Cutthroat trout,106,13
1990,OG,Cutthroat trout,92,7.2
1990,OG,Cutthroat trout,36,0.5
1990,OG,Cutthroat trout,39,0.6
1990,OG,Cutthroat trout,35,0.4
1990,OG,Cutthroat trout,92,7.65
1990,OG,Cutthroat trout,39,0.55
1990,OG,Cutthroat trout,40,0.65
1990,OG,Cutthroat trout,89,6.3
1990,OG,Cutthroat trout,113,11.75
1990,OG,Cutthroat trout,118,14.45
1990,OG,Cutthroat trout,154,34.9
1990,OG,Cutthroat trout,42,0.75
1990,OG,Cutthroat trout,38,0.5
1990,OG,Cutthroat trout,97,8.7
1990,OG,Cutthroat trout,116,14.5
1990,OG,Cutthroat trout,35,0.5
1990,OG,Cutthroat trout,80,4.85
1990,OG,Cutthroat trout,120,16.5
1990,OG,Cutthroat trout,93,6.95
1990,OG,Cutthroat trout,141,23.2
1990,OG,Cutthroat trout,37,0.6
1990,OG,Cutthroat trout,37,0.5
1990,OG,Cutthroat trout,139,25
1990,OG,Cutthroat trout,40,0.65
1990,OG,Cutthroat trout,91,8.05
1990,OG,Cutthroat trout,140,24.65
1990,OG,Cutthroat trout,88,6.65
1990,OG,Cutthroat trout,82,6
1990,OG,Cutthroat trout,135,23.1
1990,OG,Cutthroat trout,79,4.8
1990,OG,Cutthroat trout,80,4.75
1990,OG,Cutthroat trout,88,6.85
1990,OG,Cutthroat trout,44,0.8
1990,OG,Cutthroat trout,127,20.3
1991,CC,Cutthroat trout,80,4.6
1991,CC,Cutthroat trout,82,5
1991,CC,Cutthroat trout,96,7.6
1991,CC,Cutthroat trout,97,7.55
1991,CC,Cutthroat trout,92,7.85
1991,CC,Cutthroat trout,141,25.55
1991,CC,Cutthroat trout,165,41.35
1991,CC,Cutthroat trout,81,5.25
1991,CC,Cutthroat trout,98,8.65
1991,CC,Cutthroat trout,100,8.4
1991,CC,Cutthroat trout,105,9.1
1991,CC,Cutthroat trout,102,10.5
1991,CC,Cutthroat trout,182,60
1991,CC,Cutthroat trout,135,24
1991,CC,Cutthroat trout,160,37.15
1991,CC,Cutthroat trout,105,12.15
1991,CC,Cutthroat trout,100,9.05
1991,CC,Cutthroat trout,90,7.3
1991,CC,Cutthroat trout,50,1.25
1991,CC,Cutthroat trout,44,0.85
1991,CC,Cutthroat trout,50,1.35
1991,CC,Cutthroat trout,53,1.4
1991,CC,Cutthroat trout,58,1.8
1991,CC,Cutthroat trout,42,0.6
1991,CC,Cutthroat trout,103,9.7
1991,CC,Cutthroat trout,99,8.45
1991,CC,Cutthroat trout,130,22.05
1991,CC,Cutthroat trout,45,1.05
1991,CC,Cutthroat trout,38,0.65
1991,CC,Cutthroat trout,49,1.2
1991,CC,Cutthroat trout,52,1.45
1991,CC,Cutthroat trout,46,1
1991,CC,Cutthroat trout,93,8.2
1991,CC,Cutthroat trout,118,14.3
1991,CC,Cutthroat trout,85,5.2
1991,CC,Cutthroat trout,142,25.1
1991,CC,Cutthroat trout,55,1.65
1991,CC,Cutthroat trout,99,7.7
1991,CC,Cutthroat trout,87,5.6
1991,CC,Cutthroat trout,101,9.55
1991,CC,Cutthroat trout,99,9.25
1991,CC,Cutthroat trout,126,15.95
1991,CC,Cutthroat trout,60,1.9
1991,CC,Cutthroat trout,51,1.15
1991,CC,Cutthroat trout,85,6.45
1991,CC,Cutthroat trout,39,0.5
1991,CC,Cutthroat trout,114,19.25
1991,CC,Cutthroat trout,45,1
1991,CC,Cutthroat trout,133,20.3
1991,CC,Cutthroat trout,95,6.85
1991,CC,Cutthroat trout,133,19.95
1991,CC,Cutthroat trout,120,16.65
1991,CC,Cutthroat trout,103,9.75
1991,CC,Cutthroat trout,55,1.5
1991,CC,Cutthroat trout,50,1.35
1991,CC,Cutthroat trout,78,4.85
1991,CC,Cutthroat trout,95,7.15
1991,CC,Cutthroat trout,84,4.95
1991,CC,Cutthroat trout,86,7.1
1991,CC,Cutthroat trout,38,0.5
1991,CC,Cutthroat trout,53,1.3
1991,CC,Cutthroat trout,91,7.3
1991,CC,Cutthroat trout,94,6.65
1991,CC,Cutthroat trout,150,35.25
1991,CC,Cutthroat trout,45,0.95
1991,CC,Cutthroat trout,37,0.55
1991,CC,Cutthroat trout,88,6.85
1991,CC,Cutthroat trout,54,1.8
1991,CC,Cutthroat trout,48,0.75
1991,CC,Cutthroat trout,56,2.1
1991,CC,Cutthroat trout,49,1.05
1991,CC,Cutthroat trout,95,7.75
1991,CC,Cutthroat trout,102,9.45
1991,CC,Cutthroat trout,130,19.1
1991,CC,Cutthroat trout,50,1.15
1991,CC,Cutthroat trout,48,1
1991,CC,Cutthroat trout,55,1.65
1991,CC,Cutthroat trout,80,4.95
1991,CC,Cutthroat trout,101,9.1
1991,CC,Cutthroat trout,56,1.85
1991,CC,Cutthroat trout,85,6.4
1991,CC,Cutthroat trout,50,1.15
1991,CC,Cutthroat trout,54,1.65
1991,CC,Cutthroat trout,114,16.9
1991,CC,Cutthroat trout,160,39.55
1991,CC,Cutthroat trout,109,13.1
1991,CC,Cutthroat trout,85,6.5
1991,CC,Cutthroat trout,90,6.45
1991,CC,Cutthroat trout,81,4.55
1991,CC,Cutthroat trout,58,1.75
1991,CC,Cutthroat trout,150,30.85
1991,CC,Cutthroat trout,110,12.05
1991,CC,Cutthroat trout,87,5.85
1991,CC,Cutthroat trout,95,7.2
1991,CC,Cutthroat trout,111,11.6
1991,CC,Cutthroat trout,90,7.35
1991,CC,Cutthroat trout,47,1
1991,CC,Cutthroat trout,52,1.25
1991,CC,Cutthroat trout,50,1.25
1991,CC,Cutthroat trout,43,0.85
1991,CC,Cutthroat trout,45,1.1
1991,CC,Cutthroat trout,40,0.65
1991,CC,Cutthroat trout,47,1.1
1991,CC,Cutthroat trout,31,0.45
1991,CC,Cutthroat trout,45,0.8
1991,CC,Cutthroat trout,93,6.9
1991,CC,Cutthroat trout,143,24.6
1991,CC,Cutthroat trout,90,6.3
1991,CC,Cutthroat trout,58,2.1
1991,CC,Cutthroat trout,54,1.75
1991,CC,Cutthroat trout,52,1.35
1991,CC,Cutthroat trout,52,1.25
1991,CC,Cutthroat trout,45,0.9
1991,CC,Cutthroat trout,45,0.85
1991,CC,Cutthroat trout,55,1.55
1991,CC,Cutthroat trout,44,0.9
1991,CC,Cutthroat trout,33,0.35
1991,CC,Cutthroat trout,95,8.65
1991,CC,Cutthroat trout,45,1.05
1991,CC,Cutthroat trout,87,5.65
1991,CC,Cutthroat trout,85,5.35
1991,CC,Cutthroat trout,102,9.25
1991,CC,Cutthroat trout,48,1.1
1991,CC,Cutthroat trout,96,8.05
1991,CC,Cutthroat trout,118,14.95
1991,CC,Cutthroat trout,56,1.3
1991,CC,Cutthroat trout,53,1
1991,CC,Cutthroat trout,99,7.95
1991,CC,Cutthroat trout,130,20.5
1991,CC,Cutthroat trout,127,16.85
1991,CC,Cutthroat trout,122,18.6
1991,CC,Cutthroat trout,92,6.25
1991,CC,Cutthroat trout,42,0.85
1991,CC,Cutthroat trout,99,10.6
1991,CC,Cutthroat trout,54,1.25
1991,CC,Cutthroat trout,50,1.15
1991,CC,Cutthroat trout,135,0.4
1991,CC,Cutthroat trout,126,18.2
1991,CC,Cutthroat trout,41,0.75
1991,CC,Cutthroat trout,84,5.35
1991,CC,Cutthroat trout,122,16.3
1991,CC,Cutthroat trout,53,1.6
1991,CC,Cutthroat trout,124,16.45
1991,CC,Cutthroat trout,176,46.5
1991,CC,Cutthroat trout,129,18.15
1991,CC,Cutthroat trout,37,0.5
1991,CC,Cutthroat trout,55,1.2
1991,CC,Cutthroat trout,95,8.2
1991,CC,Cutthroat trout,93,6.8
1991,CC,Cutthroat trout,83,5.15
1991,CC,Cutthroat trout,94,7.35
1991,CC,Cutthroat trout,89,5.75
1991,CC,Cutthroat trout,101,8
1991,CC,Cutthroat trout,134,21.15
1991,CC,Cutthroat trout,158,34.2
1991,CC,Cutthroat trout,41,0.5
1991,CC,Cutthroat trout,49,1.15
1991,CC,Cutthroat trout,45,1
1991,CC,Cutthroat trout,49,1.2
1991,CC,Cutthroat trout,111,10.6
1991,CC,Cutthroat trout,147,27.2
1991,CC,Cutthroat trout,61,2.25
1991,CC,Cutthroat trout,126,18.65
1991,CC,Cutthroat trout,150,30.55
1991,CC,Cutthroat trout,150,31.2
1991,CC,Cutthroat trout,123,16.1
1991,CC,Cutthroat trout,176,44.35
1991,CC,Cutthroat trout,127,22.8
1991,CC,Cutthroat trout,92,6.85
1991,CC,Cutthroat trout,121,18.4
1991,CC,Cutthroat trout,113,12.95
1991,CC,Cutthroat trout,122,19.25
1991,CC,Cutthroat trout,130,19.85
1991,CC,Cutthroat trout,105,9.5
1991,CC,Cutthroat trout,48,1.1
1991,CC,Cutthroat trout,51,1.15
1991,CC,Cutthroat trout,105,12.85
1991,CC,Cutthroat trout,103,9.85
1991,CC,Cutthroat trout,98,18.15
1991,CC,Cutthroat trout,102,9.45
1991,CC,Cutthroat trout,97,8.2
1991,CC,Cutthroat trout,97,8.7
1991,CC,Cutthroat trout,89,6.25
1991,CC,Cutthroat trout,58,1.8
1991,CC,Cutthroat trout,46,1.15
1991,CC,Cutthroat trout,50,1.4
1991,CC,Cutthroat trout,46,1.2
1991,CC,Cutthroat trout,43,0.9
1991,CC,Cutthroat trout,32,0.35
1991,CC,Cutthroat trout,37,0.55
1991,CC,Cutthroat trout,51,1.4
1991,CC,Cutthroat trout,46,1.05
1991,CC,Cutthroat trout,41,0.75
1991,CC,Cutthroat trout,53,1.65
1991,CC,Cutthroat trout,86,5.85
1991,CC,Cutthroat trout,92,6.9
1991,CC,Cutthroat trout,48,1.25
1991,CC,Cutthroat trout,67,3.3
1991,CC,Cutthroat trout,70,3.3
1991,CC,Cutthroat trout,82,4.9
1991,CC,Cutthroat trout,95,7.4
1991,CC,Cutthroat trout,43,0.8
1991,CC,Cutthroat trout,53,1.45
1991,CC,Cutthroat trout,96,6.9
1991,CC,Cutthroat trout,44,0.95
1991,CC,Cutthroat trout,57,2.5
1991,CC,Cutthroat trout,39,0.6
1991,CC,Cutthroat trout,89,7.85
1991,CC,Cutthroat trout,127,16.4
1991,CC,Cutthroat trout,94,6.9
1991,CC,Cutthroat trout,55,1.55
1991,CC,Cutthroat trout,38,0.5
1991,CC,Cutthroat trout,34,0.35
1991,CC,Cutthroat trout,34,0.4
1991,CC,Cutthroat trout,41,0.65
1991,CC,Cutthroat trout,58,2.25
1991,CC,Cutthroat trout,132,19
1991,CC,Cutthroat trout,170,40.9
1991,CC,Cutthroat trout,129,17.1
1991,CC,Cutthroat trout,125,18.95
1991,CC,Cutthroat trout,104,9.25
1991,CC,Cutthroat trout,160,33.75
1991,CC,Cutthroat trout,41,0.55
1991,CC,Cutthroat trout,142,24.25
1991,CC,Cutthroat trout,144,25.05
1991,CC,Cutthroat trout,134,21.65
1991,CC,Cutthroat trout,60,2.1
1991,CC,Cutthroat trout,145,30.25
1991,CC,Cutthroat trout,109,10.95
1991,CC,Cutthroat trout,143,24.45
1991,CC,Cutthroat trout,105,9.65
1991,CC,Cutthroat trout,44,0.9
1991,CC,Cutthroat trout,50,1.3
1991,CC,Cutthroat trout,37,0.4
1991,CC,Cutthroat trout,53,1.7
1991,CC,Cutthroat trout,55,1.65
1991,CC,Cutthroat trout,123,15.75
1991,CC,Cutthroat trout,166,44
1991,CC,Cutthroat trout,164,43.05
1991,CC,Cutthroat trout,135,20.55
1991,CC,Cutthroat trout,158,37.1
1991,CC,Cutthroat trout,111,13.45
1991,CC,Cutthroat trout,101,8.65
1991,CC,Cutthroat trout,153,28.05
1991,CC,Cutthroat trout,134,19.25
1991,CC,Cutthroat trout,87,5.65
1991,CC,Cutthroat trout,158,34.9
1991,CC,Cutthroat trout,105,9.9
1991,CC,Cutthroat trout,99,7.75
1991,CC,Cutthroat trout,115,12.2
1991,CC,Cutthroat trout,99,8.3
1991,CC,Cutthroat trout,110,10.9
1991,CC,Cutthroat trout,132,25.8
1991,CC,Cutthroat trout,135,21.4
1991,CC,Cutthroat trout,94,7
1991,CC,Cutthroat trout,121,17.25
1991,CC,Cutthroat trout,195,66.75
1991,CC,Cutthroat trout,54,1.65
1991,CC,Cutthroat trout,36,0.4
1991,CC,Cutthroat trout,105,10.4
1991,CC,Cutthroat trout,45,1.05
1991,CC,Cutthroat trout,35,0.45
1991,CC,Cutthroat trout,82,8.75
1991,CC,Cutthroat trout,54,1.65
1991,CC,Cutthroat trout,57,1.8
1991,CC,Cutthroat trout,53,1.6
1991,CC,Cutthroat trout,98,7.75
1991,CC,Cutthroat trout,130,18.4
1991,CC,Cutthroat trout,37,0.55
1991,CC,Cutthroat trout,46,1.05
1991,CC,Cutthroat trout,123,15.5
1991,CC,Cutthroat trout,89,5.75
1991,CC,Cutthroat trout,149,26.65
1991,CC,Cutthroat trout,126,17.4
1991,CC,Cutthroat trout,156,31.7
1991,CC,Cutthroat trout,96,7.75
1991,CC,Cutthroat trout,129,17.8
1991,CC,Cutthroat trout,105,10.25
1991,CC,Cutthroat trout,126,18.4
1991,CC,Cutthroat trout,62,2.35
1991,CC,Cutthroat trout,102,9.25
1991,CC,Cutthroat trout,80,4.45
1991,CC,Cutthroat trout,137,21.45
1991,CC,Cutthroat trout,127,19.65
1991,CC,Cutthroat trout,177,44.35
1991,CC,Cutthroat trout,100,8.55
1991,CC,Cutthroat trout,128,18.9
1991,CC,Cutthroat trout,112,12.55
1991,CC,Cutthroat trout,91,6.6
1991,CC,Cutthroat trout,130,17.7
1991,CC,Cutthroat trout,52,1.5
1991,CC,Cutthroat trout,34,0.3
1991,CC,Cutthroat trout,35,0.35
1991,CC,Cutthroat trout,96,7.15
1991,CC,Cutthroat trout,110,11.1
1991,CC,Cutthroat trout,131,17.95
1991,CC,Cutthroat trout,145,29.9
1991,CC,Cutthroat trout,136,22.15
1991,CC,Cutthroat trout,102,8.85
1991,CC,Cutthroat trout,152,29.65
1991,CC,Cutthroat trout,45,0.95
1991,CC,Cutthroat trout,112,13.15
1991,CC,Cutthroat trout,109,11.15
1991,CC,Cutthroat trout,50,1.25
1991,CC,Cutthroat trout,42,0.6
1991,CC,Cutthroat trout,51,1
1991,CC,Cutthroat trout,131,18.1
1991,CC,Cutthroat trout,58,1.4
1991,CC,Cutthroat trout,45,0.8
1991,CC,Cutthroat trout,117,13.3
1991,CC,Cutthroat trout,100,9.85
1991,CC,Cutthroat trout,136,24.25
1991,CC,Cutthroat trout,55,1.45
1991,CC,Cutthroat trout,102,9.35
1991,CC,Cutthroat trout,87,7.15
1991,CC,Cutthroat trout,48,0.9
1991,CC,Cutthroat trout,110,13.15
1991,CC,Cutthroat trout,54,1.45
1991,CC,Cutthroat trout,104,9.65
1991,CC,Cutthroat trout,124,17.05
1991,CC,Cutthroat trout,55,1.35
1991,CC,Cutthroat trout,127,17.75
1991,CC,Cutthroat trout,52,1.45
1991,CC,Cutthroat trout,45,0.75
1991,CC,Cutthroat trout,49,1.25
1991,CC,Cutthroat trout,34,0.4
1991,CC,Cutthroat trout,48,1.1
1991,CC,Cutthroat trout,49,0.85
1991,CC,Cutthroat trout,34,0.35
1991,CC,Cutthroat trout,101,8.55
1991,CC,Cutthroat trout,106,10.9
1991,CC,Cutthroat trout,60,1.85
1991,CC,Cutthroat trout,50,1.25
1991,CC,Cutthroat trout,111,11.05
1991,CC,Cutthroat trout,97,8.2
1991,CC,Cutthroat trout,145,26.6
1991,CC,Cutthroat trout,173,50.15
1991,CC,Cutthroat trout,130,18.7
1991,CC,Cutthroat trout,96,7
1991,CC,Cutthroat trout,147,31.15
1991,CC,Cutthroat trout,102,8.95
1991,CC,Cutthroat trout,140,25.2
1991,CC,Cutthroat trout,183,53.5
1991,CC,Cutthroat trout,89,6.3
1991,CC,Cutthroat trout,146,31.6
1991,CC,Cutthroat trout,50,1.1
1991,CC,Cutthroat trout,98,7.85
1991,CC,Cutthroat trout,136,20.8
1991,CC,Cutthroat trout,122,16.6
1991,CC,Cutthroat trout,144,29.9
1991,CC,Cutthroat trout,123,14.95
1991,CC,Cutthroat trout,45,1
1991,CC,Cutthroat trout,61,2.55
1991,CC,Cutthroat trout,54,1.35
1991,CC,Cutthroat trout,50,1.1
1991,CC,Cutthroat trout,85,6.35
1991,CC,Cutthroat trout,118,14.9
1991,CC,Cutthroat trout,118,14.75
1991,CC,Cutthroat trout,182,50.25
1991,CC,Cutthroat trout,51,1.45
1991,CC,Cutthroat trout,48,1.1
1991,CC,Cutthroat trout,100,10.05
1991,CC,Cutthroat trout,162,42.1
1991,CC,Cutthroat trout,52,1.35
1991,CC,Cutthroat trout,38,0.35
1991,CC,Cutthroat trout,100,8.95
1991,CC,Cutthroat trout,47,0.9
1991,CC,Cutthroat trout,125,17.4
1991,CC,Cutthroat trout,48,1.1
1991,CC,Cutthroat trout,121,14.65
1991,CC,Cutthroat trout,34,0.4
1991,CC,Cutthroat trout,137,22.2
1991,CC,Cutthroat trout,80,4.65
1991,CC,Cutthroat trout,151,34.85
1991,OG,Cutthroat trout,80,5.25
1991,OG,Cutthroat trout,39,0.6
1991,OG,Cutthroat trout,51,1.35
1991,OG,Cutthroat trout,81,5.1
1991,OG,Cutthroat trout,78,4.15
1991,OG,Cutthroat trout,84,4.9
1991,OG,Cutthroat trout,155,36.2
1991,OG,Cutthroat trout,89,5.95
1991,OG,Cutthroat trout,126,19.3
1991,OG,Cutthroat trout,47,1.05
1991,OG,Cutthroat trout,49,1.1
1991,OG,Cutthroat trout,45,0.95
1991,OG,Cutthroat trout,48,1
1991,OG,Cutthroat trout,53,1.6
1991,OG,Cutthroat trout,39,0.7
1991,OG,Cutthroat trout,52,1.45
1991,OG,Cutthroat trout,104,10.95
1991,OG,Cutthroat trout,47,1.1
1991,OG,Cutthroat trout,39,0.5
1991,OG,Cutthroat trout,92,6.2
1991,OG,Cutthroat trout,101,8.15
1991,OG,Cutthroat trout,50,1.45
1991,OG,Cutthroat trout,57,1.85
1991,OG,Cutthroat trout,50,1.3
1991,OG,Cutthroat trout,142,24.55
1991,OG,Cutthroat trout,87,5.45
1991,OG,Cutthroat trout,143,23.25
1991,OG,Cutthroat trout,138,21.85
1991,OG,Cutthroat trout,133,20.15
1991,OG,Cutthroat trout,111,11.3
1991,OG,Cutthroat trout,58,2.05
1991,OG,Cutthroat trout,75,4.4
1991,OG,Cutthroat trout,122,15.8
1991,OG,Cutthroat trout,158,37.2
1991,OG,Cutthroat trout,109,11.9
1991,OG,Cutthroat trout,128,17.25
1991,OG,Cutthroat trout,46,0.95
1991,OG,Cutthroat trout,50,1.5
1991,OG,Cutthroat trout,122,15.55
1991,OG,Cutthroat trout,32,0.35
1991,OG,Cutthroat trout,43,0.8
1991,OG,Cutthroat trout,90,6.25
1991,OG,Cutthroat trout,90,6.4
1991,OG,Cutthroat trout,109,11.15
1991,OG,Cutthroat trout,40,0.9
1991,OG,Cutthroat trout,46,0.95
1991,OG,Cutthroat trout,36,0.45
1991,OG,Cutthroat trout,134,23.7
1991,OG,Cutthroat trout,118,16.55
1991,OG,Cutthroat trout,88,6.6
1991,OG,Cutthroat trout,93,6.85
1991,OG,Cutthroat trout,96,8.2
1991,OG,Cutthroat trout,96,8.35
1991,OG,Cutthroat trout,95,7.7
1991,OG,Cutthroat trout,50,1.35
1991,OG,Cutthroat trout,47,1.2
1991,OG,Cutthroat trout,44,0.95
1991,OG,Cutthroat trout,53,1.3
1991,OG,Cutthroat trout,37,0.5
1991,OG,Cutthroat trout,39,0.85
1991,OG,Cutthroat trout,46,1.05
1991,OG,Cutthroat trout,44,0.9
1991,OG,Cutthroat trout,75,4.5
1991,OG,Cutthroat trout,85,5.75
1991,OG,Cutthroat trout,63,3.3
1991,OG,Cutthroat trout,59,2.2
1991,OG,Cutthroat trout,83,5.65
1991,OG,Cutthroat trout,113,13.5
1991,OG,Cutthroat trout,40,0.6
1991,OG,Cutthroat trout,52,1.55
1991,OG,Cutthroat trout,55,1.7
1991,OG,Cutthroat trout,122,17.9
1991,OG,Cutthroat trout,107,11.1
1991,OG,Cutthroat trout,174,42.45
1991,OG,Cutthroat trout,141,25.75
1991,OG,Cutthroat trout,91,6.65
1991,OG,Cutthroat trout,41,0.75
1991,OG,Cutthroat trout,48,1.1
1991,OG,Cutthroat trout,79,4.35
1991,OG,Cutthroat trout,106,11.2
1991,OG,Cutthroat trout,73,4.15
1991,OG,Cutthroat trout,80,4.3
1991,OG,Cutthroat trout,148,28.65
1991,OG,Cutthroat trout,36,0.4
1991,OG,Cutthroat trout,80,6.65
1991,OG,Cutthroat trout,112,15.6
1991,OG,Cutthroat trout,88,5.65
1991,OG,Cutthroat trout,100,8.9
1991,OG,Cutthroat trout,75,4.75
1991,OG,Cutthroat trout,153,39.6
1991,OG,Cutthroat trout,47,1.15
1991,OG,Cutthroat trout,94,7.7
1991,OG,Cutthroat trout,110,13.35
1991,OG,Cutthroat trout,52,1.55
1991,OG,Cutthroat trout,133,22
1991,OG,Cutthroat trout,53,1.4
1991,OG,Cutthroat trout,39,0.6
1991,OG,Cutthroat trout,40,0.65
1991,OG,Cutthroat trout,50,1.25
1991,OG,Cutthroat trout,43,0.75
1991,OG,Cutthroat trout,55,1.4
1991,OG,Cutthroat trout,136,21
1991,OG,Cutthroat trout,131,19.25
1991,OG,Cutthroat trout,122,15.55
1991,OG,Cutthroat trout,56,1.8
1991,OG,Cutthroat trout,55,1.65
1991,OG,Cutthroat trout,84,5.65
1991,OG,Cutthroat trout,146,29.25
1991,OG,Cutthroat trout,89,6.1
1991,OG,Cutthroat trout,114,14
1991,OG,Cutthroat trout,50,1.1
1991,OG,Cutthroat trout,88,6.65
1991,OG,Cutthroat trout,112,13.1
1991,OG,Cutthroat trout,123,17.05
1991,OG,Cutthroat trout,117,14.7
1991,OG,Cutthroat trout,50,1.1
1991,OG,Cutthroat trout,122,15.65
1991,OG,Cutthroat trout,42,0.5
1991,OG,Cutthroat trout,101,11.35
1991,OG,Cutthroat trout,88,5.45
1991,OG,Cutthroat trout,106,10.95
1991,OG,Cutthroat trout,132,20.45
1991,OG,Cutthroat trout,89,5.9
1991,OG,Cutthroat trout,122,15.85
1991,OG,Cutthroat trout,36,0.65
1991,OG,Cutthroat trout,41,0.75
1991,OG,Cutthroat trout,82,4.7
1991,OG,Cutthroat trout,94,7.2
1991,OG,Cutthroat trout,85,3.35
1991,OG,Cutthroat trout,126,18.55
1991,OG,Cutthroat trout,45,0.8
1991,OG,Cutthroat trout,114,13.7
1991,OG,Cutthroat trout,88,5.75
1991,OG,Cutthroat trout,42,0.8
1991,OG,Cutthroat trout,46,0.8
1991,OG,Cutthroat trout,51,1.15
1991,OG,Cutthroat trout,89,7.4
1991,OG,Cutthroat trout,82,5.95
1991,OG,Cutthroat trout,48,1.05
1991,OG,Cutthroat trout,52,1.55
1991,OG,Cutthroat trout,94,7.55
1991,OG,Cutthroat trout,142,24.05
1991,OG,Cutthroat trout,105,9.5
1991,OG,Cutthroat trout,156,32.2
1991,OG,Cutthroat trout,53,1.5
1991,OG,Cutthroat trout,55,1.55
1991,OG,Cutthroat trout,50,1
1991,OG,Cutthroat trout,57,1.45
1991,OG,Cutthroat trout,56,1.8
1991,OG,Cutthroat trout,46,0.95
1991,OG,Cutthroat trout,112,10.95
1991,OG,Cutthroat trout,102,9.15
1991,OG,Cutthroat trout,95,9.6
1991,OG,Cutthroat trout,43,0.9
1991,OG,Cutthroat trout,43,0.65
1991,OG,Cutthroat trout,50,1.05
1991,OG,Cutthroat trout,53,1.65
1991,OG,Cutthroat trout,116,13.25
1991,OG,Cutthroat trout,93,6.75
1991,OG,Cutthroat trout,37,0.45
1991,OG,Cutthroat trout,49,1.05
1991,OG,Cutthroat trout,43,0.75
1991,OG,Cutthroat trout,46,1
1991,OG,Cutthroat trout,102,10.15
1991,OG,Cutthroat trout,88,5.55
1991,OG,Cutthroat trout,100,8.7
1991,OG,Cutthroat trout,106,10.4
1991,OG,Cutthroat trout,129,18.45
1991,OG,Cutthroat trout,80,5.4
1991,OG,Cutthroat trout,52,1.15
1991,OG,Cutthroat trout,47,0.85
1991,OG,Cutthroat trout,42,0.85
1991,OG,Cutthroat trout,46,0.85
1991,OG,Cutthroat trout,53,1.5
1991,OG,Cutthroat trout,55,1.65
1991,OG,Cutthroat trout,54,1.5
1991,OG,Cutthroat trout,150,27.8
1991,OG,Cutthroat trout,93,9
1991,OG,Cutthroat trout,50,1.2
1991,OG,Cutthroat trout,55,1.9
1991,OG,Cutthroat trout,39,0.55
1991,OG,Cutthroat trout,95,7.4
1991,OG,Cutthroat trout,121,19.15
1991,OG,Cutthroat trout,116,11.95
1991,OG,Cutthroat trout,41,0.7
1991,OG,Cutthroat trout,50,1.35
1991,OG,Cutthroat trout,115,14.7
1991,OG,Cutthroat trout,110,11.2
1991,OG,Cutthroat trout,80,5.3
1991,OG,Cutthroat trout,117,12.8
1991,OG,Cutthroat trout,90,6.45
1991,OG,Cutthroat trout,52,1.45
1991,OG,Cutthroat trout,48,1.1
1991,OG,Cutthroat trout,116,13.3
1991,OG,Cutthroat trout,126,19
1991,OG,Cutthroat trout,131,19.8
1991,OG,Cutthroat trout,135,22.05
1991,OG,Cutthroat trout,120,15.1
1991,OG,Cutthroat trout,53,1.5
1991,OG,Cutthroat trout,57,1.9
1991,OG,Cutthroat trout,57,2
1991,OG,Cutthroat trout,48,1.2
1991,OG,Cutthroat trout,93,7.5
1991,OG,Cutthroat trout,87,5.4
1991,OG,Cutthroat trout,115,13.2
1991,OG,Cutthroat trout,86,5.8
1991,OG,Cutthroat trout,109,11.65
1991,OG,Cutthroat trout,43,0.8
1991,OG,Cutthroat trout,48,1.1
1991,OG,Cutthroat trout,91,6.8
1991,OG,Cutthroat trout,136,26.5
1991,OG,Cutthroat trout,49,1.25
1991,OG,Cutthroat trout,54,1.65
1991,OG,Cutthroat trout,52,1.15
1991,OG,Cutthroat trout,51,1.3
1991,OG,Cutthroat trout,53,1.65
1991,OG,Cutthroat trout,46,0.8
1991,OG,Cutthroat trout,85,5.25
1991,OG,Cutthroat trout,123,15.75
1991,OG,Cutthroat trout,48,0.95
1991,OG,Cutthroat trout,55,1.7
1991,OG,Cutthroat trout,36,0.45
1991,OG,Cutthroat trout,82,5.45
1991,OG,Cutthroat trout,93,6.5
1991,OG,Cutthroat trout,107,10.65
1991,OG,Cutthroat trout,48,1.15
1991,OG,Cutthroat trout,41,0.75
1991,OG,Cutthroat trout,47,1.05
1991,OG,Cutthroat trout,58,2.05
1991,OG,Cutthroat trout,41,0.7
1991,OG,Cutthroat trout,41,0.65
1991,OG,Cutthroat trout,53,1.55
1991,OG,Cutthroat trout,133,24
1991,OG,Cutthroat trout,135,22
1991,OG,Cutthroat trout,143,27.55
1991,OG,Cutthroat trout,50,1.45
1991,OG,Cutthroat trout,50,1.25
1991,OG,Cutthroat trout,49,1.2
1991,OG,Cutthroat trout,54,1.6
1991,OG,Cutthroat trout,125,18
1991,OG,Cutthroat trout,147,27.85
1991,OG,Cutthroat trout,50,1.1
1991,OG,Cutthroat trout,95,7.7
1991,OG,Cutthroat trout,139,25.5
1991,OG,Cutthroat trout,125,13.85
1991,OG,Cutthroat trout,100,8.7
1991,OG,Cutthroat trout,48,0.95
1991,OG,Cutthroat trout,40,0.6
1991,OG,Cutthroat trout,53,1.4
1991,OG,Cutthroat trout,62,2
1991,OG,Cutthroat trout,77,4.8
1991,OG,Cutthroat trout,124,17.1
1992,CC,Cutthroat trout,107,10.87
1992,CC,Cutthroat trout,111,12.55
1992,CC,Cutthroat trout,115,12.51
1992,CC,Cutthroat trout,126,16.99
1992,CC,Cutthroat trout,96,9.16
1992,CC,Cutthroat trout,118,12.36
1992,CC,Cutthroat trout,105,9.21
1992,CC,Cutthroat trout,47,1.11
1992,CC,Cutthroat trout,46,1.14
1992,CC,Cutthroat trout,107,9.88
1992,CC,Cutthroat trout,139,23.9
1992,CC,Cutthroat trout,98,7.92
1992,CC,Cutthroat trout,160,33.03
1992,CC,Cutthroat trout,102,8.91
1992,CC,Cutthroat trout,65,2.48
1992,CC,Cutthroat trout,128,22.03
1992,CC,Cutthroat trout,88,5.95
1992,CC,Cutthroat trout,94,6.53
1992,CC,Cutthroat trout,121,15.6
1992,CC,Cutthroat trout,192,59.19
1992,CC,Cutthroat trout,97,7.42
1992,CC,Cutthroat trout,101,8.25
1992,CC,Cutthroat trout,152,30.43
1992,CC,Cutthroat trout,113,15.72
1992,CC,Cutthroat trout,112,13.36
1992,CC,Cutthroat trout,104,9.5
1992,CC,Cutthroat trout,104,10.07
1992,CC,Cutthroat trout,97,7.94
1992,CC,Cutthroat trout,58,2.01
1992,CC,Cutthroat trout,71,3.19
1992,CC,Cutthroat trout,124,15.18
1992,CC,Cutthroat trout,90,5.99
1992,CC,Cutthroat trout,94,7.1
1992,CC,Cutthroat trout,83,4.48
1992,CC,Cutthroat trout,64,2.29
1992,CC,Cutthroat trout,54,1.28
1992,CC,Cutthroat trout,148,26.86
1992,CC,Cutthroat trout,126,18.69
1992,CC,Cutthroat trout,97,7.93
1992,CC,Cutthroat trout,111,10.62
1992,CC,Cutthroat trout,89,6.6
1992,CC,Cutthroat trout,54,1.74
1992,CC,Cutthroat trout,60,2.33
1992,CC,Cutthroat trout,108,9.84
1992,CC,Cutthroat trout,103,9.46
1992,CC,Cutthroat trout,56,1.36
1992,CC,Cutthroat trout,99,7.79
1992,CC,Cutthroat trout,86,5.67
1992,CC,Cutthroat trout,64,2.24
1992,CC,Cutthroat trout,54,1.32
1992,CC,Cutthroat trout,96,7.6
1992,CC,Cutthroat trout,54,1.38
1992,CC,Cutthroat trout,150,29.61
1992,CC,Cutthroat trout,66,2.71
1992,CC,Cutthroat trout,94,6.85
1992,CC,Cutthroat trout,96,7.05
1992,CC,Cutthroat trout,115,13.17
1992,CC,Cutthroat trout,89,6
1992,CC,Cutthroat trout,96,8.86
1992,CC,Cutthroat trout,88,5.55
1992,CC,Cutthroat trout,51,1.44
1992,CC,Cutthroat trout,54,1.66
1992,CC,Cutthroat trout,90,5.79
1992,CC,Cutthroat trout,56,1.88
1992,CC,Cutthroat trout,68,2.7
1992,CC,Cutthroat trout,53,1.44
1992,CC,Cutthroat trout,78,3.68
1992,CC,Cutthroat trout,97,7.72
1992,CC,Cutthroat trout,111,10.82
1992,CC,Cutthroat trout,92,6.72
1992,CC,Cutthroat trout,81,4.81
1992,CC,Cutthroat trout,64,2.45
1992,CC,Cutthroat trout,48,1.23
1992,CC,Cutthroat trout,54,1.44
1992,CC,Cutthroat trout,98,8.42
1992,CC,Cutthroat trout,100,10.69
1992,CC,Cutthroat trout,132,17.99
1992,CC,Cutthroat trout,91,6.49
1992,CC,Cutthroat trout,100,8.66
1992,CC,Cutthroat trout,142,24.09
1992,CC,Cutthroat trout,115,12.71
1992,CC,Cutthroat trout,60,1.88
1992,CC,Cutthroat trout,51,1.35
1992,CC,Cutthroat trout,59,1.98
1992,CC,Cutthroat trout,51,1.24
1992,CC,Cutthroat trout,56,1.8
1992,CC,Cutthroat trout,50,1.35
1992,CC,Cutthroat trout,96,7.33
1992,CC,Cutthroat trout,115,13.69
1992,CC,Cutthroat trout,124,14.75
1992,CC,Cutthroat trout,113,12.32
1992,CC,Cutthroat trout,136,21.27
1992,CC,Cutthroat trout,138,20.72
1992,CC,Cutthroat trout,52,1.44
1992,CC,Cutthroat trout,58,1.7
1992,CC,Cutthroat trout,51,1.13
1992,CC,Cutthroat trout,47,0.99
1992,CC,Cutthroat trout,105,10.49
1992,CC,Cutthroat trout,107,10.06
1992,CC,Cutthroat trout,51,1.19
1992,CC,Cutthroat trout,61,2.05
1992,CC,Cutthroat trout,84,6.3
1992,CC,Cutthroat trout,51,1.35
1992,CC,Cutthroat trout,88,6.44
1992,CC,Cutthroat trout,166,38.79
1992,CC,Cutthroat trout,92,6.38
1992,CC,Cutthroat trout,55,1.79
1992,CC,Cutthroat trout,94,7.78
1992,CC,Cutthroat trout,80,5.27
1992,CC,Cutthroat trout,132,20.07
1992,CC,Cutthroat trout,56,1.7
1992,CC,Cutthroat trout,115,13.77
1992,CC,Cutthroat trout,135,20.35
1992,CC,Cutthroat trout,95,7.13
1992,CC,Cutthroat trout,57,1.67
1992,CC,Cutthroat trout,55,1.31
1992,CC,Cutthroat trout,108,11.28
1992,CC,Cutthroat trout,136,23.06
1992,CC,Cutthroat trout,120,15.59
1992,CC,Cutthroat trout,51,1.5
1992,CC,Cutthroat trout,87,5.82
1992,CC,Cutthroat trout,46,1.04
1992,CC,Cutthroat trout,97,7.86
1992,CC,Cutthroat trout,88,5.94
1992,CC,Cutthroat trout,47,0.9
1992,CC,Cutthroat trout,60,2.1
1992,CC,Cutthroat trout,116,15.18
1992,CC,Cutthroat trout,132,19.36
1992,CC,Cutthroat trout,117,14.93
1992,CC,Cutthroat trout,121,14.4
1992,CC,Cutthroat trout,113,12.35
1992,CC,Cutthroat trout,103,8.55
1992,CC,Cutthroat trout,112,11.62
1992,CC,Cutthroat trout,91,6.75
1992,CC,Cutthroat trout,90,6.5
1992,CC,Cutthroat trout,54,1.76
1992,CC,Cutthroat trout,130,19.58
1992,CC,Cutthroat trout,99,8.96
1992,CC,Cutthroat trout,64,2.06
1992,CC,Cutthroat trout,81,5.75
1992,CC,Cutthroat trout,165,36.68
1992,CC,Cutthroat trout,56,1.74
1992,CC,Cutthroat trout,51,1.47
1992,CC,Cutthroat trout,49,1.37
1992,CC,Cutthroat trout,91,6.77
1992,CC,Cutthroat trout,53,1.29
1992,CC,Cutthroat trout,125,18.84
1992,CC,Cutthroat trout,105,10.53
1992,CC,Cutthroat trout,104,9.38
1992,CC,Cutthroat trout,105,8.97
1992,CC,Cutthroat trout,131,19.02
1992,CC,Cutthroat trout,80,5.22
1992,CC,Cutthroat trout,137,20.81
1992,CC,Cutthroat trout,94,7.51
1992,CC,Cutthroat trout,55,1.45
1992,CC,Cutthroat trout,55,1.77
1992,CC,Cutthroat trout,124,15.78
1992,CC,Cutthroat trout,128,18.38
1992,CC,Cutthroat trout,124,16.26
1992,CC,Cutthroat trout,79,4.35
1992,CC,Cutthroat trout,105,9.47
1992,CC,Cutthroat trout,108,10.24
1992,CC,Cutthroat trout,152,28.82
1992,CC,Cutthroat trout,90,7.2
1992,CC,Cutthroat trout,124,14.69
1992,CC,Cutthroat trout,63,2.78
1992,CC,Cutthroat trout,51,1.18
1992,CC,Cutthroat trout,62,2.14
1992,CC,Cutthroat trout,104,9.77
1992,CC,Cutthroat trout,98,7.99
1992,CC,Cutthroat trout,136,20.82
1992,CC,Cutthroat trout,155,32.2
1992,CC,Cutthroat trout,132,20.42
1992,CC,Cutthroat trout,70,3.02
1992,CC,Cutthroat trout,130,18.04
1992,CC,Cutthroat trout,173,47.4
1992,CC,Cutthroat trout,114,13.06
1992,CC,Cutthroat trout,94,7.86
1992,CC,Cutthroat trout,111,11.92
1992,CC,Cutthroat trout,125,16.43
1992,CC,Cutthroat trout,64,2.64
1992,CC,Cutthroat trout,118,15.55
1992,CC,Cutthroat trout,103,10.32
1992,CC,Cutthroat trout,106,10.21
1992,CC,Cutthroat trout,88,5.26
1992,CC,Cutthroat trout,87,6.58
1992,CC,Cutthroat trout,66,2.43
1992,CC,Cutthroat trout,98,7.94
1992,CC,Cutthroat trout,66,2.53
1992,CC,Cutthroat trout,57,1.71
1992,CC,Cutthroat trout,79,3.95
1992,CC,Cutthroat trout,127,15.55
1992,CC,Cutthroat trout,84,5.1
1992,CC,Cutthroat trout,87,4.81
1992,CC,Cutthroat trout,95,7.63
1992,CC,Cutthroat trout,86,5.34
1992,CC,Cutthroat trout,71,2.96
1992,CC,Cutthroat trout,144,26.61
1992,CC,Cutthroat trout,51,1.45
1992,CC,Cutthroat trout,89,5.34
1992,CC,Cutthroat trout,92,6.81
1992,CC,Cutthroat trout,76,3.11
1992,CC,Cutthroat trout,80,4.36
1992,CC,Cutthroat trout,51,1.18
1992,CC,Cutthroat trout,124,17.46
1992,CC,Cutthroat trout,107,12.56
1992,CC,Cutthroat trout,58,1.66
1992,CC,Cutthroat trout,141,21.27
1992,CC,Cutthroat trout,139,25.1
1992,CC,Cutthroat trout,105,10.8
1992,CC,Cutthroat trout,194,66.91
1992,CC,Cutthroat trout,56,1.74
1992,CC,Cutthroat trout,72,3.77
1992,CC,Cutthroat trout,58,1.79
1992,CC,Cutthroat trout,107,9.51
1992,CC,Cutthroat trout,109,11.22
1992,CC,Cutthroat trout,120,15.66
1992,CC,Cutthroat trout,58,1.9
1992,CC,Cutthroat trout,45,0.98
1992,CC,Cutthroat trout,96,7.49
1992,CC,Cutthroat trout,109,13.19
1992,CC,Cutthroat trout,47,1.01
1992,CC,Cutthroat trout,44,0.87
1992,CC,Cutthroat trout,59,2.55
1992,CC,Cutthroat trout,67,2.77
1992,CC,Cutthroat trout,50,1.31
1992,CC,Cutthroat trout,57,1.55
1992,CC,Cutthroat trout,129,20.31
1992,CC,Cutthroat trout,112,11.68
1992,CC,Cutthroat trout,105,10.5
1992,CC,Cutthroat trout,130,17.61
1992,CC,Cutthroat trout,68,3.52
1992,CC,Cutthroat trout,49,1.19
1992,CC,Cutthroat trout,54,1.63
1992,CC,Cutthroat trout,69,3.02
1992,CC,Cutthroat trout,54,1.54
1992,CC,Cutthroat trout,58,2.07
1992,CC,Cutthroat trout,90,6.74
1992,CC,Cutthroat trout,147,26.2
1992,CC,Cutthroat trout,147,25.96
1992,CC,Cutthroat trout,48,1.04
1992,CC,Cutthroat trout,59,2.18
1992,CC,Cutthroat trout,96,7.71
1992,CC,Cutthroat trout,110,11.67
1992,CC,Cutthroat trout,125,17.63
1992,CC,Cutthroat trout,151,33.83
1992,CC,Cutthroat trout,67,2.3
1992,CC,Cutthroat trout,40,0.5
1992,CC,Cutthroat trout,97,8.61
1992,CC,Cutthroat trout,56,1.43
1992,CC,Cutthroat trout,44,0.66
1992,CC,Cutthroat trout,50,1.05
1992,CC,Cutthroat trout,67,2.83
1992,CC,Cutthroat trout,52,1.45
1992,CC,Cutthroat trout,53,1.5
1992,CC,Cutthroat trout,162,35.73
1992,CC,Cutthroat trout,39,0.58
1992,CC,Cutthroat trout,57,1.85
1992,CC,Cutthroat trout,66,2.84
1992,CC,Cutthroat trout,56,1.77
1992,CC,Cutthroat trout,49,1.39
1992,CC,Cutthroat trout,53,2.01
1992,CC,Cutthroat trout,65,2.43
1992,CC,Cutthroat trout,66,2.72
1992,CC,Cutthroat trout,65,2.85
1992,CC,Cutthroat trout,108,11.35
1992,CC,Cutthroat trout,69,2.99
1992,CC,Cutthroat trout,71,3.53
1992,CC,Cutthroat trout,134,21.52
1992,CC,Cutthroat trout,87,5.5
1992,CC,Cutthroat trout,51,1.48
1992,CC,Cutthroat trout,107,11.59
1992,CC,Cutthroat trout,134,21.9
1992,CC,Cutthroat trout,45,0.97
1992,CC,Cutthroat trout,98,7.77
1992,CC,Cutthroat trout,59,1.89
1992,CC,Cutthroat trout,106,10.12
1992,CC,Cutthroat trout,109,11.41
1992,CC,Cutthroat trout,160,33.84
1992,CC,Cutthroat trout,57,1.55
1992,CC,Cutthroat trout,102,9.25
1992,CC,Cutthroat trout,133,21.17
1992,CC,Cutthroat trout,156,34.26
1992,CC,Cutthroat trout,57,1.4
1992,CC,Cutthroat trout,133,19.71
1992,CC,Cutthroat trout,152,32.56
1992,CC,Cutthroat trout,97,7.8
1992,CC,Cutthroat trout,61,2.35
1992,CC,Cutthroat trout,108,11.18
1992,CC,Cutthroat trout,137,22.44
1992,CC,Cutthroat trout,136,21.5
1992,CC,Cutthroat trout,98,7.74
1992,CC,Cutthroat trout,135,22.6
1992,CC,Cutthroat trout,187,53.12
1992,CC,Cutthroat trout,68,2.85
1992,CC,Cutthroat trout,90,6.26
1992,CC,Cutthroat trout,64,2.31
1992,CC,Cutthroat trout,73,3.57
1992,CC,Cutthroat trout,51,1.47
1992,CC,Cutthroat trout,72,3.78
1992,CC,Cutthroat trout,110,12.1
1992,CC,Cutthroat trout,52,1.57
1992,CC,Cutthroat trout,102,9.13
1992,CC,Cutthroat trout,57,1.99
1992,CC,Cutthroat trout,137,23.82
1992,CC,Cutthroat trout,94,7.59
1992,CC,Cutthroat trout,68,2.67
1992,CC,Cutthroat trout,105,10.36
1992,CC,Cutthroat trout,149,27.41
1992,CC,Cutthroat trout,161,39.1
1992,CC,Cutthroat trout,60,2.48
1992,CC,Cutthroat trout,63,3.13
1992,CC,Cutthroat trout,44,0.81
1992,CC,Cutthroat trout,71,3.7
1992,CC,Cutthroat trout,71,3.26
1992,CC,Cutthroat trout,52,1.4
1992,CC,Cutthroat trout,95,8.01
1992,CC,Cutthroat trout,95,7.91
1992,CC,Cutthroat trout,71,3.36
1992,CC,Cutthroat trout,104,9.8
1992,CC,Cutthroat trout,66,3.3
1992,CC,Cutthroat trout,132,20.41
1992,CC,Cutthroat trout,151,33.11
1992,CC,Cutthroat trout,128,23.9
1992,CC,Cutthroat trout,101,8.95
1992,CC,Cutthroat trout,120,15.35
1992,CC,Cutthroat trout,100,9.76
1992,CC,Cutthroat trout,49,1.2
1992,CC,Cutthroat trout,126,18.55
1992,CC,Cutthroat trout,100,9.32
1992,CC,Cutthroat trout,53,1.6
1992,CC,Cutthroat trout,54,1.59
1992,CC,Cutthroat trout,59,2.15
1992,CC,Cutthroat trout,55,1.72
1992,CC,Cutthroat trout,68,3.53
1992,CC,Cutthroat trout,64,2.78
1992,CC,Cutthroat trout,118,15.63
1992,CC,Cutthroat trout,56,1.87
1992,CC,Cutthroat trout,95,7.86
1992,CC,Cutthroat trout,101,9.79
1992,CC,Cutthroat trout,77,5.2
1992,CC,Cutthroat trout,106,10.67
1992,CC,Cutthroat trout,106,9.99
1992,CC,Cutthroat trout,137,20.68
1992,CC,Cutthroat trout,114,12.35
1992,CC,Cutthroat trout,164,38.53
1992,CC,Cutthroat trout,136,20.07
1992,CC,Cutthroat trout,113,12.5
1992,CC,Cutthroat trout,192,60.3
1992,CC,Cutthroat trout,97,9.09
1992,CC,Cutthroat trout,58,1.89
1992,CC,Cutthroat trout,61,2.51
1992,CC,Cutthroat trout,117,15.21
1992,CC,Cutthroat trout,57,1.49
1992,CC,Cutthroat trout,111,10.56
1992,CC,Cutthroat trout,103,10.45
1992,CC,Cutthroat trout,114,13.58
1992,CC,Cutthroat trout,148,32.5
1992,CC,Cutthroat trout,145,25.5
1992,CC,Cutthroat trout,64,2.83
1992,CC,Cutthroat trout,123,16.61
1992,CC,Cutthroat trout,61,2.45
1992,CC,Cutthroat trout,64,2.8
1992,CC,Cutthroat trout,105,9.88
1992,CC,Cutthroat trout,53,1.43
1992,CC,Cutthroat trout,57,1.5
1992,CC,Cutthroat trout,65,2.77
1992,CC,Cutthroat trout,55,1.59
1992,CC,Cutthroat trout,65,2.81
1992,CC,Cutthroat trout,93,6.91
1992,CC,Cutthroat trout,44,0.92
1992,CC,Cutthroat trout,55,1.65
1992,CC,Cutthroat trout,62,2.54
1992,CC,Cutthroat trout,67,3.16
1992,CC,Cutthroat trout,52,1.44
1992,CC,Cutthroat trout,65,2.47
1992,CC,Cutthroat trout,59,2.09
1992,CC,Cutthroat trout,60,1.96
1992,CC,Cutthroat trout,153,31.24
1992,OG,Cutthroat trout,59,1.91
1992,OG,Cutthroat trout,130,18.15
1992,OG,Cutthroat trout,118,14.34
1992,OG,Cutthroat trout,86,5.71
1992,OG,Cutthroat trout,97,7.5
1992,OG,Cutthroat trout,114,12.73
1992,OG,Cutthroat trout,155,33.8
1992,OG,Cutthroat trout,105,9.26
1992,OG,Cutthroat trout,104,9.1
1992,OG,Cutthroat trout,91,6.83
1992,OG,Cutthroat trout,44,0.88
1992,OG,Cutthroat trout,53,1.47
1992,OG,Cutthroat trout,51,1.14
1992,OG,Cutthroat trout,64,2.7
1992,OG,Cutthroat trout,97,8.2
1992,OG,Cutthroat trout,87,5.89
1992,OG,Cutthroat trout,86,5.33
1992,OG,Cutthroat trout,128,20.17
1992,OG,Cutthroat trout,79,4.42
1992,OG,Cutthroat trout,129,17.95
1992,OG,Cutthroat trout,53,1.57
1992,OG,Cutthroat trout,108,10.57
1992,OG,Cutthroat trout,94,7.52
1992,OG,Cutthroat trout,109,10.13
1992,OG,Cutthroat trout,86,5.95
1992,OG,Cutthroat trout,93,7.04
1992,OG,Cutthroat trout,121,16.53
1992,OG,Cutthroat trout,50,1.3
1992,OG,Cutthroat trout,99,8.29
1992,OG,Cutthroat trout,80,4.51
1992,OG,Cutthroat trout,86,5.94
1992,OG,Cutthroat trout,111,11.73
1992,OG,Cutthroat trout,103,8.81
1992,OG,Cutthroat trout,120,15.3
1992,OG,Cutthroat trout,128,15.6
1992,OG,Cutthroat trout,55,1.56
1992,OG,Cutthroat trout,59,1.84
1992,OG,Cutthroat trout,49,1.5
1992,OG,Cutthroat trout,78,5.59
1992,OG,Cutthroat trout,95,10.36
1992,OG,Cutthroat trout,47,0.95
1992,OG,Cutthroat trout,48,1.15
1992,OG,Cutthroat trout,42,0.64
1992,OG,Cutthroat trout,41,0.57
1992,OG,Cutthroat trout,41,0.7
1992,OG,Cutthroat trout,80,4.32
1992,OG,Cutthroat trout,85,5.29
1992,OG,Cutthroat trout,92,6.75
1992,OG,Cutthroat trout,91,6.7
1992,OG,Cutthroat trout,111,10.78
1992,OG,Cutthroat trout,103,9.31
1992,OG,Cutthroat trout,120,15.88
1992,OG,Cutthroat trout,58,1.64
1992,OG,Cutthroat trout,140,23.65
1992,OG,Cutthroat trout,93,6.72
1992,OG,Cutthroat trout,162,37.98
1992,OG,Cutthroat trout,116,12.48
1992,OG,Cutthroat trout,111,12.09
1992,OG,Cutthroat trout,53,1.48
1992,OG,Cutthroat trout,48,1.02
1992,OG,Cutthroat trout,54,1.95
1992,OG,Cutthroat trout,138,26.97
1992,OG,Cutthroat trout,45,1.13
1992,OG,Cutthroat trout,46,0.94
1992,OG,Cutthroat trout,152,26.25
1992,OG,Cutthroat trout,53,1.47
1992,OG,Cutthroat trout,57,1.83
1992,OG,Cutthroat trout,85,5.85
1992,OG,Cutthroat trout,102,9.23
1992,OG,Cutthroat trout,99,8.62
1992,OG,Cutthroat trout,89,6.72
1992,OG,Cutthroat trout,85,5.99
1992,OG,Cutthroat trout,51,1.22
1992,OG,Cutthroat trout,90,6.63
1992,OG,Cutthroat trout,92,6.07
1992,OG,Cutthroat trout,123,15.57
1992,OG,Cutthroat trout,94,9.12
1992,OG,Cutthroat trout,124,15.63
1992,OG,Cutthroat trout,140,21.9
1992,OG,Cutthroat trout,124,15.26
1992,OG,Cutthroat trout,193,61.14
1992,OG,Cutthroat trout,36,0.39
1992,OG,Cutthroat trout,45,0.84
1992,OG,Cutthroat trout,46,0.78
1992,OG,Cutthroat trout,41,0.55
1992,OG,Cutthroat trout,74,4.06
1992,OG,Cutthroat trout,86,6.01
1992,OG,Cutthroat trout,61,1.91
1992,OG,Cutthroat trout,96,7.83
1992,OG,Cutthroat trout,72,3.14
1992,OG,Cutthroat trout,116,11.89
1992,OG,Cutthroat trout,98,7.53
1992,OG,Cutthroat trout,95,7.97
1992,OG,Cutthroat trout,144,26.1
1992,OG,Cutthroat trout,87,5.21
1992,OG,Cutthroat trout,114,12
1992,OG,Cutthroat trout,87,5.63
1992,OG,Cutthroat trout,49,1.01
1992,OG,Cutthroat trout,57,1.52
1992,OG,Cutthroat trout,90,7.01
1992,OG,Cutthroat trout,83,5.26
1992,OG,Cutthroat trout,109,10.4
1992,OG,Cutthroat trout,147,25.46
1992,OG,Cutthroat trout,58,1.81
1992,OG,Cutthroat trout,105,9.09
1992,OG,Cutthroat trout,61,2.21
1992,OG,Cutthroat trout,91,6.48
1992,OG,Cutthroat trout,98,7.37
1992,OG,Cutthroat trout,49,1.09
1992,OG,Cutthroat trout,57,1.89
1992,OG,Cutthroat trout,103,10.54
1992,OG,Cutthroat trout,96,7.96
1992,OG,Cutthroat trout,93,6.62
1992,OG,Cutthroat trout,116,12.7
1992,OG,Cutthroat trout,128,17.26
1992,OG,Cutthroat trout,96,7.41
1992,OG,Cutthroat trout,135,20.26
1992,OG,Cutthroat trout,61,1.9
1992,OG,Cutthroat trout,107,10.72
1992,OG,Cutthroat trout,113,11.54
1992,OG,Cutthroat trout,95,7.47
1992,OG,Cutthroat trout,85,4.94
1992,OG,Cutthroat trout,53,1.54
1992,OG,Cutthroat trout,90,6.24
1992,OG,Cutthroat trout,127,17.3
1992,OG,Cutthroat trout,118,14.52
1992,OG,Cutthroat trout,133,20.34
1992,OG,Cutthroat trout,94,7.2
1992,OG,Cutthroat trout,58,1.66
1992,OG,Cutthroat trout,40,0.65
1992,OG,Cutthroat trout,84,4.93
1992,OG,Cutthroat trout,120,14.93
1992,OG,Cutthroat trout,130,18.5
1992,OG,Cutthroat trout,102,8.74
1992,OG,Cutthroat trout,52,1.58
1992,OG,Cutthroat trout,60,1.82
1992,OG,Cutthroat trout,53,1.39
1992,OG,Cutthroat trout,82,5.8
1992,OG,Cutthroat trout,106,11.77
1992,OG,Cutthroat trout,80,4.84
1992,OG,Cutthroat trout,112,13.27
1992,OG,Cutthroat trout,156,34
1992,OG,Cutthroat trout,51,1.14
1992,OG,Cutthroat trout,105,10.06
1992,OG,Cutthroat trout,53,1.23
1992,OG,Cutthroat trout,132,21.45
1992,OG,Cutthroat trout,90,6.7
1992,OG,Cutthroat trout,126,16.34
1992,OG,Cutthroat trout,49,1.25
1992,OG,Cutthroat trout,108,11.85
1992,OG,Cutthroat trout,89,6.1
1992,OG,Cutthroat trout,155,32.06
1992,OG,Cutthroat trout,103,10.53
1992,OG,Cutthroat trout,88,6.41
1992,OG,Cutthroat trout,62,2.39
1992,OG,Cutthroat trout,55,1.46
1992,OG,Cutthroat trout,52,1.47
1992,OG,Cutthroat trout,43,0.85
1992,OG,Cutthroat trout,95,7.25
1992,OG,Cutthroat trout,94,6.95
1992,OG,Cutthroat trout,59,2.39
1992,OG,Cutthroat trout,104,9.85
1992,OG,Cutthroat trout,92,6.49
1992,OG,Cutthroat trout,78,4.44
1992,OG,Cutthroat trout,100,8.09
1992,OG,Cutthroat trout,87,6.44
1992,OG,Cutthroat trout,84,4.73
1992,OG,Cutthroat trout,114,12.7
1992,OG,Cutthroat trout,83,4.84
1992,OG,Cutthroat trout,58,1.77
1992,OG,Cutthroat trout,60,2.13
1992,OG,Cutthroat trout,47,1.07
1992,OG,Cutthroat trout,91,8.02
1992,OG,Cutthroat trout,122,15.66
1992,OG,Cutthroat trout,50,1.53
1992,OG,Cutthroat trout,56,1.82
1992,OG,Cutthroat trout,115,13
1992,OG,Cutthroat trout,134,20.42
1992,OG,Cutthroat trout,129,17.94
1992,OG,Cutthroat trout,48,1.09
1992,OG,Cutthroat trout,48,0.98
1992,OG,Cutthroat trout,46,1.11
1992,OG,Cutthroat trout,52,1.64
1992,OG,Cutthroat trout,105,9.33
1992,OG,Cutthroat trout,47,1.12
1992,OG,Cutthroat trout,44,0.8
1992,OG,Cutthroat trout,82,4.97
1992,OG,Cutthroat trout,96,7.63
1992,OG,Cutthroat trout,49,1.37
1992,OG,Cutthroat trout,56,1.46
1992,OG,Cutthroat trout,99,7.92
1992,OG,Cutthroat trout,95,7.61
1992,OG,Cutthroat trout,49,1.01
1992,OG,Cutthroat trout,84,4.67
1992,OG,Cutthroat trout,55,1.48
1992,OG,Cutthroat trout,60,2
1992,OG,Cutthroat trout,91,6.31
1992,OG,Cutthroat trout,61,2.02
1992,OG,Cutthroat trout,50,1.08
1992,OG,Cutthroat trout,79,4.73
1992,OG,Cutthroat trout,58,1.95
1992,OG,Cutthroat trout,68,2.76
1992,OG,Cutthroat trout,60,2.32
1992,OG,Cutthroat trout,91,6.91
1992,OG,Cutthroat trout,102,12.08
1992,OG,Cutthroat trout,52,1.47
1992,OG,Cutthroat trout,55,1.66
1992,OG,Cutthroat trout,150,28.03
1992,OG,Cutthroat trout,125,18.85
1992,OG,Cutthroat trout,45,0.73
1992,OG,Cutthroat trout,118,13.07
1992,OG,Cutthroat trout,58,2.21
1992,OG,Cutthroat trout,51,1.17
1992,OG,Cutthroat trout,54,1.41
1992,OG,Cutthroat trout,50,1.3
1992,OG,Cutthroat trout,58,1.95
1992,OG,Cutthroat trout,86,5.69
1992,OG,Cutthroat trout,94,9.46
1992,OG,Cutthroat trout,123,15.93
1992,OG,Cutthroat trout,105,14.39
1992,OG,Cutthroat trout,97,7.6
1992,OG,Cutthroat trout,62,2.31
1992,OG,Cutthroat trout,54,1.35
1992,OG,Cutthroat trout,99,9.24
1992,OG,Cutthroat trout,41,0.75
1992,OG,Cutthroat trout,55,1.56
1992,OG,Cutthroat trout,77,4.23
1992,OG,Cutthroat trout,90,6.42
1992,OG,Cutthroat trout,95,7.35
1992,OG,Cutthroat trout,61,2.29
1992,OG,Cutthroat trout,121,13.6
1992,OG,Cutthroat trout,59,1.91
1992,OG,Cutthroat trout,80,4.52
1992,OG,Cutthroat trout,54,1.78
1992,OG,Cutthroat trout,125,16.68
1992,OG,Cutthroat trout,56,1.92
1992,OG,Cutthroat trout,50,1.46
1993,CC,Cutthroat trout,51,1.29
1993,CC,Coastal giant salamander,72,16.13
1993,CC,Cutthroat trout,45,0.91
1993,CC,Cutthroat trout,50,1.35
1993,CC,Cutthroat trout,45,0.74
1993,CC,Cutthroat trout,64,2.13
1993,CC,Cutthroat trout,47,1.03
1993,CC,Cutthroat trout,44,1.06
1993,CC,Cutthroat trout,46,1
1993,CC,Cutthroat trout,38,0.72
1993,CC,Cutthroat trout,53,1.37
1993,CC,Cutthroat trout,52,1.3
1993,CC,Cutthroat trout,44,0.73
1993,CC,Cutthroat trout,43,0.85
1993,CC,Cutthroat trout,48,1.16
1993,CC,Coastal giant salamander,85,22.99
1993,CC,Coastal giant salamander,61,1.35
1993,CC,Coastal giant salamander,42,3.18
1993,CC,Coastal giant salamander,61,10.26
1993,CC,Coastal giant salamander,81,19.51
1993,CC,Coastal giant salamander,55,6.31
1993,CC,Coastal giant salamander,70,13.33
1993,CC,Coastal giant salamander,69,12.96
1993,CC,Coastal giant salamander,25,0.75
1993,CC,Coastal giant salamander,46,4.17
1993,CC,Coastal giant salamander,88,20.94
1993,CC,Coastal giant salamander,100,31.7
1993,CC,Coastal giant salamander,85,22.5
1993,CC,Cutthroat trout,52,1.08
1993,CC,Cutthroat trout,48,1.14
1993,CC,Cutthroat trout,39,0.52
1993,CC,Coastal giant salamander,50,6.17
1993,CC,Coastal giant salamander,68,13.2
1993,CC,Coastal giant salamander,90,24.39
1993,CC,Cutthroat trout,46,1
1993,CC,Cutthroat trout,56,1.72
1993,CC,Cutthroat trout,44,0.89
1993,CC,Cutthroat trout,52,1.2
1993,CC,Coastal giant salamander,37,2.03
1993,CC,Cutthroat trout,39,0.47
1993,CC,Cutthroat trout,51,1.33
1993,CC,Cutthroat trout,45,0.89
1993,CC,Cutthroat trout,38,0.5
1993,CC,Cutthroat trout,54,1.66
1993,CC,Cutthroat trout,56,1.68
1993,CC,Cutthroat trout,53,1.3
1993,CC,Cutthroat trout,54,1.28
1993,CC,Cutthroat trout,49,0.96
1993,CC,Cutthroat trout,56,1.93
1993,CC,Cutthroat trout,46,0.92
1993,CC,Cutthroat trout,42,0.59
1993,CC,Cutthroat trout,38,0.49
1993,CC,Cutthroat trout,49,1.33
1993,CC,Coastal giant salamander,57,7.82
1993,CC,Coastal giant salamander,37,1.81
1993,CC,Coastal giant salamander,45,3.89
1993,CC,Coastal giant salamander,45,4
1993,CC,Coastal giant salamander,70,14.83
1993,CC,Coastal giant salamander,57,7.16
1993,CC,Coastal giant salamander,62,9.32
1993,CC,Coastal giant salamander,79,17.71
1993,CC,Coastal giant salamander,52,6.27
1993,CC,Coastal giant salamander,82,21.19
1993,CC,Cutthroat trout,43,0.83
1993,CC,Coastal giant salamander,60,9.03
1993,CC,Coastal giant salamander,81,21.94
1993,CC,Coastal giant salamander,77,17.55
1993,CC,Coastal giant salamander,64,12.36
1993,CC,Coastal giant salamander,75,17.82
1993,CC,Cutthroat trout,54,1.74
1993,CC,Cutthroat trout,44,0.94
1993,CC,Cutthroat trout,56,2.04
1993,CC,Cutthroat trout,43,0.7
1993,CC,Cutthroat trout,35,0.42
1993,CC,Cutthroat trout,51,1.52
1993,CC,Coastal giant salamander,27,0.78
1993,CC,Coastal giant salamander,37,2.33
1993,CC,Coastal giant salamander,33,1.65
1993,CC,Coastal giant salamander,68,12.32
1993,CC,Coastal giant salamander,41,2.69
1993,CC,Coastal giant salamander,74,15.36
1993,CC,Coastal giant salamander,57,6.87
1993,CC,Coastal giant salamander,46,4.31
1993,CC,Coastal giant salamander,104,30.05
1993,CC,Cutthroat trout,49,1.08
1993,CC,Coastal giant salamander,52,5.72
1993,CC,Coastal giant salamander,66,10.42
1993,CC,Coastal giant salamander,70,14.35
1993,CC,Cutthroat trout,37,0.58
1993,CC,Cutthroat trout,41,0.63
1993,CC,Coastal giant salamander,38,2.25
1993,CC,Coastal giant salamander,57,7.65
1993,CC,Coastal giant salamander,74,16.7
1993,CC,Coastal giant salamander,66,12.09
1993,CC,Coastal giant salamander,111,44.16
1993,CC,Cutthroat trout,37,0.49
1993,CC,Cutthroat trout,46,1.06
1993,CC,Cutthroat trout,42,0.78
1993,CC,Coastal giant salamander,80,20.56
1993,CC,Cutthroat trout,52,1.45
1993,CC,Cutthroat trout,55,1.82
1993,CC,Cutthroat trout,62,2.23
1993,CC,Cutthroat trout,51,1.53
1993,CC,Cutthroat trout,64,2.53
1993,CC,Cutthroat trout,54,1.44
1993,CC,Cutthroat trout,48,1.18
1993,CC,Cutthroat trout,51,1.4
1993,CC,Cutthroat trout,51,1.46
1993,CC,Cutthroat trout,51,1.43
1993,CC,Cutthroat trout,40,0.7
1993,CC,Cutthroat trout,63,2.13
1993,CC,Cutthroat trout,46,0.96
1993,CC,Cutthroat trout,55,1.75
1993,CC,Cutthroat trout,52,1.39
1993,CC,Cutthroat trout,37,0.59
1993,CC,Cutthroat trout,43,0.82
1993,CC,Cutthroat trout,47,0.93
1993,CC,Coastal giant salamander,52,6.58
1993,CC,Coastal giant salamander,58,7.6
1993,CC,Coastal giant salamander,82,22.95
1993,CC,Cutthroat trout,54,1.65
1993,CC,Cutthroat trout,51,1.45
1993,CC,Cutthroat trout,57,1.97
1993,CC,Cutthroat trout,46,0.89
1993,CC,Cutthroat trout,49,1.15
1993,CC,Coastal giant salamander,50,5.44
1993,CC,Coastal giant salamander,50,5.8
1993,CC,Coastal giant salamander,48,4.8
1993,CC,Coastal giant salamander,62,10.85
1993,CC,Coastal giant salamander,50,5.04
1993,CC,Coastal giant salamander,80,18.77
1993,CC,Coastal giant salamander,85,19.58
1993,CC,Coastal giant salamander,80,19.99
1993,CC,Coastal giant salamander,63,10.83
1993,CC,Cutthroat trout,53,1.68
1993,CC,Cutthroat trout,59,2.42
1993,CC,Cutthroat trout,58,2.3
1993,CC,Cutthroat trout,49,1.14
1993,CC,Cutthroat trout,42,0.74
1993,CC,Cutthroat trout,35,0.41
1993,CC,Cutthroat trout,35,0.37
1993,CC,Cutthroat trout,54,1.72
1993,CC,Cutthroat trout,43,0.69
1993,CC,Cutthroat trout,51,1.29
1993,CC,Cutthroat trout,40,0.75
1993,CC,Cutthroat trout,39,0.69
1993,CC,Cutthroat trout,35,0.41
1993,CC,Cutthroat trout,49,1.26
1993,CC,Cutthroat trout,45,0.9
1993,CC,Cutthroat trout,37,0.55
1993,CC,Cutthroat trout,41,0.7
1993,CC,Cutthroat trout,49,1.28
1993,CC,Cutthroat trout,39,0.66
1993,CC,Cutthroat trout,55,1.76
1993,CC,Cutthroat trout,36,0.5
1993,CC,Cutthroat trout,59,2.09
1993,CC,Cutthroat trout,51,1.47
1993,CC,Coastal giant salamander,32,1.51
1993,CC,Coastal giant salamander,75,16.44
1993,CC,Coastal giant salamander,30,1.21
1993,CC,Coastal giant salamander,46,4.59
1993,CC,Coastal giant salamander,42,3.44
1993,CC,Coastal giant salamander,95,26.32
1993,CC,Cutthroat trout,56,2.09
1993,CC,Cutthroat trout,54,1.67
1993,CC,Coastal giant salamander,57,7.61
1993,OG,Cutthroat trout,49,1.3
1993,OG,Cutthroat trout,56,1.39
1993,OG,Cutthroat trout,43,0.87
1993,OG,Cutthroat trout,52,1.15
1993,OG,Cutthroat trout,55,1.69
1993,OG,Coastal giant salamander,52,5.3
1993,OG,Coastal giant salamander,57,7.13
1993,OG,Coastal giant salamander,69,12.16
1993,OG,Coastal giant salamander,39,2.13
1993,OG,Coastal giant salamander,114,53.01
1993,OG,Cutthroat trout,47,0.91
1993,OG,Cutthroat trout,46,0.93
1993,OG,Cutthroat trout,52,1.27
1993,OG,Cutthroat trout,49,1.12
1993,OG,Cutthroat trout,39,0.67
1993,OG,Cutthroat trout,47,0.94
1993,OG,Coastal giant salamander,44,3.1
1993,OG,Coastal giant salamander,60,8.62
1993,OG,Coastal giant salamander,66,11.53
1993,OG,Coastal giant salamander,29,1.13
1993,OG,Coastal giant salamander,62,9.57
1993,OG,Coastal giant salamander,70,15.17
1993,OG,Coastal giant salamander,122,63.39
1993,OG,Cutthroat trout,48,0.98
1993,OG,Cutthroat trout,58,1.69
1993,OG,Coastal giant salamander,46,4.3
1993,OG,Coastal giant salamander,66,11.67
1993,OG,Coastal giant salamander,58,6.95
1993,OG,Coastal giant salamander,35,2.28
1993,OG,Cutthroat trout,34,0.3
1993,OG,Cutthroat trout,46,0.91
1993,OG,Cutthroat trout,49,1.14
1993,OG,Cutthroat trout,51,1.04
1993,OG,Cutthroat trout,34,0.34
1993,OG,Cutthroat trout,42,0.75
1993,OG,Cutthroat trout,88,8.08
1993,OG,Coastal giant salamander,30,0.86
1993,OG,Coastal giant salamander,45,4.06
1993,OG,Coastal giant salamander,34,1.4
1993,OG,Coastal giant salamander,48,4.33
1993,OG,Coastal giant salamander,67,10.79
1993,OG,Coastal giant salamander,35,1.71
1993,OG,Coastal giant salamander,68,11.31
1993,OG,Coastal giant salamander,50,5.15
1993,OG,Coastal giant salamander,130,61.84
1993,OG,Cutthroat trout,39,0.64
1993,OG,Cutthroat trout,50,1.23
1993,OG,Coastal giant salamander,51,6.59
1993,OG,Coastal giant salamander,70,15.54
1993,OG,Cutthroat trout,52,1.56
1993,OG,Cutthroat trout,45,0.91
1993,OG,Coastal giant salamander,36,2.26
1993,OG,Coastal giant salamander,124,58.17
1993,OG,Cutthroat trout,41,0.77
1993,OG,Coastal giant salamander,128,71.31
1993,OG,Coastal giant salamander,49,4.44
1993,OG,Coastal giant salamander,48,4.34
1993,OG,Coastal giant salamander,62,10.63
1993,OG,Coastal giant salamander,126,77.9
1993,OG,Cutthroat trout,45,0.93
1993,OG,Cutthroat trout,54,1.57
1993,OG,Cutthroat trout,36,0.45
1993,OG,Cutthroat trout,47,0.94
1993,OG,Cutthroat trout,38,0.45
1993,OG,Cutthroat trout,39,0.53
1993,OG,Cutthroat trout,44,0.72
1993,OG,Cutthroat trout,41,0.71
1993,OG,Cutthroat trout,53,1.85
1993,OG,Cutthroat trout,37,0.58
1993,OG,Cutthroat trout,44,0.96
1993,OG,Cutthroat trout,38,0.66
1993,OG,Cutthroat trout,32,0.41
1993,OG,Cutthroat trout,39,0.68
1993,OG,Cutthroat trout,53,1.42
1993,OG,Cutthroat trout,54,1.37
1993,OG,Cutthroat trout,45,0.91
1993,OG,Cutthroat trout,58,1.78
1993,OG,Cutthroat trout,45,0.85
1993,OG,Cutthroat trout,55,1.49
1993,OG,Cutthroat trout,41,0.68
1993,OG,Cutthroat trout,46,1.17
1993,OG,Cutthroat trout,45,0.82
1993,OG,Cutthroat trout,55,1.51
1993,OG,Coastal giant salamander,72,10.99
1993,OG,Coastal giant salamander,59,7.09
1993,OG,Coastal giant salamander,88,21.35
1993,OG,Coastal giant salamander,50,4.62
1993,OG,Coastal giant salamander,53,7.49
1993,OG,Coastal giant salamander,82,19.65
1993,OG,Coastal giant salamander,66,11.15
1993,OG,Coastal giant salamander,84,20.93
1993,OG,Coastal giant salamander,61,8.17
1993,OG,Coastal giant salamander,58,7.39
1993,OG,Coastal giant salamander,64,10.5
1993,OG,Coastal giant salamander,67,11.68
1993,OG,Coastal giant salamander,38,1.91
1993,OG,Coastal giant salamander,134,66.74
1993,OG,Coastal giant salamander,39,2.28
1993,OG,Coastal giant salamander,28,0.99
1993,OG,Coastal giant salamander,37,2.08
1993,OG,Coastal giant salamander,38,2.07
1993,OG,Coastal giant salamander,33,1.4
1993,OG,Coastal giant salamander,53,5.13
1993,OG,Coastal giant salamander,65,9.58
1993,OG,Coastal giant salamander,60,7.83
1994,CC,Cutthroat trout,48,0.98
1994,CC,Cutthroat trout,50,1.13
1994,CC,Cutthroat trout,196,66.74
1994,CC,Coastal giant salamander,69,9.63
1994,CC,Coastal giant salamander,54,6.13
1994,CC,Coastal giant salamander,58,8.02
1994,CC,Cutthroat trout,41,0.6
1994,CC,Cutthroat trout,38,0.54
1994,CC,Cutthroat trout,55,1.47
1994,CC,Cutthroat trout,56,1.46
1994,CC,Cutthroat trout,45,0.87
1994,CC,Cutthroat trout,51,1.12
1994,CC,Cutthroat trout,44,0.62
1994,CC,Cutthroat trout,42,0.64
1994,CC,Cutthroat trout,53,1.5
1994,CC,Cutthroat trout,47,0.89
1994,CC,Cutthroat trout,46,0.9
1994,CC,Cutthroat trout,55,1.5
1994,CC,Cutthroat trout,47,0.77
1994,CC,Coastal giant salamander,80,20.64
1994,CC,Coastal giant salamander,55,7.2
1994,CC,Coastal giant salamander,66,12.12
1994,CC,Coastal giant salamander,63,9.74
1994,CC,Coastal giant salamander,68,12.67
1994,CC,Coastal giant salamander,61,10.7
1994,CC,Coastal giant salamander,57,7.6
1994,CC,Coastal giant salamander,70,14.85
1994,CC,Coastal giant salamander,104,47.62
1994,CC,Coastal giant salamander,100,35.8
1994,CC,Coastal giant salamander,98,30.78
1994,CC,Coastal giant salamander,104,38.91
1994,CC,Coastal giant salamander,83,19.17
1994,CC,Coastal giant salamander,86,21.96
1994,CC,Coastal giant salamander,78,18.89
1994,CC,Coastal giant salamander,49,4.61
1994,CC,Coastal giant salamander,44,4.18
1994,CC,Coastal giant salamander,52,7.2
1994,CC,Coastal giant salamander,59,10.52
1994,CC,Coastal giant salamander,60,9.66
1994,CC,Cutthroat trout,49,1.08
1994,CC,Cutthroat trout,40,0.63
1994,CC,Cutthroat trout,46,1.04
1994,CC,Cutthroat trout,50,1.25
1994,CC,Cutthroat trout,41,0.51
1994,CC,Cutthroat trout,38,0.43
1994,CC,Cutthroat trout,56,1.83
1994,CC,Cutthroat trout,24,0.09
1994,CC,Cutthroat trout,36,0.43
1994,CC,Cutthroat trout,50,1.17
1994,CC,Cutthroat trout,34,0.28
1994,CC,Cutthroat trout,40,0.54
1994,CC,Coastal giant salamander,54,5.68
1994,CC,Coastal giant salamander,64,9.16
1994,CC,Coastal giant salamander,44,3.48
1994,CC,Coastal giant salamander,113,51.32
1994,CC,Coastal giant salamander,103,45.52
1994,CC,Cutthroat trout,53,1.43
1994,CC,Cutthroat trout,55,1.43
1994,CC,Coastal giant salamander,73,16.08
1994,CC,Coastal giant salamander,90,26.08
1994,CC,Coastal giant salamander,49,4.38
1994,CC,Cutthroat trout,42,0.71
1994,CC,Cutthroat trout,64,3.38
1994,CC,Cutthroat trout,53,1.25
1994,CC,Coastal giant salamander,58,6.28
1994,CC,Coastal giant salamander,43,2.37
1994,CC,Coastal giant salamander,46,3.08
1994,CC,Coastal giant salamander,110,35.46
1994,CC,Cutthroat trout,51,1.3
1994,CC,Cutthroat trout,49,0.9
1994,CC,Cutthroat trout,40,0.8
1994,CC,Cutthroat trout,46,0.8
1994,CC,Cutthroat trout,75,4.5
1994,CC,Cutthroat trout,44,0.8
1994,CC,Cutthroat trout,50,1
1994,CC,Cutthroat trout,50,0.9
1994,CC,Coastal giant salamander,68,10.5
1994,CC,Coastal giant salamander,65,8.6
1994,CC,Coastal giant salamander,65,9.6
1994,CC,Coastal giant salamander,75,16.7
1994,CC,Coastal giant salamander,70,11.5
1994,CC,Coastal giant salamander,65,9.8
1994,CC,Coastal giant salamander,62,8.3
1994,CC,Coastal giant salamander,62,7.9
1994,CC,Coastal giant salamander,43,2.9
1994,CC,Coastal giant salamander,50,5.1
1994,CC,Coastal giant salamander,42,2.8
1994,CC,Coastal giant salamander,64,9
1994,CC,Coastal giant salamander,39,2.2
1994,CC,Coastal giant salamander,47,2.9
1994,CC,Coastal giant salamander,21,0.6
1994,CC,Cutthroat trout,47,1.1
1994,CC,Cutthroat trout,48,0.8
1994,CC,Cutthroat trout,50,1.1
1994,CC,Cutthroat trout,53,1.5
1994,CC,Cutthroat trout,55,1.7
1994,CC,Cutthroat trout,54,1.5
1994,CC,Cutthroat trout,47,1.5
1994,CC,Cutthroat trout,42,0.6
1994,OG,Cutthroat trout,48,1.2
1994,OG,Cutthroat trout,56,1.5
1994,OG,Cutthroat trout,81,5
1994,OG,Cutthroat trout,74,3.8
1994,OG,Cutthroat trout,69,4
1994,OG,Cutthroat trout,89,6.4
1994,OG,Cutthroat trout,44,0.8
1994,OG,Cutthroat trout,130,21.9
1994,OG,Cutthroat trout,91,7
1994,OG,Cutthroat trout,116,13.4
1994,OG,Cutthroat trout,103,10
1994,OG,Cutthroat trout,96,7.3
1994,OG,Cutthroat trout,164,37.4
1994,OG,Coastal giant salamander,34,1.6
1994,OG,Coastal giant salamander,51,5.5
1994,OG,Coastal giant salamander,59,10.3
1994,OG,Cutthroat trout,48,0.9
1994,OG,Cutthroat trout,41,0.7
1994,OG,Cutthroat trout,51,1.2
1994,OG,Coastal giant salamander,44,4.3
1994,OG,Coastal giant salamander,64,12.5
1994,OG,Coastal giant salamander,64,9.6
1994,OG,Coastal giant salamander,67,18.3
1994,OG,Coastal giant salamander,52,5.5
1994,OG,Coastal giant salamander,52,5.3
1994,OG,Coastal giant salamander,59,7.7
1994,OG,Coastal giant salamander,54,6.3
1994,OG,Coastal giant salamander,55,7.4
1994,OG,Coastal giant salamander,39,2.6
1994,OG,Coastal giant salamander,60,9.8
1994,OG,Coastal giant salamander,52,5.9
1994,OG,Coastal giant salamander,50,8.8
1994,OG,Coastal giant salamander,44,3.1
1994,OG,Cutthroat trout,51,1.2
1994,OG,Cutthroat trout,99,10.8
1994,OG,Coastal giant salamander,55,0.3
1994,OG,Coastal giant salamander,55,3.3
1994,OG,Coastal giant salamander,56,1.4
1994,OG,Coastal giant salamander,63,0.8
1994,OG,Cutthroat trout,42,0.7
1994,OG,Cutthroat trout,45,0.9
1994,OG,Coastal giant salamander,41,2.6
1994,OG,Coastal giant salamander,42,3.6
1994,OG,Coastal giant salamander,40,2.8
1994,OG,Cutthroat trout,43,0.8
1994,OG,Cutthroat trout,36,0.3
1994,OG,Cutthroat trout,38,0.5
1994,OG,Cutthroat trout,51,1.1
1994,OG,Coastal giant salamander,46,3.8
1994,OG,Cutthroat trout,39,0.3
1994,OG,Cutthroat trout,64,3.3
1994,OG,Cutthroat trout,52,1.4
1994,OG,Cutthroat trout,41,0.8
1994,OG,Cutthroat trout,40,0.8
1994,OG,Coastal giant salamander,64,9.2
1994,OG,Coastal giant salamander,54,6.5
1994,OG,Coastal giant salamander,114,59.5
1994,OG,Coastal giant salamander,58,7.4
1994,OG,Coastal giant salamander,69,8.1
1994,OG,Coastal giant salamander,58,12.6
1994,OG,Coastal giant salamander,64,10.6
1994,OG,Coastal giant salamander,72,15.3
1994,OG,Coastal giant salamander,75,14.5
1994,OG,Coastal giant salamander,44,4
1994,OG,Coastal giant salamander,115,74.3
1994,OG,Coastal giant salamander,52,5.6
1994,OG,Coastal giant salamander,59,8.9
1994,OG,Cutthroat trout,46,0.8
1994,OG,Cutthroat trout,41,0.6
1994,OG,Coastal giant salamander,69,10.7
1994,OG,Coastal giant salamander,54,4.9
1994,OG,Coastal giant salamander,53,7.1
1994,OG,Coastal giant salamander,52,5.5
1994,OG,Coastal giant salamander,50,7.1
1994,OG,Coastal giant salamander,42,4.7
1994,OG,Coastal giant salamander,70,13.8
1994,OG,Coastal giant salamander,89,25.5
1994,OG,Coastal giant salamander,21,0.4
1994,OG,Cutthroat trout,44,0.7
1994,OG,Cutthroat trout,38,0.4
1994,OG,Coastal giant salamander,54,5.9
1994,OG,Coastal giant salamander,30,1.9
1994,OG,Coastal giant salamander,62,8.2
1994,OG,Coastal giant salamander,47,4.8
1994,OG,Coastal giant salamander,51,6.4
1994,OG,Coastal giant salamander,63,12.2
1994,OG,Coastal giant salamander,57,8.1
1994,OG,Coastal giant salamander,46,5.1
1994,OG,Coastal giant salamander,52,7.9
1994,OG,Cutthroat trout,50,1.2
1994,OG,Cutthroat trout,50,1.2
1994,OG,Cutthroat trout,72,4.5
1994,OG,Cutthroat trout,38,0.6
1994,OG,Cutthroat trout,48,0.8
1994,OG,Cutthroat trout,51,1.2
1994,OG,Cutthroat trout,48,1.1
1994,OG,Cutthroat trout,78,5.3
1994,OG,Cutthroat trout,50,1.3
1994,OG,Cutthroat trout,47,1.1
1994,OG,Cutthroat trout,41,0.7
1994,OG,Cutthroat trout,74,5.6
1994,OG,Cutthroat trout,51,1.1
1994,OG,Cutthroat trout,32,0.3
1994,OG,Cutthroat trout,50,1.3
1994,OG,Cutthroat trout,46,0.9
1994,OG,Cutthroat trout,38,0.4
1994,OG,Cutthroat trout,47,0.8
1994,OG,Cutthroat trout,34,0.4
1994,OG,Cutthroat trout,55,1.4
1994,OG,Cutthroat trout,85,6.9
1994,OG,Cutthroat trout,54,1.6
1994,OG,Cutthroat trout,44,1
1994,OG,Cutthroat trout,49,1.1
1994,OG,Cutthroat trout,53,1.3
1994,OG,Cutthroat trout,43,0.8
1994,OG,Cutthroat trout,49,1.2
1994,OG,Cutthroat trout,42,0.8
1994,OG,Cutthroat trout,40,0.6
1994,OG,Cutthroat trout,44,0.7
1994,OG,Cutthroat trout,53,1.4
1994,OG,Cutthroat trout,50,1.3
1994,OG,Cutthroat trout,43,0.7
1994,OG,Cutthroat trout,46,1
1994,OG,Cutthroat trout,38,0.6
1994,OG,Cutthroat trout,42,0.7
1994,OG,Cutthroat trout,46,1
1994,OG,Cutthroat trout,48,1.1
1994,OG,Cutthroat trout,54,1.8
1994,OG,Cutthroat trout,46,1
1994,OG,Cutthroat trout,48,1.1
1994,OG,Cutthroat trout,49,1.1
1994,OG,Cutthroat trout,50,1.5
1994,OG,Cutthroat trout,52,1.6
1994,OG,Cutthroat trout,46,1.1
1994,OG,Cutthroat trout,53,1.6
1994,OG,Cutthroat trout,42,0.7
1994,OG,Cutthroat trout,55,1.3
1994,OG,Cutthroat trout,50,1.2
1994,OG,Cutthroat trout,45,0.8
1994,OG,Cutthroat trout,43,0.7
1994,OG,Cutthroat trout,43,0.7
1994,OG,Cutthroat trout,50,1.1
1994,OG,Cutthroat trout,45,0.9
1994,OG,Cutthroat trout,47,1
1994,OG,Cutthroat trout,54,1.4
1994,OG,Cutthroat trout,49,1.2
1994,OG,Cutthroat trout,37,0.5
1994,OG,Cutthroat trout,44,1
1994,OG,Cutthroat trout,40,0.5
1995,CC,Cutthroat trout,84,5.8
1995,CC,Cutthroat trout,48,1.2
1995,CC,Cutthroat trout,49,1.3
1995,CC,Cutthroat trout,130,22
1995,CC,Cutthroat trout,151,35.8
1995,CC,Cutthroat trout,122,21.3
1995,CC,Cutthroat trout,109,12.5
1995,CC,Cutthroat trout,109,12.4
1995,CC,Cutthroat trout,91,8.3
1995,CC,Cutthroat trout,98,9.6
1995,CC,Coastal giant salamander,70,13.4
1995,CC,Coastal giant salamander,67,11.1
1995,CC,Coastal giant salamander,56,6.2
1995,CC,Cutthroat trout,46,1.1
1995,CC,Cutthroat trout,75,4.3
1995,CC,Cutthroat trout,84,8.2
1995,CC,Cutthroat trout,109,13.8
1995,CC,Cutthroat trout,112,14.9
1995,CC,Cutthroat trout,79,5
1995,CC,Cutthroat trout,179,64.6
1995,CC,Cutthroat trout,107,13
1995,CC,Cutthroat trout,94,8.8
1995,CC,Cutthroat trout,124,19
1995,CC,Cutthroat trout,109,12
1995,CC,Cutthroat trout,94,10.6
1995,CC,Cutthroat trout,88,6.6
1995,CC,Cutthroat trout,81,5.2
1995,CC,Cutthroat trout,94,10.6
1995,CC,Cutthroat trout,42,0.7
1995,CC,Cutthroat trout,150,35.7
1995,CC,Cutthroat trout,102,10.9
1995,CC,Cutthroat trout,89,7.4
1995,CC,Cutthroat trout,57,1.8
1995,CC,Cutthroat trout,166,53.8
1995,CC,Cutthroat trout,135,23.5
1995,CC,Cutthroat trout,120,17.3
1995,CC,Cutthroat trout,115,14.6
1995,CC,Cutthroat trout,106,11.6
1995,CC,Coastal giant salamander,68,11.1
1995,CC,Coastal giant salamander,70,11.4
1995,CC,Coastal giant salamander,46,4.1
1995,CC,Coastal giant salamander,68,10.2
1995,CC,Coastal giant salamander,108,52.2
1995,CC,Cutthroat trout,50,1.6
1995,CC,Cutthroat trout,44,1
1995,CC,Cutthroat trout,50,1.5
1995,CC,Cutthroat trout,45,1
1995,CC,Cutthroat trout,109,11.9
1995,CC,Cutthroat trout,93,8.6
1995,CC,Cutthroat trout,104,11.3
1995,CC,Coastal giant salamander,44,3.5
1995,CC,Coastal giant salamander,64,10.2
1995,CC,Coastal giant salamander,66,12.2
1995,CC,Cutthroat trout,100,9.9
1995,CC,Cutthroat trout,95,9.9
1995,CC,Cutthroat trout,142,29.6
1995,CC,Cutthroat trout,57,1.9
1995,CC,Cutthroat trout,47,1
1995,CC,Cutthroat trout,104,11.9
1995,CC,Cutthroat trout,119,16.4
1995,CC,Cutthroat trout,120,17.9
1995,CC,Cutthroat trout,49,1.3
1995,CC,Cutthroat trout,92,9.9
1995,CC,Cutthroat trout,114,15
1995,CC,Cutthroat trout,42,0.7
1995,CC,Cutthroat trout,147,35.4
1995,CC,Cutthroat trout,89,7.3
1995,CC,Cutthroat trout,87,7.6
1995,CC,Cutthroat trout,99,10.2
1995,CC,Cutthroat trout,94,9.2
1995,CC,Cutthroat trout,74,4.5
1995,CC,Cutthroat trout,90,7.7
1995,CC,Coastal giant salamander,55,6
1995,CC,Coastal giant salamander,66,11.3
1995,CC,Coastal giant salamander,62,10.4
1995,CC,Coastal giant salamander,77,16.8
1995,CC,Coastal giant salamander,85,22.7
1995,CC,Coastal giant salamander,52,5.2
1995,CC,Coastal giant salamander,52,6
1995,CC,Coastal giant salamander,118,48.1
1995,CC,Cutthroat trout,108,13.2
1995,CC,Cutthroat trout,91,7.9
1995,CC,Cutthroat trout,91,7.9
1995,CC,Cutthroat trout,121,19.2
1995,CC,Cutthroat trout,118,17.9
1995,CC,Coastal giant salamander,57,8
1995,CC,Cutthroat trout,45,0.9
1995,CC,Cutthroat trout,49,1.5
1995,CC,Cutthroat trout,141,30.5
1995,CC,Cutthroat trout,114,16.3
1995,CC,Cutthroat trout,109,12.8
1995,CC,Cutthroat trout,159,40.8
1995,CC,Cutthroat trout,144,32.6
1995,CC,Coastal giant salamander,85,31.9
1995,CC,Coastal giant salamander,95,29.2
1995,CC,Coastal giant salamander,125,52.4
1995,CC,Cutthroat trout,172,49.7
1995,CC,Cutthroat trout,123,18.1
1995,CC,Cutthroat trout,102,10.8
1995,CC,Cutthroat trout,112,15.2
1995,CC,Cutthroat trout,98,9.9
1995,CC,Cutthroat trout,115,16.8
1995,CC,Cutthroat trout,135,23.8
1995,CC,Coastal giant salamander,105,38.1
1995,CC,Coastal giant salamander,82,23.3
1995,CC,Cutthroat trout,180,66.2
1995,CC,Cutthroat trout,118,17
1995,CC,Coastal giant salamander,81,20
1995,CC,Cutthroat trout,115,15.6
1995,CC,Cutthroat trout,107,12.1
1995,CC,Cutthroat trout,118,16.7
1995,CC,Cutthroat trout,92,10
1995,CC,Coastal giant salamander,74,15
1995,CC,Coastal giant salamander,76,14.2
1995,CC,Coastal giant salamander,108,44.1
1995,CC,Cutthroat trout,106,12.3
1995,CC,Cutthroat trout,119,15.5
1995,CC,Coastal giant salamander,64,11.5
1995,CC,Coastal giant salamander,64,8.3
1995,CC,Coastal giant salamander,114,40.2
1995,CC,Cutthroat trout,86,7.6
1995,CC,Cutthroat trout,115,17.2
1995,CC,Cutthroat trout,123,19.1
1995,CC,Cutthroat trout,133,24.7
1995,CC,Cutthroat trout,92,8.4
1995,CC,Cutthroat trout,83,6.7
1995,CC,Cutthroat trout,87,7.8
1995,CC,Cutthroat trout,109,13.3
1995,CC,Cutthroat trout,126,25.1
1995,CC,Cutthroat trout,124,21.8
1995,CC,Cutthroat trout,147,37
1995,CC,Coastal giant salamander,58,9.5
1995,CC,Coastal giant salamander,80,17.6
1995,CC,Cutthroat trout,94,8.8
1995,CC,Cutthroat trout,96,9.2
1995,CC,Cutthroat trout,49,1.3
1995,CC,Cutthroat trout,48,1.2
1995,CC,Cutthroat trout,99,9.9
1995,CC,Cutthroat trout,122,19.8
1995,CC,Cutthroat trout,125,19.8
1995,CC,Cutthroat trout,162,42.7
1995,CC,Cutthroat trout,132,27.4
1995,CC,Cutthroat trout,134,25.7
1995,CC,Cutthroat trout,50,1.3
1995,CC,Cutthroat trout,51,1.3
1995,CC,Cutthroat trout,47,0.9
1995,CC,Cutthroat trout,101,10.1
1995,CC,Cutthroat trout,83,7
1995,CC,Cutthroat trout,87,7.5
1995,CC,Cutthroat trout,83,5.8
1995,CC,Cutthroat trout,86,7.9
1995,CC,Cutthroat trout,97,10.6
1995,CC,Cutthroat trout,104,11.6
1995,CC,Cutthroat trout,126,20.1
1995,CC,Cutthroat trout,126,23.9
1995,CC,Cutthroat trout,128,20.9
1995,CC,Coastal giant salamander,59,6.5
1995,CC,Coastal giant salamander,48,5.2
1995,CC,Coastal giant salamander,60,9
1995,CC,Coastal giant salamander,74,15.8
1995,CC,Cutthroat trout,43,0.8
1995,CC,Cutthroat trout,96,8.6
1995,CC,Cutthroat trout,109,13
1995,CC,Cutthroat trout,115,16.1
1995,CC,Cutthroat trout,86,6.4
1995,CC,Cutthroat trout,103,9.6
1995,CC,Cutthroat trout,122,19.5
1995,CC,Cutthroat trout,88,7
1995,CC,Cutthroat trout,106,12.7
1995,CC,Cutthroat trout,114,15
1995,CC,Cutthroat trout,131,22.9
1995,CC,Cutthroat trout,164,42.6
1995,CC,Cutthroat trout,42,0.8
1995,CC,Cutthroat trout,90,8.2
1995,CC,Cutthroat trout,122,16.6
1995,CC,Cutthroat trout,152,35.5
1995,CC,Cutthroat trout,42,0.7
1995,CC,Cutthroat trout,87,7
1995,CC,Cutthroat trout,114,18
1995,CC,Coastal giant salamander,57,8.8
1995,CC,Coastal giant salamander,50,6.6
1995,CC,Cutthroat trout,57,2
1995,CC,Cutthroat trout,44,1.1
1995,CC,Cutthroat trout,45,1.1
1995,CC,Cutthroat trout,53,1.7
1995,CC,Cutthroat trout,90,8.7
1995,CC,Cutthroat trout,100,10
1995,CC,Cutthroat trout,127,19.7
1995,CC,Cutthroat trout,92,8
1995,CC,Cutthroat trout,124,18.8
1995,CC,Coastal giant salamander,49,4.8
1995,CC,Coastal giant salamander,73,17.6
1995,CC,Coastal giant salamander,52,6.4
1995,CC,Coastal giant salamander,47,4.3
1995,CC,Coastal giant salamander,60,10.1
1995,CC,Coastal giant salamander,67,12.7
1995,CC,Coastal giant salamander,84,19.1
1995,CC,Coastal giant salamander,73,17.7
1995,CC,Cutthroat trout,39,0.5
1995,CC,Cutthroat trout,89,6.9
1995,CC,Cutthroat trout,126,21.6
1995,CC,Cutthroat trout,118,17.3
1995,CC,Cutthroat trout,49,1.2
1995,CC,Cutthroat trout,95,8.7
1995,CC,Cutthroat trout,114,16.8
1995,CC,Coastal giant salamander,58,8
1995,OG,Cutthroat trout,45,1
1995,OG,Cutthroat trout,47,1.1
1995,OG,Cutthroat trout,43,0.9
1995,OG,Cutthroat trout,45,1.1
1995,OG,Cutthroat trout,86,6.9
1995,OG,Cutthroat trout,117,16
1995,OG,Cutthroat trout,124,21.9
1995,OG,Cutthroat trout,106,12.8
1995,OG,Cutthroat trout,84,6.6
1995,OG,Cutthroat trout,86,5.8
1995,OG,Cutthroat trout,44,0.8
1995,OG,Cutthroat trout,68,6.1
1995,OG,Cutthroat trout,81,5.8
1995,OG,Cutthroat trout,88,7.5
1995,OG,Cutthroat trout,97,9.5
1995,OG,Cutthroat trout,100,10.6
1995,OG,Cutthroat trout,47,1.2
1995,OG,Cutthroat trout,80,5.4
1995,OG,Cutthroat trout,86,6.3
1995,OG,Cutthroat trout,44,0.8
1995,OG,Cutthroat trout,109,13.1
1995,OG,Cutthroat trout,108,12.2
1995,OG,Cutthroat trout,74,4.9
1995,OG,Cutthroat trout,116,14.7
1995,OG,Cutthroat trout,104,11.9
1995,OG,Cutthroat trout,134,26.2
1995,OG,Cutthroat trout,155,38
1995,OG,Coastal giant salamander,53,5.1
1995,OG,Coastal giant salamander,66,11
1995,OG,Coastal giant salamander,39,2.3
1995,OG,Coastal giant salamander,72,13.7
1995,OG,Coastal giant salamander,61,8.1
1995,OG,Coastal giant salamander,125,64.9
1995,OG,Coastal giant salamander,33,1.2
1995,OG,Cutthroat trout,51,1.4
1995,OG,Cutthroat trout,97,10.5
1995,OG,Cutthroat trout,72,4
1995,OG,Cutthroat trout,101,10.2
1995,OG,Cutthroat trout,112,14.5
1995,OG,Cutthroat trout,114,17.7
1995,OG,Cutthroat trout,81,5.8
1995,OG,Cutthroat trout,130,24.5
1995,OG,Cutthroat trout,161,42.2
1995,OG,Coastal giant salamander,33,1.4
1995,OG,Coastal giant salamander,69,16
1995,OG,Coastal giant salamander,71,12.4
1995,OG,Cutthroat trout,37,0.6
1995,OG,Coastal giant salamander,49,5.9
1995,OG,Coastal giant salamander,47,3.7
1995,OG,Coastal giant salamander,43,3.2
1995,OG,Coastal giant salamander,47,4.3
1995,OG,Cutthroat trout,77,4.9
1995,OG,Cutthroat trout,44,0.9
1995,OG,Cutthroat trout,43,0.8
1995,OG,Coastal giant salamander,26,0.8
1995,OG,Coastal giant salamander,42,1.2
1995,OG,Coastal giant salamander,33,1.5
1995,OG,Coastal giant salamander,34,1.6
1995,OG,Coastal giant salamander,54,5.8
1995,OG,Cutthroat trout,76,5.9
1995,OG,Cutthroat trout,134,24
1995,OG,Cutthroat trout,106,12.2
1995,OG,Cutthroat trout,74,4.6
1995,OG,Cutthroat trout,104,11.6
1995,OG,Cutthroat trout,89,8.2
1995,OG,Cutthroat trout,94,8.7
1995,OG,Cutthroat trout,83,5.8
1995,OG,Coastal giant salamander,59,6.5
1995,OG,Coastal giant salamander,49,4.5
1995,OG,Coastal giant salamander,125,71.1
1995,OG,Coastal giant salamander,30,1.3
1995,OG,Cutthroat trout,50,1.6
1995,OG,Cutthroat trout,48,1.4
1995,OG,Coastal giant salamander,34,1.7
1995,OG,Cutthroat trout,44,1
1995,OG,Cutthroat trout,34,0.6
1995,OG,Cutthroat trout,81,5.6
1995,OG,Coastal giant salamander,30,1.4
1995,OG,Coastal giant salamander,49,5.4
1995,OG,Coastal giant salamander,56,9
1995,OG,Coastal giant salamander,34,1.9
1995,OG,Coastal giant salamander,45,3.5
1995,OG,Coastal giant salamander,84,30.9
1995,OG,Coastal giant salamander,26,0.7
1995,OG,Cutthroat trout,112,17
1995,OG,Coastal giant salamander,20,0.6
1995,OG,Coastal giant salamander,31,1.2
1995,OG,Cutthroat trout,45,1.1
1995,OG,Cutthroat trout,41,0.3
1995,OG,Coastal giant salamander,34,1.5
1995,OG,Coastal giant salamander,24,1.6
1995,OG,Cutthroat trout,39,0.6
1995,OG,Cutthroat trout,104,10.1
1995,OG,Cutthroat trout,84,5.8
1995,OG,Cutthroat trout,97,10.4
1995,OG,Cutthroat trout,80,5.3
1995,OG,Coastal giant salamander,155,131.5
1995,OG,Cutthroat trout,48,1.3
1995,OG,Cutthroat trout,70,4.3
1995,OG,Coastal giant salamander,64,8.1
1995,OG,Coastal giant salamander,43,3.6
1995,OG,Coastal giant salamander,61,8.6
1995,OG,Cutthroat trout,45,1.1
1995,OG,Cutthroat trout,63,1.7
1995,OG,Cutthroat trout,49,1.2
1995,OG,Cutthroat trout,49,1.4
1995,OG,Cutthroat trout,100,11.5
1995,OG,Cutthroat trout,92,7.2
1995,OG,Cutthroat trout,115,15.1
1995,OG,Cutthroat trout,41,0.7
1995,OG,Cutthroat trout,124,19
1995,OG,Cutthroat trout,94,9.1
1995,OG,Coastal giant salamander,64,11.4
1995,OG,Coastal giant salamander,64,10.9
1995,OG,Coastal giant salamander,51,5.3
1995,OG,Coastal giant salamander,48,4.6
1995,OG,Coastal giant salamander,54,5.6
1995,OG,Coastal giant salamander,42,2.3
1995,OG,Cutthroat trout,46,1.2
1995,OG,Cutthroat trout,57,3.2
1995,OG,Cutthroat trout,121,18.2
1995,OG,Cutthroat trout,109,15.8
1995,OG,Cutthroat trout,119,21.8
1995,OG,Cutthroat trout,129,22.1
1995,OG,Cutthroat trout,44,0.9
1995,OG,Cutthroat trout,160,45.7
1995,OG,Coastal giant salamander,50,7.9
1995,OG,Coastal giant salamander,64,9.9
1995,OG,Coastal giant salamander,110,48
1995,OG,Coastal giant salamander,100,30.2
1995,OG,Coastal giant salamander,106,42.6
1995,OG,Cutthroat trout,42,0.8
1995,OG,Cutthroat trout,174,58.9
1995,OG,Cutthroat trout,36,0.4
1995,OG,Cutthroat trout,54,1.9
1995,OG,Cutthroat trout,95,11
1995,OG,Cutthroat trout,81,5.2
1995,OG,Cutthroat trout,136,24.7
1995,OG,Cutthroat trout,103,12.2
1995,OG,Cutthroat trout,90,7.2
1995,OG,Cutthroat trout,86,8.3
1995,OG,Cutthroat trout,124,18.8
1995,OG,Cutthroat trout,113,16.4
1995,OG,Cutthroat trout,145,29.4
1995,OG,Cutthroat trout,116,19.9
1995,OG,Cutthroat trout,86,6.3
1995,OG,Cutthroat trout,111,13.9
1995,OG,Cutthroat trout,47,1.2
1995,OG,Cutthroat trout,47,1.1
1995,OG,Cutthroat trout,48,1.1
1995,OG,Cutthroat trout,49,1.3
1995,OG,Cutthroat trout,72,4.7
1995,OG,Cutthroat trout,118,17.9
1995,OG,Cutthroat trout,114,17.8
1995,OG,Cutthroat trout,120,18.3
1995,OG,Cutthroat trout,90,7.7
1995,OG,Cutthroat trout,129,23.9
1995,OG,Cutthroat trout,46,0.9
1995,OG,Coastal giant salamander,39,1.8
1995,OG,Coastal giant salamander,71,15.3
1995,OG,Coastal giant salamander,52,3.2
1995,OG,Coastal giant salamander,64,11.4
1995,OG,Coastal giant salamander,64,9.5
1995,OG,Coastal giant salamander,57,6.7
1995,OG,Coastal giant salamander,48,4
1995,OG,Coastal giant salamander,64,10.3
1995,OG,Coastal giant salamander,36,1.9
1995,OG,Coastal giant salamander,27,0.7
1995,OG,Coastal giant salamander,37,1.6
1995,OG,Coastal giant salamander,31,1.3
1995,OG,Cutthroat trout,85,6
1995,OG,Cutthroat trout,44,0.8
1995,OG,Cutthroat trout,54,1.6
1995,OG,Cutthroat trout,44,0.9
1995,OG,Cutthroat trout,41,0.7
1995,OG,Cutthroat trout,115,15.7
1995,OG,Cutthroat trout,87,7.4
1995,OG,Cutthroat trout,106,11.9
1995,OG,Cutthroat trout,75,4.6
1995,OG,Cutthroat trout,42,0.8
1995,OG,Cutthroat trout,48,1.1
1995,OG,Cutthroat trout,93,8.1
1995,OG,Cutthroat trout,88,7.6
1995,OG,Cutthroat trout,146,30.9
1995,OG,Cutthroat trout,133,25.4
1995,OG,Cutthroat trout,136,25.8
1995,OG,Cutthroat trout,112,13.5
1995,OG,Coastal giant salamander,66,10.1
1995,OG,Coastal giant salamander,58,8.4
1995,OG,Coastal giant salamander,63,9.9
1995,OG,Coastal giant salamander,59,6.7
1995,OG,Coastal giant salamander,29,1
1995,OG,Coastal giant salamander,111,42.4
1995,OG,Cutthroat trout,42,0.9
1995,OG,Cutthroat trout,44,0.9
1995,OG,Cutthroat trout,93,8.6
1995,OG,Cutthroat trout,35,0.6
1995,OG,Cutthroat trout,40,0.6
1995,OG,Cutthroat trout,149,37.4
1995,OG,Cutthroat trout,89,8
1995,OG,Cutthroat trout,150,36.7
1995,OG,Cutthroat trout,91,8.4
1995,OG,Cutthroat trout,121,19.2
1995,OG,Cutthroat trout,82,7.1
1995,OG,Cutthroat trout,50,1.3
1995,OG,Cutthroat trout,46,1.1
1996,CC,Cutthroat trout,160,42.42
1996,CC,Cutthroat trout,123,20.78
1996,CC,Cutthroat trout,112,13.35
1996,CC,Cutthroat trout,136,24.96
1996,CC,Cutthroat trout,136,25.23
1996,CC,Cutthroat trout,117,16.22
1996,CC,Cutthroat trout,94,9.01
1996,CC,Cutthroat trout,85,7.32
1996,CC,Cutthroat trout,50,1.57
1996,CC,Cutthroat trout,47,1.42
1996,CC,Cutthroat trout,101,11.33
1996,CC,Cutthroat trout,111,12.7
1996,CC,Cutthroat trout,116,17.04
1996,CC,Cutthroat trout,113,14.49
1996,CC,Cutthroat trout,90,7.2
1996,CC,Cutthroat trout,46,1.07
1996,CC,Cutthroat trout,51,1.63
1996,CC,Cutthroat trout,50,1.29
1996,CC,Cutthroat trout,48,1.2
1996,CC,Cutthroat trout,46,0.88
1996,CC,Cutthroat trout,42,0.6
1996,CC,Cutthroat trout,89,8.26
1996,CC,Cutthroat trout,157,38.75
1996,CC,Cutthroat trout,133,23.34
1996,CC,Cutthroat trout,91,7.82
1996,CC,Cutthroat trout,36,0.56
1996,CC,Cutthroat trout,43,0.69
1996,CC,Cutthroat trout,150,35.15
1996,CC,Cutthroat trout,36,0.55
1996,CC,Cutthroat trout,43,0.68
1996,CC,Cutthroat trout,46,1.05
1996,CC,Cutthroat trout,61,2.51
1996,CC,Cutthroat trout,46,1.07
1996,CC,Cutthroat trout,42,0.75
1996,CC,Cutthroat trout,36,0.42
1996,CC,Cutthroat trout,40,0.72
1996,CC,Cutthroat trout,137,26.78
1996,CC,Cutthroat trout,135,26.05
1996,CC,Cutthroat trout,51,1.38
1996,CC,Cutthroat trout,115,17.16
1996,CC,Cutthroat trout,57,2.37
1996,CC,Cutthroat trout,41,0.6
1996,CC,Cutthroat trout,87,8.53
1996,CC,Cutthroat trout,104,11.85
1996,CC,Cutthroat trout,52,1.57
1996,CC,Cutthroat trout,47,1.4
1996,CC,Cutthroat trout,91,8.08
1996,CC,Cutthroat trout,134,22.09
1996,CC,Cutthroat trout,107,12.11
1996,CC,Cutthroat trout,143,30.26
1996,CC,Cutthroat trout,138,26.48
1996,CC,Cutthroat trout,97,9.76
1996,CC,Cutthroat trout,96,9.06
1996,CC,Cutthroat trout,36,0.48
1996,CC,Cutthroat trout,42,0.76
1996,CC,Coastal giant salamander,53,6.1
1996,CC,Coastal giant salamander,88,24.7
1996,CC,Coastal giant salamander,85,17.7
1996,CC,Coastal giant salamander,108,47.49
1996,CC,Coastal giant salamander,58,7.22
1996,CC,Coastal giant salamander,61,9.96
1996,CC,Coastal giant salamander,49,4.58
1996,CC,Coastal giant salamander,49,5.32
1996,CC,Coastal giant salamander,109,37.49
1996,CC,Coastal giant salamander,40,2.81
1996,CC,Coastal giant salamander,44,3.65
1996,CC,Coastal giant salamander,68,12.7
1996,CC,Coastal giant salamander,66,13.94
1996,CC,Coastal giant salamander,65,10.35
1996,CC,Coastal giant salamander,77,17.14
1996,CC,Coastal giant salamander,88,24.53
1996,CC,Coastal giant salamander,80,16.42
1996,CC,Cutthroat trout,41,0.69
1996,CC,Cutthroat trout,43,0.93
1996,CC,Cutthroat trout,44,0.88
1996,CC,Cutthroat trout,51,1.21
1996,CC,Cutthroat trout,45,0.92
1996,CC,Cutthroat trout,50,1.18
1996,CC,Cutthroat trout,46,0.89
1996,CC,Cutthroat trout,45,0.89
1996,CC,Cutthroat trout,53,1.5
1996,CC,Cutthroat trout,39,0.54
1996,CC,Cutthroat trout,41,0.72
1996,CC,Cutthroat trout,40,0.63
1996,CC,Cutthroat trout,55,1.99
1996,CC,Cutthroat trout,46,0.96
1996,CC,Cutthroat trout,40,0.72
1996,CC,Cutthroat trout,45,0.96
1996,CC,Cutthroat trout,38,0.64
1996,CC,Cutthroat trout,50,1.54
1996,CC,Cutthroat trout,39,0.48
1996,CC,Cutthroat trout,43,0.88
1996,CC,Cutthroat trout,53,1.57
1996,CC,Cutthroat trout,48,1.19
1996,CC,Cutthroat trout,43,0.87
1996,CC,Cutthroat trout,49,1.3
1996,CC,Cutthroat trout,48,1
1996,CC,Cutthroat trout,45,0.9
1996,CC,Cutthroat trout,40,0.48
1996,CC,Cutthroat trout,44,0.8
1996,CC,Cutthroat trout,43,0.81
1996,CC,Cutthroat trout,54,1.54
1996,CC,Cutthroat trout,39,0.67
1996,CC,Cutthroat trout,54,1.93
1996,CC,Cutthroat trout,38,0.51
1996,CC,Cutthroat trout,50,1.11
1996,CC,Cutthroat trout,50,1.64
1996,CC,Cutthroat trout,37,0.54
1996,CC,Cutthroat trout,45,1
1996,CC,Cutthroat trout,51,1.66
1996,CC,Cutthroat trout,51,1.44
1996,CC,Cutthroat trout,113,18.5
1996,CC,Cutthroat trout,50,1.21
1996,CC,Cutthroat trout,54,1.58
1996,CC,Coastal giant salamander,68,12.82
1996,CC,Coastal giant salamander,55,5.53
1996,CC,Coastal giant salamander,95,30.98
1996,CC,Coastal giant salamander,32,1.23
1996,CC,Coastal giant salamander,34,1.61
1996,CC,Cutthroat trout,83,6.75
1996,CC,Cutthroat trout,104,12.44
1996,CC,Cutthroat trout,138,28.91
1996,CC,Cutthroat trout,137,26.27
1996,CC,Cutthroat trout,110,15.23
1996,CC,Cutthroat trout,98,10.08
1996,CC,Cutthroat trout,129,24.04
1996,CC,Cutthroat trout,138,29.28
1996,CC,Cutthroat trout,127,20.37
1996,CC,Cutthroat trout,124,20.94
1996,CC,Cutthroat trout,169,54.88
1996,CC,Cutthroat trout,49,1.57
1996,CC,Cutthroat trout,50,1.14
1996,CC,Cutthroat trout,51,1.59
1996,CC,Cutthroat trout,54,1.94
1996,CC,Cutthroat trout,52,1.56
1996,CC,Cutthroat trout,48,1.29
1996,CC,Cutthroat trout,48,1.34
1996,CC,Cutthroat trout,52,1.58
1996,CC,Cutthroat trout,45,0.95
1996,CC,Cutthroat trout,45,0.85
1996,CC,Cutthroat trout,55,1.89
1996,CC,Cutthroat trout,51,1.51
1996,CC,Cutthroat trout,49,1.37
1996,CC,Cutthroat trout,43,0.92
1996,CC,Cutthroat trout,53,1.86
1996,CC,Cutthroat trout,38,0.5
1996,CC,Cutthroat trout,44,0.66
1996,CC,Cutthroat trout,54,1.43
1996,CC,Cutthroat trout,44,0.86
1996,CC,Cutthroat trout,51,1.2
1996,CC,Cutthroat trout,35,0.35
1996,CC,Coastal giant salamander,45,2.36
1996,CC,Coastal giant salamander,39,2.15
1996,CC,Coastal giant salamander,49,3.97
1996,CC,Coastal giant salamander,51,5.2
1996,CC,Coastal giant salamander,100,37.98
1996,CC,Coastal giant salamander,98,31.45
1996,CC,Cutthroat trout,36,0.5
1996,CC,Cutthroat trout,39,0.58
1996,CC,Cutthroat trout,42,0.87
1996,CC,Cutthroat trout,44,1.05
1996,CC,Cutthroat trout,33,0.3
1996,CC,Cutthroat trout,39,0.52
1996,CC,Cutthroat trout,50,1.54
1996,CC,Cutthroat trout,52,1.87
1996,CC,Cutthroat trout,42,0.68
1996,CC,Cutthroat trout,38,0.7
1996,CC,Cutthroat trout,50,1.62
1996,CC,Cutthroat trout,39,0.54
1996,CC,Cutthroat trout,43,0.92
1996,CC,Cutthroat trout,41,0.8
1996,CC,Cutthroat trout,55,1.98
1996,CC,Cutthroat trout,47,1.27
1996,CC,Cutthroat trout,46,1.12
1996,CC,Cutthroat trout,35,0.37
1996,CC,Cutthroat trout,74,4.9
1996,CC,Cutthroat trout,38,0.65
1996,CC,Cutthroat trout,32,0.25
1996,CC,Cutthroat trout,47,1.09
1996,CC,Cutthroat trout,44,0.88
1996,CC,Cutthroat trout,52,1.75
1996,CC,Cutthroat trout,44,0.8
1996,CC,Cutthroat trout,48,0.96
1996,CC,Coastal giant salamander,58,7.95
1996,CC,Coastal giant salamander,48,5.63
1996,CC,Coastal giant salamander,42,3
1996,CC,Coastal giant salamander,66,11.47
1996,CC,Coastal giant salamander,63,9.41
1996,CC,Coastal giant salamander,52,5.66
1996,CC,Coastal giant salamander,65,13.64
1996,CC,Coastal giant salamander,100,36
1996,CC,Cutthroat trout,103,10.1
1996,CC,Cutthroat trout,97,9
1996,CC,Cutthroat trout,111,14.1
1996,CC,Cutthroat trout,106,12.1
1996,CC,Cutthroat trout,93,7.4
1996,CC,Cutthroat trout,118,17
1996,CC,Cutthroat trout,47,0.9
1996,CC,Cutthroat trout,106,11.3
1996,CC,Cutthroat trout,130,19.6
1996,CC,Cutthroat trout,127,22.4
1996,CC,Cutthroat trout,136,26.7
1996,CC,Cutthroat trout,159,41.3
1996,CC,Cutthroat trout,147,29.9
1996,CC,Cutthroat trout,149,33.1
1996,CC,Coastal giant salamander,80,16.1
1996,CC,Coastal giant salamander,46,4.4
1996,CC,Coastal giant salamander,85,23.5
1996,CC,Cutthroat trout,54,1.4
1996,CC,Cutthroat trout,31,0.2
1996,CC,Cutthroat trout,50,1.2
1996,CC,Cutthroat trout,43,0.7
1996,CC,Cutthroat trout,51,1.2
1996,CC,Cutthroat trout,43,0.6
1996,CC,Cutthroat trout,55,1.3
1996,CC,Cutthroat trout,47,0.9
1996,CC,Cutthroat trout,45,0.7
1996,CC,Coastal giant salamander,64,9.4
1996,CC,Coastal giant salamander,42,2.9
1996,CC,Coastal giant salamander,48,4.9
1996,CC,Coastal giant salamander,51,5.6
1996,CC,Coastal giant salamander,50,4.8
1996,CC,Coastal giant salamander,58,6.2
1996,CC,Coastal giant salamander,54,7.1
1996,CC,Cutthroat trout,44,0.6
1996,CC,Cutthroat trout,53,1.2
1996,CC,Cutthroat trout,51,0.9
1996,CC,Cutthroat trout,114,19.4
1996,CC,Cutthroat trout,132,23.7
1996,CC,Cutthroat trout,104,10.1
1996,CC,Cutthroat trout,38,0.4
1996,CC,Cutthroat trout,44,0.7
1996,CC,Cutthroat trout,107,11.2
1996,CC,Cutthroat trout,106,11.7
1996,CC,Cutthroat trout,102,11.8
1996,CC,Cutthroat trout,46,1
1996,CC,Cutthroat trout,47,1.1
1996,CC,Cutthroat trout,55,1.8
1996,CC,Cutthroat trout,103,13.8
1996,CC,Cutthroat trout,97,8.8
1996,CC,Cutthroat trout,131,21.7
1996,CC,Cutthroat trout,38,0.5
1996,CC,Cutthroat trout,47,1.2
1996,CC,Cutthroat trout,133,22.4
1996,CC,Cutthroat trout,128,21.5
1996,CC,Cutthroat trout,137,28.7
1996,CC,Cutthroat trout,42,0.6
1996,CC,Cutthroat trout,50,1.2
1996,CC,Cutthroat trout,92,7.6
1996,CC,Coastal giant salamander,106,33.6
1996,CC,Coastal giant salamander,50,4.9
1996,CC,Coastal giant salamander,50,4.8
1996,CC,Coastal giant salamander,45,2.9
1996,CC,Cutthroat trout,29,0.1
1996,CC,Cutthroat trout,123,19.5
1996,CC,Cutthroat trout,131,21.4
1996,CC,Cutthroat trout,181,61.3
1996,CC,Coastal giant salamander,49,5.1
1996,CC,Coastal giant salamander,54,9.7
1996,CC,Cutthroat trout,49,1.3
1996,CC,Coastal giant salamander,44,4.2
1996,CC,Coastal giant salamander,73,13.9
1996,CC,Cutthroat trout,52,1.6
1996,CC,Cutthroat trout,47,1.1
1996,CC,Cutthroat trout,38,0.5
1996,CC,Cutthroat trout,160,39.5
1996,CC,Cutthroat trout,123,20.4
1996,CC,Cutthroat trout,118,19.3
1996,CC,Cutthroat trout,47,0.8
1996,CC,Cutthroat trout,86,7.6
1996,CC,Cutthroat trout,129,20.5
1996,CC,Cutthroat trout,182,65
1996,CC,Cutthroat trout,43,0.7
1996,CC,Cutthroat trout,52,1.3
1996,CC,Cutthroat trout,58,1.9
1996,CC,Cutthroat trout,44,0.8
1996,CC,Cutthroat trout,127,20.8
1996,CC,Cutthroat trout,50,1.2
1996,CC,Cutthroat trout,44,0.7
1996,CC,Cutthroat trout,44,1
1996,CC,Cutthroat trout,42,0.7
1996,CC,Cutthroat trout,54,1.4
1996,CC,Cutthroat trout,90,7.4
1996,CC,Cutthroat trout,137,23.8
1996,CC,Cutthroat trout,100,9.9
1996,CC,Cutthroat trout,52,1.5
1996,CC,Cutthroat trout,133,23.5
1996,CC,Cutthroat trout,131,21.9
1996,CC,Cutthroat trout,39,0.4
1996,CC,Cutthroat trout,109,13.3
1996,CC,Cutthroat trout,41,0.5
1996,CC,Cutthroat trout,92,8.4
1996,CC,Cutthroat trout,129,22.2
1996,CC,Cutthroat trout,92,9.7
1996,CC,Cutthroat trout,49,1
1996,CC,Cutthroat trout,122,17.3
1996,CC,Cutthroat trout,145,31.3
1996,CC,Cutthroat trout,57,1.3
1996,CC,Cutthroat trout,44,0.7
1996,CC,Cutthroat trout,36,0.1
1996,CC,Cutthroat trout,37,0.3
1996,CC,Cutthroat trout,39,0.4
1996,CC,Cutthroat trout,49,1
1996,CC,Cutthroat trout,56,1.8
1996,CC,Cutthroat trout,47,1.3
1996,CC,Cutthroat trout,44,0.9
1996,CC,Cutthroat trout,48,0.9
1996,CC,Cutthroat trout,44,0.8
1996,CC,Cutthroat trout,104,10.9
1996,CC,Cutthroat trout,142,29.1
1996,CC,Cutthroat trout,48,1.1
1996,CC,Coastal giant salamander,64,9.1
1996,CC,Coastal giant salamander,71,14
1996,CC,Coastal giant salamander,57,7.6
1996,CC,Coastal giant salamander,60,9.4
1996,CC,Coastal giant salamander,64,13.4
1996,CC,Coastal giant salamander,71,13.1
1996,CC,Coastal giant salamander,49,4.1
1996,CC,Coastal giant salamander,74,16.9
1996,CC,Coastal giant salamander,81,16.5
1996,CC,Coastal giant salamander,49,3.9
1996,CC,Coastal giant salamander,69,14.1
1996,CC,Coastal giant salamander,48,4.4
1996,CC,Coastal giant salamander,70,13
1996,CC,Cutthroat trout,47,1.01
1996,CC,Cutthroat trout,56,1.9
1996,CC,Cutthroat trout,46,1.13
1996,CC,Cutthroat trout,55,1.92
1996,CC,Cutthroat trout,92,9.05
1996,CC,Cutthroat trout,83,6.01
1996,CC,Cutthroat trout,134,28.51
1996,CC,Cutthroat trout,151,33.39
1996,CC,Cutthroat trout,131,23.36
1996,CC,Cutthroat trout,124,20.15
1996,CC,Cutthroat trout,116,17.51
1996,CC,Cutthroat trout,116,15.36
1996,CC,Cutthroat trout,102,10.06
1996,CC,Cutthroat trout,55,2.02
1996,CC,Cutthroat trout,54,1.7
1996,CC,Cutthroat trout,43,0.93
1996,CC,Cutthroat trout,133,24
1996,CC,Cutthroat trout,134,24.98
1996,CC,Cutthroat trout,96,8.54
1996,CC,Cutthroat trout,50,1.19
1996,CC,Cutthroat trout,44,0.83
1996,CC,Cutthroat trout,40,0.66
1996,CC,Coastal giant salamander,46,4.34
1996,CC,Coastal giant salamander,73,19.67
1996,CC,Coastal giant salamander,36,3
1996,CC,Coastal giant salamander,26,0.9
1996,CC,Coastal giant salamander,54,8.9
1996,CC,Cutthroat trout,37,0.54
1996,CC,Cutthroat trout,44,0.92
1996,CC,Cutthroat trout,48,1.25
1996,CC,Cutthroat trout,98,9.96
1996,CC,Cutthroat trout,89,7.19
1996,CC,Cutthroat trout,138,26.66
1996,CC,Cutthroat trout,141,32.05
1996,CC,Cutthroat trout,116,18
1996,CC,Cutthroat trout,134,23.77
1996,CC,Cutthroat trout,117,14.18
1996,CC,Cutthroat trout,115,16.1
1996,CC,Cutthroat trout,120,21.13
1996,CC,Cutthroat trout,40,0.7
1996,CC,Cutthroat trout,40,0.63
1996,CC,Cutthroat trout,35,0.3
1996,CC,Cutthroat trout,56,1.63
1996,CC,Cutthroat trout,47,1.17
1996,CC,Cutthroat trout,42,0.81
1996,CC,Cutthroat trout,50,1.38
1996,CC,Cutthroat trout,37,0.46
1996,CC,Coastal giant salamander,56,6.66
1996,CC,Coastal giant salamander,25,0.6
1996,CC,Coastal giant salamander,29,0.89
1996,CC,Coastal giant salamander,53,6.4
1996,CC,Coastal giant salamander,44,3.21
1996,CC,Coastal giant salamander,48,4.02
1996,CC,Cutthroat trout,57,1.9
1996,CC,Cutthroat trout,168,47.7
1996,CC,Cutthroat trout,29,0.1
1996,CC,Cutthroat trout,59,1.9
1996,CC,Cutthroat trout,40,0.6
1996,CC,Cutthroat trout,48,0.9
1996,CC,Cutthroat trout,48,0.9
1996,CC,Cutthroat trout,46,0.8
1996,CC,Cutthroat trout,86,7.7
1996,CC,Cutthroat trout,37,0.4
1996,CC,Cutthroat trout,41,0.6
1996,CC,Cutthroat trout,53,1.3
1996,CC,Cutthroat trout,33,0.3
1996,CC,Cutthroat trout,38,0.4
1996,CC,Cutthroat trout,51,1.4
1996,CC,Cutthroat trout,56,2
1996,CC,Cutthroat trout,41,0.5
1996,CC,Cutthroat trout,47,0.9
1996,CC,Cutthroat trout,34,0.4
1996,CC,Cutthroat trout,57,1.6
1996,CC,Cutthroat trout,48,1
1996,CC,Cutthroat trout,104,10.6
1996,CC,Cutthroat trout,52,1.2
1996,CC,Cutthroat trout,54,1.4
1996,CC,Coastal giant salamander,69,15.2
1996,CC,Coastal giant salamander,50,15.3
1996,CC,Coastal giant salamander,66,10.8
1996,CC,Coastal giant salamander,75,18.1
1996,CC,Cutthroat trout,47,1.03
1996,CC,Cutthroat trout,46,1.04
1996,CC,Cutthroat trout,50,1.25
1996,CC,Cutthroat trout,48,1.28
1996,CC,Cutthroat trout,52,1.74
1996,CC,Cutthroat trout,41,0.71
1996,CC,Cutthroat trout,48,1.07
1996,CC,Cutthroat trout,32,0.32
1996,CC,Cutthroat trout,48,1.09
1996,CC,Cutthroat trout,88,9.61
1996,CC,Coastal giant salamander,44,3.78
1996,CC,Coastal giant salamander,40,2.9
1996,CC,Coastal giant salamander,29,0.99
1996,CC,Coastal giant salamander,54,11.09
1996,CC,Coastal giant salamander,95,35.36
1996,CC,Coastal giant salamander,100,35.06
1996,CC,Coastal giant salamander,41,2.7
1996,CC,Coastal giant salamander,59,10
1996,CC,Cutthroat trout,37,0.56
1996,CC,Cutthroat trout,27,0.21
1996,CC,Cutthroat trout,47,1.26
1996,CC,Cutthroat trout,37,0.45
1996,OG,Cutthroat trout,41,0.7
1996,OG,Cutthroat trout,52,1.5
1996,OG,Cutthroat trout,124,19.9
1996,OG,Cutthroat trout,124,19.5
1996,OG,Coastal giant salamander,43,3.8
1996,OG,Cutthroat trout,181,63
1996,OG,Cutthroat trout,98,10.2
1996,OG,Cutthroat trout,80,5.3
1996,OG,Cutthroat trout,53,1.2
1996,OG,Cutthroat trout,88,6.9
1996,OG,Cutthroat trout,73,4.2
1996,OG,Cutthroat trout,39,0.5
1996,OG,Cutthroat trout,85,7
1996,OG,Cutthroat trout,123,19.3
1996,OG,Cutthroat trout,113,14.5
1996,OG,Cutthroat trout,145,29.6
1996,OG,Cutthroat trout,118,18
1996,OG,Cutthroat trout,125,20.8
1996,OG,Cutthroat trout,40,0.8
1996,OG,Cutthroat trout,43,0.7
1996,OG,Cutthroat trout,45,0.8
1996,OG,Cutthroat trout,110,15.2
1996,OG,Cutthroat trout,166,44.9
1996,OG,Coastal giant salamander,54,6.8
1996,OG,Coastal giant salamander,70,14.5
1996,OG,Coastal giant salamander,55,7.8
1996,OG,Coastal giant salamander,36,1.9
1996,OG,Cutthroat trout,141,27.3
1996,OG,Cutthroat trout,78,5.9
1996,OG,Cutthroat trout,43,0.7
1996,OG,Cutthroat trout,111,13.5
1996,OG,Cutthroat trout,115,13.6
1996,OG,Cutthroat trout,126,18.5
1996,OG,Cutthroat trout,122,17.7
1996,OG,Cutthroat trout,117,16.4
1996,OG,Cutthroat trout,111,13.7
1996,OG,Cutthroat trout,127,18.5
1996,OG,Cutthroat trout,137,24.2
1996,OG,Cutthroat trout,126,18.9
1996,OG,Cutthroat trout,50,1.1
1996,OG,Cutthroat trout,122,18.5
1996,OG,Cutthroat trout,129,21.6
1996,OG,Cutthroat trout,104,11.8
1996,OG,Cutthroat trout,125,19.2
1996,OG,Cutthroat trout,102,11.1
1996,OG,Cutthroat trout,106,11.8
1996,OG,Cutthroat trout,120,16.9
1996,OG,Cutthroat trout,120,14.7
1996,OG,Cutthroat trout,108,11.6
1996,OG,Cutthroat trout,103,11.9
1996,OG,Cutthroat trout,116,14.7
1996,OG,Cutthroat trout,113,14.2
1996,OG,Cutthroat trout,129,21.2
1996,OG,Cutthroat trout,118,15.2
1996,OG,Cutthroat trout,131,21.3
1996,OG,Cutthroat trout,44,0.8
1996,OG,Cutthroat trout,41,0.7
1996,OG,Cutthroat trout,111,17
1996,OG,Cutthroat trout,33,0.3
1996,OG,Cutthroat trout,38,0.4
1996,OG,Cutthroat trout,33,0.3
1996,OG,Cutthroat trout,46,1.1
1996,OG,Cutthroat trout,44,0.7
1996,OG,Cutthroat trout,42,0.5
1996,OG,Cutthroat trout,46,1
1996,OG,Coastal giant salamander,64,10.5
1996,OG,Coastal giant salamander,44,4.1
1996,OG,Coastal giant salamander,37,2.4
1996,OG,Coastal giant salamander,43,3.3
1996,OG,Coastal giant salamander,60,8.3
1996,OG,Coastal giant salamander,39,2
1996,OG,Coastal giant salamander,30,1.2
1996,OG,Coastal giant salamander,63,8.6
1996,OG,Coastal giant salamander,48,5.8
1996,OG,Coastal giant salamander,43,3.6
1996,OG,Coastal giant salamander,50,4.7
1996,OG,Coastal giant salamander,67,12
1996,OG,Coastal giant salamander,55,6
1996,OG,Coastal giant salamander,56,6.8
1996,OG,Cutthroat trout,48,1.1
1996,OG,Cutthroat trout,56,1.5
1996,OG,Cutthroat trout,52,1.2
1996,OG,Cutthroat trout,44,0.7
1996,OG,Cutthroat trout,87,6.6
1996,OG,Cutthroat trout,108,16.2
1996,OG,Cutthroat trout,88,7.2
1996,OG,Cutthroat trout,48,0.8
1996,OG,Cutthroat trout,49,1.4
1996,OG,Cutthroat trout,38,0.5
1996,OG,Cutthroat trout,50,1.1
1996,OG,Cutthroat trout,49,1
1996,OG,Cutthroat trout,46,1.2
1996,OG,Cutthroat trout,41,0.6
1996,OG,Cutthroat trout,139,30.6
1996,OG,Cutthroat trout,41,0.6
1996,OG,Cutthroat trout,112,15.1
1996,OG,Cutthroat trout,126,19.9
1996,OG,Cutthroat trout,99,9.7
1996,OG,Cutthroat trout,121,20
1996,OG,Cutthroat trout,93,8.3
1996,OG,Cutthroat trout,123,19.2
1996,OG,Cutthroat trout,118,17.3
1996,OG,Coastal giant salamander,41,1.9
1996,OG,Coastal giant salamander,78,12
1996,OG,Coastal giant salamander,56,5.6
1996,OG,Coastal giant salamander,50,4.9
1996,OG,Coastal giant salamander,73,14.2
1996,OG,Coastal giant salamander,103,41.6
1996,OG,Cutthroat trout,39,0.5
1996,OG,Cutthroat trout,105,12
1996,OG,Cutthroat trout,102,12.9
1996,OG,Cutthroat trout,93,7.8
1996,OG,Coastal giant salamander,34,1.9
1996,OG,Coastal giant salamander,41,3.1
1996,OG,Cutthroat trout,43,0.7
1996,OG,Cutthroat trout,50,1.1
1996,OG,Cutthroat trout,47,0.9
1996,OG,Cutthroat trout,38,0.4
1996,OG,Cutthroat trout,85,6.3
1996,OG,Coastal giant salamander,53,6.1
1996,OG,Coastal giant salamander,55,7.1
1996,OG,Coastal giant salamander,47,3.9
1996,OG,Coastal giant salamander,45,4.1
1996,OG,Cutthroat trout,48,1
1996,OG,Cutthroat trout,43,0.8
1996,OG,Cutthroat trout,39,0.5
1996,OG,Cutthroat trout,104,13.1
1996,OG,Cutthroat trout,136,26.4
1996,OG,Cutthroat trout,44,0.8
1996,OG,Coastal giant salamander,39,3
1996,OG,Coastal giant salamander,43,2.85
1996,OG,Coastal giant salamander,29,0.88
1996,OG,Coastal giant salamander,57,9.7
1996,OG,Coastal giant salamander,44,3.39
1996,OG,Coastal giant salamander,33,1.25
1996,OG,Coastal giant salamander,76,16.84
1996,OG,Coastal giant salamander,65,9.06
1996,OG,Coastal giant salamander,79,18.1
1996,OG,Coastal giant salamander,63,8.4
1996,OG,Coastal giant salamander,57,6.89
1996,OG,Coastal giant salamander,92,26.35
1996,OG,Coastal giant salamander,68,11.16
1996,OG,Coastal giant salamander,59,8.1
1996,OG,Coastal giant salamander,75,14.4
1996,OG,Coastal giant salamander,68,10.4
1996,OG,Coastal giant salamander,87,21.09
1996,OG,Coastal giant salamander,73,12.82
1996,OG,Coastal giant salamander,45,3.78
1996,OG,Coastal giant salamander,46,3.49
1996,OG,Coastal giant salamander,27,0.84
1996,OG,Coastal giant salamander,43,3.36
1996,OG,Coastal giant salamander,48,4.29
1996,OG,Cutthroat trout,56,1.73
1996,OG,Cutthroat trout,38,0.77
1996,OG,Cutthroat trout,43,0.88
1996,OG,Cutthroat trout,45,0.9
1996,OG,Cutthroat trout,51,1.3
1996,OG,Cutthroat trout,45,1.14
1996,OG,Cutthroat trout,49,1.18
1996,OG,Cutthroat trout,48,1.15
1996,OG,Cutthroat trout,43,0.75
1996,OG,Cutthroat trout,43,0.71
1996,OG,Cutthroat trout,45,0.91
1996,OG,Cutthroat trout,47,0.98
1996,OG,Cutthroat trout,53,1.42
1996,OG,Cutthroat trout,40,0.63
1996,OG,Cutthroat trout,37,0.52
1996,OG,Cutthroat trout,40,0.6
1996,OG,Cutthroat trout,37,0.52
1996,OG,Cutthroat trout,40,0.61
1996,OG,Cutthroat trout,37,0.47
1996,OG,Cutthroat trout,42,0.73
1996,OG,Cutthroat trout,41,0.91
1996,OG,Cutthroat trout,44,0.79
1996,OG,Cutthroat trout,40,0.58
1996,OG,Cutthroat trout,42,0.73
1996,OG,Cutthroat trout,49,1.5
1996,OG,Cutthroat trout,98,10.34
1996,OG,Cutthroat trout,138,26.52
1996,OG,Cutthroat trout,130,22.36
1996,OG,Cutthroat trout,152,32.71
1996,OG,Cutthroat trout,111,16.11
1996,OG,Cutthroat trout,97,11.34
1996,OG,Cutthroat trout,108,12.39
1996,OG,Cutthroat trout,36,0.51
1996,OG,Cutthroat trout,95,9.43
1996,OG,Cutthroat trout,48,1.1
1996,OG,Cutthroat trout,46,0.97
1996,OG,Cutthroat trout,105,12.48
1996,OG,Cutthroat trout,87,6.96
1996,OG,Cutthroat trout,44,0.84
1996,OG,Coastal giant salamander,52,6.36
1996,OG,Coastal giant salamander,53,6.22
1996,OG,Cutthroat trout,51,1.28
1996,OG,Cutthroat trout,39,0.58
1996,OG,Cutthroat trout,40,0.52
1996,OG,Cutthroat trout,97,9.58
1996,OG,Cutthroat trout,80,5.01
1996,OG,Cutthroat trout,156,38.76
1996,OG,Cutthroat trout,112,13.7
1996,OG,Cutthroat trout,125,21.53
1996,OG,Cutthroat trout,139,27.47
1996,OG,Cutthroat trout,92,7.96
1996,OG,Cutthroat trout,112,13.97
1996,OG,Cutthroat trout,92,7.6
1996,OG,Cutthroat trout,113,14.36
1996,OG,Cutthroat trout,113,16.62
1996,OG,Cutthroat trout,98,11.8
1996,OG,Cutthroat trout,84,6.21
1996,OG,Coastal giant salamander,49,4.68
1996,OG,Coastal giant salamander,48,4.5
1996,OG,Coastal giant salamander,49,4.07
1996,OG,Coastal giant salamander,37,1.82
1996,OG,Coastal giant salamander,38,2.22
1996,OG,Coastal giant salamander,42,3.01
1996,OG,Coastal giant salamander,39,1.91
1996,OG,Coastal giant salamander,41,3.04
1996,OG,Cutthroat trout,45,1.06
1996,OG,Cutthroat trout,46,0.9
1996,OG,Cutthroat trout,35,0.43
1996,OG,Cutthroat trout,46,0.84
1996,OG,Cutthroat trout,40,0.59
1996,OG,Cutthroat trout,50,1.2
1996,OG,Cutthroat trout,44,0.9
1996,OG,Cutthroat trout,42,0.71
1996,OG,Cutthroat trout,44,0.89
1996,OG,Cutthroat trout,47,1.05
1996,OG,Cutthroat trout,36,0.41
1996,OG,Cutthroat trout,134,25.7
1996,OG,Cutthroat trout,100,11.22
1996,OG,Cutthroat trout,124,16.47
1996,OG,Coastal giant salamander,70,10.3
1996,OG,Coastal giant salamander,73,15.06
1996,OG,Coastal giant salamander,73,12.03
1996,OG,Coastal giant salamander,95,37.6
1996,OG,Coastal giant salamander,95,28.22
1996,OG,Coastal giant salamander,72,14.05
1996,OG,Coastal giant salamander,62,8.65
1996,OG,Coastal giant salamander,64,9.19
1996,OG,Coastal giant salamander,36,1.81
1996,OG,Coastal giant salamander,66,9.3
1996,OG,Coastal giant salamander,60,7.93
1996,OG,Coastal giant salamander,47,3.72
1996,OG,Coastal giant salamander,64,9.44
1996,OG,Coastal giant salamander,63,7.63
1996,OG,Coastal giant salamander,54,6.13
1996,OG,Coastal giant salamander,47,4.25
1996,OG,Coastal giant salamander,39,2.04
1996,OG,Coastal giant salamander,54,5.8
1996,OG,Coastal giant salamander,75,14.12
1996,OG,Coastal giant salamander,42,2.68
1996,OG,Coastal giant salamander,71,2.68
1996,OG,Coastal giant salamander,29,0.79
1996,OG,Cutthroat trout,44,0.85
1996,OG,Cutthroat trout,42,0.78
1996,OG,Cutthroat trout,115,14.83
1996,OG,Cutthroat trout,90,7.95
1996,OG,Cutthroat trout,40,0.64
1996,OG,Cutthroat trout,39,0.62
1996,OG,Cutthroat trout,42,0.68
1996,OG,Cutthroat trout,49,1.18
1996,OG,Cutthroat trout,44,1.03
1996,OG,Cutthroat trout,143,29.23
1996,OG,Cutthroat trout,70,4.79
1996,OG,Cutthroat trout,88,7.45
1996,OG,Cutthroat trout,85,6.03
1996,OG,Cutthroat trout,132,25.2
1996,OG,Cutthroat trout,48,1.23
1996,OG,Cutthroat trout,45,1.09
1996,OG,Cutthroat trout,46,1.13
1996,OG,Cutthroat trout,51,1.43
1996,OG,Cutthroat trout,47,0.95
1996,OG,Cutthroat trout,44,0.74
1996,OG,Cutthroat trout,55,2.04
1996,OG,Cutthroat trout,49,1.2
1996,OG,Cutthroat trout,32,0.28
1996,OG,Cutthroat trout,41,0.65
1996,OG,Cutthroat trout,85,7.71
1996,OG,Cutthroat trout,54,1.45
1996,OG,Cutthroat trout,49,1.12
1996,OG,Cutthroat trout,120,21.45
1996,OG,Cutthroat trout,141,34.2
1996,OG,Cutthroat trout,86,7.28
1996,OG,Cutthroat trout,42,0.96
1996,OG,Cutthroat trout,86,6.47
1996,OG,Cutthroat trout,79,5.6
1996,OG,Cutthroat trout,41,0.64
1996,OG,Cutthroat trout,30,0.19
1996,OG,Cutthroat trout,35,0.38
1996,OG,Cutthroat trout,46,1.04
1996,OG,Cutthroat trout,45,0.98
1996,OG,Cutthroat trout,43,0.94
1996,OG,Cutthroat trout,46,0.94
1996,OG,Cutthroat trout,35,0.45
1996,OG,Cutthroat trout,47,1.08
1996,OG,Cutthroat trout,43,0.96
1996,OG,Cutthroat trout,118,18.19
1996,OG,Cutthroat trout,161,46.34
1996,OG,Cutthroat trout,132,25.67
1996,OG,Cutthroat trout,103,12.07
1996,OG,Cutthroat trout,39,0.71
1996,OG,Cutthroat trout,48,0.97
1996,OG,Cutthroat trout,44,0.91
1996,OG,Cutthroat trout,37,0.47
1996,OG,Cutthroat trout,49,1.18
1996,OG,Cutthroat trout,94,8.57
1996,OG,Cutthroat trout,31,0.28
1996,OG,Cutthroat trout,46,0.88
1996,OG,Cutthroat trout,39,0.53
1996,OG,Coastal giant salamander,105,40
1996,OG,Cutthroat trout,85,7.14
1996,OG,Cutthroat trout,36,0.47
1996,OG,Cutthroat trout,39,0.58
1996,OG,Cutthroat trout,39,0.59
1996,OG,Cutthroat trout,34,0.35
1996,OG,Cutthroat trout,42,0.9
1996,OG,Cutthroat trout,98,10.32
1996,OG,Cutthroat trout,41,0.8
1996,OG,Cutthroat trout,36,0.43
1996,OG,Coastal giant salamander,46,3.84
1996,OG,Coastal giant salamander,40,2.63
1996,OG,Coastal giant salamander,61,8.92
1996,OG,Coastal giant salamander,70,13.58
1996,OG,Coastal giant salamander,30,1.07
1996,OG,Coastal giant salamander,56,5.4
1996,OG,Coastal giant salamander,57,7.28
1996,OG,Coastal giant salamander,55,7.28
1996,OG,Coastal giant salamander,77,15.22
1996,OG,Coastal giant salamander,33,1.68
1996,OG,Coastal giant salamander,37,2.08
1996,OG,Coastal giant salamander,57,8.03
1996,OG,Coastal giant salamander,70,12.82
1996,OG,Coastal giant salamander,133,61.92
1996,OG,Cutthroat trout,52,1.38
1996,OG,Cutthroat trout,43,0.79
1996,OG,Cutthroat trout,35,0.48
1996,OG,Cutthroat trout,38,0.68
1996,OG,Cutthroat trout,84,6.96
1996,OG,Cutthroat trout,52,1.71
1996,OG,Cutthroat trout,49,1.43
1996,OG,Cutthroat trout,35,0.46
1996,OG,Cutthroat trout,51,1.3
1996,OG,Cutthroat trout,49,1
1996,OG,Cutthroat trout,39,0.5
1996,OG,Cutthroat trout,42,0.8
1996,OG,Cutthroat trout,88,6.6
1996,OG,Cutthroat trout,84,6.7
1996,OG,Cutthroat trout,89,6.7
1996,OG,Cutthroat trout,91,9.8
1996,OG,Cutthroat trout,92,7.9
1996,OG,Cutthroat trout,122,21.3
1996,OG,Coastal giant salamander,34,1.7
1996,OG,Coastal giant salamander,26,0.5
1996,OG,Coastal giant salamander,56,6.8
1996,OG,Coastal giant salamander,48,3.9
1996,OG,Coastal giant salamander,47,2.5
1996,OG,Coastal giant salamander,62,8.7
1996,OG,Cutthroat trout,37,0.3
1996,OG,Cutthroat trout,48,1
1996,OG,Cutthroat trout,40,0.6
1996,OG,Cutthroat trout,44,0.8
1996,OG,Cutthroat trout,60,2
1996,OG,Cutthroat trout,50,1.1
1996,OG,Coastal giant salamander,72,14.5
1996,OG,Coastal giant salamander,67,12
1996,OG,Coastal giant salamander,74,16
1996,OG,Cutthroat trout,49,1.1
1996,OG,Cutthroat trout,43,0.7
1996,OG,Cutthroat trout,39,0.5
1996,OG,Cutthroat trout,49,1
1996,OG,Cutthroat trout,116,18.4
1996,OG,Cutthroat trout,152,35.4
1996,OG,Cutthroat trout,113,14.8
1996,OG,Cutthroat trout,80,4.8
1996,OG,Coastal giant salamander,44,2.5
1996,OG,Coastal giant salamander,70,12.2
1996,OG,Coastal giant salamander,70,12.1
1996,OG,Coastal giant salamander,114,50.5
1996,OG,Coastal giant salamander,117,49.7
1996,OG,Cutthroat trout,39,0.7
1996,OG,Cutthroat trout,47,1
1996,OG,Cutthroat trout,37,0.4
1996,OG,Cutthroat trout,42,0.7
1996,OG,Cutthroat trout,79,5.3
1996,OG,Cutthroat trout,77,5.4
1996,OG,Coastal giant salamander,50,4.4
1996,OG,Coastal giant salamander,54,6.1
1996,OG,Cutthroat trout,57,1.7
1996,OG,Cutthroat trout,50,0.9
1996,OG,Cutthroat trout,39,0.5
1996,OG,Cutthroat trout,100,10.3
1996,OG,Cutthroat trout,115,17.6
1996,OG,Cutthroat trout,138,24.9
1996,OG,Cutthroat trout,90,6.9
1996,OG,Cutthroat trout,53,1.5
1996,OG,Cutthroat trout,40,0.5
1996,OG,Cutthroat trout,50,1.4
1996,OG,Cutthroat trout,91,7.5
1996,OG,Cutthroat trout,111,14.7
1996,OG,Cutthroat trout,112,12.4
1996,OG,Cutthroat trout,55,1.9
1996,OG,Cutthroat trout,81,6.1
1996,OG,Cutthroat trout,117,16
1996,OG,Cutthroat trout,139,29.9
1996,OG,Cutthroat trout,92,7.4
1996,OG,Cutthroat trout,85,6.7
1996,OG,Cutthroat trout,50,1
1996,OG,Cutthroat trout,36,0.3
1996,OG,Cutthroat trout,46,0.8
1996,OG,Cutthroat trout,112,14.6
1996,OG,Cutthroat trout,87,6.8
1996,OG,Cutthroat trout,51,1.2
1996,OG,Cutthroat trout,116,14.4
1996,OG,Cutthroat trout,103,12.1
1996,OG,Cutthroat trout,106,12.7
1996,OG,Cutthroat trout,90,7.4
1996,OG,Cutthroat trout,139,28.2
1996,OG,Cutthroat trout,131,23.9
1996,OG,Cutthroat trout,91,7.8
1996,OG,Cutthroat trout,44,0.7
1996,OG,Cutthroat trout,54,1.1
1996,OG,Cutthroat trout,51,1.3
1996,OG,Cutthroat trout,52,1.3
1996,OG,Cutthroat trout,55,1.4
1996,OG,Cutthroat trout,95,8
1996,OG,Cutthroat trout,43,0.7
1996,OG,Cutthroat trout,44,0.7
1996,OG,Cutthroat trout,53,1.7
1996,OG,Cutthroat trout,46,0.9
1996,OG,Cutthroat trout,43,0.6
1996,OG,Cutthroat trout,58,2
1996,OG,Cutthroat trout,52,1.4
1996,OG,Cutthroat trout,45,1
1996,OG,Cutthroat trout,37,0.5
1996,OG,Cutthroat trout,96,13.4
1996,OG,Cutthroat trout,100,10.2
1996,OG,Cutthroat trout,88,7.8
1996,OG,Cutthroat trout,125,19.5
1996,OG,Coastal giant salamander,40,2.2
1996,OG,Coastal giant salamander,77,134
1996,OG,Coastal giant salamander,91,22.9
1996,OG,Coastal giant salamander,70,22.9
1996,OG,Coastal giant salamander,62,8.7
1996,OG,Coastal giant salamander,80,15.8
1996,OG,Coastal giant salamander,97,33.8
1996,OG,Coastal giant salamander,115,44
1996,OG,Coastal giant salamander,68,95
1996,OG,Coastal giant salamander,57,6.7
1996,OG,Coastal giant salamander,61,7.2
1996,OG,Coastal giant salamander,64,9.2
1996,OG,Coastal giant salamander,55,5.5
1996,OG,Coastal giant salamander,30,3
1996,OG,Coastal giant salamander,65,8.8
1996,OG,Coastal giant salamander,84,16.2
1996,OG,Coastal giant salamander,88,22.1
1996,OG,Coastal giant salamander,71,14.3
1996,OG,Coastal giant salamander,49,3.9
1996,OG,Coastal giant salamander,54,7.5
1996,OG,Coastal giant salamander,52,6.3
1996,OG,Coastal giant salamander,33,2.4
1996,OG,Cutthroat trout,45,0.9
1996,OG,Cutthroat trout,44,0.7
1996,OG,Cutthroat trout,43,0.6
1996,OG,Cutthroat trout,49,1.2
1996,OG,Cutthroat trout,133,22.1
1996,OG,Cutthroat trout,144,27.9
1996,OG,Coastal giant salamander,44,3.8
1996,OG,Cutthroat trout,36,0.3
1996,OG,Cutthroat trout,38,0.3
1996,OG,Cutthroat trout,50,1.1
1996,OG,Cutthroat trout,119,17.6
1996,OG,Cutthroat trout,107,13.4
1996,OG,Cutthroat trout,47,0.9
1996,OG,Cutthroat trout,45,1
1996,OG,Cutthroat trout,55,1.7
1996,OG,Cutthroat trout,45,1
1996,OG,Cutthroat trout,43,0.5
1996,OG,Cutthroat trout,88,8.5
1996,OG,Coastal giant salamander,33,1
1996,OG,Coastal giant salamander,60,8.9
1996,OG,Coastal giant salamander,56,8.8
1996,OG,Cutthroat trout,39,0.4
1996,OG,Cutthroat trout,47,1.5
1996,OG,Cutthroat trout,47,1.4
1996,OG,Cutthroat trout,49,1.2
1996,OG,Cutthroat trout,51,1.6
1996,OG,Cutthroat trout,37,0.4
1996,OG,Cutthroat trout,48,1.3
1996,OG,Cutthroat trout,44,0.9
1996,OG,Cutthroat trout,50,1.3
1996,OG,Cutthroat trout,54,1.2
1996,OG,Cutthroat trout,54,1.5
1996,OG,Cutthroat trout,46,0.9
1996,OG,Cutthroat trout,36,0.5
1996,OG,Cutthroat trout,97,9.4
1996,OG,Cutthroat trout,82,5.9
1996,OG,Cutthroat trout,134,24.8
1996,OG,Coastal giant salamander,66,10.9
1996,OG,Coastal giant salamander,41,2.9
1996,OG,Coastal giant salamander,65,11.1
1996,OG,Coastal giant salamander,74,14.8
1997,CC,Cutthroat trout,98,10.76
1997,CC,Cutthroat trout,29,0.41
1997,CC,Cutthroat trout,48,1.36
1997,CC,Cutthroat trout,48,1.23
1997,CC,Cutthroat trout,50,1.47
1997,CC,Cutthroat trout,42,0.8
1997,CC,Cutthroat trout,42,0.85
1997,CC,Cutthroat trout,45,1.13
1997,CC,Cutthroat trout,34,0.46
1997,CC,Cutthroat trout,44,0.92
1997,CC,Cutthroat trout,43,0.79
1997,CC,Cutthroat trout,42,0.86
1997,CC,Cutthroat trout,80,6.53
1997,CC,Cutthroat trout,34,0.54
1997,CC,Cutthroat trout,94,8.91
1997,CC,Cutthroat trout,94,8.72
1997,CC,Cutthroat trout,54,1.67
1997,CC,Cutthroat trout,88,6.87
1997,CC,Cutthroat trout,93,8.79
1997,CC,Cutthroat trout,80,6.64
1997,CC,Cutthroat trout,104,11.33
1997,CC,Cutthroat trout,95,9.48
1997,CC,Cutthroat trout,44,1
1997,CC,Cutthroat trout,79,6.66
1997,CC,Cutthroat trout,85,8.29
1997,CC,Cutthroat trout,109,14.24
1997,CC,Cutthroat trout,106,12.12
1997,CC,Cutthroat trout,96,9.52
1997,CC,Cutthroat trout,76,5.94
1997,CC,Cutthroat trout,98,10.62
1997,CC,Cutthroat trout,94,8.85
1997,CC,Cutthroat trout,52,1.31
1997,CC,Cutthroat trout,42,0.73
1997,CC,Cutthroat trout,41,0.89
1997,CC,Cutthroat trout,35,0.38
1997,CC,Cutthroat trout,41,0.81
1997,CC,Cutthroat trout,95,10.82
1997,CC,Cutthroat trout,97,9.78
1997,CC,Cutthroat trout,103,11.93
1997,CC,Cutthroat trout,41,0.79
1997,CC,Cutthroat trout,42,1.08
1997,CC,Cutthroat trout,39,0.66
1997,CC,Cutthroat trout,88,6.77
1997,CC,Cutthroat trout,37,0.61
1997,CC,Cutthroat trout,40,0.79
1997,CC,Cutthroat trout,38,0.56
1997,CC,Cutthroat trout,40,0.78
1997,CC,Cutthroat trout,42,1
1997,CC,Cutthroat trout,82,5.95
1997,CC,Cutthroat trout,34,0.45
1997,CC,Cutthroat trout,134,26.26
1997,CC,Cutthroat trout,70,3.79
1997,CC,Cutthroat trout,31,0.34
1997,CC,Cutthroat trout,107,14.51
1997,CC,Cutthroat trout,97,10.05
1997,CC,Cutthroat trout,118,20.61
1997,CC,Cutthroat trout,96,9.75
1997,CC,Cutthroat trout,101,11.32
1997,CC,Cutthroat trout,129,22.22
1997,CC,Cutthroat trout,167,45.87
1997,CC,Cutthroat trout,137,24.68
1997,CC,Cutthroat trout,110,16.43
1997,CC,Cutthroat trout,94,9.33
1997,CC,Cutthroat trout,116,16.97
1997,CC,Cutthroat trout,89,7.13
1997,CC,Cutthroat trout,87,7.03
1997,CC,Cutthroat trout,73,4.98
1997,CC,Cutthroat trout,51,1.35
1997,CC,Cutthroat trout,101,10.1
1997,CC,Cutthroat trout,121,21.81
1997,CC,Cutthroat trout,98,12.02
1997,CC,Cutthroat trout,100,10.37
1997,CC,Cutthroat trout,92,8.03
1997,CC,Cutthroat trout,45,0.87
1997,CC,Cutthroat trout,95,9.49
1997,CC,Cutthroat trout,108,14.05
1997,CC,Cutthroat trout,139,29.3
1997,CC,Cutthroat trout,149,33.76
1997,CC,Cutthroat trout,39,0.73
1997,CC,Cutthroat trout,101,10.95
1997,CC,Cutthroat trout,45,0.96
1997,CC,Cutthroat trout,37,0.6
1997,CC,Cutthroat trout,39,0.56
1997,CC,Cutthroat trout,42,0.93
1997,CC,Cutthroat trout,75,4.21
1997,CC,Cutthroat trout,94,10.37
1997,CC,Cutthroat trout,142,32.58
1997,CC,Cutthroat trout,106,16.82
1997,CC,Cutthroat trout,93,9.12
1997,CC,Cutthroat trout,85,6.7
1997,CC,Cutthroat trout,56,1.75
1997,CC,Cutthroat trout,32,0.47
1997,CC,Cutthroat trout,37,0.66
1997,CC,Cutthroat trout,106,11.86
1997,CC,Cutthroat trout,145,30.37
1997,CC,Cutthroat trout,97,9.57
1997,CC,Cutthroat trout,92,8.65
1997,CC,Cutthroat trout,44,0.97
1997,CC,Cutthroat trout,134,24.9
1997,CC,Cutthroat trout,163,43.96
1997,CC,Cutthroat trout,95,7.84
1997,CC,Cutthroat trout,39,0.62
1997,CC,Cutthroat trout,50,1.37
1997,CC,Cutthroat trout,34,0.5
1997,CC,Cutthroat trout,42,0.84
1997,CC,Cutthroat trout,41,0.83
1997,CC,Cutthroat trout,41,0.69
1997,CC,Cutthroat trout,42,0.83
1997,CC,Coastal giant salamander,69,12.27
1997,CC,Coastal giant salamander,58,7.38
1997,CC,Coastal giant salamander,71,14.42
1997,CC,Coastal giant salamander,59,8.51
1997,CC,Coastal giant salamander,29,1.11
1997,CC,Coastal giant salamander,74,16.01
1997,CC,Coastal giant salamander,64,10.89
1997,CC,Coastal giant salamander,53,6.35
1997,CC,Coastal giant salamander,54,7.27
1997,CC,Coastal giant salamander,54,7.53
1997,CC,Coastal giant salamander,63,10.23
1997,CC,Coastal giant salamander,76,16.58
1997,CC,Coastal giant salamander,48,4.2
1997,CC,Coastal giant salamander,105,37.93
1997,CC,Coastal giant salamander,100,36.53
1997,CC,Coastal giant salamander,43,3.3
1997,CC,Coastal giant salamander,93,25.58
1997,CC,Coastal giant salamander,62,9.95
1997,CC,Coastal giant salamander,98,33.41
1997,CC,Coastal giant salamander,56,8.56
1997,CC,Coastal giant salamander,81,17.17
1997,CC,Coastal giant salamander,90,20.59
1997,CC,Coastal giant salamander,51,5.6
1997,CC,Coastal giant salamander,79,18.66
1997,CC,Coastal giant salamander,56,7.02
1997,CC,Coastal giant salamander,75,14.3
1997,CC,Coastal giant salamander,100,35.72
1997,CC,Coastal giant salamander,74,15.51
1997,CC,Coastal giant salamander,125,63.27
1997,CC,Cutthroat trout,36,0.59
1997,CC,Cutthroat trout,46,1.08
1997,CC,Cutthroat trout,48,1.4
1997,CC,Cutthroat trout,45,1.16
1997,CC,Cutthroat trout,38,0.67
1997,CC,Cutthroat trout,46,1.07
1997,CC,Cutthroat trout,43,1
1997,CC,Cutthroat trout,38,0.61
1997,CC,Cutthroat trout,122,21.07
1997,CC,Cutthroat trout,108,13.89
1997,CC,Cutthroat trout,44,0.93
1997,CC,Cutthroat trout,45,1.06
1997,CC,Cutthroat trout,87,7.76
1997,CC,Cutthroat trout,103,11.63
1997,CC,Cutthroat trout,47,1.28
1997,CC,Cutthroat trout,50,1.72
1997,CC,Cutthroat trout,49,1.38
1997,CC,Cutthroat trout,49,1.39
1997,CC,Cutthroat trout,80,5.23
1997,CC,Cutthroat trout,34,0.45
1997,CC,Cutthroat trout,54,1.69
1997,CC,Cutthroat trout,46,1.16
1997,CC,Cutthroat trout,40,0.69
1997,CC,Cutthroat trout,48,1.31
1997,CC,Cutthroat trout,39,0.88
1997,CC,Cutthroat trout,89,7.47
1997,CC,Cutthroat trout,39,0.77
1997,CC,Cutthroat trout,42,0.8
1997,CC,Cutthroat trout,50,1.28
1997,CC,Cutthroat trout,94,9.57
1997,CC,Cutthroat trout,93,9.41
1997,CC,Cutthroat trout,86,8.02
1997,CC,Cutthroat trout,95,9.7
1997,CC,Cutthroat trout,32,0.38
1997,CC,Cutthroat trout,38,0.57
1997,CC,Cutthroat trout,40,0.77
1997,CC,Cutthroat trout,29,0.31
1997,CC,Cutthroat trout,41,0.88
1997,CC,Cutthroat trout,44,0.95
1997,CC,Cutthroat trout,41,0.84
1997,CC,Cutthroat trout,50,1.57
1997,CC,Cutthroat trout,42,0.87
1997,CC,Cutthroat trout,49,1.38
1997,CC,Cutthroat trout,44,0.92
1997,CC,Cutthroat trout,42,0.82
1997,CC,Cutthroat trout,74,5.33
1997,CC,Cutthroat trout,78,5.37
1997,CC,Cutthroat trout,91,10.08
1997,CC,Cutthroat trout,105,12.63
1997,CC,Cutthroat trout,40,0.75
1997,CC,Coastal giant salamander,84,20.89
1997,CC,Coastal giant salamander,39,2.88
1997,CC,Coastal giant salamander,54,6.52
1997,CC,Coastal giant salamander,108,41.59
1997,CC,Coastal giant salamander,22,0.41
1997,CC,Coastal giant salamander,40,3.01
1997,CC,Cutthroat trout,50,1.43
1997,CC,Cutthroat trout,93,10.25
1997,CC,Cutthroat trout,40,0.79
1997,CC,Cutthroat trout,47,1.18
1997,CC,Cutthroat trout,45,1.11
1997,CC,Cutthroat trout,160,46.18
1997,CC,Cutthroat trout,90,7.85
1997,CC,Cutthroat trout,40,0.78
1997,CC,Cutthroat trout,121,20.12
1997,CC,Cutthroat trout,102,11.11
1997,CC,Cutthroat trout,91,7.43
1997,CC,Cutthroat trout,148,31.58
1997,CC,Cutthroat trout,86,6.38
1997,CC,Cutthroat trout,50,1.35
1997,CC,Cutthroat trout,138,27.63
1997,CC,Cutthroat trout,86,6.57
1997,CC,Cutthroat trout,43,0.95
1997,CC,Cutthroat trout,40,0.67
1997,CC,Cutthroat trout,82,5.15
1997,CC,Cutthroat trout,93,9.18
1997,CC,Cutthroat trout,47,0.96
1997,CC,Cutthroat trout,129,25.4
1997,CC,Cutthroat trout,107,12.24
1997,CC,Cutthroat trout,89,7.05
1997,CC,Cutthroat trout,90,7.89
1997,CC,Cutthroat trout,141,29.22
1997,CC,Cutthroat trout,88,6.74
1997,CC,Cutthroat trout,49,1.33
1997,CC,Cutthroat trout,42,0.8
1997,CC,Cutthroat trout,41,0.79
1997,CC,Cutthroat trout,90,7.76
1997,CC,Coastal giant salamander,29,0.88
1997,CC,Coastal giant salamander,31,1.29
1997,CC,Coastal giant salamander,80,19.65
1997,CC,Coastal giant salamander,44,4.1
1997,CC,Coastal giant salamander,84,23.17
1997,CC,Coastal giant salamander,70,13.74
1997,CC,Coastal giant salamander,41,3.68
1997,CC,Coastal giant salamander,79,17.63
1997,CC,Coastal giant salamander,109,43.2
1997,CC,Coastal giant salamander,57,8.44
1997,CC,Coastal giant salamander,71,13.58
1997,CC,Coastal giant salamander,66,9.92
1997,CC,Coastal giant salamander,56,7.64
1997,CC,Cutthroat trout,44,0.97
1997,CC,Cutthroat trout,64,3.58
1997,CC,Cutthroat trout,38,0.73
1997,CC,Cutthroat trout,40,0.72
1997,CC,Cutthroat trout,40,0.84
1997,CC,Cutthroat trout,38,0.66
1997,CC,Cutthroat trout,41,0.75
1997,CC,Cutthroat trout,49,1.28
1997,CC,Cutthroat trout,94,9.98
1997,CC,Cutthroat trout,34,0.48
1997,CC,Cutthroat trout,52,1.36
1997,CC,Cutthroat trout,37,0.58
1997,CC,Cutthroat trout,52,1.62
1997,CC,Coastal giant salamander,22,0.51
1997,CC,Coastal giant salamander,55,6.83
1997,CC,Coastal giant salamander,71,13.27
1997,CC,Coastal giant salamander,111,40.44
1997,CC,Coastal giant salamander,115,48.36
1997,OG,Cutthroat trout,37,0.57
1997,OG,Cutthroat trout,139,33.52
1997,OG,Cutthroat trout,154,44.98
1997,OG,Cutthroat trout,116,18.05
1997,OG,Cutthroat trout,99,10.83
1997,OG,Cutthroat trout,101,9.99
1997,OG,Cutthroat trout,41,0.69
1997,OG,Cutthroat trout,84,7.79
1997,OG,Coastal giant salamander,55,8.09
1997,OG,Coastal giant salamander,51,6.02
1997,OG,Coastal giant salamander,49,4.73
1997,OG,Coastal giant salamander,41,2.93
1997,OG,Coastal giant salamander,155,122.22
1997,OG,Cutthroat trout,37,0.66
1997,OG,Cutthroat trout,92,7.53
1997,OG,Cutthroat trout,94,8.78
1997,OG,Cutthroat trout,42,0.9
1997,OG,Cutthroat trout,140,29.37
1997,OG,Cutthroat trout,50,1.54
1997,OG,Cutthroat trout,39,0.74
1997,OG,Cutthroat trout,72,4.28
1997,OG,Coastal giant salamander,70,12.65
1997,OG,Coastal giant salamander,45,3.87
1997,OG,Coastal giant salamander,48,7.45
1997,OG,Coastal giant salamander,65,13.27
1997,OG,Coastal giant salamander,94,38.52
1997,OG,Coastal giant salamander,118,56.42
1997,OG,Cutthroat trout,33,0.33
1997,OG,Cutthroat trout,55,1.89
1997,OG,Cutthroat trout,50,1.5
1997,OG,Cutthroat trout,40,0.72
1997,OG,Cutthroat trout,144,28.27
1997,OG,Cutthroat trout,153,36.42
1997,OG,Cutthroat trout,94,8.65
1997,OG,Cutthroat trout,75,4.75
1997,OG,Cutthroat trout,133,25.07
1997,OG,Cutthroat trout,46,1.25
1997,OG,Cutthroat trout,94,8.27
1997,OG,Cutthroat trout,114,16.84
1997,OG,Cutthroat trout,141,30.8
1997,OG,Cutthroat trout,102,11.91
1997,OG,Cutthroat trout,92,7.94
1997,OG,Cutthroat trout,117,16.83
1997,OG,Coastal giant salamander,36,2.37
1997,OG,Coastal giant salamander,64,10.58
1997,OG,Coastal giant salamander,93,31.93
1997,OG,Cutthroat trout,44,0.84
1997,OG,Cutthroat trout,47,1.13
1997,OG,Cutthroat trout,75,5.26
1997,OG,Cutthroat trout,103,11.67
1997,OG,Cutthroat trout,125,21.72
1997,OG,Cutthroat trout,84,5.83
1997,OG,Cutthroat trout,44,1.03
1997,OG,Cutthroat trout,53,1.56
1997,OG,Cutthroat trout,50,1.49
1997,OG,Cutthroat trout,53,1.56
1997,OG,Cutthroat trout,44,0.94
1997,OG,Cutthroat trout,40,0.72
1997,OG,Cutthroat trout,99,12.88
1997,OG,Cutthroat trout,86,6.46
1997,OG,Cutthroat trout,41,0.67
1997,OG,Cutthroat trout,36,0.49
1997,OG,Cutthroat trout,48,1.19
1997,OG,Cutthroat trout,45,0.98
1997,OG,Cutthroat trout,41,0.72
1997,OG,Coastal giant salamander,66,8.51
1997,OG,Coastal giant salamander,41,3.29
1997,OG,Coastal giant salamander,55,7.8
1997,OG,Coastal giant salamander,24,0.58
1997,OG,Coastal giant salamander,64,12.49
1997,OG,Coastal giant salamander,26,1.03
1997,OG,Cutthroat trout,33,0.37
1997,OG,Cutthroat trout,165,50.85
1997,OG,Cutthroat trout,84,7.89
1997,OG,Cutthroat trout,95,9.61
1997,OG,Cutthroat trout,114,15.5
1997,OG,Cutthroat trout,123,20.46
1997,OG,Cutthroat trout,131,23.5
1997,OG,Cutthroat trout,73,4.83
1997,OG,Cutthroat trout,39,0.56
1997,OG,Cutthroat trout,100,10.04
1997,OG,Cutthroat trout,42,1.22
1997,OG,Cutthroat trout,80,5.28
1997,OG,Cutthroat trout,83,5.8
1997,OG,Cutthroat trout,155,41.58
1997,OG,Cutthroat trout,51,1.64
1997,OG,Cutthroat trout,37,0.7
1997,OG,Cutthroat trout,118,18.02
1997,OG,Cutthroat trout,84,5.88
1997,OG,Cutthroat trout,154,41.33
1997,OG,Cutthroat trout,43,0.84
1997,OG,Cutthroat trout,39,0.69
1997,OG,Cutthroat trout,39,0.59
1997,OG,Cutthroat trout,47,0.97
1997,OG,Cutthroat trout,44,0.94
1997,OG,Cutthroat trout,43,0.93
1997,OG,Cutthroat trout,48,1.27
1997,OG,Cutthroat trout,41,0.83
1997,OG,Cutthroat trout,47,1.26
1997,OG,Cutthroat trout,81,5.63
1997,OG,Cutthroat trout,93,8.33
1997,OG,Cutthroat trout,43,0.95
1997,OG,Coastal giant salamander,68,11.8
1997,OG,Coastal giant salamander,60,9.45
1997,OG,Coastal giant salamander,68,12.68
1997,OG,Coastal giant salamander,44,3.55
1997,OG,Coastal giant salamander,59,8.29
1997,OG,Coastal giant salamander,24,0.49
1997,OG,Coastal giant salamander,69,14.18
1997,OG,Cutthroat trout,35,0.55
1997,OG,Cutthroat trout,39,0.74
1997,OG,Cutthroat trout,140,34.61
1997,OG,Cutthroat trout,40,0.76
1997,OG,Cutthroat trout,42,0.84
1997,OG,Cutthroat trout,97,9.73
1997,OG,Coastal giant salamander,39,2.49
1997,OG,Coastal giant salamander,44,4.51
1997,OG,Coastal giant salamander,49,5.67
1997,OG,Coastal giant salamander,56,8.92
1997,OG,Coastal giant salamander,55,7.61
1997,OG,Cutthroat trout,33,0.57
1997,OG,Cutthroat trout,38,0.68
1997,OG,Cutthroat trout,86,6.8
1997,OG,Coastal giant salamander,108,56.07
1997,OG,Cutthroat trout,42,0.76
1997,OG,Cutthroat trout,133,27.56
1997,OG,Cutthroat trout,44,0.99
1997,OG,Cutthroat trout,41,0.83
1997,OG,Cutthroat trout,51,1.56
1997,OG,Cutthroat trout,36,0.62
1997,OG,Cutthroat trout,63,4.28
1997,OG,Cutthroat trout,112,15.15
1997,OG,Cutthroat trout,89,7.29
1997,OG,Cutthroat trout,90,7.35
1997,OG,Cutthroat trout,73,4.89
1997,OG,Coastal giant salamander,29,1.59
1997,OG,Coastal giant salamander,47,4.86
1997,OG,Coastal giant salamander,52,7.4
1997,OG,Coastal giant salamander,64,12.34
1997,OG,Cutthroat trout,43,101
1997,OG,Cutthroat trout,50,1.47
1997,OG,Cutthroat trout,38,0.59
1997,OG,Cutthroat trout,103,11.32
1997,OG,Cutthroat trout,110,15.54
1997,OG,Cutthroat trout,89,7.36
1997,OG,Cutthroat trout,42,0.72
1997,OG,Cutthroat trout,36,0.6
1997,OG,Cutthroat trout,102,11.6
1997,OG,Cutthroat trout,88,8.11
1997,OG,Cutthroat trout,63,4.2
1997,OG,Cutthroat trout,83,6.31
1997,OG,Cutthroat trout,152,36.65
1997,OG,Coastal giant salamander,24,0.51
1997,OG,Coastal giant salamander,26,0.57
1997,OG,Coastal giant salamander,58,9.64
1997,OG,Coastal giant salamander,50,5.28
1997,OG,Coastal giant salamander,68,11.59
1997,OG,Coastal giant salamander,55,7.5
1997,OG,Cutthroat trout,127,23.59
1997,OG,Cutthroat trout,84,6.51
1997,OG,Cutthroat trout,135,24.99
1997,OG,Cutthroat trout,124,19.13
1997,OG,Cutthroat trout,50,1.41
1997,OG,Cutthroat trout,149,35.01
1997,OG,Cutthroat trout,92,7.93
1997,OG,Cutthroat trout,54,1.6
1997,OG,Cutthroat trout,108,14.25
1997,OG,Cutthroat trout,87,7.22
1997,OG,Cutthroat trout,96,10.04
1997,OG,Cutthroat trout,119,15.06
1997,OG,Cutthroat trout,161,45.17
1997,OG,Cutthroat trout,123,22.02
1997,OG,Cutthroat trout,39,0.65
1997,OG,Cutthroat trout,87,6.93
1997,OG,Cutthroat trout,111,14.58
1997,OG,Cutthroat trout,163,42.34
1997,OG,Cutthroat trout,162,41.67
1997,OG,Coastal giant salamander,59,11.32
1997,OG,Cutthroat trout,95,8.36
1997,OG,Cutthroat trout,94,9.49
1997,OG,Cutthroat trout,107,14.03
1997,OG,Cutthroat trout,49,1.13
1997,OG,Cutthroat trout,87,8.73
1997,OG,Cutthroat trout,48,1.22
1997,OG,Cutthroat trout,45,0.92
1997,OG,Cutthroat trout,85,6.81
1997,OG,Cutthroat trout,44,0.86
1997,OG,Cutthroat trout,77,5.3
1997,OG,Cutthroat trout,100,13.9
1997,OG,Cutthroat trout,136,31.91
1997,OG,Cutthroat trout,32,0.38
1997,OG,Cutthroat trout,81,6.77
1997,OG,Cutthroat trout,96,10
1997,OG,Cutthroat trout,126,20.31
1997,OG,Cutthroat trout,40,0.7
1997,OG,Cutthroat trout,42,1.09
1997,OG,Cutthroat trout,41,0.9
1997,OG,Cutthroat trout,48,1.11
1997,OG,Cutthroat trout,41,0.75
1997,OG,Cutthroat trout,64,3.1
1997,OG,Cutthroat trout,84,9.48
1997,OG,Cutthroat trout,38,0.72
1997,OG,Cutthroat trout,91,7.97
1997,OG,Cutthroat trout,71,5.4
1997,OG,Cutthroat trout,79,6.6
1997,OG,Cutthroat trout,116,17.22
1997,OG,Cutthroat trout,41,0.76
1997,OG,Cutthroat trout,33,0.43
1997,OG,Cutthroat trout,80,5.4
1997,OG,Cutthroat trout,42,0.83
1997,OG,Cutthroat trout,34,0.48
1997,OG,Cutthroat trout,52,1.41
1997,OG,Cutthroat trout,57,2.97
1997,OG,Cutthroat trout,42,0.81
1997,OG,Cutthroat trout,84,6.37
1997,OG,Cutthroat trout,92,8.43
1997,OG,Cutthroat trout,80,5.75
1997,OG,Coastal giant salamander,76,18.31
1997,OG,Coastal giant salamander,123,53.51
1997,OG,Coastal giant salamander,34,2.04
1997,OG,Coastal giant salamander,36,2.18
1997,OG,Coastal giant salamander,44,4.55
1997,OG,Coastal giant salamander,49,5.9
1997,OG,Coastal giant salamander,23,0.45
1997,OG,Coastal giant salamander,41,3.18
1997,OG,Coastal giant salamander,42,3.76
1997,OG,Coastal giant salamander,36,1.73
1997,OG,Coastal giant salamander,74,15.18
1997,OG,Cutthroat trout,127,23.96
1997,OG,Cutthroat trout,85,6.36
1997,OG,Cutthroat trout,39,0.72
1997,OG,Cutthroat trout,106,12.41
1997,OG,Cutthroat trout,78,6.35
1997,OG,Cutthroat trout,89,8.87
1997,OG,Cutthroat trout,48,1.29
1997,OG,Cutthroat trout,41,0.81
1997,OG,Cutthroat trout,44,0.87
1997,OG,Cutthroat trout,45,1.17
1997,OG,Cutthroat trout,43,0.85
1997,OG,Cutthroat trout,42,0.95
1997,OG,Cutthroat trout,36,0.55
1997,OG,Cutthroat trout,44,1.05
1997,OG,Cutthroat trout,39,0.69
1997,OG,Cutthroat trout,45,1.01
1997,OG,Cutthroat trout,38,0.75
1997,OG,Cutthroat trout,42,1.05
1997,OG,Cutthroat trout,88,7.18
1997,OG,Cutthroat trout,51,1.5
1997,OG,Cutthroat trout,45,1.19
1997,OG,Cutthroat trout,44,1.02
1997,OG,Cutthroat trout,51,1.49
1997,OG,Cutthroat trout,46,1.12
1997,OG,Cutthroat trout,75,5.65
1997,OG,Cutthroat trout,97,11.84
1997,OG,Cutthroat trout,103,11.23
1997,OG,Cutthroat trout,76,7.14
1997,OG,Cutthroat trout,153,41.27
1997,OG,Cutthroat trout,41,83
1997,OG,Cutthroat trout,46,0.99
1997,OG,Cutthroat trout,80,6.35
1997,OG,Cutthroat trout,95,8.99
1997,OG,Cutthroat trout,97,10.41
1997,OG,Cutthroat trout,130,25.38
1997,OG,Cutthroat trout,36,0.7
1997,OG,Cutthroat trout,37,0.73
1997,OG,Cutthroat trout,45,1.14
1997,OG,Cutthroat trout,91,7.85
1997,OG,Cutthroat trout,86,7.78
1997,OG,Cutthroat trout,85,7.03
1997,OG,Cutthroat trout,95,9.56
1997,OG,Cutthroat trout,42,0.89
1997,OG,Cutthroat trout,84,6.46
1997,OG,Cutthroat trout,136,26.17
1997,OG,Cutthroat trout,123,19.27
1997,OG,Cutthroat trout,46,0.98
1997,OG,Cutthroat trout,39,0.57
1997,OG,Cutthroat trout,40,0.69
1997,OG,Cutthroat trout,44,0.98
1997,OG,Coastal giant salamander,70,20.37
1997,OG,Coastal giant salamander,65,13.54
1997,OG,Coastal giant salamander,88,26.01
1997,OG,Coastal giant salamander,74,13.77
1997,OG,Coastal giant salamander,58,8.16
1997,OG,Coastal giant salamander,49,5.34
1997,OG,Coastal giant salamander,66,13.03
1997,OG,Coastal giant salamander,75,15.03
1997,OG,Coastal giant salamander,54,5.81
1997,OG,Coastal giant salamander,55,6.31
1997,OG,Coastal giant salamander,60,8.55
1997,OG,Coastal giant salamander,23,0.77
1997,OG,Coastal giant salamander,56,7.06
1997,OG,Coastal giant salamander,45,3.93
1997,OG,Coastal giant salamander,22,0.75
1997,OG,Coastal giant salamander,61,9.91
1997,OG,Coastal giant salamander,75,12.31
1997,OG,Coastal giant salamander,40,3.12
1997,OG,Coastal giant salamander,118,48.15
1997,OG,Cutthroat trout,95,9.04
1997,OG,Cutthroat trout,31,0.25
1997,OG,Cutthroat trout,49,1.42
1997,OG,Cutthroat trout,95,8.32
1997,OG,Cutthroat trout,50,1.29
1997,OG,Cutthroat trout,42,0.97
1997,OG,Cutthroat trout,94,9.07
1997,OG,Coastal giant salamander,122,58.37
1997,OG,Cutthroat trout,39,0.58
1997,OG,Cutthroat trout,46,0.91
1997,OG,Cutthroat trout,49,1.09
1997,OG,Cutthroat trout,88,6.49
1997,OG,Cutthroat trout,50,1.26
1997,OG,Cutthroat trout,51,1.44
1997,OG,Cutthroat trout,32,0.43
1997,OG,Cutthroat trout,33,0.3
1997,OG,Cutthroat trout,38,0.64
1997,OG,Cutthroat trout,47,1.13
1997,OG,Cutthroat trout,44,0.87
1997,OG,Coastal giant salamander,56,6.98
1997,OG,Coastal giant salamander,64,12.01
1997,OG,Coastal giant salamander,54,5.72
1997,OG,Coastal giant salamander,57,8.04
1997,OG,Coastal giant salamander,77,17.76
1997,OG,Coastal giant salamander,82,14.69
1997,OG,Coastal giant salamander,101,34.51
1997,OG,Cutthroat trout,39,0.71
1997,OG,Cutthroat trout,36,0.51
1997,OG,Cutthroat trout,49,1.21
1997,OG,Cutthroat trout,42,0.77
1997,OG,Cutthroat trout,42,0.93
1997,OG,Cutthroat trout,51,1.42
1997,OG,Cutthroat trout,49,1.21
1997,OG,Cutthroat trout,46,0.91
1997,OG,Cutthroat trout,37,0.63
1997,OG,Cutthroat trout,42,0.72
1997,OG,Cutthroat trout,41,0.65
1997,OG,Coastal giant salamander,58,7.46
1997,OG,Coastal giant salamander,45,4.21
1997,OG,Coastal giant salamander,74,14.74
1997,OG,Coastal giant salamander,53,5.29
1997,OG,Coastal giant salamander,49,6.38
1997,OG,Coastal giant salamander,75,16.47
1997,OG,Coastal giant salamander,95,28.22
1997,OG,Cutthroat trout,125,21.64
1997,OG,Cutthroat trout,45,1.16
1997,OG,Cutthroat trout,97,9.31
1997,OG,Cutthroat trout,126,20.69
1997,OG,Cutthroat trout,48,1.48
1997,OG,Cutthroat trout,52,1.57
1997,OG,Cutthroat trout,135,30.8
1997,OG,Cutthroat trout,73,4.96
1997,OG,Cutthroat trout,95,8.18
1997,OG,Cutthroat trout,45,1.11
1997,OG,Cutthroat trout,102,11.53
1997,OG,Cutthroat trout,38,0.61
1997,OG,Cutthroat trout,149,33.84
1997,OG,Coastal giant salamander,67,13.91
1997,OG,Coastal giant salamander,49,5.65
1997,OG,Coastal giant salamander,86,27.64
1997,OG,Cutthroat trout,37,0.5
1997,OG,Cutthroat trout,44,0.98
1997,OG,Cutthroat trout,32,0.33
1997,OG,Cutthroat trout,41,0.72
1997,OG,Cutthroat trout,40,0.62
1997,OG,Cutthroat trout,46,1.01
1997,OG,Cutthroat trout,142,31.03
1997,OG,Coastal giant salamander,24,0.66
1997,OG,Coastal giant salamander,34,1.89
1997,OG,Coastal giant salamander,35,1.7
1997,OG,Coastal giant salamander,37,2.17
1997,OG,Coastal giant salamander,48,5.68
1997,OG,Coastal giant salamander,77,16.56
1997,OG,Coastal giant salamander,141,85.94
1997,OG,Cutthroat trout,92,7.95
1997,OG,Cutthroat trout,97,9.18
1997,OG,Cutthroat trout,41,0.91
1997,OG,Cutthroat trout,46,1.12
1997,OG,Cutthroat trout,47,1.03
1997,OG,Cutthroat trout,47,1.23
1997,OG,Cutthroat trout,122,20.43
1997,OG,Cutthroat trout,44,0.89
1997,OG,Cutthroat trout,93,8.39
1997,OG,Cutthroat trout,104,11.44
1997,OG,Cutthroat trout,109,13.48
1997,OG,Cutthroat trout,118,18.88
1997,OG,Coastal giant salamander,42,3.73
1997,OG,Coastal giant salamander,44,5.07
1997,OG,Coastal giant salamander,70,13.09
1997,OG,Coastal giant salamander,46,4.47
1997,OG,Coastal giant salamander,64,11.26
1997,OG,Cutthroat trout,46,0.98
1997,OG,Cutthroat trout,32,0.36
1997,OG,Cutthroat trout,41,0.76
1997,OG,Cutthroat trout,37,0.64
1997,OG,Cutthroat trout,43,0.91
1997,OG,Cutthroat trout,81,6.36
1997,OG,Coastal giant salamander,35,3.12
1997,OG,Coastal giant salamander,48,6.07
1997,OG,Cutthroat trout,103,11.23
1997,OG,Cutthroat trout,87,7
1997,OG,Cutthroat trout,96,8.81
1997,OG,Cutthroat trout,47,0.83
1997,OG,Cutthroat trout,83,6.17
1997,OG,Cutthroat trout,175,55.33
1997,OG,Cutthroat trout,47,1.15
1997,OG,Cutthroat trout,42,0.83
1997,OG,Cutthroat trout,48,1.35
1997,OG,Cutthroat trout,95,9.49
1997,OG,Cutthroat trout,107,13.99
1997,OG,Cutthroat trout,43,0.82
1997,OG,Cutthroat trout,87,6.89
1997,OG,Cutthroat trout,122,19.29
1997,OG,Cutthroat trout,112,13.1
1997,OG,Cutthroat trout,144,35.14
1997,OG,Cutthroat trout,107,13.36
1997,OG,Cutthroat trout,121,20.83
1997,OG,Cutthroat trout,122,19.99
1997,OG,Cutthroat trout,38,0.65
1997,OG,Cutthroat trout,37,0.54
1997,OG,Cutthroat trout,48,1.29
1997,OG,Cutthroat trout,41,0.8
1997,OG,Coastal giant salamander,51,5.1
1997,OG,Coastal giant salamander,76,16.51
1997,OG,Coastal giant salamander,140,92.91
1997,OG,Cutthroat trout,40,0.55
1997,OG,Cutthroat trout,40,0.8
1997,OG,Cutthroat trout,55,1.73
1997,OG,Cutthroat trout,49,1.38
1997,OG,Cutthroat trout,111,16
1997,OG,Cutthroat trout,134,26.59
1997,OG,Cutthroat trout,144,31.83
1997,OG,Cutthroat trout,91,7.95
1997,OG,Cutthroat trout,134,27.15
1997,OG,Coastal giant salamander,75,17.39
1997,OG,Cutthroat trout,44,0.89
1997,OG,Cutthroat trout,44,1.02
1997,OG,Cutthroat trout,35,0.43
1997,OG,Cutthroat trout,44,0.96
1997,OG,Cutthroat trout,29,0.21
1997,OG,Cutthroat trout,89,8.05
1997,OG,Cutthroat trout,75,5.56
1997,OG,Cutthroat trout,33,0.38
1997,OG,Cutthroat trout,39,0.77
1997,OG,Cutthroat trout,45,1.02
1997,OG,Cutthroat trout,98,9.57
1997,OG,Cutthroat trout,53,1.89
1997,OG,Cutthroat trout,112,14.44
1997,OG,Cutthroat trout,99,9.39
1997,OG,Cutthroat trout,106,12.67
1997,OG,Cutthroat trout,46,0.16
1997,OG,Cutthroat trout,45,1.08
1997,OG,Cutthroat trout,44,1.01
1997,OG,Cutthroat trout,82,6.26
1997,OG,Cutthroat trout,110,15.4
1997,OG,Cutthroat trout,96,9.47
1997,OG,Cutthroat trout,100,10.53
1997,OG,Cutthroat trout,45,0.97
1997,OG,Cutthroat trout,47,1.06
1997,OG,Cutthroat trout,115,15.51
1997,OG,Cutthroat trout,52,1.47
1997,OG,Cutthroat trout,42,0.74
1997,OG,Cutthroat trout,136,30.44
1997,OG,Cutthroat trout,43,0.95
1997,OG,Cutthroat trout,44,0.92
1997,OG,Cutthroat trout,46,1.17
1997,OG,Cutthroat trout,49,1.46
1997,OG,Cutthroat trout,44,1.02
1997,OG,Cutthroat trout,44,0.97
1997,OG,Cutthroat trout,46,1.17
1997,OG,Cutthroat trout,47,1.25
1997,OG,Cutthroat trout,49,1.35
1997,OG,Cutthroat trout,41,0.68
1997,OG,Cutthroat trout,100,10.64
1997,OG,Coastal giant salamander,64,11.74
1997,OG,Coastal giant salamander,59,9.9
1997,OG,Coastal giant salamander,24,0.82
1997,OG,Coastal giant salamander,73,14.07
1997,OG,Coastal giant salamander,66,14.6
1997,OG,Coastal giant salamander,49,6.24
1997,OG,Coastal giant salamander,27,0.91
1997,OG,Coastal giant salamander,75,16.87
1997,OG,Coastal giant salamander,68,11.94
1997,OG,Coastal giant salamander,67,13.5
1997,OG,Coastal giant salamander,76,15.87
1997,OG,Coastal giant salamander,48,5.17
1997,OG,Coastal giant salamander,24,0.88
1997,OG,Cutthroat trout,49,1.32
1997,OG,Cutthroat trout,36,0.45
1997,OG,Cutthroat trout,40,0.89
1997,OG,Cutthroat trout,123,20.83
1997,OG,Coastal giant salamander,30,1.32
1997,OG,Coastal giant salamander,41,2.84
1997,OG,Cutthroat trout,45,104
1997,OG,Coastal giant salamander,64,14.07
1997,OG,Cutthroat trout,104,15.75
1997,OG,Cutthroat trout,121,18.56
1997,OG,Cutthroat trout,50,1.27
1997,OG,Cutthroat trout,46,1.16
1997,OG,Cutthroat trout,40,0.83
1997,OG,Cutthroat trout,47,1.37
1997,OG,Cutthroat trout,46,1
1997,OG,Cutthroat trout,32,0.36
1997,OG,Cutthroat trout,41,0.73
1997,OG,Cutthroat trout,37,0.62
1997,OG,Cutthroat trout,100,10.53
1997,OG,Cutthroat trout,108,12.81
1997,OG,Cutthroat trout,106,12.14
1997,OG,Cutthroat trout,31,0.29
1997,OG,Cutthroat trout,39,0.75
1997,OG,Cutthroat trout,46,1.11
1997,OG,Cutthroat trout,38,0.73
1997,OG,Cutthroat trout,47,1.11
1997,OG,Cutthroat trout,31,0.39
1997,OG,Cutthroat trout,44,0.81
1997,OG,Coastal giant salamander,71,17.09
1997,OG,Coastal giant salamander,68,14.48
1998,CC,Cutthroat trout,48,1.1
1998,CC,Cutthroat trout,51,0.93
1998,CC,Cutthroat trout,52,1.3
1998,CC,Cutthroat trout,55,1.68
1998,CC,Cutthroat trout,50,1.2
1998,CC,Cutthroat trout,58,1.85
1998,CC,Cutthroat trout,54,1.63
1998,CC,Cutthroat trout,52,1.18
1998,CC,Cutthroat trout,51,1.5
1998,CC,Cutthroat trout,47,0.88
1998,CC,Cutthroat trout,57,1.61
1998,CC,Cutthroat trout,59,1.74
1998,CC,Cutthroat trout,44,0.87
1998,CC,Cutthroat trout,52,1.28
1998,CC,Cutthroat trout,51,1.4
1998,CC,Cutthroat trout,51,1.16
1998,CC,Cutthroat trout,51,1.28
1998,CC,Cutthroat trout,52,1.38
1998,CC,Cutthroat trout,63,2.32
1998,CC,Cutthroat trout,54,1.22
1998,CC,Cutthroat trout,57,1.88
1998,CC,Cutthroat trout,41,0.53
1998,CC,Cutthroat trout,58,1.86
1998,CC,Cutthroat trout,43,0.74
1998,CC,Cutthroat trout,49,1.06
1998,CC,Cutthroat trout,53,1.24
1998,CC,Cutthroat trout,53,1.3
1998,CC,Cutthroat trout,42,0.55
1998,CC,Cutthroat trout,47,0.73
1998,CC,Cutthroat trout,48,0.85
1998,CC,Cutthroat trout,59,2.12
1998,CC,Cutthroat trout,51,1.17
1998,CC,Cutthroat trout,51,1.12
1998,CC,Cutthroat trout,54,1.56
1998,CC,Cutthroat trout,47,1.2
1998,CC,Cutthroat trout,50,1.38
1998,CC,Cutthroat trout,63,2.05
1998,CC,Cutthroat trout,53,1.55
1998,CC,Cutthroat trout,48,0.86
1998,CC,Cutthroat trout,52,1.16
1998,CC,Cutthroat trout,46,0.9
1998,CC,Cutthroat trout,28,0.24
1998,CC,Cutthroat trout,42,0.75
1998,CC,Cutthroat trout,46,1.11
1998,CC,Cutthroat trout,52,1.21
1998,CC,Cutthroat trout,47,1.01
1998,CC,Cutthroat trout,38,0.36
1998,CC,Cutthroat trout,40,0.59
1998,CC,Cutthroat trout,40,0.48
1998,CC,Cutthroat trout,39,0.36
1998,CC,Cutthroat trout,39,0.47
1998,CC,Cutthroat trout,39,0.3
1998,OG,Cutthroat trout,44,0.73
1998,OG,Cutthroat trout,53,1.55
1998,OG,Cutthroat trout,51,1.08
1998,OG,Cutthroat trout,34,0.36
1998,OG,Cutthroat trout,47,1.17
1998,OG,Cutthroat trout,52,1.18
1998,OG,Cutthroat trout,51,1.19
1998,OG,Cutthroat trout,47,0.89
1998,OG,Cutthroat trout,50,0.95
1998,OG,Cutthroat trout,53,1.51
1998,OG,Cutthroat trout,50,1.23
1998,OG,Cutthroat trout,45,1.01
1998,OG,Cutthroat trout,49,1.12
1998,OG,Cutthroat trout,50,1.31
1998,OG,Cutthroat trout,55,1.36
1998,OG,Cutthroat trout,40,0.66
1998,OG,Cutthroat trout,43,0.66
1998,OG,Cutthroat trout,50,1.22
1998,OG,Cutthroat trout,46,0.85
1998,OG,Cutthroat trout,51,1.15
1998,OG,Cutthroat trout,71,4.95
1998,OG,Cutthroat trout,57,1.78
1998,OG,Cutthroat trout,47,1.28
1998,OG,Cutthroat trout,53,1.19
1998,OG,Cutthroat trout,41,0.66
1998,OG,Cutthroat trout,48,1.11
1998,OG,Cutthroat trout,49,1.09
1998,OG,Cutthroat trout,53,1.48
1998,OG,Cutthroat trout,53,1.48
1998,OG,Cutthroat trout,39,0.57
1998,OG,Cutthroat trout,40,0.52
1998,OG,Cutthroat trout,50,1.26
1998,OG,Cutthroat trout,49,1.11
1998,OG,Cutthroat trout,51,1.26
1998,OG,Cutthroat trout,48,1.08
1998,OG,Cutthroat trout,43,1.11
1998,OG,Cutthroat trout,46,0.93
1998,OG,Cutthroat trout,47,0.88
1998,OG,Cutthroat trout,49,1.13
1998,OG,Cutthroat trout,33,0.35
1998,OG,Cutthroat trout,47,1.06
1998,OG,Cutthroat trout,44,0.69
1998,OG,Cutthroat trout,45,0.89
1998,OG,Cutthroat trout,50,0.97
1998,OG,Cutthroat trout,40,0.57
1998,OG,Cutthroat trout,52,1.08
1998,OG,Cutthroat trout,49,1.37
1998,OG,Cutthroat trout,37,0.4
1998,OG,Cutthroat trout,44,0.88
1998,OG,Cutthroat trout,48,1.26
1998,OG,Cutthroat trout,52,1.3
1998,OG,Cutthroat trout,48,1.01
2008,CC,Cutthroat trout,45,1.1
2008,CC,Cutthroat trout,74,5
2008,CC,Cutthroat trout,87,6.5
2008,CC,Cutthroat trout,95,11
2008,CC,Cutthroat trout,70,4.4
2008,CC,Cutthroat trout,97,8.8
2008,CC,Cutthroat trout,89,8.9
2008,CC,Cutthroat trout,109,12
2008,CC,Cutthroat trout,95,9.2
2008,CC,Cutthroat trout,103,10.7
2008,CC,Cutthroat trout,87,6.5
2008,CC,Cutthroat trout,103,16.3
2008,CC,Cutthroat trout,95,8.4
2008,CC,Cutthroat trout,145,30.5
2008,CC,Cutthroat trout,110,16.1
2008,CC,Cutthroat trout,83,5.6
2008,CC,Cutthroat trout,105,11.6
2008,CC,Cutthroat trout,42,0.9
2008,CC,Cutthroat trout,30,0.3
2008,CC,Cutthroat trout,38,0.8
2008,CC,Cutthroat trout,47,1.3
2008,CC,Cutthroat trout,44,1
2008,CC,Cutthroat trout,80,6.2
2008,CC,Cutthroat trout,34,0.3
2008,CC,Cutthroat trout,92,7.6
2008,CC,Cutthroat trout,86,5.7
2008,CC,Cutthroat trout,127,22.8
2008,CC,Cutthroat trout,75,4.4
2008,CC,Cutthroat trout,95,10.1
2008,CC,Cutthroat trout,102,10.4
2008,CC,Cutthroat trout,34,0.6
2008,CC,Cutthroat trout,44,1.3
2008,CC,Cutthroat trout,40,0.7
2008,CC,Cutthroat trout,92,7.8
2008,CC,Cutthroat trout,43,0.8
2008,CC,Cutthroat trout,44,1.3
2008,CC,Cutthroat trout,37,0.7
2008,CC,Cutthroat trout,45,1.3
2008,CC,Cutthroat trout,80,5.4
2008,CC,Cutthroat trout,85,6.3
2008,CC,Cutthroat trout,107,13.2
2008,CC,Cutthroat trout,78,5.5
2008,CC,Cutthroat trout,102,10
2008,CC,Cutthroat trout,104,10.2
2008,CC,Cutthroat trout,90,7.4
2008,CC,Cutthroat trout,80,5.2
2008,CC,Cutthroat trout,94,8.1
2008,CC,Cutthroat trout,118,17.3
2008,CC,Cutthroat trout,97,8.8
2008,CC,Cutthroat trout,104,10.5
2008,CC,Cutthroat trout,85,6.6
2008,CC,Cutthroat trout,140,28.1
2008,CC,Cutthroat trout,72,3.7
2008,CC,Cutthroat trout,86,7.1
2008,CC,Cutthroat trout,91,7.4
2008,CC,Cutthroat trout,95,8.9
2008,CC,Cutthroat trout,95,8.4
2008,CC,Cutthroat trout,95,8.1
2008,CC,Cutthroat trout,77,5.9
2008,CC,Cutthroat trout,95,10
2008,CC,Cutthroat trout,92,7.6
2008,CC,Cutthroat trout,90,7.6
2008,CC,Cutthroat trout,114,15.2
2008,CC,Cutthroat trout,81,5.9
2008,CC,Cutthroat trout,86,6.1
2008,CC,Cutthroat trout,95,8.7
2008,CC,Cutthroat trout,121,17.4
2008,CC,Cutthroat trout,89,7.2
2008,CC,Cutthroat trout,119,18.5
2008,CC,Cutthroat trout,80,5.3
2008,CC,Cutthroat trout,157,33.7
2008,CC,Cutthroat trout,133,23
2008,CC,Cutthroat trout,253,36.4
2008,CC,Cutthroat trout,117,15.6
2008,CC,Cutthroat trout,100,9.1
2008,CC,Cutthroat trout,144,29.5
2008,CC,Cutthroat trout,39,0.8
2008,CC,Cutthroat trout,113,14
2008,CC,Cutthroat trout,158,45.3
2008,CC,Cutthroat trout,130,22.8
2008,CC,Cutthroat trout,94,8.5
2008,CC,Cutthroat trout,41,0.9
2008,CC,Cutthroat trout,38,0.8
2008,CC,Cutthroat trout,54,1.6
2008,CC,Cutthroat trout,91,7.8
2008,CC,Cutthroat trout,104,11.5
2008,CC,Cutthroat trout,37,0.6
2008,CC,Cutthroat trout,42,0.8
2008,CC,Cutthroat trout,68,3.4
2008,CC,Cutthroat trout,37,0.7
2008,CC,Cutthroat trout,45,0.9
2008,CC,Cutthroat trout,38,0.5
2008,CC,Cutthroat trout,43,0.7
2008,CC,Cutthroat trout,47,0.9
2008,CC,Cutthroat trout,115,15.9
2008,CC,Cutthroat trout,90,7.5
2008,CC,Cutthroat trout,38,0.7
2008,CC,Cutthroat trout,147,35.4
2008,CC,Cutthroat trout,123,21.4
2008,CC,Cutthroat trout,97,9.4
2008,CC,Cutthroat trout,92,7.8
2008,CC,Cutthroat trout,113,15.5
2008,CC,Cutthroat trout,125,21.1
2008,CC,Cutthroat trout,118,17.2
2008,CC,Cutthroat trout,93,7.8
2008,CC,Cutthroat trout,112,14
2008,CC,Cutthroat trout,43,1.1
2008,CC,Cutthroat trout,45,1.4
2008,CC,Cutthroat trout,34,0.6
2008,CC,Cutthroat trout,45,1.3
2008,CC,Cutthroat trout,50,1.4
2008,CC,Cutthroat trout,43,1.2
2008,CC,Cutthroat trout,43,0.8
2008,CC,Cutthroat trout,82,5.6
2008,CC,Cutthroat trout,93,8.3
2008,CC,Cutthroat trout,100,9.9
2008,CC,Cutthroat trout,102,9.7
2008,CC,Cutthroat trout,93,8.4
2008,CC,Cutthroat trout,80,5.4
2008,CC,Cutthroat trout,91,7.9
2008,CC,Cutthroat trout,101,10.4
2008,CC,Cutthroat trout,190,66.2
2008,CC,Cutthroat trout,95,4.2
2008,CC,Cutthroat trout,80,5.6
2008,CC,Cutthroat trout,117,16.2
2008,CC,Cutthroat trout,88,7.6
2008,CC,Cutthroat trout,132,26.2
2008,CC,Cutthroat trout,117,16.5
2008,CC,Cutthroat trout,68,3.7
2008,CC,Cutthroat trout,87,6.7
2008,CC,Cutthroat trout,114,23.6
2008,CC,Cutthroat trout,111,14.3
2008,CC,Cutthroat trout,115,16.2
2008,CC,Cutthroat trout,97,9.8
2008,CC,Cutthroat trout,115,15.6
2008,CC,Cutthroat trout,148,32.2
2008,CC,Cutthroat trout,91,7.6
2008,CC,Cutthroat trout,100,9.9
2008,CC,Cutthroat trout,96,8.9
2008,CC,Cutthroat trout,168,47.7
2008,CC,Cutthroat trout,128,22.3
2008,CC,Cutthroat trout,136,28.1
2008,CC,Cutthroat trout,94,8.2
2008,CC,Cutthroat trout,83,5.6
2008,CC,Cutthroat trout,117,16.2
2008,CC,Cutthroat trout,89,6.9
2008,CC,Cutthroat trout,90,7.3
2008,CC,Cutthroat trout,94,8.6
2008,CC,Cutthroat trout,110,13.6
2008,CC,Cutthroat trout,135,26.3
2008,CC,Cutthroat trout,104,10.9
2008,CC,Coastal giant salamander,66,10.8
2008,CC,Coastal giant salamander,82,20.5
2008,CC,Coastal giant salamander,82,22.6
2008,CC,Cutthroat trout,97,9.8
2008,CC,Cutthroat trout,103,10.9
2008,CC,Cutthroat trout,156,41.3
2008,CC,Cutthroat trout,115,16.3
2008,CC,Cutthroat trout,143,35.8
2008,CC,Cutthroat trout,97,9.1
2008,CC,Cutthroat trout,128,21.3
2008,CC,Coastal giant salamander,109,36.8
2008,CC,Coastal giant salamander,60,8.7
2008,CC,Coastal giant salamander,61,8.8
2008,CC,Coastal giant salamander,74,14
2008,CC,Coastal giant salamander,75,14.8
2008,CC,Cutthroat trout,110,13.9
2008,CC,Cutthroat trout,139,27.8
2008,CC,Cutthroat trout,115,16.9
2008,CC,Cutthroat trout,185,60.8
2008,CC,Cutthroat trout,119,18
2008,CC,Cutthroat trout,152,37.9
2008,CC,Cutthroat trout,126,22
2008,CC,Cutthroat trout,118,19.6
2008,CC,Cutthroat trout,98,9.6
2008,CC,Cutthroat trout,93,8.4
2008,CC,Cutthroat trout,89,7
2008,CC,Cutthroat trout,126,23.9
2008,CC,Cutthroat trout,125,22
2008,CC,Cutthroat trout,120,19.7
2008,CC,Coastal giant salamander,78,43.5
2008,CC,Coastal giant salamander,61,8.6
2008,CC,Coastal giant salamander,58,7.2
2008,CC,Cutthroat trout,93,9.4
2008,CC,Coastal giant salamander,69,15.4
2008,CC,Cutthroat trout,115,17.7
2008,CC,Cutthroat trout,123,20.3
2008,CC,Coastal giant salamander,58,8.5
2008,CC,Coastal giant salamander,84,21.3
2008,CC,Cutthroat trout,145,34
2008,CC,Coastal giant salamander,58,8.2
2008,CC,Coastal giant salamander,63,10
2008,CC,Coastal giant salamander,75,15
2008,CC,Cutthroat trout,95,9.2
2008,CC,Cutthroat trout,114,15.5
2008,CC,Coastal giant salamander,69,14.9
2008,CC,Coastal giant salamander,120,54.1
2008,CC,Cutthroat trout,114,15.6
2008,CC,Cutthroat trout,118,19.7
2008,CC,Cutthroat trout,157,46.3
2008,CC,Coastal giant salamander,60,9.2
2008,CC,Coastal giant salamander,65,9.5
2008,CC,Coastal giant salamander,81,22
2008,CC,Coastal giant salamander,78,17.1
2008,CC,Coastal giant salamander,65,10.4
2008,CC,Coastal giant salamander,134,85.6
2008,CC,Cutthroat trout,115,14.63
2008,CC,Cutthroat trout,34,0.33
2008,CC,Cutthroat trout,100,9.38
2008,CC,Cutthroat trout,135,25.18
2008,CC,Cutthroat trout,108,12.91
2008,CC,Cutthroat trout,92,7.74
2008,CC,Cutthroat trout,114,15.88
2008,CC,Cutthroat trout,112,10.72
2008,CC,Cutthroat trout,92,7.87
2008,CC,Cutthroat trout,122,18.16
2008,CC,Cutthroat trout,119,16.25
2008,CC,Cutthroat trout,145,32.83
2008,CC,Cutthroat trout,129,20.69
2008,CC,Cutthroat trout,129,19.94
2008,CC,Coastal giant salamander,73,12.79
2008,CC,Cutthroat trout,97,8.73
2008,CC,Coastal giant salamander,70,11.59
2008,CC,Coastal giant salamander,70,10.13
2008,CC,Coastal giant salamander,91,22.11
2008,CC,Coastal giant salamander,65,8.92
2008,CC,Coastal giant salamander,66,10.61
2008,CC,Coastal giant salamander,62,8.43
2008,CC,Coastal giant salamander,107,35.7
2008,CC,Coastal giant salamander,68,11.56
2008,CC,Coastal giant salamander,70,12.19
2008,CC,Coastal giant salamander,71,11.01
2008,CC,Coastal giant salamander,120,57.18
2008,CC,Coastal giant salamander,80,14.83
2008,CC,Coastal giant salamander,90,20.5
2008,CC,Coastal giant salamander,75,13.27
2008,CC,Cutthroat trout,121,17.48
2008,CC,Cutthroat trout,95,8.04
2008,CC,Cutthroat trout,96,7.92
2008,CC,Cutthroat trout,96,8.78
2008,CC,Cutthroat trout,109,13.04
2008,CC,Cutthroat trout,129,20.43
2008,CC,Cutthroat trout,119,15.24
2008,CC,Cutthroat trout,124,18.87
2008,CC,Cutthroat trout,143,27.82
2008,CC,Coastal giant salamander,70,11.81
2008,CC,Coastal giant salamander,60,7.4
2008,CC,Coastal giant salamander,80,14.82
2008,CC,Coastal giant salamander,75,12.01
2008,CC,Coastal giant salamander,66,9.1
2008,CC,Cutthroat trout,96,8.7
2008,CC,Cutthroat trout,112,13.67
2008,CC,Coastal giant salamander,65,9.2
2008,CC,Cutthroat trout,93,7.64
2008,CC,Cutthroat trout,124,18.66
2008,CC,Cutthroat trout,150,34.76
2008,CC,Coastal giant salamander,80,16.1
2008,CC,Cutthroat trout,103,10.93
2008,CC,Cutthroat trout,122,17.73
2008,CC,Cutthroat trout,135,27.24
2008,CC,Cutthroat trout,121,18.21
2008,CC,Cutthroat trout,139,27.07
2008,CC,Cutthroat trout,150,32.89
2008,CC,Cutthroat trout,184,59.05
2008,CC,Cutthroat trout,174,49.8
2008,CC,Coastal giant salamander,60,6.24
2008,CC,Coastal giant salamander,58,6.01
2008,CC,Coastal giant salamander,68,11.7
2008,CC,Coastal giant salamander,62,7.97
2008,CC,Coastal giant salamander,64,8.08
2008,CC,Coastal giant salamander,75,12.7
2008,CC,Coastal giant salamander,70,10.76
2008,CC,Coastal giant salamander,125,50.98
2008,CC,Coastal giant salamander,125,59.57
2008,CC,Coastal giant salamander,55,6.31
2008,CC,Coastal giant salamander,154,102.99
2008,CC,Cutthroat trout,92,8.05
2008,CC,Cutthroat trout,122,18.48
2008,CC,Cutthroat trout,101,10.83
2008,CC,Cutthroat trout,135,27.81
2008,CC,Cutthroat trout,140,27.35
2008,CC,Cutthroat trout,152,41.04
2008,CC,Cutthroat trout,105,12
2008,CC,Cutthroat trout,132,22.11
2008,CC,Coastal giant salamander,56,6.12
2008,CC,Coastal giant salamander,79,16.67
2008,CC,Coastal giant salamander,78,14.07
2008,CC,Cutthroat trout,92,8.09
2008,CC,Cutthroat trout,117,15.68
2008,CC,Cutthroat trout,91,7.96
2008,CC,Cutthroat trout,120,18.27
2008,CC,Cutthroat trout,121,17.95
2008,CC,Cutthroat trout,132,24.48
2008,CC,Cutthroat trout,128,20.2
2008,CC,Cutthroat trout,152,35.07
2008,CC,Coastal giant salamander,56,6
2008,CC,Coastal giant salamander,66,9.4
2008,CC,Coastal giant salamander,78,16.53
2008,CC,Coastal giant salamander,73,11.78
2008,CC,Coastal giant salamander,75,14.19
2008,CC,Coastal giant salamander,71,13.61
2008,CC,Coastal giant salamander,78,15.38
2008,CC,Coastal giant salamander,75,14.48
2008,CC,Cutthroat trout,105,13.4
2008,CC,Coastal giant salamander,58,9.1
2008,CC,Coastal giant salamander,60,9.9
2008,CC,Coastal giant salamander,63,12.1
2008,CC,Coastal giant salamander,85,26.9
2008,CC,Coastal giant salamander,72,19
2008,CC,Coastal giant salamander,103,40.2
2008,CC,Cutthroat trout,121,18.05
2008,CC,Coastal giant salamander,90,22.22
2008,CC,Coastal giant salamander,103,33.13
2008,CC,Cutthroat trout,119,18.2
2008,CC,Coastal giant salamander,69,14.4
2008,CC,Coastal giant salamander,64,10.9
2008,CC,Cutthroat trout,95,8.9
2008,CC,Cutthroat trout,131,25
2008,CC,Coastal giant salamander,75,19.7
2008,CC,Cutthroat trout,94,7.97
2008,CC,Cutthroat trout,106,12.45
2008,CC,Coastal giant salamander,61,7.86
2008,CC,Coastal giant salamander,72,11.51
2008,CC,Coastal giant salamander,77,10.66
2008,CC,Coastal giant salamander,65,8.55
2008,CC,Cutthroat trout,121,18.7
2008,CC,Coastal giant salamander,63,11.3
2008,OG,Cutthroat trout,74,4.65
2008,OG,Cutthroat trout,123,19.4
2008,OG,Cutthroat trout,87,7.04
2008,OG,Cutthroat trout,114,15.44
2008,OG,Cutthroat trout,112,14.62
2008,OG,Cutthroat trout,95,9.11
2008,OG,Cutthroat trout,123,21.07
2008,OG,Cutthroat trout,139,25.92
2008,OG,Cutthroat trout,102,11.36
2008,OG,Cutthroat trout,122,18.95
2008,OG,Cutthroat trout,78,5.73
2008,OG,Cutthroat trout,90,7.28
2008,OG,Cutthroat trout,104,12.37
2008,OG,Cutthroat trout,133,23.01
2008,OG,Cutthroat trout,113,15.1
2008,OG,Cutthroat trout,87,5.26
2008,OG,Cutthroat trout,140,27.62
2008,OG,Cutthroat trout,75,4.52
2008,OG,Cutthroat trout,123,22.16
2008,OG,Cutthroat trout,126,20.1
2008,OG,Cutthroat trout,79,4.99
2008,OG,Cutthroat trout,157,39.32
2008,OG,Cutthroat trout,78,4.37
2008,OG,Coastal giant salamander,69,13.51
2008,OG,Coastal giant salamander,33,1.69
2008,OG,Cutthroat trout,78,6.6
2008,OG,Cutthroat trout,83,5.89
2008,OG,Cutthroat trout,86,6.79
2008,OG,Cutthroat trout,81,5.43
2008,OG,Cutthroat trout,138,27.17
2008,OG,Cutthroat trout,125,18.58
2008,OG,Cutthroat trout,107,11.31
2008,OG,Cutthroat trout,84,6.61
2008,OG,Cutthroat trout,124,19.72
2008,OG,Cutthroat trout,144,26.85
2008,OG,Cutthroat trout,50,1.47
2008,OG,Cutthroat trout,48,1.13
2008,OG,Cutthroat trout,51,1.73
2008,OG,Cutthroat trout,48,1.29
2008,OG,Cutthroat trout,75,4.29
2008,OG,Cutthroat trout,76,4.99
2008,OG,Cutthroat trout,50,1.34
2008,OG,Cutthroat trout,95,8.75
2008,OG,Cutthroat trout,98,9.2
2008,OG,Cutthroat trout,90,7.73
2008,OG,Cutthroat trout,91,8.05
2008,OG,Cutthroat trout,80,6.42
2008,OG,Cutthroat trout,134,24.83
2008,OG,Cutthroat trout,111,12.11
2008,OG,Cutthroat trout,48,1.37
2008,OG,Cutthroat trout,91,7.46
2008,OG,Cutthroat trout,99,9.96
2008,OG,Cutthroat trout,120,18.31
2008,OG,Cutthroat trout,137,26
2008,OG,Cutthroat trout,148,33.83
2008,OG,Cutthroat trout,150,37.17
2008,OG,Cutthroat trout,128,20.43
2008,OG,Cutthroat trout,45,1
2008,OG,Cutthroat trout,50,1.36
2008,OG,Cutthroat trout,48,0.9
2008,OG,Cutthroat trout,79,4.89
2008,OG,Cutthroat trout,47,0.92
2008,OG,Cutthroat trout,108,12.96
2008,OG,Cutthroat trout,49,1.27
2008,OG,Cutthroat trout,50,1.17
2008,OG,Cutthroat trout,118,17.27
2008,OG,Cutthroat trout,35,0.41
2008,OG,Cutthroat trout,102,10.21
2008,OG,Cutthroat trout,82,5.94
2008,OG,Cutthroat trout,83,6.18
2008,OG,Cutthroat trout,119,17.21
2008,OG,Cutthroat trout,85,6.78
2008,OG,Cutthroat trout,79,4.71
2008,OG,Cutthroat trout,48,1.29
2008,OG,Cutthroat trout,50,1.58
2008,OG,Cutthroat trout,93,10.36
2008,OG,Cutthroat trout,88,7.37
2008,OG,Cutthroat trout,93,8.52
2008,OG,Cutthroat trout,94,9.5
2008,OG,Cutthroat trout,94,8.83
2008,OG,Cutthroat trout,41,0.58
2008,OG,Cutthroat trout,114,17.89
2008,OG,Cutthroat trout,124,20.33
2008,OG,Cutthroat trout,33,0.42
2008,OG,Cutthroat trout,92,8.95
2008,OG,Cutthroat trout,73,4.38
2008,OG,Cutthroat trout,120,20.05
2008,OG,Cutthroat trout,113,14.85
2008,OG,Cutthroat trout,109,12.9
2008,OG,Cutthroat trout,103,10.55
2008,OG,Coastal giant salamander,60,8.58
2008,OG,Coastal giant salamander,70,11.84
2008,OG,Cutthroat trout,66,3.06
2008,OG,Cutthroat trout,90,5.81
2008,OG,Cutthroat trout,135,26.65
2008,OG,Cutthroat trout,100,12.27
2008,OG,Cutthroat trout,115,16
2008,OG,Cutthroat trout,132,26.46
2008,OG,Cutthroat trout,118,15.56
2008,OG,Cutthroat trout,150,27.1
2008,OG,Coastal giant salamander,67,14.27
2008,OG,Cutthroat trout,115,17.16
2008,OG,Cutthroat trout,45,1.13
2008,OG,Cutthroat trout,100,10.61
2008,OG,Cutthroat trout,105,11.71
2008,OG,Cutthroat trout,36,0.56
2008,OG,Cutthroat trout,40,0.81
2008,OG,Cutthroat trout,47,0.95
2008,OG,Cutthroat trout,32,0.38
2008,OG,Cutthroat trout,78,4.93
2008,OG,Cutthroat trout,80,5.34
2008,OG,Cutthroat trout,82,6.54
2008,OG,Cutthroat trout,86,6.9
2008,OG,Cutthroat trout,88,6.86
2008,OG,Cutthroat trout,96,9.81
2008,OG,Cutthroat trout,89,6.87
2008,OG,Cutthroat trout,164,43
2008,OG,Cutthroat trout,132,26.34
2008,OG,Cutthroat trout,110,13.9
2008,OG,Cutthroat trout,126,18.83
2008,OG,Cutthroat trout,104,15.25
2008,OG,Cutthroat trout,116,18
2008,OG,Cutthroat trout,41,0.6
2008,OG,Cutthroat trout,78,5.34
2008,OG,Cutthroat trout,92,8.57
2008,OG,Cutthroat trout,88,7.73
2008,OG,Coastal giant salamander,60,7.63
2008,OG,Coastal giant salamander,63,10.34
2008,OG,Coastal giant salamander,75,9.15
2008,OG,Coastal giant salamander,73,10.27
2008,OG,Coastal giant salamander,79,16.82
2008,OG,Coastal giant salamander,77,17.98
2008,OG,Coastal giant salamander,135,88.03
2008,OG,Cutthroat trout,154,32.33
2008,OG,Cutthroat trout,69,4.25
2008,OG,Cutthroat trout,78,5.69
2008,OG,Cutthroat trout,103,11.35
2008,OG,Coastal giant salamander,124,60.63
2008,OG,Cutthroat trout,120,19.7
2008,OG,Cutthroat trout,36,0.58
2008,OG,Cutthroat trout,49,1.25
2008,OG,Cutthroat trout,43,0.85
2008,OG,Cutthroat trout,85,7.1
2008,OG,Cutthroat trout,131,19.48
2008,OG,Cutthroat trout,129,22.3
2008,OG,Coastal giant salamander,74,11.92
2008,OG,Coastal giant salamander,70,14.06
2008,OG,Coastal giant salamander,78,14.53
2008,OG,Coastal giant salamander,65,10.1
2008,OG,Coastal giant salamander,98,28.14
2008,OG,Cutthroat trout,47,1.53
2008,OG,Cutthroat trout,42,1.6
2008,OG,Cutthroat trout,44,1.01
2008,OG,Cutthroat trout,43,1.31
2008,OG,Cutthroat trout,47,1.18
2008,OG,Cutthroat trout,42,0.74
2008,OG,Cutthroat trout,47,1.17
2008,OG,Cutthroat trout,50,1.25
2008,OG,Cutthroat trout,74,4.23
2008,OG,Cutthroat trout,91,7.58
2008,OG,Cutthroat trout,90,8.35
2008,OG,Cutthroat trout,46,1.34
2008,OG,Cutthroat trout,100,10.54
2008,OG,Cutthroat trout,80,6.02
2008,OG,Cutthroat trout,87,6.75
2008,OG,Cutthroat trout,83,7.28
2008,OG,Cutthroat trout,74,4.41
2008,OG,Cutthroat trout,88,6.65
2008,OG,Cutthroat trout,83,6.26
2008,OG,Cutthroat trout,95,8.61
2008,OG,Cutthroat trout,83,5.76
2008,OG,Cutthroat trout,87,6.8
2008,OG,Cutthroat trout,91,8.15
2008,OG,Cutthroat trout,120,17.83
2008,OG,Cutthroat trout,75,5.05
2008,OG,Coastal giant salamander,121,60.01
2008,OG,Cutthroat trout,135,27.68
2008,OG,Coastal giant salamander,65,10.03
2008,OG,Coastal giant salamander,105,36.74
2008,OG,Coastal giant salamander,106,41.55
2008,OG,Cutthroat trout,123,18.7
2008,OG,Cutthroat trout,91,7.7
2008,OG,Cutthroat trout,135,25.36
2008,OG,Cutthroat trout,120,18.87
2008,OG,Cutthroat trout,100,10.8
2008,OG,Cutthroat trout,44,1.1
2008,OG,Cutthroat trout,44,0.98
2008,OG,Cutthroat trout,42,1.13
2008,OG,Cutthroat trout,48,1.45
2008,OG,Cutthroat trout,125,21.73
2008,OG,Cutthroat trout,42,0.97
2008,OG,Cutthroat trout,31,0.38
2008,OG,Cutthroat trout,43,0.83
2008,OG,Cutthroat trout,46,0.91
2008,OG,Coastal giant salamander,72,14.07
2008,OG,Cutthroat trout,88,7.23
2008,OG,Cutthroat trout,124,19.09
2008,OG,Coastal giant salamander,67,11.36
2008,OG,Coastal giant salamander,85,22.18
2008,OG,Coastal giant salamander,76,16.96
2008,OG,Coastal giant salamander,82,19.01
2008,OG,Coastal giant salamander,85,11.05
2008,OG,Coastal giant salamander,68,11.73
2008,OG,Coastal giant salamander,64,10.28
2008,OG,Coastal giant salamander,72,14.9
2008,OG,Coastal giant salamander,74,15.8
2008,OG,Coastal giant salamander,65,10.25
2008,OG,Coastal giant salamander,70,12.04
2008,OG,Coastal giant salamander,65,9.87
2008,OG,Coastal giant salamander,62,7.78
2008,OG,Coastal giant salamander,67,9.5
2008,OG,Coastal giant salamander,65,9.57
2008,OG,Cutthroat trout,35,0.46
2008,OG,Cutthroat trout,44,1.4
2008,OG,Cutthroat trout,43,0.94
2008,OG,Cutthroat trout,47,1.14
2008,OG,Cutthroat trout,42,0.79
2008,OG,Cutthroat trout,45,0.97
2008,OG,Cutthroat trout,46,1.07
2008,OG,Cutthroat trout,89,7.3
2008,OG,Cutthroat trout,128,23.89
2008,OG,Cutthroat trout,170,48.01
2008,OG,Cutthroat trout,100,11.15
2008,OG,Cutthroat trout,80,5.53
2008,OG,Cutthroat trout,85,5.4
2008,OG,Cutthroat trout,91,7.96
2008,OG,Cutthroat trout,83,5.95
2008,OG,Cutthroat trout,80,5.49
2008,OG,Cutthroat trout,75,5.03
2008,OG,Cutthroat trout,118,17.08
2008,OG,Cutthroat trout,134,25.5
2008,OG,Coastal giant salamander,63,9.57
2008,OG,Coastal giant salamander,76,15.39
2008,OG,Coastal giant salamander,60,8.62
2008,OG,Cutthroat trout,98,10.62
2008,OG,Cutthroat trout,136,28.53
2008,OG,Coastal giant salamander,73,16.56
2008,OG,Coastal giant salamander,67,13.15
2008,OG,Coastal giant salamander,71,10.87
2008,OG,Coastal giant salamander,76,16.54
2008,OG,Coastal giant salamander,76,17.86
2008,OG,Cutthroat trout,124,18.37
2008,OG,Coastal giant salamander,76,15.66
2008,OG,Cutthroat trout,119,17.03
2008,OG,Coastal giant salamander,79,17.86
2008,OG,Coastal giant salamander,66,10.93
2008,OG,Cutthroat trout,35,0.6
2008,OG,Cutthroat trout,95,10.27
2008,OG,Coastal giant salamander,70,10.95
2008,OG,Coastal giant salamander,61,8.07
2008,OG,Cutthroat trout,90,9.18
2008,OG,Cutthroat trout,111,14.6
2008,OG,Coastal giant salamander,60,8.34
2008,OG,Coastal giant salamander,65,9.26
2008,OG,Coastal giant salamander,67,11.48
2008,OG,Coastal giant salamander,69,11.96
2008,OG,Coastal giant salamander,74,14.23
2008,OG,Coastal giant salamander,72,13.31
2008,OG,Coastal giant salamander,103,29.48
2008,OG,Coastal giant salamander,122,49.02
2008,OG,Coastal giant salamander,142,88.72
2008,OG,Coastal giant salamander,145,86.7
2008,OG,Cutthroat trout,44,0.79
2008,OG,Cutthroat trout,46,1.46
2008,OG,Cutthroat trout,42,0.73
2008,OG,Cutthroat trout,47,1.08
2008,OG,Cutthroat trout,52,1.39
2008,OG,Cutthroat trout,150,34.27
2008,OG,Cutthroat trout,49,1.44
2008,OG,Cutthroat trout,51,1.15
2008,OG,Cutthroat trout,89,7.15
2008,OG,Cutthroat trout,81,5.54
2008,OG,Cutthroat trout,139,27.64
2008,OG,Cutthroat trout,117,16.13
2008,OG,Coastal giant salamander,43,2.5
2008,OG,Coastal giant salamander,57,6.41
2008,OG,Cutthroat trout,95,8.27
2008,OG,Cutthroat trout,115,14.55
2008,OG,Cutthroat trout,78,4.4
2008,OG,Cutthroat trout,84,6.58
2008,OG,Cutthroat trout,88,6.44
2008,OG,Cutthroat trout,105,11.07
2008,OG,Coastal giant salamander,53,6.06
2008,OG,Coastal giant salamander,79,20
2008,OG,Cutthroat trout,132,22.48
2008,OG,Cutthroat trout,114,14.53
2008,OG,Cutthroat trout,115,15.36
2008,OG,Cutthroat trout,127,19.8
2008,OG,Cutthroat trout,149,33.75
2008,OG,Coastal giant salamander,57,7.7
2008,OG,Coastal giant salamander,59,8.63
2008,OG,Cutthroat trout,47,1.04
2008,OG,Cutthroat trout,82,6.12
2008,OG,Cutthroat trout,72,4.33
2008,OG,Cutthroat trout,111,16.76
2008,OG,Cutthroat trout,102,11.15
2008,OG,Cutthroat trout,47,1.1
2008,OG,Cutthroat trout,96,8.95
2008,OG,Cutthroat trout,108,12.11
2008,OG,Cutthroat trout,134,24.92
2008,OG,Cutthroat trout,130,22.65
2008,OG,Coastal giant salamander,55,7.93
2008,OG,Coastal giant salamander,56,6.86
2008,OG,Cutthroat trout,119,17.64
2008,OG,Coastal giant salamander,64,10.85
2008,OG,Coastal giant salamander,55,6.75
2008,OG,Cutthroat trout,95,8.17
2008,OG,Coastal giant salamander,56,6.75
2008,OG,Cutthroat trout,119,16.25
2008,OG,Cutthroat trout,101,9.87
2008,OG,Cutthroat trout,136,26.1
2008,OG,Cutthroat trout,168,48.91
2008,OG,Cutthroat trout,121,21.17
2008,OG,Coastal giant salamander,45,3.41
2008,OG,Coastal giant salamander,53,5.4
2008,OG,Coastal giant salamander,62,7.25
2008,OG,Cutthroat trout,164,41.27
2008,OG,Cutthroat trout,151,35.35
2008,OG,Coastal giant salamander,66,11.38
2008,OG,Coastal giant salamander,69,11.24
2008,OG,Coastal giant salamander,72,11.6
2008,OG,Coastal giant salamander,54,5.82
2008,OG,Coastal giant salamander,73,13.52
2008,OG,Coastal giant salamander,76,16.02
2008,OG,Coastal giant salamander,101,38.13
2008,OG,Coastal giant salamander,164,96.54
2008,OG,Coastal giant salamander,75,16.02
2008,OG,Cutthroat trout,51,1.17
2008,OG,Cutthroat trout,49,0.94
2008,OG,Cutthroat trout,52,1.24
2008,OG,Coastal giant salamander,44,2.59
2008,OG,Cutthroat trout,75,4.01
2008,OG,Cutthroat trout,89,6.94
2008,OG,Cutthroat trout,89,7.36
2008,OG,Cutthroat trout,80,5.16
2008,OG,Coastal giant salamander,58,8.25
2008,OG,Cutthroat trout,101,10.3
2008,OG,Cutthroat trout,127,19.89
2008,OG,Cutthroat trout,138,24.04
2008,OG,Coastal giant salamander,49,4.38
2008,OG,Coastal giant salamander,54,5.61
2008,OG,Cutthroat trout,98,8.99
2008,OG,Cutthroat trout,116,15.58
2008,OG,Cutthroat trout,126,18.61
2008,OG,Cutthroat trout,140,31.09
2008,OG,Cutthroat trout,135,18.56
2008,OG,Cutthroat trout,129,20.23
2008,OG,Coastal giant salamander,128,48.89
2008,OG,Cutthroat trout,129,20.57
2008,OG,Cutthroat trout,48,1.07
2008,OG,Cutthroat trout,34,0.37
2008,OG,Cutthroat trout,88,7.05
2008,OG,Cutthroat trout,97,9.58
2008,OG,Cutthroat trout,35,0.39
2008,OG,Cutthroat trout,83,6.69
2008,OG,Cutthroat trout,31,0.27
2008,OG,Cutthroat trout,51,1.48
2008,OG,Cutthroat trout,41,0.76
2008,OG,Cutthroat trout,47,0.96
2008,OG,Cutthroat trout,51,1.24
2008,OG,Cutthroat trout,44,0.79
2008,OG,Cutthroat trout,45,0.86
2008,OG,Cutthroat trout,50,1.19
2008,OG,Cutthroat trout,43,0.86
2008,OG,Cutthroat trout,86,4.73
2008,OG,Cutthroat trout,38,0.57
2008,OG,Cutthroat trout,44,0.87
2008,OG,Cutthroat trout,46,1.03
2008,OG,Cutthroat trout,41,0.66
2008,OG,Cutthroat trout,75,4.45
2008,OG,Cutthroat trout,103,10.58
2008,OG,Cutthroat trout,50,1.2
2008,OG,Cutthroat trout,128,21.6
2008,OG,Cutthroat trout,90,7.59
2008,OG,Cutthroat trout,117,15.49
2008,OG,Cutthroat trout,123,21.64
2008,OG,Cutthroat trout,128,19.87
2008,OG,Cutthroat trout,106,12.04
2008,OG,Cutthroat trout,100,10.02
2008,OG,Cutthroat trout,88,6.83
2008,OG,Cutthroat trout,82,5.84
2008,OG,Cutthroat trout,102,11.08
2008,OG,Cutthroat trout,119,18.77
2008,OG,Cutthroat trout,111,14.2
2008,OG,Coastal giant salamander,26,0.73
2008,OG,Coastal giant salamander,41,2.5
2008,OG,Coastal giant salamander,48,3.58
2008,OG,Coastal giant salamander,64,8.16
2008,OG,Coastal giant salamander,46,3.51
2008,OG,Coastal giant salamander,59,9.89
2008,OG,Coastal giant salamander,38,1.5
2008,OG,Coastal giant salamander,51,6.86
2008,OG,Coastal giant salamander,58,5.19
2008,OG,Coastal giant salamander,59,8.47
2008,OG,Coastal giant salamander,41,3.11
2008,OG,Coastal giant salamander,52,6.27
2008,OG,Coastal giant salamander,46,3.6
2008,OG,Coastal giant salamander,52,6.48
2008,OG,Coastal giant salamander,48,3.43
2008,OG,Coastal giant salamander,55,5.99
2008,OG,Coastal giant salamander,50,4.57
2008,OG,Coastal giant salamander,58,8
2008,OG,Coastal giant salamander,68,11.45
2008,OG,Coastal giant salamander,62,8.4
2008,OG,Coastal giant salamander,53,5.36
2008,OG,Coastal giant salamander,68,13.11
2008,OG,Coastal giant salamander,50,4.69
2008,OG,Coastal giant salamander,51,6.03
2008,OG,Coastal giant salamander,57,7.41
2008,OG,Coastal giant salamander,55,6.59
2008,OG,Coastal giant salamander,48,4.3
2008,OG,Coastal giant salamander,30,1.26
2008,OG,Coastal giant salamander,51,4.55
2008,OG,Coastal giant salamander,23,0.55
2008,OG,Coastal giant salamander,70,11.81
2008,OG,Coastal giant salamander,44,3
2008,OG,Coastal giant salamander,75,13.42
2008,OG,Coastal giant salamander,39,2.03
2008,OG,Coastal giant salamander,68,10.14
2008,OG,Coastal giant salamander,63,10.2
2008,OG,Coastal giant salamander,49,4.13
2008,OG,Coastal giant salamander,42,3.06
2008,OG,Coastal giant salamander,50,3.43
2008,OG,Coastal giant salamander,58,8.45
2008,OG,Coastal giant salamander,80,16.56
2008,OG,Coastal giant salamander,126,62.24
2008,OG,Cutthroat trout,129,20.01
2008,OG,Cutthroat trout,98,9.5
2008,OG,Cutthroat trout,109,13.03
2008,OG,Cutthroat trout,104,10.97
2008,OG,Cutthroat trout,111,14.48
2009,CC,Cutthroat trout,52,1.57
2009,CC,Cutthroat trout,41,0.74
2009,CC,Cutthroat trout,42,0.73
2009,CC,Cutthroat trout,47,0.82
2009,CC,Cutthroat trout,55,1.67
2009,CC,Cutthroat trout,47,1.22
2009,CC,Cutthroat trout,50,1.48
2009,CC,Cutthroat trout,41,0.76
2009,CC,Cutthroat trout,38,0.58
2009,CC,Cutthroat trout,59,1.99
2009,CC,Cutthroat trout,42,0.77
2009,CC,Cutthroat trout,88,7.69
2009,CC,Cutthroat trout,44,0.73
2009,CC,Cutthroat trout,37,0.47
2009,CC,Cutthroat trout,47,0.95
2009,CC,Cutthroat trout,58,1.84
2009,CC,Cutthroat trout,52,1.68
2009,CC,Cutthroat trout,102,10.71
2009,CC,Cutthroat trout,109,11.14
2009,CC,Cutthroat trout,108,11.92
2009,CC,Cutthroat trout,93,8.13
2009,CC,Cutthroat trout,123,18.2
2009,CC,Cutthroat trout,55,2.14
2009,CC,Cutthroat trout,138,25.91
2009,CC,Cutthroat trout,83,5.36
2009,CC,Cutthroat trout,114,13.88
2009,CC,Cutthroat trout,107,11.41
2009,CC,Cutthroat trout,118,15.74
2009,CC,Coastal giant salamander,39,2.18
2009,CC,Coastal giant salamander,41,2.94
2009,CC,Cutthroat trout,74,5.27
2009,CC,Coastal giant salamander,62,9.22
2009,CC,Coastal giant salamander,69,11.78
2009,CC,Coastal giant salamander,70,11.88
2009,CC,Coastal giant salamander,82,20.4
2009,CC,Cutthroat trout,45,0.96
2009,CC,Cutthroat trout,32,0.25
2009,CC,Cutthroat trout,43,0.85
2009,CC,Cutthroat trout,47,1.02
2009,CC,Cutthroat trout,53,1.88
2009,CC,Cutthroat trout,46,1.05
2009,CC,Cutthroat trout,53,1.58
2009,CC,Cutthroat trout,41,0.58
2009,CC,Cutthroat trout,55,1.85
2009,CC,Cutthroat trout,61,2.81
2009,CC,Cutthroat trout,45,0.95
2009,CC,Cutthroat trout,48,1.39
2009,CC,Cutthroat trout,58,2.21
2009,CC,Cutthroat trout,49,1.16
2009,CC,Cutthroat trout,41,0.58
2009,CC,Cutthroat trout,43,1.01
2009,CC,Cutthroat trout,54,1.81
2009,CC,Cutthroat trout,59,2.24
2009,CC,Cutthroat trout,52,1.7
2009,CC,Cutthroat trout,57,2.16
2009,CC,Cutthroat trout,58,2.27
2009,CC,Cutthroat trout,63,3.46
2009,CC,Cutthroat trout,69,5.74
2009,CC,Cutthroat trout,36,0.5
2009,CC,Cutthroat trout,105,11.7
2009,CC,Cutthroat trout,122,18.41
2009,CC,Cutthroat trout,82,5.32
2009,CC,Cutthroat trout,92,8.15
2009,CC,Coastal giant salamander,39,2.06
2009,CC,Coastal giant salamander,34,1.02
2009,CC,Coastal giant salamander,62,9.19
2009,CC,Coastal giant salamander,50,4.59
2009,CC,Coastal giant salamander,69,11.41
2009,CC,Coastal giant salamander,120,64.33
2009,CC,Cutthroat trout,48,1.23
2009,CC,Cutthroat trout,53,2
2009,CC,Cutthroat trout,59,2.44
2009,CC,Cutthroat trout,39,0.6
2009,CC,Cutthroat trout,42,0.68
2009,CC,Cutthroat trout,75,4.03
2009,CC,Cutthroat trout,87,6.77
2009,CC,Cutthroat trout,134,23.55
2009,CC,Cutthroat trout,160,43.88
2009,CC,Cutthroat trout,35,0.34
2009,CC,Cutthroat trout,41,0.73
2009,CC,Cutthroat trout,50,1.52
2009,CC,Cutthroat trout,83,7.25
2009,CC,Cutthroat trout,95,8.99
2009,CC,Cutthroat trout,108,12.59
2009,CC,Cutthroat trout,110,13.41
2009,CC,Cutthroat trout,47,1.18
2009,CC,Cutthroat trout,45,0.81
2009,CC,Cutthroat trout,36,0.33
2009,CC,Cutthroat trout,81,5.25
2009,CC,Cutthroat trout,73,3.66
2009,CC,Cutthroat trout,89,6.89
2009,CC,Cutthroat trout,138,26.36
2009,CC,Cutthroat trout,116,17.96
2009,CC,Cutthroat trout,194,66.97
2009,CC,Cutthroat trout,37,0.5
2009,CC,Cutthroat trout,47,0.93
2009,CC,Cutthroat trout,39,0.59
2009,CC,Cutthroat trout,48,1.26
2009,CC,Cutthroat trout,42,0.84
2009,CC,Cutthroat trout,87,6.69
2009,CC,Cutthroat trout,89,6.97
2009,CC,Cutthroat trout,85,7.1
2009,CC,Cutthroat trout,122,17.97
2009,CC,Cutthroat trout,124,20.05
2009,CC,Cutthroat trout,54,1.83
2009,CC,Cutthroat trout,34,0.34
2009,CC,Cutthroat trout,41,0.86
2009,CC,Cutthroat trout,87,6.36
2009,CC,Cutthroat trout,88,6.49
2009,CC,Cutthroat trout,88,6.74
2009,CC,Cutthroat trout,102,11.05
2009,CC,Cutthroat trout,92,7.54
2009,CC,Cutthroat trout,93,8.52
2009,CC,Cutthroat trout,48,1.18
2009,CC,Cutthroat trout,52,1.44
2009,CC,Cutthroat trout,48,1.36
2009,CC,Cutthroat trout,124,19.35
2009,CC,Cutthroat trout,104,11.13
2009,CC,Cutthroat trout,117,15.55
2009,CC,Cutthroat trout,113,14.05
2009,CC,Cutthroat trout,114,13.73
2009,CC,Cutthroat trout,135,30.98
2009,CC,Coastal giant salamander,51,4.52
2009,CC,Coastal giant salamander,45,3.56
2009,CC,Coastal giant salamander,51,5.85
2009,CC,Cutthroat trout,41,0.76
2009,CC,Cutthroat trout,77,5.62
2009,CC,Cutthroat trout,108,12.33
2009,CC,Cutthroat trout,134,27.42
2009,CC,Cutthroat trout,90,8.02
2009,CC,Cutthroat trout,112,13.3
2009,CC,Cutthroat trout,113,14.11
2009,CC,Coastal giant salamander,50,4.92
2009,CC,Coastal giant salamander,46,3.64
2009,CC,Coastal giant salamander,50,4.27
2009,CC,Coastal giant salamander,54,5.99
2009,CC,Coastal giant salamander,75,16.49
2009,CC,Coastal giant salamander,48,3.85
2009,CC,Coastal giant salamander,59,7.53
2009,CC,Coastal giant salamander,40,2.26
2009,CC,Coastal giant salamander,50,4.03
2009,CC,Coastal giant salamander,23,0.29
2009,CC,Coastal giant salamander,71,14.36
2009,CC,Coastal giant salamander,77,15.36
2009,CC,Coastal giant salamander,41,2.63
2009,CC,Coastal giant salamander,50,4.59
2009,CC,Coastal giant salamander,98,31.38
2009,CC,Coastal giant salamander,77,16.4
2009,CC,Coastal giant salamander,70,11.3
2009,CC,Coastal giant salamander,78,16.47
2009,CC,Coastal giant salamander,70,12.02
2009,CC,Coastal giant salamander,75,16.41
2009,CC,Coastal giant salamander,69,12.62
2009,CC,Coastal giant salamander,139,51.67
2009,CC,Coastal giant salamander,93,24.18
2009,CC,Coastal giant salamander,130,88.71
2009,CC,Cutthroat trout,42,0.79
2009,CC,Cutthroat trout,50,1.53
2009,CC,Coastal giant salamander,35,1.57
2009,CC,Cutthroat trout,106,13.1
2009,CC,Cutthroat trout,123,18.09
2009,CC,Cutthroat trout,120,17.51
2009,CC,Coastal giant salamander,31,1.27
2009,CC,Coastal giant salamander,70,11.86
2009,CC,Coastal giant salamander,90,27.06
2009,CC,Coastal giant salamander,59,7.77
2009,CC,Coastal giant salamander,62,8.92
2009,CC,Coastal giant salamander,80,16.21
2009,CC,Coastal giant salamander,131,79.57
2009,CC,Cutthroat trout,35,0.45
2009,CC,Cutthroat trout,46,1.03
2009,CC,Cutthroat trout,70,4.18
2009,CC,Cutthroat trout,43,1.07
2009,CC,Cutthroat trout,35,0.43
2009,CC,Cutthroat trout,84,5.77
2009,CC,Cutthroat trout,93,8.35
2009,CC,Coastal giant salamander,50,4.37
2009,CC,Coastal giant salamander,48,4.48
2009,CC,Coastal giant salamander,44,3.33
2009,CC,Coastal giant salamander,45,3.77
2009,CC,Coastal giant salamander,39,2.38
2009,CC,Coastal giant salamander,59,7.95
2009,CC,Coastal giant salamander,45,3.63
2009,CC,Coastal giant salamander,69,9.84
2009,CC,Cutthroat trout,42,0.81
2009,CC,Cutthroat trout,44,0.8
2009,CC,Cutthroat trout,48,1.11
2009,CC,Cutthroat trout,48,1.16
2009,CC,Cutthroat trout,52,1.35
2009,CC,Cutthroat trout,44,0.83
2009,CC,Cutthroat trout,40,0.74
2009,CC,Cutthroat trout,112,14.26
2009,CC,Coastal giant salamander,40,2.42
2009,CC,Coastal giant salamander,55,6.26
2009,CC,Coastal giant salamander,51,4.63
2009,CC,Coastal giant salamander,40,2.58
2009,CC,Coastal giant salamander,45,3.05
2009,CC,Coastal giant salamander,38,1.95
2009,CC,Coastal giant salamander,49,4.96
2009,CC,Coastal giant salamander,58,5.98
2009,CC,Coastal giant salamander,59,8.1
2009,CC,Cutthroat trout,76,4.59
2009,CC,Cutthroat trout,68,3.44
2009,CC,Cutthroat trout,80,4.94
2009,CC,Cutthroat trout,128,21.84
2009,CC,Cutthroat trout,124,18.82
2009,CC,Coastal giant salamander,61,6.94
2009,CC,Coastal giant salamander,72,12.76
2009,CC,Coastal giant salamander,68,11.43
2009,CC,Coastal giant salamander,85,19.16
2009,CC,Coastal giant salamander,84,20.15
2009,CC,Cutthroat trout,53,1.52
2009,CC,Cutthroat trout,41,0.61
2009,CC,Cutthroat trout,43,0.98
2009,CC,Cutthroat trout,48,1.11
2009,CC,Cutthroat trout,43,0.81
2009,CC,Cutthroat trout,44,0.8
2009,CC,Cutthroat trout,56,1.66
2009,CC,Cutthroat trout,58,1.8
2009,CC,Cutthroat trout,52,1.41
2009,CC,Cutthroat trout,38,0.45
2009,CC,Cutthroat trout,116,14.85
2009,CC,Cutthroat trout,87,6.24
2009,CC,Cutthroat trout,96,8.61
2009,CC,Cutthroat trout,113,13.69
2009,CC,Cutthroat trout,51,1.57
2009,CC,Cutthroat trout,123,18.26
2009,CC,Cutthroat trout,93,8.08
2009,CC,Cutthroat trout,127,17.95
2009,CC,Cutthroat trout,118,14.67
2009,CC,Cutthroat trout,137,25.59
2009,CC,Cutthroat trout,127,20.45
2009,CC,Cutthroat trout,168,45.06
2009,CC,Cutthroat trout,88,6.38
2009,CC,Cutthroat trout,87,6.25
2009,CC,Cutthroat trout,116,15.18
2009,CC,Cutthroat trout,95,7.82
2009,CC,Cutthroat trout,132,24.49
2009,CC,Cutthroat trout,139,25.7
2009,CC,Cutthroat trout,197,67.54
2009,CC,Cutthroat trout,58,1.78
2009,CC,Cutthroat trout,54,1.99
2009,CC,Cutthroat trout,36,0.51
2009,CC,Cutthroat trout,108,12.93
2009,CC,Cutthroat trout,51,1.28
2009,CC,Cutthroat trout,148,32.85
2009,CC,Cutthroat trout,104,11.47
2009,CC,Cutthroat trout,122,16.22
2009,CC,Cutthroat trout,182,52.99
2009,CC,Coastal giant salamander,49,4.53
2009,CC,Cutthroat trout,61,2.31
2009,CC,Coastal giant salamander,47,3.72
2009,CC,Coastal giant salamander,70,10.96
2009,CC,Coastal giant salamander,59,8.46
2009,CC,Coastal giant salamander,67,10.9
2009,CC,Coastal giant salamander,78,16.07
2009,CC,Coastal giant salamander,99,26.52
2009,CC,Coastal giant salamander,125,65.62
2009,CC,Cutthroat trout,51,1.38
2009,CC,Coastal giant salamander,46,3.53
2009,CC,Coastal giant salamander,47,3.99
2009,CC,Coastal giant salamander,44,3.39
2009,CC,Cutthroat trout,151,32.6
2009,CC,Cutthroat trout,103,11.14
2009,CC,Coastal giant salamander,42,3.46
2009,CC,Coastal giant salamander,36,1.76
2009,CC,Coastal giant salamander,36,1.53
2009,CC,Coastal giant salamander,59,8.03
2009,CC,Coastal giant salamander,67,10.04
2009,CC,Coastal giant salamander,70,12.92
2009,CC,Cutthroat trout,43,0.77
2009,CC,Cutthroat trout,49,1.08
2009,CC,Cutthroat trout,55,2.02
2009,CC,Cutthroat trout,47,0.94
2009,CC,Cutthroat trout,41,0.71
2009,CC,Cutthroat trout,48,1.17
2009,CC,Cutthroat trout,51,1.66
2009,CC,Cutthroat trout,43,0.75
2009,CC,Cutthroat trout,97,9.3
2009,CC,Cutthroat trout,90,7.8
2009,CC,Cutthroat trout,111,12.25
2009,CC,Cutthroat trout,127,20.07
2009,CC,Cutthroat trout,138,26.87
2009,CC,Cutthroat trout,52,1.72
2009,CC,Coastal giant salamander,46,3.86
2009,CC,Coastal giant salamander,43,3
2009,CC,Coastal giant salamander,45,3.66
2009,CC,Coastal giant salamander,52,5.67
2009,CC,Cutthroat trout,127,20.35
2009,CC,Cutthroat trout,94,8.52
2009,CC,Cutthroat trout,83,5.88
2009,CC,Cutthroat trout,134,23.56
2009,CC,Cutthroat trout,96,8.84
2009,CC,Coastal giant salamander,59,7.48
2009,CC,Coastal giant salamander,56,6.23
2009,CC,Coastal giant salamander,55,5.72
2009,CC,Coastal giant salamander,72,11.75
2009,CC,Coastal giant salamander,75,13.33
2009,CC,Coastal giant salamander,72,11.83
2009,CC,Coastal giant salamander,70,14.47
2009,CC,Coastal giant salamander,59,7.09
2009,CC,Coastal giant salamander,75,14.09
2009,CC,Cutthroat trout,41,0.68
2009,CC,Cutthroat trout,98,10.33
2009,CC,Cutthroat trout,128,19.06
2009,CC,Cutthroat trout,133,23.37
2009,CC,Cutthroat trout,147,31.5
2009,CC,Coastal giant salamander,40,2.15
2009,CC,Coastal giant salamander,43,3.39
2009,CC,Coastal giant salamander,64,9.26
2009,CC,Coastal giant salamander,69,10.42
2009,CC,Coastal giant salamander,70,11.36
2009,CC,Coastal giant salamander,75,16.02
2009,CC,Cutthroat trout,91,6.67
2009,CC,Cutthroat trout,77,3.85
2009,CC,Cutthroat trout,95,8.39
2009,CC,Cutthroat trout,133,23.6
2009,CC,Cutthroat trout,115,13.4
2009,CC,Cutthroat trout,40,0.7
2009,CC,Cutthroat trout,98,9.55
2009,CC,Cutthroat trout,117,16.28
2009,CC,Cutthroat trout,148,31.48
2009,CC,Coastal giant salamander,46,3.92
2009,CC,Coastal giant salamander,70,13.63
2009,CC,Cutthroat trout,40,0.67
2009,CC,Cutthroat trout,56,1.83
2009,CC,Cutthroat trout,40,0.56
2009,CC,Cutthroat trout,48,1.02
2009,CC,Cutthroat trout,49,1.29
2009,CC,Cutthroat trout,50,1.44
2009,CC,Cutthroat trout,56,2.12
2009,CC,Cutthroat trout,75,5.17
2009,CC,Cutthroat trout,131,21.4
2009,CC,Cutthroat trout,86,6.33
2009,CC,Cutthroat trout,90,7.32
2009,CC,Cutthroat trout,121,17.12
2009,CC,Cutthroat trout,105,11.55
2009,CC,Cutthroat trout,147,30.17
2009,CC,Coastal giant salamander,45,3.67
2009,CC,Coastal giant salamander,38,2.06
2009,CC,Cutthroat trout,88,7.07
2009,CC,Cutthroat trout,94,7.51
2009,CC,Cutthroat trout,111,13.2
2009,CC,Cutthroat trout,95,8.32
2009,CC,Cutthroat trout,173,48.5
2009,CC,Cutthroat trout,149,33.04
2009,CC,Cutthroat trout,128,20.82
2009,CC,Coastal giant salamander,41,2.62
2009,CC,Coastal giant salamander,59,7.65
2009,CC,Cutthroat trout,58,2.3
2009,CC,Cutthroat trout,49,1.17
2009,CC,Cutthroat trout,40,0.62
2009,CC,Cutthroat trout,43,0.87
2009,CC,Cutthroat trout,97,8.14
2009,CC,Coastal giant salamander,112,44.82
2009,CC,Coastal giant salamander,70,12.6
2009,CC,Coastal giant salamander,77,15.98
2009,CC,Coastal giant salamander,45,3.85
2009,CC,Coastal giant salamander,72,15.14
2009,CC,Coastal giant salamander,95,30.88
2009,CC,Coastal giant salamander,42,3.19
2009,CC,Coastal giant salamander,65,10.75
2009,CC,Coastal giant salamander,50,4.61
2009,CC,Coastal giant salamander,45,3.27
2009,CC,Coastal giant salamander,70,10.85
2009,CC,Coastal giant salamander,42,2.8
2009,CC,Coastal giant salamander,55,6.24
2009,CC,Coastal giant salamander,115,50.4
2009,CC,Coastal giant salamander,67,11.43
2009,CC,Coastal giant salamander,82,19.9
2009,CC,Coastal giant salamander,85,24.04
2009,CC,Coastal giant salamander,81,17.99
2009,CC,Cutthroat trout,47,1.14
2009,CC,Cutthroat trout,39,0.6
2009,CC,Cutthroat trout,46,1.23
2009,CC,Cutthroat trout,81,5.5
2009,CC,Cutthroat trout,83,5.28
2009,CC,Cutthroat trout,118,14.34
2009,CC,Cutthroat trout,48,1.21
2009,CC,Coastal giant salamander,33,1.62
2009,CC,Coastal giant salamander,50,4.19
2009,CC,Coastal giant salamander,25,0.72
2009,CC,Coastal giant salamander,41,3.6
2009,CC,Cutthroat trout,100,9.88
2009,CC,Cutthroat trout,115,14.87
2009,CC,Cutthroat trout,104,11.02
2009,CC,Cutthroat trout,110,13.02
2009,CC,Coastal giant salamander,90,23.8
2009,CC,Cutthroat trout,48,1.07
2009,CC,Cutthroat trout,32,0.35
2009,CC,Cutthroat trout,57,1.96
2009,CC,Cutthroat trout,83,5.78
2009,CC,Cutthroat trout,92,9.3
2009,CC,Cutthroat trout,119,16.04
2009,CC,Coastal giant salamander,33,1.25
2009,CC,Coastal giant salamander,55,5.12
2009,CC,Cutthroat trout,91,7.72
2009,CC,Cutthroat trout,153,36.89
2009,CC,Cutthroat trout,33,0.36
2009,CC,Cutthroat trout,32,0.27
2009,CC,Cutthroat trout,39,0.66
2009,CC,Cutthroat trout,39,0.69
2009,CC,Cutthroat trout,39,0.63
2009,CC,Cutthroat trout,55,2.15
2009,CC,Coastal giant salamander,48,3.33
2009,CC,Cutthroat trout,112,15.16
2009,CC,Coastal giant salamander,59,8
2009,CC,Coastal giant salamander,79,16.08
2009,CC,Coastal giant salamander,78,16.83
2009,CC,Coastal giant salamander,70,12.85
2009,CC,Coastal giant salamander,60,8.11
2009,CC,Coastal giant salamander,70,11.06
2009,CC,Coastal giant salamander,39,2.27
2009,CC,Coastal giant salamander,46,3.77
2009,CC,Coastal giant salamander,42,3.17
2009,CC,Cutthroat trout,105,12.74
2009,CC,Cutthroat trout,41,0.71
2009,CC,Cutthroat trout,50,1.45
2009,CC,Cutthroat trout,46,0.92
2009,CC,Cutthroat trout,48,1.25
2009,CC,Cutthroat trout,53,1.72
2009,CC,Cutthroat trout,77,4.88
2009,CC,Cutthroat trout,57,2.41
2009,CC,Cutthroat trout,55,1.65
2009,CC,Cutthroat trout,52,1.75
2009,CC,Cutthroat trout,74,4.1
2009,CC,Cutthroat trout,91,7.5
2009,CC,Cutthroat trout,122,30.64
2009,CC,Cutthroat trout,88,6.61
2009,CC,Cutthroat trout,97,9.25
2009,CC,Cutthroat trout,110,14.21
2009,CC,Cutthroat trout,98,9.04
2009,CC,Cutthroat trout,43,0.94
2009,CC,Cutthroat trout,52,1.36
2009,CC,Cutthroat trout,40,0.52
2009,CC,Cutthroat trout,90,7.13
2009,CC,Cutthroat trout,112,12.65
2009,CC,Coastal giant salamander,54,5.43
2009,CC,Coastal giant salamander,61,9.38
2009,CC,Coastal giant salamander,67,9.13
2009,CC,Coastal giant salamander,59,7.3
2009,CC,Coastal giant salamander,55,6.33
2009,CC,Cutthroat trout,54,1.74
2009,CC,Cutthroat trout,52,1.66
2009,CC,Cutthroat trout,49,1.27
2009,CC,Cutthroat trout,120,17.03
2009,CC,Cutthroat trout,137,25.5
2009,CC,Cutthroat trout,122,16.84
2009,CC,Cutthroat trout,107,12.26
2009,CC,Cutthroat trout,56,1.78
2009,CC,Cutthroat trout,142,28.45
2009,CC,Coastal giant salamander,61,7.85
2009,CC,Coastal giant salamander,61,8.53
2009,CC,Coastal giant salamander,55,6.37
2009,CC,Coastal giant salamander,62,8.84
2009,CC,Coastal giant salamander,40,2.43
2009,CC,Coastal giant salamander,50,4.82
2009,CC,Coastal giant salamander,35,2.05
2009,CC,Coastal giant salamander,52,4.83
2009,CC,Coastal giant salamander,40,2.86
2009,CC,Coastal giant salamander,70,12.41
2009,CC,Coastal giant salamander,65,9.59
2009,CC,Coastal giant salamander,100,29.59
2009,CC,Coastal giant salamander,127,58.03
2009,CC,Coastal giant salamander,115,45.91
2009,CC,Cutthroat trout,48,1.1
2009,CC,Cutthroat trout,56,1.92
2009,CC,Cutthroat trout,44,0.81
2009,CC,Cutthroat trout,35,0.51
2009,CC,Coastal giant salamander,45,3.07
2009,CC,Cutthroat trout,46,0.88
2009,CC,Coastal giant salamander,40,2.78
2009,CC,Coastal giant salamander,51,4.56
2009,CC,Cutthroat trout,133,23.6
2009,CC,Cutthroat trout,94,8.43
2009,CC,Cutthroat trout,116,15.07
2009,CC,Coastal giant salamander,66,8.49
2009,CC,Coastal giant salamander,35,1.72
2009,CC,Cutthroat trout,39,0.58
2009,CC,Cutthroat trout,47,0.99
2009,CC,Cutthroat trout,53,1.62
2009,CC,Cutthroat trout,48,1.3
2009,CC,Cutthroat trout,48,1.03
2009,CC,Cutthroat trout,48,0.85
2009,CC,Cutthroat trout,56,1.59
2009,CC,Cutthroat trout,53,1.38
2009,CC,Cutthroat trout,45,0.82
2009,CC,Cutthroat trout,45,0.84
2009,CC,Cutthroat trout,52,1.43
2009,CC,Cutthroat trout,37,0.47
2009,CC,Cutthroat trout,86,6.4
2009,CC,Cutthroat trout,112,14.43
2009,CC,Cutthroat trout,39,0.59
2009,CC,Cutthroat trout,77,4.88
2009,CC,Cutthroat trout,83,5.83
2009,CC,Cutthroat trout,47,1.25
2009,CC,Cutthroat trout,89,7.64
2009,CC,Cutthroat trout,117,15.87
2009,CC,Cutthroat trout,89,7.17
2009,CC,Cutthroat trout,108,12.94
2009,CC,Cutthroat trout,99,8.96
2009,CC,Cutthroat trout,52,1.62
2009,CC,Cutthroat trout,52,1.51
2009,CC,Cutthroat trout,92,8.39
2009,CC,Cutthroat trout,178,50.63
2009,CC,Cutthroat trout,151,35.28
2009,CC,Cutthroat trout,139,22.8
2009,CC,Cutthroat trout,124,18.4
2009,CC,Cutthroat trout,93,7.53
2009,CC,Coastal giant salamander,55,5.96
2009,CC,Coastal giant salamander,54,6.1
2009,CC,Coastal giant salamander,24,0.42
2009,CC,Coastal giant salamander,59,7.23
2009,CC,Coastal giant salamander,49,4.56
2009,CC,Coastal giant salamander,56,6.13
2009,CC,Coastal giant salamander,69,11.76
2009,CC,Coastal giant salamander,65,9.75
2009,CC,Coastal giant salamander,69,9.95
2009,CC,Coastal giant salamander,75,14.23
2009,CC,Coastal giant salamander,88,20.81
2009,CC,Coastal giant salamander,75,14.46
2009,CC,Coastal giant salamander,81,18.38
2009,CC,Cutthroat trout,45,0.83
2009,CC,Cutthroat trout,42,0.72
2009,CC,Cutthroat trout,38,0.52
2009,CC,Cutthroat trout,38,0.46
2009,CC,Cutthroat trout,29,0.21
2009,CC,Cutthroat trout,36,0.37
2009,CC,Cutthroat trout,42,0.63
2009,CC,Cutthroat trout,41,0.64
2009,CC,Cutthroat trout,39,0.55
2009,CC,Cutthroat trout,43,0.77
2009,CC,Cutthroat trout,26,0.16
2009,CC,Cutthroat trout,32,0.32
2009,CC,Coastal giant salamander,59,10.36
2009,CC,Coastal giant salamander,65,10.23
2009,CC,Cutthroat trout,46,0.84
2009,CC,Cutthroat trout,42,0.69
2009,CC,Cutthroat trout,49,1.04
2009,CC,Cutthroat trout,81,5.01
2009,CC,Cutthroat trout,43,0.72
2009,CC,Cutthroat trout,94,7.81
2009,CC,Cutthroat trout,105,11.82
2009,CC,Cutthroat trout,113,13.91
2009,CC,Coastal giant salamander,40,2.44
2009,CC,Coastal giant salamander,50,4.87
2009,CC,Coastal giant salamander,49,4.33
2009,CC,Coastal giant salamander,42,2.85
2009,CC,Coastal giant salamander,71,14.6
2009,CC,Coastal giant salamander,110,45.66
2009,CC,Cutthroat trout,43,0.76
2009,CC,Cutthroat trout,34,0.34
2009,CC,Cutthroat trout,47,0.98
2009,CC,Cutthroat trout,50,1.38
2009,CC,Cutthroat trout,49,1.09
2009,CC,Cutthroat trout,52,1.22
2009,CC,Cutthroat trout,54,1.43
2009,CC,Cutthroat trout,50,1.48
2009,CC,Cutthroat trout,88,6.41
2009,CC,Cutthroat trout,89,6.97
2009,CC,Cutthroat trout,139,25.51
2009,CC,Cutthroat trout,79,5.13
2009,CC,Cutthroat trout,110,14.24
2009,CC,Cutthroat trout,127,18.3
2009,CC,Cutthroat trout,88,5.9
2009,CC,Cutthroat trout,49,1.29
2009,CC,Cutthroat trout,83,6.59
2009,CC,Cutthroat trout,47,1.02
2009,CC,Cutthroat trout,88,7.12
2009,CC,Cutthroat trout,99,9.47
2009,CC,Cutthroat trout,137,24.44
2009,CC,Cutthroat trout,132,22.09
2009,CC,Coastal giant salamander,41,2.89
2009,CC,Coastal giant salamander,52,5.72
2009,CC,Coastal giant salamander,75,14.67
2009,CC,Cutthroat trout,38,0.6
2009,CC,Cutthroat trout,56,1.76
2009,CC,Cutthroat trout,91,7.82
2009,CC,Cutthroat trout,121,16.07
2009,CC,Cutthroat trout,154,35.24
2009,CC,Coastal giant salamander,49,4.4
2009,CC,Coastal giant salamander,68,11.12
2009,CC,Coastal giant salamander,56,7.16
2009,CC,Coastal giant salamander,74,12.73
2009,CC,Coastal giant salamander,70,10.7
2009,CC,Coastal giant salamander,60,8.07
2009,CC,Coastal giant salamander,75,16.14
2009,CC,Coastal giant salamander,64,8.97
2009,CC,Coastal giant salamander,41,2.71
2009,CC,Coastal giant salamander,82,17
2009,CC,Coastal giant salamander,74,14.93
2009,CC,Cutthroat trout,146,29.14
2009,CC,Cutthroat trout,58,2.3
2009,CC,Cutthroat trout,81,5.94
2009,CC,Cutthroat trout,50,1.12
2009,CC,Cutthroat trout,88,6.62
2009,CC,Cutthroat trout,47,1
2009,CC,Cutthroat trout,116,14.65
2009,CC,Cutthroat trout,88,6.34
2009,CC,Cutthroat trout,51,1.28
2009,CC,Cutthroat trout,37,0.54
2009,CC,Cutthroat trout,98,9.02
2009,CC,Cutthroat trout,170,45.52
2009,CC,Cutthroat trout,123,20
2009,CC,Cutthroat trout,126,19.37
2009,CC,Cutthroat trout,40,0.61
2009,CC,Cutthroat trout,118,16.43
2009,CC,Cutthroat trout,113,14.79
2009,CC,Coastal giant salamander,48,3.62
2009,CC,Coastal giant salamander,33,1.48
2009,CC,Coastal giant salamander,32,1.04
2009,CC,Coastal giant salamander,34,2.88
2009,CC,Coastal giant salamander,66,10.19
2009,CC,Cutthroat trout,59,2.09
2009,CC,Cutthroat trout,50,1.36
2009,CC,Cutthroat trout,42,0.72
2009,CC,Cutthroat trout,51,1.2
2009,CC,Cutthroat trout,53,1.47
2009,CC,Cutthroat trout,55,1.53
2009,CC,Cutthroat trout,49,1.02
2009,CC,Cutthroat trout,40,0.62
2009,CC,Cutthroat trout,50,1.46
2009,CC,Cutthroat trout,48,1.26
2009,CC,Cutthroat trout,48,1.29
2009,CC,Cutthroat trout,92,7.39
2009,CC,Cutthroat trout,141,27.06
2009,CC,Cutthroat trout,120,17.94
2009,CC,Cutthroat trout,113,15.25
2009,CC,Cutthroat trout,112,13.92
2009,CC,Coastal giant salamander,49,4.7
2009,CC,Coastal giant salamander,59,7.71
2009,CC,Coastal giant salamander,53,5.18
2009,CC,Coastal giant salamander,71,12.6
2009,CC,Coastal giant salamander,69,11.62
2009,CC,Coastal giant salamander,58,7.32
2009,CC,Coastal giant salamander,59,6.09
2009,CC,Coastal giant salamander,115,51
2009,CC,Cutthroat trout,131,20.33
2009,CC,Cutthroat trout,112,14.72
2009,CC,Cutthroat trout,89,6.63
2009,CC,Cutthroat trout,121,16.69
2009,CC,Cutthroat trout,90,6.8
2009,CC,Coastal giant salamander,32,1.6
2009,CC,Coastal giant salamander,78,15.86
2009,CC,Coastal giant salamander,80,15.99
2009,CC,Coastal giant salamander,32,1.66
2009,CC,Coastal giant salamander,32,1.58
2009,CC,Coastal giant salamander,36,1.7
2009,CC,Coastal giant salamander,34,1.11
2009,CC,Cutthroat trout,78,5.07
2009,CC,Cutthroat trout,42,0.87
2009,CC,Cutthroat trout,42,0.69
2009,CC,Cutthroat trout,46,1.12
2009,CC,Cutthroat trout,88,7.08
2009,CC,Cutthroat trout,81,5.39
2009,CC,Cutthroat trout,91,7.91
2009,CC,Coastal giant salamander,41,3.28
2009,CC,Cutthroat trout,54,1.4
2009,CC,Cutthroat trout,30,0.29
2009,CC,Cutthroat trout,28,0.15
2009,CC,Cutthroat trout,91,6.88
2009,CC,Coastal giant salamander,32,1.61
2009,CC,Coastal giant salamander,41,3.27
2009,CC,Coastal giant salamander,49,4.95
2009,CC,Coastal giant salamander,50,5.05
2009,CC,Coastal giant salamander,101,33.84
2009,CC,Coastal giant salamander,59,7.63
2009,CC,Coastal giant salamander,55,6.91
2009,CC,Coastal giant salamander,65,9.64
2009,CC,Coastal giant salamander,39,2
2009,CC,Cutthroat trout,31,0.27
2009,CC,Coastal giant salamander,66,11.2
2009,CC,Coastal giant salamander,51,4.66
2009,CC,Coastal giant salamander,55,6.85
2009,CC,Coastal giant salamander,75,16.39
2009,CC,Coastal giant salamander,60,7.85
2009,CC,Coastal giant salamander,70,10.8
2009,CC,Coastal giant salamander,40,2.4
2009,CC,Coastal giant salamander,85,22.66
2009,CC,Coastal giant salamander,50,4.43
2009,CC,Coastal giant salamander,72,12.25
2009,CC,Cutthroat trout,38,0.57
2009,CC,Cutthroat trout,44,0.9
2009,CC,Cutthroat trout,138,24.08
2009,CC,Cutthroat trout,112,13.81
2009,CC,Coastal giant salamander,35,1.71
2009,CC,Coastal giant salamander,54,5.17
2009,CC,Coastal giant salamander,75,17.3
2009,CC,Coastal giant salamander,42,3.26
2009,CC,Cutthroat trout,44,0.82
2009,CC,Coastal giant salamander,29,1.22
2009,CC,Coastal giant salamander,40,2.48
2009,CC,Coastal giant salamander,52,5.29
2009,CC,Cutthroat trout,91,7.52
2009,CC,Coastal giant salamander,82,20.17
2009,CC,Coastal giant salamander,92,27.85
2009,CC,Cutthroat trout,88,6.3
2009,CC,Cutthroat trout,111,13.4
2009,CC,Cutthroat trout,140,27.74
2009,CC,Cutthroat trout,52,1.49
2009,CC,Coastal giant salamander,35,1.68
2009,CC,Coastal giant salamander,94,29.2
2009,OG,Cutthroat trout,48,1.07
2009,OG,Cutthroat trout,40,0.75
2009,OG,Cutthroat trout,47,1.17
2009,OG,Cutthroat trout,43,0.96
2009,OG,Cutthroat trout,60,2.3
2009,OG,Cutthroat trout,39,0.6
2009,OG,Cutthroat trout,92,7.72
2009,OG,Cutthroat trout,123,15.48
2009,OG,Cutthroat trout,108,12.93
2009,OG,Cutthroat trout,34,0.43
2009,OG,Cutthroat trout,113,14.12
2009,OG,Cutthroat trout,101,10.46
2009,OG,Cutthroat trout,173,51.32
2009,OG,Cutthroat trout,153,34.06
2009,OG,Cutthroat trout,135,26.16
2009,OG,Coastal giant salamander,61,7.82
2009,OG,Coastal giant salamander,62,9.66
2009,OG,Coastal giant salamander,105,36.92
2009,OG,Cutthroat trout,39,0.54
2009,OG,Cutthroat trout,42,0.79
2009,OG,Cutthroat trout,46,0.83
2009,OG,Cutthroat trout,49,1.35
2009,OG,Cutthroat trout,46,1
2009,OG,Cutthroat trout,45,0.97
2009,OG,Cutthroat trout,53,1.59
2009,OG,Cutthroat trout,77,4.84
2009,OG,Cutthroat trout,47,1.05
2009,OG,Cutthroat trout,47,1
2009,OG,Cutthroat trout,39,0.55
2009,OG,Cutthroat trout,47,1.06
2009,OG,Cutthroat trout,85,5.9
2009,OG,Cutthroat trout,139,23.98
2009,OG,Cutthroat trout,128,21.1
2009,OG,Cutthroat trout,48,1.36
2009,OG,Cutthroat trout,106,11.66
2009,OG,Cutthroat trout,106,11.77
2009,OG,Cutthroat trout,121,17.99
2009,OG,Cutthroat trout,121,16.33
2009,OG,Cutthroat trout,99,9.69
2009,OG,Coastal giant salamander,35,1.79
2009,OG,Coastal giant salamander,73,16.85
2009,OG,Cutthroat trout,38,0.58
2009,OG,Cutthroat trout,40,0.74
2009,OG,Cutthroat trout,83,5.29
2009,OG,Cutthroat trout,113,14.6
2009,OG,Cutthroat trout,105,11.71
2009,OG,Cutthroat trout,139,24.02
2009,OG,Cutthroat trout,149,31.76
2009,OG,Coastal giant salamander,36,1.58
2009,OG,Coastal giant salamander,72,12.46
2009,OG,Cutthroat trout,103,13.02
2009,OG,Cutthroat trout,99,9.5
2009,OG,Cutthroat trout,108,14.77
2009,OG,Coastal giant salamander,47,3.32
2009,OG,Coastal giant salamander,72,11.86
2009,OG,Coastal giant salamander,49,4.14
2009,OG,Coastal giant salamander,65,9.81
2009,OG,Coastal giant salamander,69,11.45
2009,OG,Coastal giant salamander,104,29.56
2009,OG,Cutthroat trout,36,38
2009,OG,Cutthroat trout,39,0.67
2009,OG,Cutthroat trout,47,0.98
2009,OG,Cutthroat trout,47,1.11
2009,OG,Cutthroat trout,43,0.8
2009,OG,Cutthroat trout,65,2.76
2009,OG,Cutthroat trout,50,1.17
2009,OG,Cutthroat trout,43,0.83
2009,OG,Cutthroat trout,39,0.62
2009,OG,Cutthroat trout,43,0.72
2009,OG,Cutthroat trout,38,0.55
2009,OG,Cutthroat trout,42,0.79
2009,OG,Cutthroat trout,47,1.21
2009,OG,Cutthroat trout,62,2.52
2009,OG,Cutthroat trout,56,1.81
2009,OG,Cutthroat trout,45,0.87
2009,OG,Cutthroat trout,58,1.94
2009,OG,Cutthroat trout,49,1.2
2009,OG,Cutthroat trout,33,0.32
2009,OG,Cutthroat trout,124,19.4
2009,OG,Cutthroat trout,47,1.04
2009,OG,Cutthroat trout,105,11.62
2009,OG,Cutthroat trout,143,28.74
2009,OG,Cutthroat trout,110,13.77
2009,OG,Cutthroat trout,139,27.45
2009,OG,Coastal giant salamander,52,5.88
2009,OG,Coastal giant salamander,41,3.18
2009,OG,Coastal giant salamander,27,0.77
2009,OG,Coastal giant salamander,40,3.21
2009,OG,Coastal giant salamander,42,3.04
2009,OG,Coastal giant salamander,55,5.87
2009,OG,Coastal giant salamander,50,5.31
2009,OG,Coastal giant salamander,59,8.25
2009,OG,Coastal giant salamander,68,11.42
2009,OG,Coastal giant salamander,52,5.69
2009,OG,Coastal giant salamander,65,9.77
2009,OG,Coastal giant salamander,61,10.19
2009,OG,Coastal giant salamander,65,10.84
2009,OG,Coastal giant salamander,66,10.87
2009,OG,Coastal giant salamander,132,81.47
2009,OG,Coastal giant salamander,30,1.11
2009,OG,Coastal giant salamander,40,2.83
2009,OG,Coastal giant salamander,59,8.13
2009,OG,Coastal giant salamander,36,1.73
2009,OG,Coastal giant salamander,37,2.09
2009,OG,Coastal giant salamander,28,0.82
2009,OG,Coastal giant salamander,57,7.22
2009,OG,Coastal giant salamander,63,9.41
2009,OG,Coastal giant salamander,71,13.19
2009,OG,Coastal giant salamander,119,58.75
2009,OG,Cutthroat trout,38,0.43
2009,OG,Cutthroat trout,53,1.53
2009,OG,Cutthroat trout,38,0.54
2009,OG,Cutthroat trout,37,0.48
2009,OG,Cutthroat trout,53,1.49
2009,OG,Cutthroat trout,119,17.27
2009,OG,Cutthroat trout,112,13.63
2009,OG,Cutthroat trout,86,6.27
2009,OG,Cutthroat trout,78,4.41
2009,OG,Cutthroat trout,87,6.28
2009,OG,Cutthroat trout,127,20.82
2009,OG,Cutthroat trout,118,17.04
2009,OG,Cutthroat trout,109,13.4
2009,OG,Cutthroat trout,104,11.7
2009,OG,Cutthroat trout,104,10.56
2009,OG,Cutthroat trout,132,22.61
2009,OG,Coastal giant salamander,34,1.77
2009,OG,Coastal giant salamander,55,6.38
2009,OG,Coastal giant salamander,40,2.1
2009,OG,Coastal giant salamander,52,6
2009,OG,Coastal giant salamander,44,3.32
2009,OG,Coastal giant salamander,52,5.43
2009,OG,Coastal giant salamander,51,5.61
2009,OG,Coastal giant salamander,111,54.07
2009,OG,Coastal giant salamander,125,47.43
2009,OG,Cutthroat trout,45,1.02
2009,OG,Cutthroat trout,50,1.28
2009,OG,Cutthroat trout,36,0.41
2009,OG,Cutthroat trout,34,0.36
2009,OG,Cutthroat trout,44,0.82
2009,OG,Cutthroat trout,49,1.13
2009,OG,Cutthroat trout,76,5.47
2009,OG,Cutthroat trout,117,14.41
2009,OG,Cutthroat trout,124,17.36
2009,OG,Cutthroat trout,164,39.08
2009,OG,Cutthroat trout,121,16.29
2009,OG,Cutthroat trout,128,18.81
2009,OG,Coastal giant salamander,20,0.35
2009,OG,Coastal giant salamander,21,0.36
2009,OG,Coastal giant salamander,25,0.39
2009,OG,Coastal giant salamander,31,1.19
2009,OG,Coastal giant salamander,48,3.8
2009,OG,Cutthroat trout,90,6.84
2009,OG,Cutthroat trout,91,6.84
2009,OG,Cutthroat trout,124,19.1
2009,OG,Cutthroat trout,96,8.72
2009,OG,Cutthroat trout,108,11.96
2009,OG,Cutthroat trout,146,29.62
2009,OG,Coastal giant salamander,36,1.79
2009,OG,Coastal giant salamander,21,0.36
2009,OG,Coastal giant salamander,49,4.4
2009,OG,Coastal giant salamander,24,0.38
2009,OG,Coastal giant salamander,21,0.33
2009,OG,Coastal giant salamander,36,1.98
2009,OG,Coastal giant salamander,34,1.62
2009,OG,Coastal giant salamander,24,0.47
2009,OG,Coastal giant salamander,22,0.38
2009,OG,Coastal giant salamander,22,0.42
2009,OG,Cutthroat trout,39,0.48
2009,OG,Cutthroat trout,45,0.98
2009,OG,Cutthroat trout,32,0.36
2009,OG,Cutthroat trout,74,3.76
2009,OG,Cutthroat trout,85,6.04
2009,OG,Cutthroat trout,127,18.91
2009,OG,Coastal giant salamander,42,3.18
2009,OG,Coastal giant salamander,55,5.57
2009,OG,Coastal giant salamander,61,8.42
2009,OG,Coastal giant salamander,28,1.01
2009,OG,Cutthroat trout,127,19.36
2009,OG,Coastal giant salamander,52,5.56
2009,OG,Coastal giant salamander,59,8.42
2009,OG,Cutthroat trout,124,17.46
2009,OG,Cutthroat trout,53,1.72
2009,OG,Cutthroat trout,54,1.83
2009,OG,Cutthroat trout,59,2.06
2009,OG,Cutthroat trout,77,4.75
2009,OG,Cutthroat trout,126,18.9
2009,OG,Coastal giant salamander,35,1.85
2009,OG,Coastal giant salamander,50,4.71
2009,OG,Coastal giant salamander,46,3.1
2009,OG,Coastal giant salamander,48,4.1
2009,OG,Coastal giant salamander,49,3.82
2009,OG,Coastal giant salamander,49,4.49
2009,OG,Coastal giant salamander,56,7.43
2009,OG,Coastal giant salamander,67,11.01
2009,OG,Cutthroat trout,43,0.96
2009,OG,Cutthroat trout,27,0.22
2009,OG,Cutthroat trout,43,0.8
2009,OG,Cutthroat trout,56,1.84
2009,OG,Cutthroat trout,51,1.38
2009,OG,Cutthroat trout,105,11.81
2009,OG,Cutthroat trout,111,13.34
2009,OG,Coastal giant salamander,52,5.73
2009,OG,Coastal giant salamander,30,1.07
2009,OG,Coastal giant salamander,41,2.99
2009,OG,Coastal giant salamander,56,6.98
2009,OG,Coastal giant salamander,55,6.3
2009,OG,Coastal giant salamander,45,3.58
2009,OG,Coastal giant salamander,58,7.08
2009,OG,Coastal giant salamander,59,7.97
2009,OG,Coastal giant salamander,42,2.74
2009,OG,Coastal giant salamander,63,9.42
2009,OG,Coastal giant salamander,68,9.92
2009,OG,Coastal giant salamander,61,9.27
2009,OG,Cutthroat trout,127,18.22
2009,OG,Coastal giant salamander,38,1.87
2009,OG,Coastal giant salamander,43,2.73
2009,OG,Coastal giant salamander,59,8.5
2009,OG,Coastal giant salamander,36,1.51
2009,OG,Coastal giant salamander,41,3.04
2009,OG,Coastal giant salamander,51,4.88
2009,OG,Coastal giant salamander,58,7.53
2009,OG,Coastal giant salamander,68,10.42
2009,OG,Cutthroat trout,40,0.61
2009,OG,Cutthroat trout,43,0.8
2009,OG,Cutthroat trout,57,1.76
2009,OG,Coastal giant salamander,22,0.39
2009,OG,Coastal giant salamander,31,1.18
2009,OG,Coastal giant salamander,21,0.39
2009,OG,Coastal giant salamander,21,0.31
2009,OG,Coastal giant salamander,60,8.08
2009,OG,Coastal giant salamander,35,1.53
2009,OG,Coastal giant salamander,59,8.41
2009,OG,Cutthroat trout,42,0.69
2009,OG,Cutthroat trout,43,0.86
2009,OG,Cutthroat trout,53,1.54
2009,OG,Cutthroat trout,73,4.4
2009,OG,Cutthroat trout,79,4.9
2009,OG,Cutthroat trout,118,15.78
2009,OG,Cutthroat trout,139,25.54
2009,OG,Cutthroat trout,114,15.29
2009,OG,Coastal giant salamander,52,5.04
2009,OG,Coastal giant salamander,52,5.29
2009,OG,Coastal giant salamander,52,4.68
2009,OG,Coastal giant salamander,99,33.98
2009,OG,Cutthroat trout,43,0.76
2009,OG,Cutthroat trout,65,2.64
2009,OG,Cutthroat trout,72,3.58
2009,OG,Cutthroat trout,112,12.5
2009,OG,Cutthroat trout,99,9.95
2009,OG,Cutthroat trout,83,6.01
2009,OG,Cutthroat trout,144,25.51
2009,OG,Cutthroat trout,124,16.99
2009,OG,Cutthroat trout,153,28.77
2009,OG,Cutthroat trout,41,0.61
2009,OG,Cutthroat trout,160,39.59
2009,OG,Cutthroat trout,114,15.51
2009,OG,Cutthroat trout,118,15.15
2009,OG,Cutthroat trout,135,23.37
2009,OG,Coastal giant salamander,42,2.89
2009,OG,Coastal giant salamander,49,3.91
2009,OG,Coastal giant salamander,35,1.42
2009,OG,Coastal giant salamander,32,1.39
2009,OG,Coastal giant salamander,39,2.25
2009,OG,Coastal giant salamander,45,3.37
2009,OG,Coastal giant salamander,35,1.35
2009,OG,Coastal giant salamander,62,7.61
2009,OG,Coastal giant salamander,38,1.72
2009,OG,Coastal giant salamander,44,2.8
2009,OG,Cutthroat trout,48,1.11
2009,OG,Cutthroat trout,37,0.56
2009,OG,Cutthroat trout,39,0.54
2009,OG,Cutthroat trout,43,0.92
2009,OG,Cutthroat trout,44,0.91
2009,OG,Cutthroat trout,37,0.41
2009,OG,Cutthroat trout,50,1.26
2009,OG,Cutthroat trout,51,1.52
2009,OG,Cutthroat trout,83,5.02
2009,OG,Cutthroat trout,78,4.39
2009,OG,Cutthroat trout,84,5.22
2009,OG,Cutthroat trout,103,10.33
2009,OG,Cutthroat trout,114,14.97
2009,OG,Cutthroat trout,93,8.33
2009,OG,Coastal giant salamander,49,3.84
2009,OG,Cutthroat trout,108,13.07
2009,OG,Coastal giant salamander,30,0.89
2009,OG,Coastal giant salamander,37,1.87
2009,OG,Coastal giant salamander,46,3.42
2009,OG,Coastal giant salamander,41,2.55
2009,OG,Coastal giant salamander,45,3.4
2009,OG,Coastal giant salamander,55,5.84
2009,OG,Coastal giant salamander,47,3.57
2009,OG,Coastal giant salamander,50,4.07
2009,OG,Coastal giant salamander,47,3.55
2009,OG,Coastal giant salamander,30,0.77
2009,OG,Coastal giant salamander,31,1.26
2009,OG,Coastal giant salamander,41,2.25
2009,OG,Cutthroat trout,72,3.57
2009,OG,Cutthroat trout,111,16.09
2009,OG,Cutthroat trout,72,3.14
2009,OG,Cutthroat trout,98,9.62
2009,OG,Cutthroat trout,115,14.89
2009,OG,Coastal giant salamander,75,14.14
2009,OG,Coastal giant salamander,47,3.71
2009,OG,Coastal giant salamander,75,11.76
2009,OG,Coastal giant salamander,82,20.56
2009,OG,Coastal giant salamander,54,5.46
2009,OG,Coastal giant salamander,42,2.86
2009,OG,Coastal giant salamander,30,0.95
2009,OG,Coastal giant salamander,53,5.76
2009,OG,Coastal giant salamander,85,19.19
2009,OG,Coastal giant salamander,125,58.76
2009,OG,Coastal giant salamander,67,10.12
2009,OG,Cutthroat trout,85,5.87
2009,OG,Cutthroat trout,105,10.88
2009,OG,Cutthroat trout,131,21.22
2009,OG,Cutthroat trout,141,26.54
2009,OG,Cutthroat trout,98,8.57
2009,OG,Coastal giant salamander,69,10.41
2009,OG,Cutthroat trout,53,1.61
2009,OG,Cutthroat trout,48,1.06
2009,OG,Cutthroat trout,44,0.77
2009,OG,Cutthroat trout,50,1.22
2009,OG,Cutthroat trout,46,0.94
2009,OG,Cutthroat trout,50,1.3
2009,OG,Cutthroat trout,36,0.46
2009,OG,Coastal giant salamander,41,2.64
2009,OG,Coastal giant salamander,66,9.38
2009,OG,Coastal giant salamander,42,3.17
2009,OG,Coastal giant salamander,32,1.13
2009,OG,Coastal giant salamander,42,2.59
2009,OG,Coastal giant salamander,58,7.07
2009,OG,Coastal giant salamander,45,3.65
2009,OG,Coastal giant salamander,45,3.96
2009,OG,Coastal giant salamander,42,3.12
2009,OG,Coastal giant salamander,57,6.65
2009,OG,Coastal giant salamander,75,14.19
2009,OG,Coastal giant salamander,53,5.38
2009,OG,Coastal giant salamander,65,11.64
2009,OG,Coastal giant salamander,89,22.89
2009,OG,Coastal giant salamander,73,12.81
2009,OG,Coastal giant salamander,65,8.87
2009,OG,Coastal giant salamander,60,8.38
2009,OG,Coastal giant salamander,67,10.64
2009,OG,Cutthroat trout,47,1.2
2009,OG,Cutthroat trout,47,1.13
2009,OG,Cutthroat trout,45,0.87
2009,OG,Cutthroat trout,42,0.8
2009,OG,Cutthroat trout,54,1.72
2009,OG,Cutthroat trout,44,0.86
2009,OG,Cutthroat trout,53,1.38
2009,OG,Cutthroat trout,52,1.41
2009,OG,Cutthroat trout,54,1.51
2009,OG,Cutthroat trout,45,0.9
2009,OG,Cutthroat trout,46,0.96
2009,OG,Cutthroat trout,76,4.22
2009,OG,Cutthroat trout,81,5.38
2009,OG,Cutthroat trout,91,7.68
2009,OG,Cutthroat trout,113,14.1
2009,OG,Cutthroat trout,108,11.8
2009,OG,Cutthroat trout,97,8.06
2009,OG,Cutthroat trout,138,26.67
2009,OG,Cutthroat trout,131,21.57
2009,OG,Cutthroat trout,137,23.6
2009,OG,Cutthroat trout,49,1.15
2009,OG,Cutthroat trout,42,0.8
2009,OG,Cutthroat trout,94,8.47
2009,OG,Cutthroat trout,93,8.53
2009,OG,Cutthroat trout,108,13.14
2009,OG,Cutthroat trout,43,0.62
2009,OG,Cutthroat trout,93,7.52
2009,OG,Cutthroat trout,123,19.08
2009,OG,Cutthroat trout,132,20.04
2009,OG,Cutthroat trout,117,14.39
2009,OG,Cutthroat trout,117,16.98
2009,OG,Cutthroat trout,47,1.06
2009,OG,Coastal giant salamander,75,15.3
2009,OG,Cutthroat trout,48,1.1
2009,OG,Cutthroat trout,84,6.19
2009,OG,Cutthroat trout,138,27.88
2009,OG,Cutthroat trout,92,7.65
2009,OG,Cutthroat trout,153,35.57
2009,OG,Cutthroat trout,124,17.51
2009,OG,Cutthroat trout,123,17.11
2009,OG,Coastal giant salamander,70,12.56
2009,OG,Coastal giant salamander,65,11.2
2009,OG,Coastal giant salamander,66,9.82
2009,OG,Coastal giant salamander,53,4.97
2009,OG,Coastal giant salamander,34,1.58
2009,OG,Coastal giant salamander,52,5.4
2009,OG,Coastal giant salamander,65,10.54
2009,OG,Coastal giant salamander,88,22.53
2009,OG,Coastal giant salamander,54,5.5
2009,OG,Coastal giant salamander,51,4.64
2009,OG,Coastal giant salamander,48,3.73
2009,OG,Coastal giant salamander,52,5.28
2009,OG,Coastal giant salamander,72,11.78
2009,OG,Coastal giant salamander,81,21.52
2009,OG,Coastal giant salamander,60,8.42
2009,OG,Coastal giant salamander,83,22.64
2009,OG,Cutthroat trout,121,17.37
2009,OG,Coastal giant salamander,59,7.79
2009,OG,Coastal giant salamander,45,4
2009,OG,Coastal giant salamander,40,2.37
2009,OG,Coastal giant salamander,42,2.76
2009,OG,Coastal giant salamander,31,1.22
2009,OG,Coastal giant salamander,53,5.13
2009,OG,Coastal giant salamander,58,7.71
2009,OG,Coastal giant salamander,59,9.26
2009,OG,Coastal giant salamander,57,7.95
2009,OG,Coastal giant salamander,52,4.8
2009,OG,Coastal giant salamander,37,2
2009,OG,Coastal giant salamander,40,2.68
2009,OG,Coastal giant salamander,68,11.32
2009,OG,Coastal giant salamander,42,2.62
2009,OG,Coastal giant salamander,49,4.12
2009,OG,Coastal giant salamander,60,7.17
2009,OG,Coastal giant salamander,25,0.42
2009,OG,Coastal giant salamander,35,1.73
2009,OG,Coastal giant salamander,57,7.21
2009,OG,Coastal giant salamander,62,7.93
2009,OG,Coastal giant salamander,64,10.07
2009,OG,Coastal giant salamander,68,10.99
2009,OG,Coastal giant salamander,69,10.94
2009,OG,Coastal giant salamander,64,9.16
2009,OG,Coastal giant salamander,140,112.01
2009,OG,Cutthroat trout,48,1.32
2009,OG,Coastal giant salamander,31,1.38
2009,OG,Coastal giant salamander,36,1.75
2009,OG,Cutthroat trout,111,13.06
2009,OG,Cutthroat trout,116,15.39
2009,OG,Cutthroat trout,50,1.31
2009,OG,Coastal giant salamander,46,3.98
2009,OG,Coastal giant salamander,36,1.62
2009,OG,Cutthroat trout,37,0.56
2009,OG,Cutthroat trout,43,0.84
2009,OG,Cutthroat trout,42,0.77
2009,OG,Cutthroat trout,99,9.59
2009,OG,Cutthroat trout,122,17.05
2009,OG,Cutthroat trout,89,6.6
2009,OG,Cutthroat trout,93,9.22
2009,OG,Cutthroat trout,103,10.41
2009,OG,Cutthroat trout,168,42.44
2009,OG,Coastal giant salamander,48,3.83
2009,OG,Coastal giant salamander,54,5.14
2009,OG,Coastal giant salamander,43,3.39
2009,OG,Coastal giant salamander,38,2.15
2009,OG,Coastal giant salamander,62,8.17
2009,OG,Coastal giant salamander,26,0.7
2009,OG,Coastal giant salamander,122,49.79
2009,OG,Cutthroat trout,122,16.6
2009,OG,Cutthroat trout,153,35.26
2009,OG,Cutthroat trout,46,1.21
2009,OG,Cutthroat trout,48,1.21
2009,OG,Cutthroat trout,53,1.34
2009,OG,Cutthroat trout,75,5.22
2009,OG,Coastal giant salamander,21,0.43
2009,OG,Coastal giant salamander,39,2.49
2009,OG,Coastal giant salamander,48,4.11
2009,OG,Coastal giant salamander,61,9.05
2009,OG,Coastal giant salamander,59,7.33
2009,OG,Cutthroat trout,40,0.69
2009,OG,Cutthroat trout,41,0.77
2009,OG,Cutthroat trout,36,0.55
2009,OG,Cutthroat trout,51,1.5
2009,OG,Cutthroat trout,53,1.5
2009,OG,Cutthroat trout,52,1.3
2009,OG,Cutthroat trout,44,1.01
2009,OG,Cutthroat trout,43,0.96
2009,OG,Cutthroat trout,36,0.53
2009,OG,Cutthroat trout,41,1.21
2009,OG,Cutthroat trout,47,1.19
2009,OG,Cutthroat trout,72,3.6
2009,OG,Cutthroat trout,38,0.48
2009,OG,Cutthroat trout,48,1.12
2009,OG,Cutthroat trout,49,1.23
2009,OG,Cutthroat trout,83,6.02
2009,OG,Coastal giant salamander,47,3.47
2009,OG,Coastal giant salamander,49,3.65
2009,OG,Coastal giant salamander,47,4.16
2009,OG,Coastal giant salamander,57,6.66
2009,OG,Coastal giant salamander,48,3.94
2009,OG,Coastal giant salamander,23,0.37
2009,OG,Coastal giant salamander,41,2.64
2009,OG,Coastal giant salamander,44,2.88
2009,OG,Coastal giant salamander,49,3.75
2009,OG,Coastal giant salamander,38,2.13
2009,OG,Coastal giant salamander,62,8.93
2009,OG,Coastal giant salamander,64,8.82
2009,OG,Coastal giant salamander,67,10.5
2009,OG,Coastal giant salamander,59,7.34
2009,OG,Coastal giant salamander,62,8.95
2009,OG,Cutthroat trout,45,1.02
2009,OG,Cutthroat trout,55,1.94
2009,OG,Cutthroat trout,52,1.43
2009,OG,Cutthroat trout,47,1
2009,OG,Cutthroat trout,51,1.36
2009,OG,Cutthroat trout,53,1.53
2009,OG,Cutthroat trout,44,0.83
2009,OG,Cutthroat trout,47,1.03
2009,OG,Cutthroat trout,35,0.55
2009,OG,Cutthroat trout,47,0.95
2009,OG,Cutthroat trout,45,0.82
2009,OG,Cutthroat trout,42,0.87
2009,OG,Cutthroat trout,30,0.28
2009,OG,Cutthroat trout,31,0.25
2009,OG,Cutthroat trout,35,0.32
2009,OG,Cutthroat trout,47,1.06
2009,OG,Cutthroat trout,50,1.13
2009,OG,Cutthroat trout,84,5.97
2009,OG,Cutthroat trout,47,1.08
2009,OG,Cutthroat trout,46,0.92
2009,OG,Cutthroat trout,78,4.93
2009,OG,Cutthroat trout,92,7.81
2009,OG,Cutthroat trout,112,13.38
2009,OG,Cutthroat trout,117,16.51
2009,OG,Cutthroat trout,103,10.45
2009,OG,Coastal giant salamander,50,4.62
2009,OG,Coastal giant salamander,39,2.37
2009,OG,Coastal giant salamander,47,3.75
2009,OG,Coastal giant salamander,51,5.65
2009,OG,Cutthroat trout,101,9.69
2009,OG,Cutthroat trout,109,12.38
2009,OG,Cutthroat trout,120,17.23
2009,OG,Cutthroat trout,85,5.45
2009,OG,Cutthroat trout,100,9.82
2009,OG,Coastal giant salamander,48,3.17
2009,OG,Coastal giant salamander,47,3.28
2009,OG,Coastal giant salamander,44,3.04
2009,OG,Coastal giant salamander,40,2.41
2009,OG,Coastal giant salamander,33,1.08
2009,OG,Cutthroat trout,81,5.78
2009,OG,Cutthroat trout,172,42.26
2009,OG,Cutthroat trout,111,13.08
2009,OG,Cutthroat trout,83,5.91
2009,OG,Cutthroat trout,121,17.22
2009,OG,Cutthroat trout,48,1.01
2009,OG,Cutthroat trout,47,1.21
2009,OG,Cutthroat trout,58,2.01
2009,OG,Cutthroat trout,51,1.24
2009,OG,Cutthroat trout,58,1.85
2009,OG,Cutthroat trout,56,1.82
2009,OG,Cutthroat trout,43,0.76
2009,OG,Cutthroat trout,44,0.75
2009,OG,Coastal giant salamander,23,0.48
2009,OG,Cutthroat trout,49,1.15
2009,OG,Cutthroat trout,40,0.65
2009,OG,Cutthroat trout,42,0.77
2009,OG,Coastal giant salamander,33,1.14
2009,OG,Cutthroat trout,85,5.95
2009,OG,Cutthroat trout,111,12.74
2009,OG,Cutthroat trout,108,12.77
2009,OG,Cutthroat trout,128,21.28
2009,OG,Cutthroat trout,114,14.91
2009,OG,Cutthroat trout,120,16.55
2009,OG,Cutthroat trout,104,9.6
2009,OG,Cutthroat trout,108,12.36
2009,OG,Cutthroat trout,103,11.27
2009,OG,Cutthroat trout,88,6.48
2009,OG,Coastal giant salamander,40,2.05
2009,OG,Coastal giant salamander,58,6.41
2009,OG,Coastal giant salamander,47,3.73
2009,OG,Coastal giant salamander,66,9.86
2009,OG,Coastal giant salamander,65,9.16
2009,OG,Coastal giant salamander,62,9.47
2009,OG,Coastal giant salamander,73,12.57
2009,OG,Coastal giant salamander,65,9.36
2009,OG,Coastal giant salamander,63,8.94
2009,OG,Coastal giant salamander,52,5.47
2009,OG,Cutthroat trout,54,1.93
2009,OG,Cutthroat trout,49,1.1
2009,OG,Cutthroat trout,54,1.72
2009,OG,Cutthroat trout,37,0.53
2009,OG,Cutthroat trout,54,1.58
2009,OG,Cutthroat trout,43,0.85
2009,OG,Cutthroat trout,54,1.45
2009,OG,Cutthroat trout,78,4.24
2009,OG,Cutthroat trout,78,4.82
2009,OG,Cutthroat trout,111,12.19
2009,OG,Cutthroat trout,160,37.07
2009,OG,Cutthroat trout,106,15.14
2009,OG,Cutthroat trout,125,17.55
2009,OG,Cutthroat trout,99,9.16
2009,OG,Cutthroat trout,126,19.41
2009,OG,Cutthroat trout,100,9.96
2009,OG,Cutthroat trout,103,9.31
2009,OG,Cutthroat trout,138,23.84
2009,OG,Cutthroat trout,107,11.3
2009,OG,Cutthroat trout,109,12.37
2009,OG,Cutthroat trout,95,7.9
2009,OG,Coastal giant salamander,55,5.47
2009,OG,Coastal giant salamander,61,8.02
2009,OG,Cutthroat trout,98,9.25
2009,OG,Cutthroat trout,128,19.11
2009,OG,Cutthroat trout,88,6.29
2009,OG,Cutthroat trout,55,1.61
2009,OG,Cutthroat trout,48,0.95
2009,OG,Cutthroat trout,53,1.39
2009,OG,Cutthroat trout,37,0.48
2009,OG,Cutthroat trout,34,0.39
2009,OG,Cutthroat trout,43,0.81
2009,OG,Cutthroat trout,47,1.07
2009,OG,Cutthroat trout,54,1.68
2009,OG,Cutthroat trout,45,0.78
2009,OG,Cutthroat trout,54,1.79
2009,OG,Cutthroat trout,40,0.54
2009,OG,Cutthroat trout,52,1.87
2009,OG,Cutthroat trout,52,1.39
2009,OG,Cutthroat trout,50,1.15
2009,OG,Cutthroat trout,54,1.47
2009,OG,Cutthroat trout,44,1.15
2009,OG,Cutthroat trout,51,1.56
2009,OG,Cutthroat trout,37,0.59
2009,OG,Cutthroat trout,39,0.61
2009,OG,Cutthroat trout,41,0.74
2009,OG,Cutthroat trout,40,0.6
2009,OG,Cutthroat trout,29,0.22
2009,OG,Cutthroat trout,53,1.4
2009,OG,Cutthroat trout,57,1.72
2009,OG,Cutthroat trout,43,0.86
2009,OG,Cutthroat trout,48,0.98
2009,OG,Cutthroat trout,46,1.02
2009,OG,Cutthroat trout,44,0.92
2009,OG,Cutthroat trout,44,0.94
2009,OG,Cutthroat trout,34,0.36
2009,OG,Cutthroat trout,47,1.2
2009,OG,Cutthroat trout,43,0.91
2009,OG,Cutthroat trout,34,0.46
2009,OG,Cutthroat trout,48,0.99
2009,OG,Cutthroat trout,52,1.38
2009,OG,Cutthroat trout,43,0.71
2009,OG,Cutthroat trout,44,0.92
2009,OG,Cutthroat trout,39,0.59
2009,OG,Cutthroat trout,42,0.66
2009,OG,Cutthroat trout,54,1.74
2009,OG,Cutthroat trout,114,14.37
2009,OG,Cutthroat trout,66,2.73
2009,OG,Cutthroat trout,84,6.18
2009,OG,Cutthroat trout,132,24.16
2009,OG,Cutthroat trout,107,12.13
2009,OG,Coastal giant salamander,118,47.07
2009,OG,Cutthroat trout,95,10.41
2009,OG,Cutthroat trout,120,16.35
2009,OG,Cutthroat trout,116,15.23
2009,OG,Cutthroat trout,96,9.23
2009,OG,Cutthroat trout,108,12.67
2009,OG,Coastal giant salamander,76,15.43
2009,OG,Coastal giant salamander,119,49.9
2009,OG,Coastal giant salamander,75,12.99
2009,OG,Coastal giant salamander,62,8.38
2009,OG,Coastal giant salamander,71,11.23
2009,OG,Coastal giant salamander,77,13.8
2009,OG,Coastal giant salamander,64,10.17
2009,OG,Coastal giant salamander,70,10.59
2009,OG,Coastal giant salamander,75,14.8
2009,OG,Coastal giant salamander,67,10.04
2009,OG,Coastal giant salamander,64,10.1
2009,OG,Coastal giant salamander,58,8.49
2009,OG,Coastal giant salamander,52,5.61
2009,OG,Coastal giant salamander,59,7.11
2009,OG,Coastal giant salamander,54,5.54
2009,OG,Coastal giant salamander,51,4.57
2009,OG,Coastal giant salamander,46,3.17
2009,OG,Coastal giant salamander,36,1.62
2009,OG,Coastal giant salamander,62,9.13
2009,OG,Coastal giant salamander,41,2.14
2009,OG,Coastal giant salamander,39,2.06
2009,OG,Coastal giant salamander,57,6.81
2009,OG,Coastal giant salamander,56,5.38
2009,OG,Coastal giant salamander,38,1.86
2009,OG,Coastal giant salamander,49,3.97
2009,OG,Coastal giant salamander,42,2.83
2009,OG,Coastal giant salamander,50,4.21
2009,OG,Coastal giant salamander,42,2.75
2009,OG,Coastal giant salamander,37,1.69
2009,OG,Coastal giant salamander,56,4.93
2009,OG,Coastal giant salamander,60,6.96
2009,OG,Coastal giant salamander,70,11.51
2009,OG,Coastal giant salamander,60,8.75
2009,OG,Coastal giant salamander,63,9.15
2009,OG,Coastal giant salamander,55,6.7
2009,OG,Coastal giant salamander,52,5.93
2009,OG,Coastal giant salamander,36,1.8
2009,OG,Coastal giant salamander,50,4.69
2009,OG,Coastal giant salamander,43,2.7
2009,OG,Coastal giant salamander,44,3.59
2009,OG,Coastal giant salamander,37,1.58
2009,OG,Coastal giant salamander,34,1.68
2009,OG,Coastal giant salamander,40,1.92
2009,OG,Coastal giant salamander,66,10.43
2009,OG,Coastal giant salamander,63,8.63
2009,OG,Coastal giant salamander,60,7.07
2009,OG,Coastal giant salamander,61,7.66
2009,OG,Cutthroat trout,81,4.88
2009,OG,Cutthroat trout,88,6.3
2009,OG,Cutthroat trout,130,20.79
2009,OG,Cutthroat trout,125,24.61
2009,OG,Cutthroat trout,125,18.43
2009,OG,Cutthroat trout,103,9.01
2009,OG,Coastal giant salamander,45,3.47
2009,OG,Cutthroat trout,53,1.52
2009,OG,Cutthroat trout,46,1.14
2009,OG,Cutthroat trout,51,1.46
2009,OG,Cutthroat trout,53,1.27
2009,OG,Cutthroat trout,91,7.39
2009,OG,Cutthroat trout,82,5.14
2009,OG,Cutthroat trout,144,26.15
2009,OG,Coastal giant salamander,42,2.76
2009,OG,Coastal giant salamander,38,2.01
2009,OG,Coastal giant salamander,35,1.34
2009,OG,Coastal giant salamander,34,1.85
2009,OG,Coastal giant salamander,60,8.03
2009,OG,Coastal giant salamander,64,9.65
2009,OG,Cutthroat trout,36,0.45
2009,OG,Cutthroat trout,121,17.2
2009,OG,Cutthroat trout,132,25.15
2009,OG,Coastal giant salamander,43,3.21
2009,OG,Coastal giant salamander,43,2.83
2009,OG,Coastal giant salamander,56,5.98
2009,OG,Coastal giant salamander,26,0.48
2009,OG,Coastal giant salamander,41,2.54
2009,OG,Coastal giant salamander,24,0.45
2009,OG,Coastal giant salamander,24,0.47
2009,OG,Coastal giant salamander,78,16.47
2009,OG,Coastal giant salamander,62,8.35
2009,OG,Coastal giant salamander,65,11.21
2009,OG,Coastal giant salamander,57,6.83
2009,OG,Coastal giant salamander,59,7.42
2009,OG,Coastal giant salamander,68,9.9
2009,OG,Cutthroat trout,50,1.27
2009,OG,Coastal giant salamander,40,2.45
2009,OG,Coastal giant salamander,53,6.13
2009,OG,Cutthroat trout,49,1.16
2009,OG,Cutthroat trout,45,1.19
2009,OG,Cutthroat trout,45,0.97
2009,OG,Cutthroat trout,50,1.31
2009,OG,Cutthroat trout,48,1.34
2009,OG,Cutthroat trout,93,7.27
2009,OG,Cutthroat trout,123,18.85
2009,OG,Cutthroat trout,128,23.45
2009,OG,Cutthroat trout,114,13.79
2009,OG,Coastal giant salamander,68,10.33
2009,OG,Coastal giant salamander,65,10.07
2009,OG,Coastal giant salamander,82,19.8
2009,OG,Coastal giant salamander,69,9.61
2009,OG,Coastal giant salamander,78,13.89
2009,OG,Coastal giant salamander,38,2.22
2009,OG,Coastal giant salamander,64,8.55
2009,OG,Coastal giant salamander,71,11.13
2009,OG,Coastal giant salamander,36,2.24
2009,OG,Coastal giant salamander,63,8.78
2009,OG,Coastal giant salamander,42,3.19
2009,OG,Coastal giant salamander,58,6.37
2009,OG,Coastal giant salamander,50,4.55
2009,OG,Coastal giant salamander,31,1.1
2009,OG,Coastal giant salamander,54,5.49
2009,OG,Coastal giant salamander,26,1.48
2009,OG,Coastal giant salamander,31,1.57
2009,OG,Coastal giant salamander,57,6.6
2009,OG,Coastal giant salamander,48,4.42
2009,OG,Coastal giant salamander,126,57.17
2010,CC,Cutthroat trout,72,3.44
2010,CC,Cutthroat trout,81,4.73
2010,CC,Cutthroat trout,85,6.05
2010,CC,Cutthroat trout,83,5.76
2010,CC,Cutthroat trout,89,7.37
2010,CC,Cutthroat trout,103,12.56
2010,CC,Cutthroat trout,95,11.86
2010,CC,Cutthroat trout,95,8.22
2010,CC,Cutthroat trout,94,11.54
2010,CC,Cutthroat trout,116,13.79
2010,CC,Cutthroat trout,80,5.2
2010,CC,Cutthroat trout,93,7.97
2010,CC,Cutthroat trout,72,4.13
2010,CC,Cutthroat trout,86,7.26
2010,CC,Cutthroat trout,87,6.24
2010,CC,Cutthroat trout,74,4.11
2010,CC,Cutthroat trout,89,7.56
2010,CC,Cutthroat trout,98,9.88
2010,CC,Coastal giant salamander,47,4.65
2010,CC,Coastal giant salamander,50,4.63
2010,CC,Coastal giant salamander,59,8.02
2010,CC,Cutthroat trout,86,6.2
2010,CC,Coastal giant salamander,27,1.1
2010,CC,Coastal giant salamander,46,3.45
2010,CC,Coastal giant salamander,59,7.33
2010,CC,Coastal giant salamander,34,1.86
2010,CC,Cutthroat trout,124,19.94
2010,CC,Coastal giant salamander,69,11.96
2010,CC,Coastal giant salamander,59,8.92
2010,CC,Coastal giant salamander,61,8.5
2010,CC,Coastal giant salamander,61,9.01
2010,CC,Coastal giant salamander,114,43.54
2010,CC,Cutthroat trout,73,4.38
2010,CC,Cutthroat trout,42,0.92
2010,CC,Cutthroat trout,46,1.5
2010,CC,Cutthroat trout,39,0.69
2010,CC,Cutthroat trout,49,1.15
2010,CC,Cutthroat trout,40,0.59
2010,CC,Cutthroat trout,41,0.53
2010,CC,Cutthroat trout,80,5.2
2010,CC,Cutthroat trout,28,0.24
2010,CC,Cutthroat trout,45,0.95
2010,CC,Cutthroat trout,27,0.3
2010,CC,Cutthroat trout,43,0.71
2010,CC,Cutthroat trout,42,0.67
2010,CC,Cutthroat trout,41,0.58
2010,CC,Cutthroat trout,42,0.81
2010,CC,Cutthroat trout,36,0.39
2010,CC,Cutthroat trout,44,0.87
2010,CC,Cutthroat trout,43,0.71
2010,CC,Coastal giant salamander,50,4.91
2010,CC,Coastal giant salamander,42,2.58
2010,CC,Coastal giant salamander,24,0.71
2010,CC,Coastal giant salamander,39,2.38
2010,CC,Coastal giant salamander,47,3.97
2010,CC,Coastal giant salamander,26,0.78
2010,CC,Coastal giant salamander,50,4.83
2010,CC,Coastal giant salamander,38,1.85
2010,CC,Coastal giant salamander,53,5.09
2010,CC,Coastal giant salamander,50,4.97
2010,CC,Coastal giant salamander,54,6.03
2010,CC,Coastal giant salamander,57,7.65
2010,CC,Coastal giant salamander,68,11.77
2010,CC,Coastal giant salamander,60,8.29
2010,CC,Coastal giant salamander,77,15.92
2010,CC,Cutthroat trout,38,0.67
2010,CC,Cutthroat trout,52,1.69
2010,CC,Cutthroat trout,79,7.84
2010,CC,Cutthroat trout,89,7.02
2010,CC,Cutthroat trout,75,4.13
2010,CC,Cutthroat trout,104,10.2
2010,CC,Cutthroat trout,105,11.19
2010,CC,Cutthroat trout,93,7.95
2010,CC,Cutthroat trout,92,7.48
2010,CC,Cutthroat trout,92,7.39
2010,CC,Cutthroat trout,92,7.16
2010,CC,Cutthroat trout,93,7.67
2010,CC,Cutthroat trout,93,7.36
2010,CC,Cutthroat trout,98,9.5
2010,CC,Cutthroat trout,83,6.63
2010,CC,Cutthroat trout,125,20.77
2010,CC,Cutthroat trout,128,24.06
2010,CC,Cutthroat trout,84,6.16
2010,CC,Cutthroat trout,89,7.05
2010,CC,Cutthroat trout,101,10.27
2010,CC,Cutthroat trout,109,11.44
2010,CC,Cutthroat trout,135,23.44
2010,CC,Cutthroat trout,104,12.07
2010,CC,Cutthroat trout,113,14.81
2010,CC,Cutthroat trout,43,0.71
2010,CC,Cutthroat trout,73,4.11
2010,CC,Cutthroat trout,83,6.31
2010,CC,Cutthroat trout,90,7.74
2010,CC,Cutthroat trout,114,14.75
2010,CC,Cutthroat trout,108,12.79
2010,CC,Cutthroat trout,129,21.32
2010,CC,Cutthroat trout,140,28.34
2010,CC,Coastal giant salamander,55,6.04
2010,CC,Coastal giant salamander,52,5.21
2010,CC,Coastal giant salamander,58,6.93
2010,CC,Coastal giant salamander,57,7.01
2010,CC,Coastal giant salamander,68,10.29
2010,CC,Coastal giant salamander,60,7.93
2010,CC,Cutthroat trout,93,7.92
2010,CC,Cutthroat trout,98,9.47
2010,CC,Cutthroat trout,89,8.43
2010,CC,Cutthroat trout,45,0.99
2010,CC,Cutthroat trout,109,13.8
2010,CC,Cutthroat trout,83,5.91
2010,CC,Cutthroat trout,93,8.5
2010,CC,Coastal giant salamander,58,7.23
2010,CC,Coastal giant salamander,44,3.42
2010,CC,Cutthroat trout,102,10.54
2010,CC,Cutthroat trout,84,5.71
2010,CC,Cutthroat trout,92,7.27
2010,CC,Cutthroat trout,103,10.98
2010,CC,Cutthroat trout,87,6.73
2010,CC,Cutthroat trout,150,32.8
2010,CC,Coastal giant salamander,59,7.24
2010,CC,Coastal giant salamander,57,6.76
2010,CC,Coastal giant salamander,31,1.24
2010,CC,Coastal giant salamander,52,6.33
2010,CC,Coastal giant salamander,78,16.6
2010,CC,Cutthroat trout,83,6.21
2010,CC,Cutthroat trout,113,15.21
2010,CC,Coastal giant salamander,72,7.52
2010,CC,Coastal giant salamander,75,14.34
2010,CC,Coastal giant salamander,69,12.24
2010,CC,Coastal giant salamander,65,11.01
2010,CC,Coastal giant salamander,66,10.25
2010,CC,Coastal giant salamander,74,14.54
2010,CC,Cutthroat trout,119,17.6
2010,CC,Coastal giant salamander,43,3.24
2010,CC,Coastal giant salamander,48,3.75
2010,CC,Coastal giant salamander,35,1.37
2010,CC,Coastal giant salamander,55,5.93
2010,CC,Coastal giant salamander,60,8.28
2010,CC,Coastal giant salamander,70,12.74
2010,CC,Coastal giant salamander,52,5.38
2010,CC,Coastal giant salamander,38,2.32
2010,CC,Coastal giant salamander,35,1.3
2010,CC,Coastal giant salamander,28,0.85
2010,CC,Coastal giant salamander,58,7.21
2010,CC,Coastal giant salamander,82,19.63
2010,CC,Coastal giant salamander,77,16.04
2010,CC,Coastal giant salamander,66,10.36
2010,CC,Coastal giant salamander,71,13.02
2010,CC,Coastal giant salamander,118,50
2010,CC,Coastal giant salamander,130,72.89
2010,CC,Coastal giant salamander,50,5.1
2010,CC,Coastal giant salamander,44,3.2
2010,CC,Cutthroat trout,86,6.33
2010,CC,Cutthroat trout,90,7.18
2010,CC,Coastal giant salamander,64,9.72
2010,CC,Coastal giant salamander,70,12.15
2010,CC,Coastal giant salamander,65,10.49
2010,CC,Cutthroat trout,35,0.35
2010,CC,Coastal giant salamander,42,3.39
2010,CC,Coastal giant salamander,27,1.01
2010,CC,Coastal giant salamander,28,1.06
2010,CC,Coastal giant salamander,29,1.26
2010,CC,Cutthroat trout,39,0.48
2010,CC,Coastal giant salamander,31,1.14
2010,CC,Coastal giant salamander,38,2.06
2010,CC,Cutthroat trout,85,10.8
2010,CC,Coastal giant salamander,51,5.12
2010,CC,Coastal giant salamander,47,4.24
2010,CC,Coastal giant salamander,59,7.66
2010,CC,Coastal giant salamander,75,14.26
2010,CC,Cutthroat trout,86,6.48
2010,CC,Cutthroat trout,77,4.45
2010,CC,Cutthroat trout,85,6.29
2010,CC,Cutthroat trout,105,13.68
2010,CC,Coastal giant salamander,48,4.57
2010,CC,Coastal giant salamander,31,1.11
2010,CC,Coastal giant salamander,45,3.64
2010,CC,Coastal giant salamander,55,5.96
2010,CC,Coastal giant salamander,53,5.49
2010,CC,Coastal giant salamander,67,9.99
2010,CC,Coastal giant salamander,95,24.94
2010,CC,Coastal giant salamander,30,0.65
2010,CC,Coastal giant salamander,49,4.03
2010,CC,Coastal giant salamander,51,5.49
2010,CC,Coastal giant salamander,55,7.29
2010,CC,Coastal giant salamander,78,18.71
2010,CC,Coastal giant salamander,62,9.27
2010,CC,Coastal giant salamander,41,2.65
2010,CC,Coastal giant salamander,75,15.76
2010,CC,Coastal giant salamander,90,24.7
2010,CC,Coastal giant salamander,72,15.06
2010,CC,Coastal giant salamander,59,8.29
2010,CC,Coastal giant salamander,46,4.32
2010,CC,Coastal giant salamander,66,10.35
2010,CC,Coastal giant salamander,80,17.57
2010,CC,Coastal giant salamander,85,21.85
2010,CC,Coastal giant salamander,81,19.13
2010,CC,Coastal giant salamander,70,11.68
2010,CC,Coastal giant salamander,108,37.68
2010,CC,Cutthroat trout,88,8.33
2010,CC,Cutthroat trout,111,13.12
2010,CC,Cutthroat trout,138,25.36
2010,CC,Cutthroat trout,96,8.66
2010,CC,Cutthroat trout,130,22.49
2010,CC,Cutthroat trout,121,17.18
2010,CC,Cutthroat trout,136,25.51
2010,CC,Cutthroat trout,153,36.08
2010,CC,Cutthroat trout,74,4.11
2010,CC,Cutthroat trout,74,4.2
2010,CC,Cutthroat trout,85,6.2
2010,CC,Cutthroat trout,109,12.85
2010,CC,Cutthroat trout,129,20.36
2010,CC,Cutthroat trout,84,5.59
2010,CC,Cutthroat trout,104,11.52
2010,CC,Cutthroat trout,121,16.91
2010,CC,Cutthroat trout,113,13.63
2010,CC,Cutthroat trout,113,13.72
2010,CC,Cutthroat trout,78,4.4
2010,CC,Cutthroat trout,120,16.89
2010,CC,Cutthroat trout,103,10.85
2010,CC,Cutthroat trout,92,7.37
2010,CC,Cutthroat trout,98,9.92
2010,CC,Coastal giant salamander,28,0.82
2010,CC,Coastal giant salamander,48,3.78
2010,CC,Coastal giant salamander,52,4.99
2010,CC,Coastal giant salamander,26,0.69
2010,CC,Coastal giant salamander,54,5.22
2010,CC,Coastal giant salamander,65,10.44
2010,CC,Coastal giant salamander,67,10.87
2010,CC,Coastal giant salamander,78,15.51
2010,CC,Coastal giant salamander,72,13.48
2010,CC,Coastal giant salamander,88,22.23
2010,CC,Cutthroat trout,48,1.26
2010,CC,Cutthroat trout,93,7.97
2010,CC,Cutthroat trout,41,0.56
2010,CC,Cutthroat trout,88,6.36
2010,CC,Cutthroat trout,93,7.79
2010,CC,Cutthroat trout,89,6.97
2010,CC,Cutthroat trout,132,21.58
2010,CC,Cutthroat trout,135,27.23
2010,CC,Coastal giant salamander,27,0.67
2010,CC,Coastal giant salamander,26,0.66
2010,CC,Coastal giant salamander,32,1.53
2010,CC,Coastal giant salamander,29,0.9
2010,CC,Coastal giant salamander,42,3.63
2010,CC,Coastal giant salamander,55,6.73
2010,CC,Cutthroat trout,44,1.03
2010,CC,Cutthroat trout,75,4.8
2010,CC,Cutthroat trout,88,6.52
2010,CC,Cutthroat trout,98,10.31
2010,CC,Cutthroat trout,43,0.76
2010,CC,Cutthroat trout,78,5.39
2010,CC,Cutthroat trout,86,6.86
2010,CC,Cutthroat trout,105,11.5
2010,CC,Coastal giant salamander,59,7.49
2010,CC,Coastal giant salamander,52,5.38
2010,CC,Coastal giant salamander,56,6.26
2010,CC,Coastal giant salamander,37,1.9
2010,CC,Coastal giant salamander,42,2.57
2010,CC,Coastal giant salamander,39,2.29
2010,CC,Coastal giant salamander,52,4.98
2010,CC,Coastal giant salamander,47,4.87
2010,CC,Coastal giant salamander,53,6.08
2010,CC,Cutthroat trout,128,25.2
2010,CC,Cutthroat trout,108,12.23
2010,CC,Cutthroat trout,93,7.97
2010,CC,Cutthroat trout,157,39.44
2010,CC,Coastal giant salamander,54,6.73
2010,CC,Coastal giant salamander,58,8.13
2010,CC,Coastal giant salamander,59,8.11
2010,CC,Coastal giant salamander,69,11.6
2010,CC,Coastal giant salamander,77,15.04
2010,CC,Cutthroat trout,34,0.32
2010,CC,Coastal giant salamander,26,0.63
2010,CC,Coastal giant salamander,51,5.48
2010,CC,Cutthroat trout,92,7.77
2010,CC,Cutthroat trout,105,10.92
2010,CC,Cutthroat trout,95,8.44
2010,CC,Cutthroat trout,133,24.19
2010,CC,Cutthroat trout,123,19.92
2010,CC,Cutthroat trout,169,55.62
2010,CC,Cutthroat trout,44,0.92
2010,CC,Cutthroat trout,43,0.85
2010,CC,Cutthroat trout,143,29.07
2010,CC,Cutthroat trout,98,8.34
2010,CC,Cutthroat trout,43,0.76
2010,CC,Cutthroat trout,45,0.99
2010,CC,Cutthroat trout,51,1.47
2010,CC,Cutthroat trout,48,1
2010,CC,Cutthroat trout,89,6.58
2010,CC,Cutthroat trout,84,6.1
2010,CC,Cutthroat trout,117,14.98
2010,CC,Cutthroat trout,127,20.87
2010,CC,Coastal giant salamander,107,43.79
2010,CC,Cutthroat trout,96,8.13
2010,CC,Cutthroat trout,126,20.16
2010,CC,Cutthroat trout,92,8.01
2010,CC,Cutthroat trout,96,8.11
2010,CC,Cutthroat trout,86,5.84
2010,CC,Cutthroat trout,88,6.57
2010,CC,Cutthroat trout,43,0.82
2010,CC,Cutthroat trout,93,7.48
2010,CC,Cutthroat trout,78,4.68
2010,CC,Coastal giant salamander,35,2.03
2010,CC,Coastal giant salamander,67,11.45
2010,CC,Coastal giant salamander,113,51.12
2010,CC,Coastal giant salamander,129,66.83
2010,CC,Coastal giant salamander,70,12.06
2010,CC,Coastal giant salamander,78,15.08
2010,CC,Cutthroat trout,37,0.58
2010,CC,Cutthroat trout,41,0.77
2010,CC,Coastal giant salamander,26,0.87
2010,CC,Cutthroat trout,93,7.95
2010,CC,Cutthroat trout,84,5.87
2010,CC,Coastal giant salamander,51,5.31
2010,CC,Coastal giant salamander,51,4.95
2010,CC,Coastal giant salamander,29,0.79
2010,CC,Coastal giant salamander,59,8.61
2010,CC,Coastal giant salamander,69,13.79
2010,CC,Coastal giant salamander,26,0.58
2010,CC,Coastal giant salamander,33,1.54
2010,CC,Coastal giant salamander,38,2.66
2010,CC,Coastal giant salamander,52,7.1
2010,CC,Coastal giant salamander,52,7.64
2010,CC,Coastal giant salamander,59,7.71
2010,CC,Cutthroat trout,95,10.34
2010,CC,Cutthroat trout,42,0.9
2010,CC,Coastal giant salamander,31,1.32
2010,CC,Coastal giant salamander,45,4.18
2010,CC,Coastal giant salamander,49,5.16
2010,CC,Cutthroat trout,92,7.36
2010,CC,Cutthroat trout,133,22.53
2010,CC,Cutthroat trout,94,8.45
2010,CC,Cutthroat trout,92,7.31
2010,CC,Cutthroat trout,88,7.01
2010,CC,Cutthroat trout,92,8.27
2010,CC,Coastal giant salamander,27,0.72
2010,CC,Coastal giant salamander,40,2.56
2010,CC,Cutthroat trout,92,7.97
2010,CC,Cutthroat trout,93,7.54
2010,CC,Cutthroat trout,108,13.07
2010,CC,Cutthroat trout,128,20.15
2010,CC,Cutthroat trout,93,7.99
2010,CC,Coastal giant salamander,68,11.82
2010,CC,Coastal giant salamander,65,10.25
2010,CC,Cutthroat trout,73,4.22
2010,CC,Cutthroat trout,111,13.36
2010,CC,Cutthroat trout,37,0.47
2010,CC,Cutthroat trout,78,5.27
2010,CC,Cutthroat trout,99,11.01
2010,CC,Cutthroat trout,129,25.22
2010,CC,Cutthroat trout,103,12.22
2010,CC,Coastal giant salamander,59,8.21
2010,CC,Coastal giant salamander,25,0.66
2010,CC,Coastal giant salamander,50,4.49
2010,CC,Coastal giant salamander,62,10.42
2010,CC,Coastal giant salamander,53,6.85
2010,CC,Coastal giant salamander,32,1.18
2010,CC,Coastal giant salamander,47,4.09
2010,CC,Coastal giant salamander,82,22.71
2010,CC,Coastal giant salamander,78,15.59
2010,CC,Coastal giant salamander,89,21.7
2010,CC,Coastal giant salamander,74,14.26
2010,CC,Coastal giant salamander,67,12.19
2010,CC,Coastal giant salamander,107,37.27
2010,CC,Coastal giant salamander,124,58.36
2010,CC,Coastal giant salamander,29,1.29
2010,CC,Coastal giant salamander,28,0.91
2010,CC,Coastal giant salamander,42,3.09
2010,CC,Coastal giant salamander,49,4.51
2010,CC,Coastal giant salamander,62,10.94
2010,CC,Cutthroat trout,46,1.23
2010,CC,Cutthroat trout,46,1
2010,CC,Cutthroat trout,46,0.86
2010,CC,Cutthroat trout,48,1.05
2010,CC,Cutthroat trout,87,5.72
2010,CC,Cutthroat trout,82,5.43
2010,CC,Cutthroat trout,74,4.03
2010,CC,Cutthroat trout,85,6.33
2010,CC,Cutthroat trout,41,0.9
2010,CC,Cutthroat trout,44,1.09
2010,CC,Cutthroat trout,63,2.76
2010,CC,Cutthroat trout,88,5.67
2010,CC,Cutthroat trout,80,5.22
2010,CC,Cutthroat trout,86,6.63
2010,CC,Cutthroat trout,94,8.54
2010,CC,Cutthroat trout,114,15.67
2010,CC,Cutthroat trout,43,0.9
2010,CC,Cutthroat trout,83,5.38
2010,CC,Cutthroat trout,85,5.93
2010,CC,Cutthroat trout,66,3.35
2010,CC,Cutthroat trout,80,8.3
2010,CC,Cutthroat trout,75,4.43
2010,CC,Cutthroat trout,93,7.74
2010,CC,Cutthroat trout,91,8.6
2010,CC,Cutthroat trout,98,9.39
2010,CC,Cutthroat trout,89,7.62
2010,CC,Cutthroat trout,93,8.18
2010,CC,Cutthroat trout,145,29.32
2010,CC,Cutthroat trout,91,7.86
2010,CC,Cutthroat trout,120,20.79
2010,CC,Cutthroat trout,96,8.83
2010,CC,Cutthroat trout,105,11.32
2010,CC,Cutthroat trout,114,13.78
2010,CC,Cutthroat trout,132,21.87
2010,CC,Cutthroat trout,145,30.59
2010,CC,Cutthroat trout,130,21.29
2010,CC,Cutthroat trout,125,19.68
2010,CC,Cutthroat trout,101,13.35
2010,CC,Cutthroat trout,108,13.12
2010,CC,Cutthroat trout,108,12.12
2010,CC,Coastal giant salamander,34,1.74
2010,CC,Coastal giant salamander,42,3.87
2010,CC,Coastal giant salamander,29,0.87
2010,CC,Coastal giant salamander,25,1.13
2010,CC,Coastal giant salamander,30,1.19
2010,CC,Coastal giant salamander,43,3.55
2010,CC,Coastal giant salamander,53,6
2010,CC,Coastal giant salamander,105,32.59
2010,CC,Coastal giant salamander,45,3.85
2010,CC,Coastal giant salamander,25,0.96
2010,CC,Coastal giant salamander,49,4.55
2010,CC,Coastal giant salamander,52,5.12
2010,CC,Coastal giant salamander,62,9.32
2010,CC,Coastal giant salamander,110,40.07
2010,CC,Coastal giant salamander,109,43.18
2010,CC,Coastal giant salamander,26,0.67
2010,CC,Coastal giant salamander,45,3.95
2010,CC,Coastal giant salamander,55,6.79
2010,CC,Coastal giant salamander,59,7.13
2010,CC,Coastal giant salamander,59,8.22
2010,CC,Coastal giant salamander,70,12.35
2010,CC,Coastal giant salamander,38,2.53
2010,CC,Coastal giant salamander,63,9.68
2010,CC,Coastal giant salamander,66,10.85
2010,CC,Coastal giant salamander,69,11.4
2010,CC,Coastal giant salamander,84,20.41
2010,CC,Coastal giant salamander,76,16.52
2010,CC,Coastal giant salamander,80,16.62
2010,CC,Coastal giant salamander,75,14.53
2010,CC,Cutthroat trout,74,4.48
2010,CC,Cutthroat trout,85,5.98
2010,CC,Cutthroat trout,142,28.77
2010,CC,Cutthroat trout,85,5.99
2010,CC,Cutthroat trout,92,7.8
2010,CC,Cutthroat trout,164,48.83
2010,CC,Cutthroat trout,106,12.31
2010,CC,Coastal giant salamander,34,1.39
2010,CC,Coastal giant salamander,50,5.62
2010,CC,Coastal giant salamander,55,6.13
2010,CC,Coastal giant salamander,68,11.73
2010,CC,Coastal giant salamander,64,11.24
2010,CC,Coastal giant salamander,67,10.88
2010,CC,Coastal giant salamander,70,13.49
2010,CC,Cutthroat trout,45,1.2
2010,CC,Cutthroat trout,45,1.08
2010,CC,Cutthroat trout,53,1.51
2010,CC,Cutthroat trout,48,1.46
2010,CC,Cutthroat trout,40,0.72
2010,CC,Cutthroat trout,73,4
2010,CC,Cutthroat trout,88,7.4
2010,CC,Cutthroat trout,102,11.49
2010,CC,Cutthroat trout,136,25.58
2010,CC,Cutthroat trout,72,4.19
2010,CC,Cutthroat trout,89,7.9
2010,CC,Cutthroat trout,108,14.96
2010,CC,Cutthroat trout,75,5.15
2010,CC,Cutthroat trout,89,7.46
2010,CC,Cutthroat trout,115,15.28
2010,CC,Coastal giant salamander,45,3.93
2010,CC,Coastal giant salamander,26,0.73
2010,CC,Coastal giant salamander,37,1.81
2010,CC,Coastal giant salamander,52,5.1
2010,CC,Coastal giant salamander,55,4.94
2010,CC,Coastal giant salamander,55,5.45
2010,CC,Coastal giant salamander,59,7.99
2010,CC,Coastal giant salamander,62,8.85
2010,CC,Coastal giant salamander,74,16.72
2010,CC,Cutthroat trout,47,1.13
2010,CC,Cutthroat trout,45,1.03
2010,CC,Cutthroat trout,93,7.71
2010,CC,Cutthroat trout,130,22.34
2010,CC,Cutthroat trout,145,33.09
2010,CC,Cutthroat trout,138,26.83
2010,CC,Cutthroat trout,115,15.92
2010,CC,Cutthroat trout,121,18.85
2010,CC,Cutthroat trout,43,0.88
2010,CC,Cutthroat trout,90,7.49
2010,CC,Cutthroat trout,136,24.47
2010,CC,Cutthroat trout,140,29.55
2010,CC,Cutthroat trout,98,10.03
2010,CC,Cutthroat trout,94,7.89
2010,CC,Cutthroat trout,93,7.14
2010,CC,Coastal giant salamander,49,4.97
2010,CC,Coastal giant salamander,68,13.31
2010,CC,Coastal giant salamander,85,21.3
2010,CC,Coastal giant salamander,70,13.63
2010,CC,Cutthroat trout,48,1.51
2010,CC,Cutthroat trout,45,0.98
2010,CC,Cutthroat trout,43,1
2010,CC,Cutthroat trout,50,1.5
2010,CC,Cutthroat trout,45,1.31
2010,CC,Cutthroat trout,55,1.92
2010,CC,Cutthroat trout,95,9.68
2010,CC,Cutthroat trout,123,19.64
2010,CC,Cutthroat trout,118,18.65
2010,CC,Cutthroat trout,90,8.3
2010,CC,Cutthroat trout,105,11.79
2010,CC,Cutthroat trout,91,7.35
2010,CC,Coastal giant salamander,30,0.98
2010,CC,Coastal giant salamander,55,6.23
2010,CC,Coastal giant salamander,54,6.25
2010,CC,Coastal giant salamander,59,8.64
2010,CC,Coastal giant salamander,75,15.89
2010,CC,Coastal giant salamander,64,10.08
2010,CC,Coastal giant salamander,65,10.16
2010,CC,Coastal giant salamander,65,9.64
2010,CC,Coastal giant salamander,35,3.35
2010,CC,Cutthroat trout,42,1.06
2010,CC,Cutthroat trout,43,1.22
2010,CC,Cutthroat trout,39,1.11
2010,CC,Cutthroat trout,50,1.52
2010,CC,Cutthroat trout,71,5.13
2010,CC,Cutthroat trout,76,5.68
2010,CC,Cutthroat trout,74,4.38
2010,CC,Cutthroat trout,90,7.54
2010,CC,Cutthroat trout,89,7.94
2010,CC,Cutthroat trout,104,12.41
2010,CC,Cutthroat trout,92,7.72
2010,CC,Coastal giant salamander,20,0.49
2010,CC,Coastal giant salamander,54,6.9
2010,CC,Coastal giant salamander,38,2.51
2010,CC,Coastal giant salamander,52,5.54
2010,CC,Coastal giant salamander,57,8.7
2010,CC,Coastal giant salamander,64,9.3
2010,CC,Coastal giant salamander,75,15.09
2010,CC,Coastal giant salamander,66,9.34
2010,CC,Coastal giant salamander,65,12.31
2010,CC,Coastal giant salamander,25,0.84
2010,CC,Coastal giant salamander,58,8.99
2010,CC,Coastal giant salamander,74,13.8
2010,CC,Coastal giant salamander,73,13.16
2010,CC,Coastal giant salamander,74,14.31
2010,CC,Coastal giant salamander,90,23.46
2010,CC,Coastal giant salamander,25,0.67
2010,CC,Coastal giant salamander,90,23.82
2010,CC,Coastal giant salamander,75,13.65
2010,CC,Coastal giant salamander,59,7.44
2010,CC,Coastal giant salamander,62,8.98
2010,CC,Cutthroat trout,96,10.37
2010,CC,Cutthroat trout,143,34.75
2010,CC,Coastal giant salamander,50,5.1
2010,CC,Coastal giant salamander,25,0.55
2010,CC,Coastal giant salamander,61,8.04
2010,CC,Cutthroat trout,83,5.86
2010,CC,Coastal giant salamander,54,6.42
2010,CC,Cutthroat trout,38,0.76
2010,CC,Cutthroat trout,142,30.5
2010,CC,Coastal giant salamander,49,4.34
2010,CC,Coastal giant salamander,78,15.09
2010,OG,Cutthroat trout,46,1.08
2010,OG,Cutthroat trout,82,5.74
2010,OG,Coastal giant salamander,32,1.23
2010,OG,Cutthroat trout,93,7.89
2010,OG,Cutthroat trout,106,10.82
2010,OG,Cutthroat trout,141,26.52
2010,OG,Cutthroat trout,173,51.19
2010,OG,Coastal giant salamander,52,5.27
2010,OG,Cutthroat trout,37,0.54
2010,OG,Cutthroat trout,46,1.22
2010,OG,Cutthroat trout,88,7.36
2010,OG,Cutthroat trout,82,4.9
2010,OG,Cutthroat trout,75,4.18
2010,OG,Cutthroat trout,82,5.36
2010,OG,Cutthroat trout,92,7.63
2010,OG,Cutthroat trout,118,15.83
2010,OG,Cutthroat trout,125,20.16
2010,OG,Cutthroat trout,143,30.44
2010,OG,Coastal giant salamander,52,5.23
2010,OG,Cutthroat trout,47,1
2010,OG,Cutthroat trout,81,5.24
2010,OG,Cutthroat trout,87,6.42
2010,OG,Cutthroat trout,80,5.82
2010,OG,Cutthroat trout,102,9.64
2010,OG,Cutthroat trout,101,10.74
2010,OG,Cutthroat trout,105,11.16
2010,OG,Cutthroat trout,112,14.82
2010,OG,Cutthroat trout,106,11.13
2010,OG,Coastal giant salamander,39,2.32
2010,OG,Coastal giant salamander,47,3.66
2010,OG,Coastal giant salamander,56,6.99
2010,OG,Cutthroat trout,48,1.01
2010,OG,Cutthroat trout,143,33.44
2010,OG,Coastal giant salamander,50,5.1
2010,OG,Coastal giant salamander,52,5.01
2010,OG,Coastal giant salamander,47,3.04
2010,OG,Coastal giant salamander,50,5.14
2010,OG,Coastal giant salamander,67,12.24
2010,OG,Coastal giant salamander,21,0.5
2010,OG,Coastal giant salamander,75,16.99
2010,OG,Cutthroat trout,52,1.65
2010,OG,Cutthroat trout,44,0.77
2010,OG,Cutthroat trout,53,1.68
2010,OG,Cutthroat trout,59,2.16
2010,OG,Cutthroat trout,66,2.83
2010,OG,Cutthroat trout,92,7.39
2010,OG,Cutthroat trout,44,0.89
2010,OG,Cutthroat trout,53,1.6
2010,OG,Cutthroat trout,57,1.89
2010,OG,Cutthroat trout,83,5.52
2010,OG,Cutthroat trout,95,8.47
2010,OG,Cutthroat trout,105,12.5
2010,OG,Coastal giant salamander,25,0.88
2010,OG,Coastal giant salamander,45,3.88
2010,OG,Coastal giant salamander,51,5.57
2010,OG,Cutthroat trout,83,6.01
2010,OG,Cutthroat trout,79,4.81
2010,OG,Cutthroat trout,92,8.27
2010,OG,Coastal giant salamander,42,3.45
2010,OG,Coastal giant salamander,52,6.11
2010,OG,Coastal giant salamander,43,3.32
2010,OG,Coastal giant salamander,45,3.54
2010,OG,Coastal giant salamander,25,0.57
2010,OG,Coastal giant salamander,39,2.11
2010,OG,Cutthroat trout,49,1.38
2010,OG,Cutthroat trout,144,29.96
2010,OG,Cutthroat trout,137,22.72
2010,OG,Coastal giant salamander,56,5.74
2010,OG,Coastal giant salamander,39,2.13
2010,OG,Coastal giant salamander,24,0.52
2010,OG,Coastal giant salamander,54,5.65
2010,OG,Coastal giant salamander,67,11.44
2010,OG,Coastal giant salamander,65,9.06
2010,OG,Coastal giant salamander,81,18.44
2010,OG,Cutthroat trout,53,1.7
2010,OG,Cutthroat trout,49,1.12
2010,OG,Cutthroat trout,52,1.45
2010,OG,Cutthroat trout,62,2.95
2010,OG,Cutthroat trout,78,4.24
2010,OG,Cutthroat trout,80,5.24
2010,OG,Cutthroat trout,87,6.29
2010,OG,Cutthroat trout,94,8.03
2010,OG,Cutthroat trout,122,17.02
2010,OG,Cutthroat trout,144,30.11
2010,OG,Coastal giant salamander,30,1.16
2010,OG,Coastal giant salamander,52,5.01
2010,OG,Coastal giant salamander,40,2.4
2010,OG,Coastal giant salamander,26,0.7
2010,OG,Coastal giant salamander,47,4.01
2010,OG,Coastal giant salamander,39,2.06
2010,OG,Coastal giant salamander,30,0.96
2010,OG,Coastal giant salamander,67,10.26
2010,OG,Coastal giant salamander,67,11.07
2010,OG,Cutthroat trout,44,0.82
2010,OG,Cutthroat trout,78,4.75
2010,OG,Cutthroat trout,83,6.02
2010,OG,Cutthroat trout,89,7.56
2010,OG,Cutthroat trout,102,10.01
2010,OG,Cutthroat trout,101,9.3
2010,OG,Cutthroat trout,126,19.58
2010,OG,Cutthroat trout,104,10.25
2010,OG,Cutthroat trout,114,15.19
2010,OG,Cutthroat trout,127,22.24
2010,OG,Coastal giant salamander,36,1.68
2010,OG,Coastal giant salamander,32,1.19
2010,OG,Coastal giant salamander,47,3.55
2010,OG,Coastal giant salamander,52,4.92
2010,OG,Coastal giant salamander,40,2.14
2010,OG,Coastal giant salamander,45,3.12
2010,OG,Coastal giant salamander,26,0.72
2010,OG,Coastal giant salamander,47,3.35
2010,OG,Coastal giant salamander,55,6.43
2010,OG,Coastal giant salamander,47,3.96
2010,OG,Cutthroat trout,129,23.74
2010,OG,Cutthroat trout,176,51.09
2010,OG,Cutthroat trout,42,0.81
2010,OG,Cutthroat trout,81,5.25
2010,OG,Cutthroat trout,116,17.21
2010,OG,Cutthroat trout,132,20.14
2010,OG,Cutthroat trout,136,26.33
2010,OG,Coastal giant salamander,43,3.68
2010,OG,Coastal giant salamander,78,15
2010,OG,Cutthroat trout,50,1.49
2010,OG,Cutthroat trout,43,0.78
2010,OG,Cutthroat trout,128,22.71
2010,OG,Cutthroat trout,94,7.89
2010,OG,Coastal giant salamander,51,4.99
2010,OG,Coastal giant salamander,44,2.94
2010,OG,Coastal giant salamander,49,4.41
2010,OG,Coastal giant salamander,52,6.15
2010,OG,Coastal giant salamander,26,0.62
2010,OG,Coastal giant salamander,50,4.98
2010,OG,Coastal giant salamander,90,22.73
2010,OG,Coastal giant salamander,122,72.04
2010,OG,Coastal giant salamander,165,134.59
2010,OG,Cutthroat trout,54,1.88
2010,OG,Cutthroat trout,84,7.14
2010,OG,Cutthroat trout,93,8.35
2010,OG,Cutthroat trout,110,14.56
2010,OG,Cutthroat trout,105,12.16
2010,OG,Coastal giant salamander,41,2.46
2010,OG,Coastal giant salamander,72,14.02
2010,OG,Cutthroat trout,117,15.83
2010,OG,Coastal giant salamander,69,12.94
2010,OG,Cutthroat trout,85,6.09
2010,OG,Coastal giant salamander,50,5.96
2010,OG,Coastal giant salamander,56,7.11
2010,OG,Cutthroat trout,48,1.28
2010,OG,Cutthroat trout,124,17.9
2010,OG,Cutthroat trout,56,2.09
2010,OG,Cutthroat trout,38,0.56
2010,OG,Cutthroat trout,46,1.03
2010,OG,Cutthroat trout,78,4.36
2010,OG,Cutthroat trout,115,17.29
2010,OG,Cutthroat trout,118,14.67
2010,OG,Cutthroat trout,119,14.99
2010,OG,Cutthroat trout,131,22.69
2010,OG,Coastal giant salamander,54,5.95
2010,OG,Coastal giant salamander,44,3.56
2010,OG,Coastal giant salamander,49,4.28
2010,OG,Coastal giant salamander,58,6.07
2010,OG,Coastal giant salamander,71,13.15
2010,OG,Coastal giant salamander,36,1.49
2010,OG,Coastal giant salamander,61,8.59
2010,OG,Coastal giant salamander,70,11.21
2010,OG,Cutthroat trout,87,8.09
2010,OG,Cutthroat trout,85,6.38
2010,OG,Cutthroat trout,72,3.54
2010,OG,Cutthroat trout,84,5.42
2010,OG,Cutthroat trout,136,25.64
2010,OG,Cutthroat trout,107,14.18
2010,OG,Coastal giant salamander,44,3.64
2010,OG,Coastal giant salamander,29,1.08
2010,OG,Coastal giant salamander,54,5.93
2010,OG,Coastal giant salamander,61,8.13
2010,OG,Coastal giant salamander,61,8.15
2010,OG,Coastal giant salamander,81,17.44
2010,OG,Cutthroat trout,102,10.05
2010,OG,Cutthroat trout,89,7.25
2010,OG,Cutthroat trout,81,5.4
2010,OG,Cutthroat trout,134,22.05
2010,OG,Cutthroat trout,117,15.25
2010,OG,Cutthroat trout,156,37.25
2010,OG,Cutthroat trout,45,0.98
2010,OG,Coastal giant salamander,39,2.29
2010,OG,Coastal giant salamander,70,11.47
2010,OG,Coastal giant salamander,62,8.18
2010,OG,Cutthroat trout,80,5.33
2010,OG,Cutthroat trout,88,6.47
2010,OG,Cutthroat trout,124,21.32
2010,OG,Cutthroat trout,133,22.5
2010,OG,Cutthroat trout,102,10.95
2010,OG,Cutthroat trout,100,9.36
2010,OG,Cutthroat trout,109,13.08
2010,OG,Coastal giant salamander,51,5.76
2010,OG,Coastal giant salamander,46,4.21
2010,OG,Coastal giant salamander,48,4.58
2010,OG,Coastal giant salamander,37,2
2010,OG,Coastal giant salamander,32,1.3
2010,OG,Coastal giant salamander,63,8.8
2010,OG,Coastal giant salamander,64,10.46
2010,OG,Coastal giant salamander,69,11.77
2010,OG,Cutthroat trout,81,4.97
2010,OG,Cutthroat trout,77,4.77
2010,OG,Cutthroat trout,85,5.89
2010,OG,Cutthroat trout,81,4.93
2010,OG,Cutthroat trout,98,8.86
2010,OG,Cutthroat trout,108,11.74
2010,OG,Coastal giant salamander,24,0.7
2010,OG,Coastal giant salamander,47,3.5
2010,OG,Coastal giant salamander,26,0.59
2010,OG,Coastal giant salamander,25,0.53
2010,OG,Coastal giant salamander,52,5.39
2010,OG,Coastal giant salamander,51,5.61
2010,OG,Coastal giant salamander,32,1.42
2010,OG,Coastal giant salamander,63,7.16
2010,OG,Coastal giant salamander,63,9.54
2010,OG,Cutthroat trout,83,4.99
2010,OG,Cutthroat trout,119,17.04
2010,OG,Cutthroat trout,136,22.67
2010,OG,Cutthroat trout,94,7.92
2010,OG,Cutthroat trout,156,40.41
2010,OG,Coastal giant salamander,71,14.31
2010,OG,Cutthroat trout,89,7.1
2010,OG,Cutthroat trout,77,5.42
2010,OG,Cutthroat trout,90,7.34
2010,OG,Cutthroat trout,48,1.26
2010,OG,Cutthroat trout,105,11.71
2010,OG,Cutthroat trout,131,23.79
2010,OG,Coastal giant salamander,42,2.6
2010,OG,Coastal giant salamander,31,1.2
2010,OG,Coastal giant salamander,46,3.03
2010,OG,Coastal giant salamander,26,0.58
2010,OG,Coastal giant salamander,39,2.67
2010,OG,Coastal giant salamander,61,8.74
2010,OG,Coastal giant salamander,65,11.77
2010,OG,Coastal giant salamander,59,7.45
2010,OG,Coastal giant salamander,74,13.69
2010,OG,Coastal giant salamander,67,12.45
2010,OG,Coastal giant salamander,129,63.88
2010,OG,Cutthroat trout,82,5.22
2010,OG,Cutthroat trout,126,21.4
2010,OG,Cutthroat trout,96,8.91
2010,OG,Cutthroat trout,132,23.66
2010,OG,Cutthroat trout,138,28.45
2010,OG,Cutthroat trout,143,30.79
2010,OG,Cutthroat trout,88,6.6
2010,OG,Cutthroat trout,83,5.83
2010,OG,Cutthroat trout,84,6.48
2010,OG,Cutthroat trout,89,7.54
2010,OG,Cutthroat trout,87,6.69
2010,OG,Cutthroat trout,92,7.77
2010,OG,Cutthroat trout,133,22.49
2010,OG,Cutthroat trout,78,4.8
2010,OG,Cutthroat trout,118,17.22
2010,OG,Cutthroat trout,104,10.84
2010,OG,Cutthroat trout,128,17.58
2010,OG,Cutthroat trout,83,5.74
2010,OG,Cutthroat trout,81,5.01
2010,OG,Cutthroat trout,104,12.07
2010,OG,Cutthroat trout,88,7.26
2010,OG,Cutthroat trout,115,15.46
2010,OG,Cutthroat trout,106,10.9
2010,OG,Cutthroat trout,99,9.6
2010,OG,Coastal giant salamander,67,12.08
2010,OG,Coastal giant salamander,45,4.97
2010,OG,Coastal giant salamander,64,8.37
2010,OG,Coastal giant salamander,64,9.8
2010,OG,Coastal giant salamander,62,8.26
2010,OG,Coastal giant salamander,74,12.86
2010,OG,Coastal giant salamander,58,6.88
2010,OG,Coastal giant salamander,62,8.98
2010,OG,Cutthroat trout,82,5.69
2010,OG,Coastal giant salamander,74,14.22
2010,OG,Coastal giant salamander,74,13.57
2010,OG,Coastal giant salamander,73,13.09
2010,OG,Coastal giant salamander,112,48.29
2010,OG,Coastal giant salamander,132,54.81
2010,OG,Cutthroat trout,121,16.08
2010,OG,Cutthroat trout,124,18.27
2010,OG,Coastal giant salamander,37,1.82
2010,OG,Coastal giant salamander,59,7.11
2010,OG,Coastal giant salamander,58,6.12
2010,OG,Coastal giant salamander,59,7.98
2010,OG,Coastal giant salamander,55,6.47
2010,OG,Coastal giant salamander,55,5.72
2010,OG,Coastal giant salamander,59,6.99
2010,OG,Coastal giant salamander,45,2.98
2010,OG,Coastal giant salamander,54,7.05
2010,OG,Coastal giant salamander,46,3.58
2010,OG,Coastal giant salamander,34,1.3
2010,OG,Coastal giant salamander,41,2.6
2010,OG,Coastal giant salamander,39,2.02
2010,OG,Coastal giant salamander,42,3.2
2010,OG,Coastal giant salamander,44,3.32
2010,OG,Coastal giant salamander,51,4.44
2010,OG,Coastal giant salamander,57,6.73
2010,OG,Coastal giant salamander,53,5.75
2010,OG,Coastal giant salamander,59,7.85
2010,OG,Coastal giant salamander,75,16.09
2010,OG,Coastal giant salamander,69,9.71
2010,OG,Coastal giant salamander,68,10.82
2010,OG,Coastal giant salamander,24,0.58
2010,OG,Cutthroat trout,50,1.36
2010,OG,Coastal giant salamander,32,1.32
2010,OG,Coastal giant salamander,52,4.76
2010,OG,Coastal giant salamander,40,2.39
2010,OG,Coastal giant salamander,55,6.29
2010,OG,Coastal giant salamander,35,1.78
2010,OG,Coastal giant salamander,59,7.27
2010,OG,Coastal giant salamander,64,9.74
2010,OG,Coastal giant salamander,65,8.94
2010,OG,Coastal giant salamander,65,10.13
2010,OG,Coastal giant salamander,72,15.04
2010,OG,Cutthroat trout,44,1.04
2010,OG,Cutthroat trout,91,7.99
2010,OG,Cutthroat trout,83,5.71
2010,OG,Coastal giant salamander,31,1.45
2010,OG,Coastal giant salamander,27,0.89
2010,OG,Coastal giant salamander,45,4.62
2010,OG,Coastal giant salamander,44,3.55
2010,OG,Coastal giant salamander,68,10.87
2010,OG,Coastal giant salamander,142,99.67
2010,OG,Cutthroat trout,57,1.95
2010,OG,Cutthroat trout,80,5.41
2010,OG,Cutthroat trout,85,6.04
2010,OG,Cutthroat trout,118,15.46
2010,OG,Cutthroat trout,130,22.51
2010,OG,Cutthroat trout,139,27.13
2010,OG,Coastal giant salamander,27,0.9
2010,OG,Coastal giant salamander,44,4.08
2010,OG,Coastal giant salamander,62,8.64
2010,OG,Coastal giant salamander,23,0.51
2010,OG,Coastal giant salamander,64,9.15
2010,OG,Cutthroat trout,78,4.99
2010,OG,Coastal giant salamander,23,0.61
2010,OG,Coastal giant salamander,40,2.41
2010,OG,Coastal giant salamander,41,3.36
2010,OG,Coastal giant salamander,47,4.36
2010,OG,Coastal giant salamander,62,8.76
2010,OG,Coastal giant salamander,65,10.91
2010,OG,Coastal giant salamander,65,10.39
2010,OG,Coastal giant salamander,80,17.52
2010,OG,Coastal giant salamander,78,16.85
2010,OG,Cutthroat trout,90,7.21
2010,OG,Cutthroat trout,92,7.34
2010,OG,Cutthroat trout,73,4.08
2010,OG,Cutthroat trout,92,7.73
2010,OG,Cutthroat trout,130,22.32
2010,OG,Cutthroat trout,92,7.58
2010,OG,Coastal giant salamander,49,4.47
2010,OG,Coastal giant salamander,44,3.24
2010,OG,Coastal giant salamander,42,3.29
2010,OG,Coastal giant salamander,51,5.68
2010,OG,Coastal giant salamander,65,9.89
2010,OG,Coastal giant salamander,45,3.36
2010,OG,Coastal giant salamander,24,0.53
2010,OG,Coastal giant salamander,23,0.44
2010,OG,Coastal giant salamander,58,7.12
2010,OG,Coastal giant salamander,74,14.86
2010,OG,Coastal giant salamander,52,6.29
2010,OG,Coastal giant salamander,46,3.78
2010,OG,Coastal giant salamander,45,3.74
2010,OG,Coastal giant salamander,42,2.92
2010,OG,Coastal giant salamander,81,16.19
2010,OG,Coastal giant salamander,65,9.03
2010,OG,Coastal giant salamander,69,11.52
2010,OG,Cutthroat trout,39,0.67
2010,OG,Cutthroat trout,50,1.13
2010,OG,Cutthroat trout,47,1.11
2010,OG,Cutthroat trout,49,1.22
2010,OG,Cutthroat trout,72,3.79
2010,OG,Cutthroat trout,89,7.27
2010,OG,Cutthroat trout,88,6.47
2010,OG,Cutthroat trout,94,8.15
2010,OG,Cutthroat trout,78,4.79
2010,OG,Cutthroat trout,88,6.62
2010,OG,Cutthroat trout,86,6.06
2010,OG,Cutthroat trout,86,6.12
2010,OG,Cutthroat trout,114,14.53
2010,OG,Cutthroat trout,87,6.47
2010,OG,Cutthroat trout,126,19.76
2010,OG,Cutthroat trout,133,21.44
2010,OG,Cutthroat trout,147,33.13
2010,OG,Coastal giant salamander,58,6.68
2010,OG,Coastal giant salamander,31,1.08
2010,OG,Coastal giant salamander,52,5.24
2010,OG,Coastal giant salamander,43,3.25
2010,OG,Coastal giant salamander,54,6.08
2010,OG,Coastal giant salamander,39,2.24
2010,OG,Coastal giant salamander,35,1.54
2010,OG,Coastal giant salamander,62,8.6
2010,OG,Coastal giant salamander,41,2.54
2010,OG,Coastal giant salamander,49,4.97
2010,OG,Coastal giant salamander,70,13.5
2010,OG,Coastal giant salamander,72,14.26
2010,OG,Cutthroat trout,86,6.87
2010,OG,Cutthroat trout,104,11.62
2010,OG,Cutthroat trout,72,4.42
2010,OG,Cutthroat trout,92,8.04
2010,OG,Cutthroat trout,130,22.6
2010,OG,Cutthroat trout,128,21.16
2010,OG,Cutthroat trout,93,8.24
2010,OG,Cutthroat trout,108,13.35
2010,OG,Cutthroat trout,147,32.35
2010,OG,Cutthroat trout,119,18.16
2010,OG,Cutthroat trout,120,15.92
2010,OG,Coastal giant salamander,61,8.69
2010,OG,Coastal giant salamander,49,4.12
2010,OG,Coastal giant salamander,62,7.56
2010,OG,Coastal giant salamander,58,7.74
2010,OG,Coastal giant salamander,50,5.66
2010,OG,Coastal giant salamander,52,5.35
2010,OG,Coastal giant salamander,46,3.48
2010,OG,Coastal giant salamander,26,0.64
2010,OG,Coastal giant salamander,61,8.37
2010,OG,Coastal giant salamander,59,7.77
2010,OG,Coastal giant salamander,62,8.67
2010,OG,Coastal giant salamander,71,11.11
2010,OG,Coastal giant salamander,72,12.16
2010,OG,Coastal giant salamander,75,14.96
2010,OG,Coastal giant salamander,71,12.14
2010,OG,Coastal giant salamander,85,20.54
2010,OG,Cutthroat trout,51,1.24
2010,OG,Cutthroat trout,49,1.37
2010,OG,Cutthroat trout,74,4.32
2010,OG,Cutthroat trout,86,6.12
2010,OG,Cutthroat trout,125,19.62
2010,OG,Cutthroat trout,88,6.58
2010,OG,Cutthroat trout,93,8.06
2010,OG,Cutthroat trout,114,15.07
2010,OG,Cutthroat trout,101,10.23
2010,OG,Cutthroat trout,132,24.06
2010,OG,Cutthroat trout,104,10.82
2010,OG,Cutthroat trout,118,14.76
2010,OG,Coastal giant salamander,26,0.66
2010,OG,Coastal giant salamander,57,7.88
2010,OG,Coastal giant salamander,32,1.36
2010,OG,Coastal giant salamander,65,9.69
2010,OG,Coastal giant salamander,58,7.99
2010,OG,Coastal giant salamander,63,8.88
2010,OG,Coastal giant salamander,67,10.86
2010,OG,Coastal giant salamander,80,17.09
2010,OG,Cutthroat trout,51,1.55
2010,OG,Cutthroat trout,44,0.91
2010,OG,Cutthroat trout,48,1.04
2010,OG,Cutthroat trout,50,1.12
2010,OG,Cutthroat trout,48,1.01
2010,OG,Cutthroat trout,50,1.3
2010,OG,Cutthroat trout,84,5.9
2010,OG,Cutthroat trout,88,6.76
2010,OG,Cutthroat trout,99,9.51
2010,OG,Cutthroat trout,108,13.62
2010,OG,Cutthroat trout,120,15.86
2010,OG,Cutthroat trout,56,2.06
2010,OG,Cutthroat trout,51,1.22
2010,OG,Cutthroat trout,81,6.02
2010,OG,Cutthroat trout,109,12.67
2010,OG,Cutthroat trout,92,7.76
2010,OG,Cutthroat trout,113,14.34
2010,OG,Cutthroat trout,126,19.15
2010,OG,Cutthroat trout,38,0.46
2010,OG,Cutthroat trout,118,15.16
2010,OG,Coastal giant salamander,61,8.6
2010,OG,Coastal giant salamander,57,6.68
2010,OG,Coastal giant salamander,51,5.65
2010,OG,Coastal giant salamander,50,4.24
2010,OG,Coastal giant salamander,66,10.64
2010,OG,Coastal giant salamander,62,8.27
2010,OG,Coastal giant salamander,40,2.47
2010,OG,Cutthroat trout,108,11.77
2010,OG,Cutthroat trout,44,1.01
2010,OG,Cutthroat trout,44,0.93
2010,OG,Cutthroat trout,48,1.22
2010,OG,Cutthroat trout,54,1.87
2010,OG,Cutthroat trout,46,1.19
2010,OG,Cutthroat trout,46,1.13
2010,OG,Cutthroat trout,52,1.32
2010,OG,Cutthroat trout,46,1
2010,OG,Cutthroat trout,88,6.25
2010,OG,Cutthroat trout,89,7.37
2010,OG,Cutthroat trout,132,24.36
2010,OG,Coastal giant salamander,42,3.21
2010,OG,Coastal giant salamander,50,4.66
2010,OG,Coastal giant salamander,55,5.08
2010,OG,Coastal giant salamander,48,4.33
2010,OG,Coastal giant salamander,35,1.7
2010,OG,Coastal giant salamander,46,4.25
2010,OG,Coastal giant salamander,52,5.74
2010,OG,Coastal giant salamander,55,5.54
2010,OG,Coastal giant salamander,49,4.07
2010,OG,Coastal giant salamander,57,6.89
2010,OG,Coastal giant salamander,51,4.96
2010,OG,Coastal giant salamander,42,3.24
2010,OG,Coastal giant salamander,85,22.52
2010,OG,Coastal giant salamander,79,17.46
2010,OG,Cutthroat trout,40,0.72
2010,OG,Cutthroat trout,88,6.91
2010,OG,Cutthroat trout,86,6.19
2010,OG,Cutthroat trout,86,5.85
2010,OG,Cutthroat trout,89,6.61
2010,OG,Cutthroat trout,117,13.94
2010,OG,Cutthroat trout,117,16.38
2010,OG,Cutthroat trout,143,28.26
2010,OG,Coastal giant salamander,55,5.5
2010,OG,Coastal giant salamander,36,1.91
2010,OG,Coastal giant salamander,27,0.72
2010,OG,Coastal giant salamander,31,1.4
2010,OG,Coastal giant salamander,72,12.94
2010,OG,Coastal giant salamander,45,3.02
2010,OG,Coastal giant salamander,44,3.62
2010,OG,Coastal giant salamander,41,1.92
2010,OG,Coastal giant salamander,60,8.19
2010,OG,Coastal giant salamander,40,2.37
2010,OG,Coastal giant salamander,59,6.96
2010,OG,Coastal giant salamander,28,0.71
2010,OG,Coastal giant salamander,52,5.59
2010,OG,Coastal giant salamander,59,8.44
2010,OG,Coastal giant salamander,67,10.68
2010,OG,Coastal giant salamander,50,5.13
2010,OG,Coastal giant salamander,50,4.39
2010,OG,Coastal giant salamander,67,10.58
2010,OG,Coastal giant salamander,66,10.09
2010,OG,Coastal giant salamander,52,5.51
2010,OG,Coastal giant salamander,70,13.1
2010,OG,Coastal giant salamander,58,8.05
2010,OG,Coastal giant salamander,78,17.17
2010,OG,Coastal giant salamander,41,2.31
2010,OG,Coastal giant salamander,75,14.53
2010,OG,Coastal giant salamander,62,9.61
2010,OG,Coastal giant salamander,122,56.32
2010,OG,Coastal giant salamander,29,1.1
2010,OG,Coastal giant salamander,30,1.28
2010,OG,Coastal giant salamander,52,6
2010,OG,Cutthroat trout,133,26.42
2010,OG,Coastal giant salamander,45,3.61
2010,OG,Coastal giant salamander,47,4.38
2010,OG,Coastal giant salamander,57,6.78
2010,OG,Coastal giant salamander,65,10.57
2010,OG,Cutthroat trout,49,1.11
2010,OG,Cutthroat trout,89,7.08
2010,OG,Cutthroat trout,110,13.68
2010,OG,Cutthroat trout,116,15.4
2010,OG,Coastal giant salamander,61,9.57
2010,OG,Coastal giant salamander,55,6.26
2010,OG,Coastal giant salamander,80,17.98
2010,OG,Coastal giant salamander,67,9.5
2010,OG,Coastal giant salamander,80,17.33
2010,OG,Coastal giant salamander,67,11.97
2010,OG,Coastal giant salamander,63,9.36
2010,OG,Cutthroat trout,40,0.72
2010,OG,Cutthroat trout,45,1.06
2010,OG,Cutthroat trout,43,0.89
2010,OG,Cutthroat trout,48,1.02
2010,OG,Cutthroat trout,42,0.85
2010,OG,Cutthroat trout,86,6.05
2010,OG,Cutthroat trout,78,5.08
2010,OG,Coastal giant salamander,42,2.75
2010,OG,Coastal giant salamander,31,1.38
2010,OG,Coastal giant salamander,42,3.6
2010,OG,Coastal giant salamander,48,4.38
2010,OG,Coastal giant salamander,32,1.23
2010,OG,Coastal giant salamander,39,2.42
2010,OG,Coastal giant salamander,55,6.26
2010,OG,Coastal giant salamander,56,6.32
2010,OG,Coastal giant salamander,63,8.09
2010,OG,Coastal giant salamander,52,5.62
2010,OG,Coastal giant salamander,26,0.57
2010,OG,Coastal giant salamander,71,9.14
2010,OG,Coastal giant salamander,66,10.91
2010,OG,Coastal giant salamander,72,14.23
2010,OG,Coastal giant salamander,80,19.36
2010,OG,Coastal giant salamander,82,20.28
2010,OG,Coastal giant salamander,120,51.01
2011,CC,Cutthroat trout,45,1
2011,CC,Cutthroat trout,35,0.4
2011,CC,Cutthroat trout,38,0.6
2011,CC,Cutthroat trout,45,1
2011,CC,Cutthroat trout,39,0.5
2011,CC,Cutthroat trout,43,0.8
2011,CC,Cutthroat trout,81,5.9
2011,CC,Cutthroat trout,140,33.7
2011,CC,Cutthroat trout,147,34.6
2011,CC,Cutthroat trout,108,13.3
2011,CC,Cutthroat trout,135,26.7
2011,CC,Cutthroat trout,49,1.2
2011,CC,Cutthroat trout,43,0.9
2011,CC,Cutthroat trout,49,1.1
2011,CC,Cutthroat trout,87,7.1
2011,CC,Cutthroat trout,82,5.8
2011,CC,Cutthroat trout,157,41.9
2011,CC,Cutthroat trout,127,20.8
2011,CC,Cutthroat trout,42,1
2011,CC,Cutthroat trout,38,0.7
2011,CC,Cutthroat trout,41,0.7
2011,CC,Cutthroat trout,47,1.2
2011,CC,Cutthroat trout,39,0.7
2011,CC,Cutthroat trout,77,5
2011,CC,Cutthroat trout,111,15
2011,CC,Cutthroat trout,99,10.4
2011,CC,Cutthroat trout,113,14.4
2011,CC,Coastal giant salamander,37,2
2011,CC,Coastal giant salamander,34,1.6
2011,CC,Coastal giant salamander,59,7.6
2011,CC,Coastal giant salamander,52,5.1
2011,CC,Coastal giant salamander,64,10
2011,CC,Coastal giant salamander,66,10.4
2011,CC,Coastal giant salamander,66,9.6
2011,CC,Cutthroat trout,128,21.5
2011,CC,Coastal giant salamander,70,10.4
2011,CC,Coastal giant salamander,65,11.5
2011,CC,Coastal giant salamander,62,8.8
2011,CC,Coastal giant salamander,51,4.9
2011,CC,Coastal giant salamander,52,5.8
2011,CC,Coastal giant salamander,39,2.2
2011,CC,Coastal giant salamander,58,8
2011,CC,Coastal giant salamander,61,7.5
2011,CC,Coastal giant salamander,69,11.7
2011,CC,Coastal giant salamander,66,9.5
2011,CC,Coastal giant salamander,71,13.2
2011,CC,Coastal giant salamander,73,14.4
2011,CC,Coastal giant salamander,117,48.7
2011,CC,Cutthroat trout,37,0.4
2011,CC,Cutthroat trout,42,0.7
2011,CC,Cutthroat trout,34,0.4
2011,CC,Cutthroat trout,42,0.7
2011,CC,Cutthroat trout,45,0.9
2011,CC,Cutthroat trout,51,1.2
2011,CC,Cutthroat trout,50,1.4
2011,CC,Cutthroat trout,28,0.2
2011,CC,Cutthroat trout,46,1.3
2011,CC,Cutthroat trout,39,0.6
2011,CC,Cutthroat trout,44,1
2011,CC,Cutthroat trout,40,0.7
2011,CC,Cutthroat trout,49,1.1
2011,CC,Cutthroat trout,46,1.1
2011,CC,Cutthroat trout,40,0.7
2011,CC,Cutthroat trout,38,0.5
2011,CC,Cutthroat trout,38,0.5
2011,CC,Cutthroat trout,32,0.4
2011,CC,Cutthroat trout,43,1
2011,CC,Cutthroat trout,45,0.9
2011,CC,Cutthroat trout,46,1
2011,CC,Cutthroat trout,42,0.7
2011,CC,Cutthroat trout,39,0.6
2011,CC,Cutthroat trout,76,4.2
2011,CC,Cutthroat trout,41,0.6
2011,CC,Cutthroat trout,81,5.2
2011,CC,Cutthroat trout,88,6.7
2011,CC,Cutthroat trout,77,5.2
2011,CC,Cutthroat trout,85,6.7
2011,CC,Cutthroat trout,88,8.9
2011,CC,Cutthroat trout,87,6.9
2011,CC,Cutthroat trout,116,16.3
2011,CC,Cutthroat trout,100,9.6
2011,CC,Cutthroat trout,31,0.3
2011,CC,Cutthroat trout,36,0.6
2011,CC,Cutthroat trout,103,10.4
2011,CC,Cutthroat trout,101,11.4
2011,CC,Cutthroat trout,130,26.9
2011,CC,Cutthroat trout,167,49.2
2011,CC,Coastal giant salamander,51,7
2011,CC,Coastal giant salamander,35,2
2011,CC,Coastal giant salamander,65,10.9
2011,CC,Coastal giant salamander,59,7.5
2011,CC,Coastal giant salamander,54,6
2011,CC,Coastal giant salamander,67,10.3
2011,CC,Coastal giant salamander,67,10.7
2011,CC,Coastal giant salamander,58,7.8
2011,CC,Coastal giant salamander,91,28
2011,CC,Cutthroat trout,30,0.2
2011,CC,Cutthroat trout,39,0.6
2011,CC,Cutthroat trout,46,1
2011,CC,Cutthroat trout,30,0.3
2011,CC,Cutthroat trout,122,17.9
2011,CC,Cutthroat trout,130,22.3
2011,CC,Cutthroat trout,123,20.5
2011,CC,Cutthroat trout,95,9.3
2011,CC,Cutthroat trout,97,10.6
2011,CC,Cutthroat trout,88,7.2
2011,CC,Coastal giant salamander,55,6.7
2011,CC,Coastal giant salamander,52,4.6
2011,CC,Coastal giant salamander,51,5.1
2011,CC,Coastal giant salamander,78,17.3
2011,CC,Coastal giant salamander,75,13.5
2011,CC,Coastal giant salamander,79,17.6
2011,CC,Coastal giant salamander,50,5.2
2011,CC,Coastal giant salamander,49,4.3
2011,CC,Coastal giant salamander,35,1.5
2011,CC,Coastal giant salamander,50,4.6
2011,CC,Coastal giant salamander,55,5.7
2011,CC,Coastal giant salamander,59,7.4
2011,CC,Coastal giant salamander,34,1.6
2011,CC,Coastal giant salamander,72,13.3
2011,CC,Coastal giant salamander,67,10.7
2011,CC,Coastal giant salamander,69,12.7
2011,CC,Coastal giant salamander,72,12.5
2011,CC,Coastal giant salamander,67,11.2
2011,CC,Coastal giant salamander,42,3.2
2011,CC,Coastal giant salamander,44,3.2
2011,CC,Coastal giant salamander,42,3.5
2011,CC,Coastal giant salamander,32,1.3
2011,CC,Coastal giant salamander,37,1.9
2011,CC,Coastal giant salamander,44,2.8
2011,CC,Coastal giant salamander,24,0.6
2011,CC,Coastal giant salamander,62,11.6
2011,CC,Coastal giant salamander,75,15.7
2011,CC,Cutthroat trout,39,0.6
2011,CC,Cutthroat trout,121,23.1
2011,CC,Cutthroat trout,46,0.9
2011,CC,Cutthroat trout,31,0.2
2011,CC,Cutthroat trout,39,0.9
2011,CC,Cutthroat trout,45,1.1
2011,CC,Cutthroat trout,40,0.8
2011,CC,Cutthroat trout,113,18
2011,CC,Cutthroat trout,138,29
2011,CC,Coastal giant salamander,41,3.1
2011,CC,Coastal giant salamander,42,3
2011,CC,Coastal giant salamander,54,6.1
2011,CC,Coastal giant salamander,40,2.4
2011,CC,Coastal giant salamander,45,2.8
2011,CC,Coastal giant salamander,59,7.1
2011,CC,Coastal giant salamander,53,6.1
2011,CC,Coastal giant salamander,45,3
2011,CC,Coastal giant salamander,70,12.4
2011,CC,Coastal giant salamander,40,1.8
2011,CC,Coastal giant salamander,59,7.4
2011,CC,Coastal giant salamander,63,9
2011,CC,Coastal giant salamander,74,14.1
2011,CC,Coastal giant salamander,62,8.4
2011,CC,Coastal giant salamander,69,11.6
2011,CC,Coastal giant salamander,58,7.4
2011,CC,Coastal giant salamander,41,2.3
2011,CC,Coastal giant salamander,70,9.5
2011,CC,Coastal giant salamander,60,8.5
2011,CC,Coastal giant salamander,36,2.1
2011,CC,Coastal giant salamander,37,2
2011,CC,Coastal giant salamander,44,2.4
2011,CC,Coastal giant salamander,70,13.1
2011,CC,Coastal giant salamander,77,16.9
2011,CC,Coastal giant salamander,55,8.5
2011,CC,Coastal giant salamander,63,9.2
2011,CC,Coastal giant salamander,71,12.5
2011,CC,Coastal giant salamander,78,17.9
2011,CC,Coastal giant salamander,63,9.9
2011,CC,Coastal giant salamander,55,6.1
2011,CC,Coastal giant salamander,62,8.9
2011,CC,Coastal giant salamander,80,17.1
2011,CC,Coastal giant salamander,99,30.7
2011,CC,Cutthroat trout,38,0.6
2011,CC,Cutthroat trout,37,0.5
2011,CC,Cutthroat trout,85,6.2
2011,CC,Cutthroat trout,98,9.4
2011,CC,Cutthroat trout,108,13.8
2011,CC,Cutthroat trout,116,16.8
2011,CC,Cutthroat trout,121,20.2
2011,CC,Cutthroat trout,142,30.8
2011,CC,Coastal giant salamander,61,9.9
2011,CC,Coastal giant salamander,81,15.1
2011,CC,Coastal giant salamander,70,12.2
2011,CC,Cutthroat trout,45,0.8
2011,CC,Cutthroat trout,45,1
2011,CC,Cutthroat trout,45,0.9
2011,CC,Cutthroat trout,47,1.2
2011,CC,Cutthroat trout,45,1
2011,CC,Cutthroat trout,41,0.7
2011,CC,Cutthroat trout,36,0.5
2011,CC,Cutthroat trout,50,1.3
2011,CC,Cutthroat trout,35,0.4
2011,CC,Cutthroat trout,36,0.3
2011,CC,Cutthroat trout,41,0.8
2011,CC,Cutthroat trout,42,0.8
2011,CC,Cutthroat trout,44,0.8
2011,CC,Cutthroat trout,46,0.9
2011,CC,Cutthroat trout,39,0.6
2011,CC,Cutthroat trout,53,1.5
2011,CC,Cutthroat trout,45,1
2011,CC,Cutthroat trout,78,5.2
2011,CC,Cutthroat trout,93,8.5
2011,CC,Cutthroat trout,115,17.6
2011,CC,Cutthroat trout,112,14.7
2011,CC,Cutthroat trout,118,17.5
2011,CC,Cutthroat trout,47,1.2
2011,CC,Cutthroat trout,140,29
2011,CC,Cutthroat trout,33,0.3
2011,CC,Cutthroat trout,85,6.7
2011,CC,Cutthroat trout,113,14.8
2011,CC,Cutthroat trout,127,24.2
2011,CC,Cutthroat trout,139,28.3
2011,CC,Cutthroat trout,144,33.3
2011,CC,Cutthroat trout,36,0.4
2011,CC,Cutthroat trout,40,0.6
2011,CC,Cutthroat trout,44,1
2011,CC,Cutthroat trout,34,0.4
2011,CC,Cutthroat trout,36,0.5
2011,CC,Cutthroat trout,115,15.5
2011,CC,Cutthroat trout,116,15.3
2011,CC,Cutthroat trout,77,6.2
2011,CC,Cutthroat trout,73,4.1
2011,CC,Cutthroat trout,89,7.5
2011,CC,Cutthroat trout,98,9.8
2011,CC,Cutthroat trout,132,24.3
2011,CC,Cutthroat trout,115,17
2011,CC,Cutthroat trout,167,47.8
2011,CC,Cutthroat trout,118,17.7
2011,CC,Cutthroat trout,44,1.5
2011,CC,Cutthroat trout,35,0.5
2011,CC,Cutthroat trout,34,0.5
2011,CC,Cutthroat trout,38,0.5
2011,CC,Cutthroat trout,37,0.5
2011,CC,Cutthroat trout,87,6.7
2011,CC,Cutthroat trout,145,29.9
2011,CC,Coastal giant salamander,35,1.6
2011,CC,Coastal giant salamander,32,1.3
2011,CC,Cutthroat trout,115,16.6
2011,CC,Coastal giant salamander,44,2.7
2011,CC,Coastal giant salamander,53,6.5
2011,CC,Coastal giant salamander,32,1.7
2011,CC,Coastal giant salamander,52,4.7
2011,CC,Coastal giant salamander,59,7.4
2011,CC,Coastal giant salamander,43,3.2
2011,CC,Coastal giant salamander,59,7.3
2011,CC,Coastal giant salamander,42,3
2011,CC,Coastal giant salamander,68,10.9
2011,CC,Coastal giant salamander,80,17.2
2011,CC,Coastal giant salamander,69,13
2011,CC,Cutthroat trout,43,0.7
2011,CC,Cutthroat trout,39,0.6
2011,CC,Coastal giant salamander,45,3.1
2011,CC,Coastal giant salamander,30,1.2
2011,CC,Coastal giant salamander,38,2.5
2011,CC,Coastal giant salamander,49,5
2011,CC,Coastal giant salamander,35,1.7
2011,CC,Coastal giant salamander,47,4.2
2011,CC,Coastal giant salamander,43,3.4
2011,CC,Coastal giant salamander,60,7.5
2011,CC,Coastal giant salamander,61,9.7
2011,CC,Coastal giant salamander,41,4
2011,CC,Coastal giant salamander,58,8.1
2011,CC,Coastal giant salamander,39,2
2011,CC,Coastal giant salamander,21,0.5
2011,CC,Coastal giant salamander,79,15.7
2011,CC,Coastal giant salamander,80,16.5
2011,CC,Coastal giant salamander,49,4.6
2011,CC,Coastal giant salamander,48,4.1
2011,CC,Coastal giant salamander,23,0.4
2011,CC,Coastal giant salamander,72,16.3
2011,CC,Coastal giant salamander,81,17.1
2011,CC,Coastal giant salamander,62,9.3
2011,CC,Coastal giant salamander,40,2.4
2011,CC,Coastal giant salamander,24,0.4
2011,CC,Coastal giant salamander,49,4.1
2011,CC,Coastal giant salamander,46,4.7
2011,CC,Coastal giant salamander,45,3.8
2011,CC,Coastal giant salamander,39,2
2011,CC,Coastal giant salamander,44,3.5
2011,CC,Coastal giant salamander,59,8.2
2011,CC,Coastal giant salamander,69,11.3
2011,CC,Coastal giant salamander,82,20
2011,CC,Coastal giant salamander,65,9.8
2011,CC,Coastal giant salamander,35,1.4
2011,CC,Coastal giant salamander,56,6.4
2011,CC,Coastal giant salamander,72,15.6
2011,CC,Coastal giant salamander,120,55.9
2011,CC,Cutthroat trout,38,0.6
2011,CC,Cutthroat trout,43,0.9
2011,CC,Cutthroat trout,36,0.5
2011,CC,Cutthroat trout,40,0.7
2011,CC,Cutthroat trout,34,0.5
2011,CC,Cutthroat trout,37,0.6
2011,CC,Cutthroat trout,87,7.2
2011,CC,Cutthroat trout,40,0.5
2011,CC,Cutthroat trout,33,0.5
2011,CC,Coastal giant salamander,59,9.1
2011,CC,Coastal giant salamander,45,3.6
2011,CC,Coastal giant salamander,52,6.2
2011,CC,Coastal giant salamander,52,5.6
2011,CC,Coastal giant salamander,49,5.5
2011,CC,Coastal giant salamander,46,3.6
2011,CC,Cutthroat trout,158,38.6
2011,CC,Coastal giant salamander,42,3.2
2011,CC,Coastal giant salamander,47,4.2
2011,CC,Coastal giant salamander,52,5.9
2011,CC,Coastal giant salamander,37,1.8
2011,CC,Coastal giant salamander,45,4
2011,CC,Coastal giant salamander,61,8.2
2011,CC,Coastal giant salamander,57,6.9
2011,CC,Coastal giant salamander,65,11.4
2011,CC,Coastal giant salamander,62,9.7
2011,CC,Coastal giant salamander,58,8.2
2011,CC,Coastal giant salamander,41,2.4
2011,CC,Coastal giant salamander,70,10.8
2011,CC,Coastal giant salamander,75,16.1
2011,CC,Coastal giant salamander,31,1.3
2011,CC,Coastal giant salamander,75,14.3
2011,CC,Coastal giant salamander,72,12.5
2011,CC,Coastal giant salamander,73,14.2
2011,CC,Coastal giant salamander,68,12.5
2011,CC,Coastal giant salamander,72,13.4
2011,CC,Coastal giant salamander,118,50.6
2011,CC,Cutthroat trout,40,0.71
2011,CC,Cutthroat trout,42,1
2011,CC,Cutthroat trout,47,1.1
2011,CC,Cutthroat trout,47,1.05
2011,CC,Cutthroat trout,43,0.75
2011,CC,Cutthroat trout,36,0.51
2011,CC,Cutthroat trout,42,1.1
2011,CC,Cutthroat trout,40,0.65
2011,CC,Cutthroat trout,113,14.82
2011,CC,Cutthroat trout,87,6.74
2011,CC,Cutthroat trout,132,24.8
2011,CC,Cutthroat trout,113,16
2011,CC,Cutthroat trout,116,15.9
2011,CC,Cutthroat trout,128,23.43
2011,CC,Cutthroat trout,88,7.58
2011,CC,Cutthroat trout,83,6.27
2011,CC,Cutthroat trout,178,65.58
2011,CC,Cutthroat trout,104,11.17
2011,CC,Cutthroat trout,146,32.89
2011,CC,Cutthroat trout,116,16.63
2011,CC,Cutthroat trout,140,28.63
2011,CC,Cutthroat trout,36,0.51
2011,CC,Coastal giant salamander,63,11.25
2011,CC,Coastal giant salamander,61,9
2011,CC,Cutthroat trout,126,21.2
2011,CC,Cutthroat trout,143,31.13
2011,CC,Cutthroat trout,108,15.14
2011,CC,Cutthroat trout,163,44.15
2011,CC,Cutthroat trout,92,7.78
2011,CC,Cutthroat trout,95,9.4
2011,CC,Cutthroat trout,86,7.61
2011,CC,Cutthroat trout,130,21.74
2011,CC,Cutthroat trout,136,26.26
2011,CC,Coastal giant salamander,38,2.47
2011,CC,Cutthroat trout,45,1.15
2011,CC,Cutthroat trout,44,1.15
2011,CC,Cutthroat trout,41,0.67
2011,CC,Cutthroat trout,40,0.86
2011,CC,Cutthroat trout,44,0.77
2011,CC,Cutthroat trout,46,1.11
2011,CC,Cutthroat trout,33,0.49
2011,CC,Cutthroat trout,80,5.1
2011,CC,Coastal giant salamander,55,9.25
2011,CC,Cutthroat trout,43,0.77
2011,CC,Cutthroat trout,44,1.12
2011,CC,Cutthroat trout,44,1.04
2011,CC,Cutthroat trout,31,0.36
2011,CC,Cutthroat trout,40,0.74
2011,CC,Cutthroat trout,93,8.57
2011,CC,Cutthroat trout,137,26.1
2011,CC,Cutthroat trout,126,21.73
2011,CC,Coastal giant salamander,108,43.51
2011,CC,Coastal giant salamander,88,13.5
2011,CC,Coastal giant salamander,72,11.82
2011,CC,Coastal giant salamander,69,12.26
2011,CC,Coastal giant salamander,47,4.26
2011,CC,Cutthroat trout,38,0.64
2011,CC,Cutthroat trout,41,0.77
2011,CC,Cutthroat trout,102,10.55
2011,CC,Cutthroat trout,153,32.92
2011,CC,Cutthroat trout,82,6.38
2011,CC,Cutthroat trout,80,5.09
2011,CC,Cutthroat trout,84,6.35
2011,CC,Cutthroat trout,38,0.78
2011,CC,Coastal giant salamander,97,29.4
2011,CC,Coastal giant salamander,70,14.47
2011,CC,Cutthroat trout,80,6.67
2011,CC,Cutthroat trout,89,8.16
2011,CC,Cutthroat trout,90,8.01
2011,CC,Cutthroat trout,124,17.85
2011,CC,Cutthroat trout,124,20.99
2011,CC,Cutthroat trout,156,42.24
2011,CC,Cutthroat trout,110,14.8
2011,CC,Coastal giant salamander,89,22.49
2011,CC,Coastal giant salamander,59,9.79
2011,CC,Coastal giant salamander,61,9.1
2011,CC,Coastal giant salamander,58,6.99
2011,CC,Coastal giant salamander,61,9.39
2011,CC,Coastal giant salamander,50,4.93
2011,CC,Coastal giant salamander,52,5.98
2011,CC,Coastal giant salamander,62,8.45
2011,CC,Coastal giant salamander,38,2.42
2011,CC,Cutthroat trout,84,6.28
2011,CC,Cutthroat trout,114,16.43
2011,CC,Cutthroat trout,132,26.99
2011,CC,Cutthroat trout,118,16.36
2011,CC,Cutthroat trout,166,51.27
2011,CC,Coastal giant salamander,75,15.99
2011,CC,Coastal giant salamander,64,9.54
2011,CC,Cutthroat trout,124,16.43
2011,CC,Cutthroat trout,127,23.56
2011,CC,Cutthroat trout,96,9.82
2011,CC,Coastal giant salamander,54,6.32
2011,CC,Coastal giant salamander,56,6.47
2011,CC,Coastal giant salamander,48,4.33
2011,CC,Coastal giant salamander,58,6.72
2011,CC,Coastal giant salamander,40,2.58
2011,CC,Coastal giant salamander,47,4.09
2011,CC,Cutthroat trout,37,0.57
2011,CC,Cutthroat trout,88,7.33
2011,CC,Cutthroat trout,108,12.18
2011,CC,Cutthroat trout,113,14.21
2011,CC,Cutthroat trout,134,23.72
2011,CC,Cutthroat trout,114,16.2
2011,CC,Cutthroat trout,89,7.27
2011,CC,Cutthroat trout,38,0.73
2011,CC,Coastal giant salamander,119,51.15
2011,CC,Coastal giant salamander,41,2.51
2011,CC,Cutthroat trout,78,5.12
2011,CC,Cutthroat trout,80,5.98
2011,CC,Cutthroat trout,90,8.16
2011,CC,Cutthroat trout,191,77.78
2011,CC,Cutthroat trout,158,44.24
2011,CC,Cutthroat trout,103,11.42
2011,CC,Cutthroat trout,123,20.35
2011,CC,Cutthroat trout,115,16.08
2011,CC,Cutthroat trout,130,23.25
2011,CC,Cutthroat trout,144,36.73
2011,CC,Cutthroat trout,147,35.6
2011,CC,Cutthroat trout,119,19.15
2011,CC,Cutthroat trout,34,0.41
2011,CC,Cutthroat trout,43,1.08
2011,CC,Cutthroat trout,44,1.22
2011,CC,Cutthroat trout,37,0.51
2011,CC,Cutthroat trout,79,5.05
2011,CC,Cutthroat trout,172,56.35
2011,CC,Cutthroat trout,162,49.01
2011,CC,Cutthroat trout,122,18.96
2011,CC,Cutthroat trout,109,14.33
2011,CC,Cutthroat trout,85,6.72
2011,CC,Cutthroat trout,85,6.97
2011,CC,Cutthroat trout,108,13.83
2011,CC,Cutthroat trout,80,5.9
2011,CC,Cutthroat trout,105,13.07
2011,CC,Cutthroat trout,120,15.86
2011,CC,Cutthroat trout,130,22.88
2011,CC,Cutthroat trout,125,20.87
2011,CC,Coastal giant salamander,120,51.18
2011,CC,Coastal giant salamander,94,26.16
2011,CC,Coastal giant salamander,72,14.84
2011,CC,Coastal giant salamander,33,2.04
2011,CC,Coastal giant salamander,70,12.32
2011,CC,Coastal giant salamander,74,13.77
2011,CC,Coastal giant salamander,65,11.75
2011,CC,Coastal giant salamander,57,6.45
2011,CC,Coastal giant salamander,58,8.32
2011,CC,Cutthroat trout,33,0.53
2011,CC,Cutthroat trout,45,1.25
2011,CC,Cutthroat trout,35,0.67
2011,CC,Cutthroat trout,30,0.35
2011,CC,Cutthroat trout,46,1.3
2011,CC,Cutthroat trout,42,1.18
2011,CC,Cutthroat trout,40,0.86
2011,CC,Cutthroat trout,29,0.28
2011,CC,Cutthroat trout,37,0.52
2011,CC,Cutthroat trout,27,0.2
2011,CC,Cutthroat trout,40,0.59
2011,CC,Cutthroat trout,38,0.48
2011,CC,Cutthroat trout,40,1.06
2011,CC,Cutthroat trout,37,0.81
2011,CC,Cutthroat trout,35,0.46
2011,CC,Cutthroat trout,35,0.59
2011,CC,Coastal giant salamander,55,4.57
2011,CC,Coastal giant salamander,45,3.56
2011,CC,Coastal giant salamander,36,1.85
2011,CC,Coastal giant salamander,38,2.06
2011,CC,Coastal giant salamander,37,2.01
2011,CC,Coastal giant salamander,40,2.99
2011,CC,Coastal giant salamander,55,5.86
2011,CC,Coastal giant salamander,57,8.07
2011,CC,Coastal giant salamander,58,8.03
2011,CC,Cutthroat trout,95,9.71
2011,CC,Coastal giant salamander,44,3.34
2011,CC,Coastal giant salamander,33,1.85
2011,CC,Coastal giant salamander,78,18.75
2011,CC,Cutthroat trout,38,0.66
2011,CC,Cutthroat trout,43,0.89
2011,CC,Cutthroat trout,37,0.62
2011,CC,Cutthroat trout,36,0.51
2011,CC,Cutthroat trout,41,0.91
2011,CC,Cutthroat trout,45,1.23
2011,CC,Cutthroat trout,80,5.89
2011,CC,Cutthroat trout,83,6.87
2011,CC,Cutthroat trout,95,9.83
2011,CC,Cutthroat trout,123,21.58
2011,CC,Coastal giant salamander,35,1.7
2011,CC,Coastal giant salamander,44,4.01
2011,CC,Coastal giant salamander,65,10.92
2011,CC,Coastal giant salamander,65,11.66
2011,CC,Coastal giant salamander,61,9.54
2011,CC,Coastal giant salamander,63,9.3
2011,CC,Coastal giant salamander,71,15.33
2011,CC,Cutthroat trout,112,14.65
2011,CC,Cutthroat trout,139,29.97
2011,CC,Cutthroat trout,46,1.24
2011,CC,Cutthroat trout,48,1.29
2011,CC,Cutthroat trout,140,28.95
2011,CC,Coastal giant salamander,55,6.25
2011,CC,Coastal giant salamander,52,6.21
2011,CC,Coastal giant salamander,53,6.29
2011,CC,Coastal giant salamander,68,13.2
2011,CC,Coastal giant salamander,70,12.64
2011,CC,Cutthroat trout,43,1.13
2011,CC,Coastal giant salamander,42,3.1
2011,CC,Cutthroat trout,89,7.74
2011,CC,Cutthroat trout,140,31.02
2011,CC,Cutthroat trout,163,46.56
2011,CC,Cutthroat trout,126,23.56
2011,CC,Cutthroat trout,40,0.66
2011,CC,Cutthroat trout,46,0.98
2011,CC,Cutthroat trout,49,1.52
2011,CC,Cutthroat trout,36,0.57
2011,CC,Cutthroat trout,41,0.75
2011,CC,Cutthroat trout,33,0.37
2011,CC,Cutthroat trout,43,1.05
2011,CC,Cutthroat trout,51,1.24
2011,CC,Cutthroat trout,42,0.84
2011,CC,Cutthroat trout,46,0.91
2011,CC,Cutthroat trout,43,1.07
2011,CC,Cutthroat trout,36,0.53
2011,CC,Cutthroat trout,112,13.7
2011,CC,Cutthroat trout,125,12.09
2011,CC,Cutthroat trout,129,21.61
2011,CC,Cutthroat trout,38,0.58
2011,CC,Cutthroat trout,45,1.05
2011,CC,Coastal giant salamander,129,67.08
2011,CC,Coastal giant salamander,68,13.06
2011,CC,Coastal giant salamander,50,4.17
2011,CC,Cutthroat trout,142,34.47
2011,CC,Cutthroat trout,112,13.56
2011,CC,Cutthroat trout,78,5.36
2011,CC,Cutthroat trout,85,6.56
2011,CC,Cutthroat trout,120,19.91
2011,CC,Cutthroat trout,75,5.19
2011,CC,Cutthroat trout,119,15.78
2011,CC,Coastal giant salamander,60,9.09
2011,CC,Cutthroat trout,91,8.28
2011,CC,Cutthroat trout,134,26.6
2011,CC,Cutthroat trout,146,37.7
2011,CC,Coastal giant salamander,50,5.25
2011,CC,Coastal giant salamander,53,6.31
2011,CC,Coastal giant salamander,39,2.16
2011,CC,Coastal giant salamander,74,13.96
2011,CC,Coastal giant salamander,50,6.53
2011,CC,Coastal giant salamander,55,8.72
2011,CC,Coastal giant salamander,119,46.46
2011,CC,Coastal giant salamander,60,9.39
2011,CC,Coastal giant salamander,70,12.62
2011,CC,Coastal giant salamander,45,3.1
2011,CC,Coastal giant salamander,44,3.9
2011,CC,Coastal giant salamander,60,8.52
2011,CC,Coastal giant salamander,59,8.62
2011,CC,Coastal giant salamander,40,3.28
2011,CC,Coastal giant salamander,53,5.85
2011,CC,Coastal giant salamander,53,5.93
2011,CC,Coastal giant salamander,55,5.34
2011,CC,Coastal giant salamander,59,7.26
2011,CC,Coastal giant salamander,67,11.85
2011,CC,Coastal giant salamander,75,15.78
2011,CC,Coastal giant salamander,36,2.24
2011,CC,Coastal giant salamander,108,38.48
2011,CC,Coastal giant salamander,65,10.53
2011,CC,Coastal giant salamander,58,7.5
2011,CC,Coastal giant salamander,67,13.2
2011,CC,Coastal giant salamander,80,16.3
2011,CC,Coastal giant salamander,100,33.74
2011,CC,Coastal giant salamander,60,8.56
2011,CC,Coastal giant salamander,58,8.44
2011,CC,Coastal giant salamander,60,9.28
2011,CC,Coastal giant salamander,51,5.06
2011,CC,Coastal giant salamander,68,12.82
2011,CC,Coastal giant salamander,50,3.27
2011,CC,Coastal giant salamander,40,3.49
2011,CC,Coastal giant salamander,42,3.73
2011,CC,Coastal giant salamander,57,7.99
2011,CC,Coastal giant salamander,40,2.68
2011,CC,Coastal giant salamander,53,6.17
2011,CC,Coastal giant salamander,46,3.75
2011,CC,Coastal giant salamander,67,10.55
2011,CC,Coastal giant salamander,69,15.45
2011,CC,Coastal giant salamander,68,11.37
2011,CC,Cutthroat trout,36,0.63
2011,CC,Cutthroat trout,40,0.73
2011,CC,Cutthroat trout,43,0.92
2011,CC,Cutthroat trout,50,1.34
2011,CC,Cutthroat trout,34,0.42
2011,CC,Cutthroat trout,47,0.93
2011,CC,Cutthroat trout,130,26.81
2011,CC,Cutthroat trout,110,16.43
2011,CC,Cutthroat trout,88,7.58
2011,CC,Cutthroat trout,94,10.71
2011,CC,Cutthroat trout,85,6.59
2011,CC,Coastal giant salamander,132,69.7
2011,CC,Coastal giant salamander,100,33.49
2011,CC,Coastal giant salamander,84,27.25
2011,CC,Coastal giant salamander,80,18.59
2011,CC,Coastal giant salamander,66,12.51
2011,CC,Coastal giant salamander,61,9.93
2011,CC,Coastal giant salamander,67,11.32
2011,CC,Cutthroat trout,30,0.39
2011,CC,Cutthroat trout,47,1.31
2011,CC,Cutthroat trout,88,7.29
2011,CC,Cutthroat trout,89,7.82
2011,CC,Cutthroat trout,94,9.46
2011,CC,Cutthroat trout,83,5.8
2011,CC,Cutthroat trout,131,26.22
2011,CC,Cutthroat trout,138,27.37
2011,CC,Cutthroat trout,102,11.39
2011,CC,Cutthroat trout,38,0.53
2011,CC,Cutthroat trout,130,25.68
2011,CC,Cutthroat trout,80,5.29
2011,CC,Cutthroat trout,107,12.54
2011,CC,Cutthroat trout,105,12.16
2011,CC,Cutthroat trout,123,19.16
2011,CC,Coastal giant salamander,50,4.97
2011,CC,Coastal giant salamander,38,2.3
2011,CC,Coastal giant salamander,70,12.85
2011,CC,Coastal giant salamander,50,5.56
2011,CC,Coastal giant salamander,60,7.53
2011,CC,Coastal giant salamander,68,11.97
2011,CC,Coastal giant salamander,81,14.04
2011,CC,Coastal giant salamander,72,12.43
2011,CC,Coastal giant salamander,89,22.33
2011,CC,Coastal giant salamander,80,18.99
2011,CC,Coastal giant salamander,76,13.85
2011,CC,Cutthroat trout,43,0.93
2011,CC,Cutthroat trout,44,1.22
2011,CC,Cutthroat trout,43,0.97
2011,CC,Cutthroat trout,45,1.07
2011,CC,Cutthroat trout,87,6.89
2011,CC,Cutthroat trout,86,7.97
2011,CC,Cutthroat trout,90,8.23
2011,CC,Cutthroat trout,88,6.98
2011,CC,Cutthroat trout,119,18.96
2011,CC,Cutthroat trout,131,22.55
2011,CC,Coastal giant salamander,40,2.81
2011,CC,Cutthroat trout,76,5.76
2011,CC,Cutthroat trout,78,5.2
2011,CC,Cutthroat trout,30,0.25
2011,CC,Cutthroat trout,46,1.09
2011,CC,Cutthroat trout,40,0.64
2011,CC,Cutthroat trout,43,0.97
2011,CC,Cutthroat trout,47,0.53
2011,CC,Cutthroat trout,83,5.92
2011,CC,Cutthroat trout,93,8.33
2011,CC,Cutthroat trout,91,8.09
2011,CC,Cutthroat trout,115,15.22
2011,CC,Cutthroat trout,128,21.2
2011,CC,Cutthroat trout,136,26.02
2011,CC,Cutthroat trout,83,6.89
2011,CC,Cutthroat trout,110,14.18
2011,CC,Cutthroat trout,123,18.53
2011,CC,Cutthroat trout,147,32.79
2011,CC,Cutthroat trout,153,35.55
2011,CC,Cutthroat trout,42,0.78
2011,CC,Cutthroat trout,43,1.14
2011,CC,Cutthroat trout,48,1.18
2011,CC,Cutthroat trout,73,5.1
2011,CC,Cutthroat trout,88,7.27
2011,CC,Cutthroat trout,147,35.4
2011,CC,Cutthroat trout,136,26.43
2011,CC,Cutthroat trout,94,8.23
2011,CC,Cutthroat trout,108,11.72
2011,CC,Cutthroat trout,90,8.43
2011,CC,Cutthroat trout,160,43.1
2011,CC,Cutthroat trout,139,26.04
2011,CC,Cutthroat trout,111,14.86
2011,CC,Cutthroat trout,116,16.09
2011,CC,Cutthroat trout,113,14.22
2011,CC,Cutthroat trout,89,8.67
2011,CC,Coastal giant salamander,111,33.11
2011,CC,Coastal giant salamander,59,8.38
2011,CC,Coastal giant salamander,47,5.14
2011,CC,Coastal giant salamander,24,0.62
2011,CC,Coastal giant salamander,27,0.86
2011,CC,Coastal giant salamander,63,10.56
2011,CC,Coastal giant salamander,77,15.13
2011,CC,Coastal giant salamander,62,11.09
2011,CC,Coastal giant salamander,44,3.38
2011,CC,Cutthroat trout,41,0.74
2011,CC,Cutthroat trout,37,0.64
2011,CC,Cutthroat trout,30,0.31
2011,CC,Cutthroat trout,38,0.61
2011,CC,Cutthroat trout,87,7.86
2011,CC,Coastal giant salamander,27,0.46
2011,CC,Coastal giant salamander,30,1.02
2011,CC,Coastal giant salamander,43,3.88
2011,CC,Coastal giant salamander,50,5.97
2011,CC,Coastal giant salamander,45,3.44
2011,CC,Coastal giant salamander,62,9.6
2011,CC,Coastal giant salamander,83,20.81
2011,CC,Coastal giant salamander,64,9.17
2011,CC,Coastal giant salamander,60,10.72
2011,CC,Coastal giant salamander,72,13.86
2011,CC,Coastal giant salamander,70,15.1
2011,CC,Coastal giant salamander,35,1.74
2011,CC,Coastal giant salamander,37,2.33
2011,CC,Coastal giant salamander,57,7.93
2011,CC,Coastal giant salamander,39,2.43
2011,CC,Coastal giant salamander,59,7.07
2011,CC,Coastal giant salamander,29,1.01
2011,CC,Coastal giant salamander,62,9.84
2011,CC,Coastal giant salamander,73,14.06
2011,CC,Coastal giant salamander,55,6.58
2011,CC,Coastal giant salamander,90,23.23
2011,CC,Coastal giant salamander,59,10.85
2011,CC,Cutthroat trout,43,1
2011,CC,Cutthroat trout,133,24.47
2011,CC,Coastal giant salamander,64,14.37
2011,OG,Cutthroat trout,40,0.79
2011,OG,Cutthroat trout,38,0.65
2011,OG,Cutthroat trout,40,0.7
2011,OG,Cutthroat trout,40,0.62
2011,OG,Cutthroat trout,37,0.62
2011,OG,Cutthroat trout,31,0.35
2011,OG,Cutthroat trout,50,1.31
2011,OG,Cutthroat trout,39,0.6
2011,OG,Coastal giant salamander,48,4.1
2011,OG,Coastal giant salamander,39,2.53
2011,OG,Coastal giant salamander,42,4.92
2011,OG,Coastal giant salamander,53,5.55
2011,OG,Coastal giant salamander,58,6.88
2011,OG,Coastal giant salamander,58,7.51
2011,OG,Coastal giant salamander,54,6.06
2011,OG,Coastal giant salamander,58,9.65
2011,OG,Coastal giant salamander,73,12.96
2011,OG,Coastal giant salamander,90,23.55
2011,OG,Cutthroat trout,109,14.5
2011,OG,Cutthroat trout,43,0.82
2011,OG,Cutthroat trout,46,1.07
2011,OG,Cutthroat trout,99,10.06
2011,OG,Cutthroat trout,145,37.1
2011,OG,Cutthroat trout,144,28.37
2011,OG,Cutthroat trout,115,16.07
2011,OG,Cutthroat trout,126,23.56
2011,OG,Cutthroat trout,104,11.69
2011,OG,Coastal giant salamander,27,0.8
2011,OG,Coastal giant salamander,48,4.04
2011,OG,Coastal giant salamander,34,1.62
2011,OG,Coastal giant salamander,29,0.87
2011,OG,Coastal giant salamander,58,7.45
2011,OG,Cutthroat trout,40,0.7
2011,OG,Cutthroat trout,47,1.04
2011,OG,Cutthroat trout,75,4.41
2011,OG,Cutthroat trout,146,35.42
2011,OG,Cutthroat trout,123,20.1
2011,OG,Cutthroat trout,138,25.3
2011,OG,Cutthroat trout,83,6.14
2011,OG,Cutthroat trout,84,6.43
2011,OG,Cutthroat trout,95,9.44
2011,OG,Cutthroat trout,111,14.31
2011,OG,Cutthroat trout,130,23.45
2011,OG,Coastal giant salamander,74,14.1
2011,OG,Coastal giant salamander,69,11.94
2011,OG,Cutthroat trout,43,0.98
2011,OG,Cutthroat trout,41,0.66
2011,OG,Cutthroat trout,41,0.8
2011,OG,Cutthroat trout,47,1.14
2011,OG,Cutthroat trout,40,0.75
2011,OG,Cutthroat trout,37,0.56
2011,OG,Cutthroat trout,43,0.91
2011,OG,Cutthroat trout,36,0.64
2011,OG,Cutthroat trout,40,0.82
2011,OG,Cutthroat trout,39,0.66
2011,OG,Cutthroat trout,36,0.64
2011,OG,Cutthroat trout,44,1
2011,OG,Cutthroat trout,44,1.02
2011,OG,Cutthroat trout,45,0.96
2011,OG,Cutthroat trout,45,1.02
2011,OG,Cutthroat trout,49,1.2
2011,OG,Cutthroat trout,49,1.42
2011,OG,Cutthroat trout,38,0.79
2011,OG,Cutthroat trout,44,1.05
2011,OG,Cutthroat trout,48,1.11
2011,OG,Cutthroat trout,90,7.84
2011,OG,Cutthroat trout,88,7.66
2011,OG,Cutthroat trout,105,12.48
2011,OG,Cutthroat trout,118,17.61
2011,OG,Coastal giant salamander,61,8.74
2011,OG,Coastal giant salamander,55,5.61
2011,OG,Coastal giant salamander,57,6.72
2011,OG,Coastal giant salamander,62,9.07
2011,OG,Coastal giant salamander,68,12.07
2011,OG,Coastal giant salamander,65,10.98
2011,OG,Coastal giant salamander,70,11.35
2011,OG,Coastal giant salamander,130,92.02
2011,OG,Cutthroat trout,46,1.04
2011,OG,Cutthroat trout,90,7.75
2011,OG,Cutthroat trout,100,10.15
2011,OG,Cutthroat trout,144,27.02
2011,OG,Cutthroat trout,115,14.81
2011,OG,Cutthroat trout,120,18.06
2011,OG,Cutthroat trout,129,21.13
2011,OG,Cutthroat trout,70,3.69
2011,OG,Cutthroat trout,103,11.7
2011,OG,Cutthroat trout,129,23.75
2011,OG,Cutthroat trout,97,9.64
2011,OG,Cutthroat trout,106,13.29
2011,OG,Cutthroat trout,119,18.35
2011,OG,Cutthroat trout,103,11.55
2011,OG,Coastal giant salamander,37,1.81
2011,OG,Coastal giant salamander,47,4.62
2011,OG,Coastal giant salamander,68,9.69
2011,OG,Coastal giant salamander,97,28.96
2011,OG,Coastal giant salamander,57,7.93
2011,OG,Coastal giant salamander,55,6.9
2011,OG,Coastal giant salamander,56,6.62
2011,OG,Coastal giant salamander,65,8.85
2011,OG,Coastal giant salamander,70,13.54
2011,OG,Coastal giant salamander,61,8.77
2011,OG,Coastal giant salamander,66,10.06
2011,OG,Coastal giant salamander,54,6.05
2011,OG,Coastal giant salamander,48,4.37
2011,OG,Coastal giant salamander,54,5.04
2011,OG,Coastal giant salamander,54,5.86
2011,OG,Coastal giant salamander,34,1.47
2011,OG,Coastal giant salamander,24,0.62
2011,OG,Coastal giant salamander,41,2.74
2011,OG,Coastal giant salamander,60,7.51
2011,OG,Coastal giant salamander,59,8.45
2011,OG,Coastal giant salamander,60,7.99
2011,OG,Coastal giant salamander,60,9.55
2011,OG,Coastal giant salamander,59,7.29
2011,OG,Coastal giant salamander,48,4.51
2011,OG,Coastal giant salamander,56,7.19
2011,OG,Coastal giant salamander,65,11.45
2011,OG,Coastal giant salamander,73,12.53
2011,OG,Cutthroat trout,77,4.42
2011,OG,Cutthroat trout,88,7.12
2011,OG,Cutthroat trout,114,14.4
2011,OG,Cutthroat trout,107,11.96
2011,OG,Cutthroat trout,167,53.3
2011,OG,Cutthroat trout,115,15.95
2011,OG,Cutthroat trout,130,23.37
2011,OG,Cutthroat trout,98,9.2
2011,OG,Cutthroat trout,136,26.59
2011,OG,Coastal giant salamander,24,0.58
2011,OG,Coastal giant salamander,29,0.99
2011,OG,Coastal giant salamander,47,4.06
2011,OG,Coastal giant salamander,48,4.93
2011,OG,Coastal giant salamander,48,3.8
2011,OG,Coastal giant salamander,43,3.92
2011,OG,Coastal giant salamander,50,4.87
2011,OG,Coastal giant salamander,46,4.51
2011,OG,Coastal giant salamander,50,4.53
2011,OG,Coastal giant salamander,59,8.17
2011,OG,Coastal giant salamander,55,6.52
2011,OG,Coastal giant salamander,76,15.61
2011,OG,Cutthroat trout,37,0.61
2011,OG,Cutthroat trout,43,0.99
2011,OG,Cutthroat trout,125,23.23
2011,OG,Cutthroat trout,112,14.3
2011,OG,Coastal giant salamander,29,1.14
2011,OG,Coastal giant salamander,33,1.76
2011,OG,Coastal giant salamander,38,2.47
2011,OG,Coastal giant salamander,67,12.47
2011,OG,Coastal giant salamander,93,28.26
2011,OG,Cutthroat trout,83,6.08
2011,OG,Coastal giant salamander,59,9.15
2011,OG,Cutthroat trout,120,17.84
2011,OG,Coastal giant salamander,51,6.31
2011,OG,Coastal giant salamander,73,14.58
2011,OG,Cutthroat trout,45,1.15
2011,OG,Cutthroat trout,45,0.99
2011,OG,Cutthroat trout,121,19.96
2011,OG,Cutthroat trout,112,14.37
2011,OG,Cutthroat trout,138,29.36
2011,OG,Coastal giant salamander,59,6.86
2011,OG,Coastal giant salamander,36,1.99
2011,OG,Coastal giant salamander,47,3.67
2011,OG,Coastal giant salamander,54,6.42
2011,OG,Coastal giant salamander,41,3.05
2011,OG,Coastal giant salamander,49,4.99
2011,OG,Coastal giant salamander,44,3.61
2011,OG,Coastal giant salamander,29,1.02
2011,OG,Coastal giant salamander,55,6.91
2011,OG,Coastal giant salamander,77,16.2
2011,OG,Coastal giant salamander,62,8.1
2011,OG,Coastal giant salamander,66,10.12
2011,OG,Coastal giant salamander,83,20.28
2011,OG,Cutthroat trout,107,12.46
2011,OG,Cutthroat trout,100,14.08
2011,OG,Coastal giant salamander,36,2.01
2011,OG,Coastal giant salamander,40,2.16
2011,OG,Coastal giant salamander,63,12.42
2011,OG,Cutthroat trout,37,0.47
2011,OG,Cutthroat trout,39,0.67
2011,OG,Cutthroat trout,49,1.08
2011,OG,Cutthroat trout,37,0.51
2011,OG,Cutthroat trout,45,0.97
2011,OG,Cutthroat trout,37,0.49
2011,OG,Cutthroat trout,88,6.74
2011,OG,Cutthroat trout,77,5.43
2011,OG,Cutthroat trout,157,38.73
2011,OG,Cutthroat trout,151,39.32
2011,OG,Cutthroat trout,133,25.24
2011,OG,Coastal giant salamander,59,7.82
2011,OG,Coastal giant salamander,55,6.52
2011,OG,Coastal giant salamander,45,4.06
2011,OG,Coastal giant salamander,37,2.32
2011,OG,Coastal giant salamander,47,4.22
2011,OG,Coastal giant salamander,51,5.19
2011,OG,Coastal giant salamander,39,2.3
2011,OG,Coastal giant salamander,56,7.32
2011,OG,Coastal giant salamander,59,8.43
2011,OG,Coastal giant salamander,49,4.23
2011,OG,Coastal giant salamander,65,10.69
2011,OG,Coastal giant salamander,63,9.09
2011,OG,Coastal giant salamander,70,13.35
2011,OG,Cutthroat trout,37,0.51
2011,OG,Cutthroat trout,88,6.95
2011,OG,Cutthroat trout,67,3.21
2011,OG,Cutthroat trout,85,5.92
2011,OG,Cutthroat trout,103,10.22
2011,OG,Cutthroat trout,99,9.85
2011,OG,Cutthroat trout,121,16.84
2011,OG,Cutthroat trout,152,37.52
2011,OG,Cutthroat trout,133,24.81
2011,OG,Cutthroat trout,127,21.91
2011,OG,Coastal giant salamander,51,5.03
2011,OG,Coastal giant salamander,53,6.25
2011,OG,Coastal giant salamander,55,6.07
2011,OG,Coastal giant salamander,45,3.12
2011,OG,Coastal giant salamander,40,2.51
2011,OG,Coastal giant salamander,53,5.34
2011,OG,Coastal giant salamander,59,7.28
2011,OG,Coastal giant salamander,72,14.61
2011,OG,Cutthroat trout,40,0.68
2011,OG,Cutthroat trout,47,1.06
2011,OG,Cutthroat trout,97,8.78
2011,OG,Cutthroat trout,81,5.62
2011,OG,Cutthroat trout,80,5.93
2011,OG,Cutthroat trout,98,10.14
2011,OG,Cutthroat trout,110,14.34
2011,OG,Cutthroat trout,141,30.66
2011,OG,Coastal giant salamander,48,4.62
2011,OG,Cutthroat trout,130,21.57
2011,OG,Cutthroat trout,116,14.99
2011,OG,Cutthroat trout,115,16.15
2011,OG,Coastal giant salamander,65,10.74
2011,OG,Coastal giant salamander,65,9.65
2011,OG,Coastal giant salamander,69,11.74
2011,OG,Coastal giant salamander,122,54.46
2011,OG,Cutthroat trout,30,0.26
2011,OG,Cutthroat trout,45,1.04
2011,OG,Cutthroat trout,43,0.83
2011,OG,Cutthroat trout,47,1.37
2011,OG,Cutthroat trout,37,0.67
2011,OG,Cutthroat trout,36,0.44
2011,OG,Cutthroat trout,38,0.55
2011,OG,Cutthroat trout,33,0.38
2011,OG,Cutthroat trout,46,1.21
2011,OG,Coastal giant salamander,33,1.62
2011,OG,Coastal giant salamander,51,4.93
2011,OG,Coastal giant salamander,47,4.16
2011,OG,Cutthroat trout,78,4.98
2011,OG,Cutthroat trout,131,23.09
2011,OG,Coastal giant salamander,57,6.66
2011,OG,Coastal giant salamander,52,5.2
2011,OG,Coastal giant salamander,39,2.26
2011,OG,Coastal giant salamander,35,1.51
2011,OG,Coastal giant salamander,46,3.83
2011,OG,Cutthroat trout,109,12.63
2011,OG,Cutthroat trout,98,10.91
2011,OG,Cutthroat trout,133,24.21
2011,OG,Cutthroat trout,99,9.98
2011,OG,Coastal giant salamander,62,8.07
2011,OG,Coastal giant salamander,69,11.94
2011,OG,Coastal giant salamander,73,14.19
2011,OG,Coastal giant salamander,63,8.51
2011,OG,Coastal giant salamander,66,9.97
2011,OG,Cutthroat trout,95,8.88
2011,OG,Coastal giant salamander,22,0.45
2011,OG,Cutthroat trout,34,0.52
2011,OG,Coastal giant salamander,40,2.65
2011,OG,Coastal giant salamander,43,2.72
2011,OG,Coastal giant salamander,41,2.76
2011,OG,Coastal giant salamander,51,5.73
2011,OG,Coastal giant salamander,39,2.45
2011,OG,Coastal giant salamander,65,10.69
2011,OG,Coastal giant salamander,62,9.44
2011,OG,Coastal giant salamander,67,11.22
2011,OG,Coastal giant salamander,122,57.96
2011,OG,Cutthroat trout,34,0.38
2011,OG,Cutthroat trout,35,0.45
2011,OG,Cutthroat trout,44,1.1
2011,OG,Cutthroat trout,40,0.71
2011,OG,Cutthroat trout,105,12.71
2011,OG,Cutthroat trout,127,21.98
2011,OG,Cutthroat trout,37,0.5
2011,OG,Cutthroat trout,43,0.92
2011,OG,Cutthroat trout,43,0.95
2011,OG,Cutthroat trout,47,1.06
2011,OG,Cutthroat trout,47,1.16
2011,OG,Cutthroat trout,40,0.57
2011,OG,Coastal giant salamander,43,3.31
2011,OG,Cutthroat trout,32,0.39
2011,OG,Coastal giant salamander,45,3.25
2011,OG,Coastal giant salamander,49,5
2011,OG,Coastal giant salamander,49,3.92
2011,OG,Coastal giant salamander,50,4.35
2011,OG,Coastal giant salamander,21,0.35
2011,OG,Coastal giant salamander,66,11.5
2011,OG,Coastal giant salamander,63,8.89
2011,OG,Coastal giant salamander,47,4.59
2011,OG,Coastal giant salamander,59,7.47
2011,OG,Coastal giant salamander,52,5.05
2011,OG,Coastal giant salamander,57,7.05
2011,OG,Coastal giant salamander,55,6.53
2011,OG,Coastal giant salamander,68,11.07
2011,OG,Coastal giant salamander,57,6.61
2011,OG,Coastal giant salamander,33,1.23
2011,OG,Coastal giant salamander,71,9.75
2011,OG,Coastal giant salamander,55,5.99
2011,OG,Coastal giant salamander,60,8.96
2011,OG,Coastal giant salamander,65,9.26
2011,OG,Coastal giant salamander,74,13.91
2011,OG,Cutthroat trout,40,0.79
2011,OG,Coastal giant salamander,25,0.54
2011,OG,Coastal giant salamander,22,0.38
2011,OG,Coastal giant salamander,30,1.08
2011,OG,Coastal giant salamander,29,0.91
2011,OG,Coastal giant salamander,40,2.66
2011,OG,Coastal giant salamander,38,1.96
2011,OG,Coastal giant salamander,30,1.08
2011,OG,Coastal giant salamander,23,0.39
2011,OG,Coastal giant salamander,44,3.36
2011,OG,Coastal giant salamander,50,4.54
2011,OG,Coastal giant salamander,65,9.87
2011,OG,Coastal giant salamander,52,5.37
2011,OG,Coastal giant salamander,67,10.06
2011,OG,Coastal giant salamander,59,6.92
2011,OG,Coastal giant salamander,52,5.1
2011,OG,Coastal giant salamander,61,7
2011,OG,Coastal giant salamander,34,1.36
2011,OG,Coastal giant salamander,49,4.21
2011,OG,Coastal giant salamander,22,0.42
2011,OG,Coastal giant salamander,62,8.58
2011,OG,Coastal giant salamander,80,16.36
2011,OG,Coastal giant salamander,72,13.29
2011,OG,Coastal giant salamander,72,12.83
2011,OG,Coastal giant salamander,83,20.42
2011,OG,Cutthroat trout,46,1.03
2011,OG,Cutthroat trout,39,0.57
2011,OG,Cutthroat trout,40,0.62
2011,OG,Cutthroat trout,31,0.25
2011,OG,Cutthroat trout,40,0.65
2011,OG,Cutthroat trout,39,0.66
2011,OG,Cutthroat trout,53,1.54
2011,OG,Cutthroat trout,34,0.51
2011,OG,Cutthroat trout,83,5.74
2011,OG,Cutthroat trout,79,5.03
2011,OG,Cutthroat trout,111,14.01
2011,OG,Cutthroat trout,109,13.33
2011,OG,Cutthroat trout,116,15.44
2011,OG,Cutthroat trout,96,9.44
2011,OG,Cutthroat trout,45,1.05
2011,OG,Cutthroat trout,43,0.89
2011,OG,Cutthroat trout,47,0.91
2011,OG,Cutthroat trout,39,0.68
2011,OG,Cutthroat trout,91,7.7
2011,OG,Cutthroat trout,103,10.82
2011,OG,Cutthroat trout,129,21.47
2011,OG,Cutthroat trout,123,19.76
2011,OG,Cutthroat trout,44,0.88
2011,OG,Cutthroat trout,83,5.69
2011,OG,Cutthroat trout,41,0.9
2011,OG,Cutthroat trout,107,13.57
2011,OG,Cutthroat trout,119,18.29
2011,OG,Cutthroat trout,99,10.55
2011,OG,Cutthroat trout,88,7.88
2011,OG,Coastal giant salamander,53,5.31
2011,OG,Coastal giant salamander,52,5.87
2011,OG,Coastal giant salamander,37,1.72
2011,OG,Coastal giant salamander,50,4.82
2011,OG,Coastal giant salamander,25,0.68
2011,OG,Coastal giant salamander,29,0.82
2011,OG,Coastal giant salamander,41,2.5
2011,OG,Coastal giant salamander,62,8.55
2011,OG,Coastal giant salamander,59,8
2011,OG,Coastal giant salamander,72,13.24
2011,OG,Coastal giant salamander,59,9.29
2011,OG,Coastal giant salamander,52,5.09
2011,OG,Coastal giant salamander,46,3.42
2011,OG,Coastal giant salamander,36,1.41
2011,OG,Coastal giant salamander,52,4.89
2011,OG,Coastal giant salamander,73,15.75
2011,OG,Coastal giant salamander,74,13.09
2011,OG,Coastal giant salamander,62,9.98
2011,OG,Coastal giant salamander,59,7.78
2011,OG,Coastal giant salamander,67,11.4
2011,OG,Coastal giant salamander,128,68.54
2011,OG,Coastal giant salamander,66,10.44
2011,OG,Coastal giant salamander,68,10.72
2011,OG,Coastal giant salamander,117,54.14
2011,OG,Cutthroat trout,80,6.06
2011,OG,Cutthroat trout,88,6.7
2011,OG,Cutthroat trout,85,6.44
2011,OG,Coastal giant salamander,35,1.71
2011,OG,Coastal giant salamander,35,1.82
2011,OG,Coastal giant salamander,40,2.61
2011,OG,Cutthroat trout,108,13.79
2011,OG,Cutthroat trout,147,30.6
2011,OG,Cutthroat trout,124,20.99
2011,OG,Cutthroat trout,32,0.36
2011,OG,Cutthroat trout,102,10.6
2011,OG,Cutthroat trout,114,15.52
2011,OG,Coastal giant salamander,31,1.18
2011,OG,Coastal giant salamander,65,9.77
2011,OG,Coastal giant salamander,68,11.38
2011,OG,Coastal giant salamander,70,10.7
2011,OG,Cutthroat trout,88,6.5
2011,OG,Cutthroat trout,130,23.02
2011,OG,Cutthroat trout,113,14.59
2011,OG,Cutthroat trout,118,16.19
2011,OG,Coastal giant salamander,24,0.52
2011,OG,Coastal giant salamander,63,9.3
2011,OG,Cutthroat trout,43,0.87
2011,OG,Cutthroat trout,35,0.46
2011,OG,Cutthroat trout,38,0.59
2011,OG,Cutthroat trout,77,5.89
2011,OG,Cutthroat trout,82,5.73
2011,OG,Cutthroat trout,34,0.37
2011,OG,Coastal giant salamander,49,3.87
2011,OG,Coastal giant salamander,39,2.03
2011,OG,Coastal giant salamander,45,3.63
2011,OG,Coastal giant salamander,42,3.17
2011,OG,Coastal giant salamander,74,14.11
2011,OG,Coastal giant salamander,27,0.87
2011,OG,Coastal giant salamander,28,0.96
2011,OG,Coastal giant salamander,62,8.9
2011,OG,Coastal giant salamander,63,8.7
2011,OG,Coastal giant salamander,83,19.07
2011,OG,Cutthroat trout,92,8.08
2011,OG,Cutthroat trout,77,5.55
2011,OG,Coastal giant salamander,44,3.13
2011,OG,Coastal giant salamander,39,2.22
2011,OG,Coastal giant salamander,50,4.35
2011,OG,Coastal giant salamander,44,3.31
2011,OG,Cutthroat trout,40,0.72
2011,OG,Cutthroat trout,39,0.69
2011,OG,Coastal giant salamander,51,5.31
2011,OG,Coastal giant salamander,30,1.07
2011,OG,Coastal giant salamander,23,0.45
2011,OG,Coastal giant salamander,58,6.69
2011,OG,Coastal giant salamander,73,14.41
2011,OG,Coastal giant salamander,69,12.27
2011,OG,Coastal giant salamander,42,3.26
2011,OG,Coastal giant salamander,32,1.33
2011,OG,Coastal giant salamander,59,8.31
2011,OG,Coastal giant salamander,21,0.42
2011,OG,Coastal giant salamander,73,13.34
2011,OG,Cutthroat trout,45,1.11
2011,OG,Coastal giant salamander,21,0.37
2011,OG,Cutthroat trout,89,7.27
2011,OG,Cutthroat trout,104,11.85
2011,OG,Cutthroat trout,73,4.2
2011,OG,Cutthroat trout,36,0.59
2011,OG,Cutthroat trout,53,1.76
2011,OG,Coastal giant salamander,65,10.55
2011,OG,Cutthroat trout,122,18.55
2011,OG,Coastal giant salamander,50,4.82
2011,OG,Coastal giant salamander,49,3.93
2011,OG,Coastal giant salamander,23,0.47
2011,OG,Coastal giant salamander,56,6.46
2011,OG,Coastal giant salamander,70,12.79
2011,OG,Coastal giant salamander,25,0.64
2011,OG,Coastal giant salamander,51,4.91
2011,OG,Coastal giant salamander,69,11.67
2011,OG,Coastal giant salamander,75,15.11
2011,OG,Coastal giant salamander,75,14.33
2011,OG,Coastal giant salamander,64,9.17
2011,OG,Coastal giant salamander,69,10.3
2011,OG,Coastal giant salamander,116,47.41
2011,OG,Coastal giant salamander,120,53.58
2011,OG,Cutthroat trout,42,0.75
2011,OG,Cutthroat trout,47,1.14
2011,OG,Cutthroat trout,35,0.62
2011,OG,Cutthroat trout,50,1.31
2011,OG,Cutthroat trout,38,0.61
2011,OG,Cutthroat trout,46,1.07
2011,OG,Cutthroat trout,106,13.23
2011,OG,Cutthroat trout,77,5.32
2011,OG,Cutthroat trout,95,9.53
2011,OG,Cutthroat trout,110,13.46
2011,OG,Cutthroat trout,127,19.13
2011,OG,Cutthroat trout,113,14.68
2011,OG,Cutthroat trout,110,13.55
2011,OG,Cutthroat trout,102,11.54
2011,OG,Cutthroat trout,130,22.68
2011,OG,Cutthroat trout,134,29.69
2011,OG,Coastal giant salamander,42,3.37
2011,OG,Coastal giant salamander,57,6.88
2011,OG,Coastal giant salamander,39,2.42
2011,OG,Coastal giant salamander,47,4.39
2011,OG,Coastal giant salamander,71,13.29
2011,OG,Coastal giant salamander,74,16.44
2011,OG,Coastal giant salamander,58,7.4
2011,OG,Coastal giant salamander,48,4.29
2011,OG,Coastal giant salamander,68,10.67
2011,OG,Cutthroat trout,39,0.63
2011,OG,Cutthroat trout,36,0.59
2011,OG,Cutthroat trout,45,0.96
2011,OG,Cutthroat trout,38,0.61
2011,OG,Cutthroat trout,43,0.99
2011,OG,Cutthroat trout,49,1.29
2011,OG,Cutthroat trout,48,1.09
2011,OG,Cutthroat trout,173,50.04
2011,OG,Cutthroat trout,108,13.24
2011,OG,Cutthroat trout,141,29.78
2011,OG,Cutthroat trout,120,18.44
2011,OG,Cutthroat trout,115,15.14
2011,OG,Cutthroat trout,94,10.3
2011,OG,Cutthroat trout,75,5.54
2011,OG,Cutthroat trout,85,6.91
2011,OG,Cutthroat trout,99,10.58
2011,OG,Cutthroat trout,113,15.54
2011,OG,Cutthroat trout,124,18.87
2011,OG,Cutthroat trout,35,0.53
2011,OG,Coastal giant salamander,39,2.12
2011,OG,Coastal giant salamander,50,4.64
2011,OG,Coastal giant salamander,58,7.5
2011,OG,Coastal giant salamander,71,14.49
2011,OG,Coastal giant salamander,82,18.43
2011,OG,Coastal giant salamander,67,10.76
2011,OG,Coastal giant salamander,57,6.8
2011,OG,Coastal giant salamander,60,6.13
2011,OG,Cutthroat trout,36,0.47
2011,OG,Coastal giant salamander,36,1.36
2011,OG,Coastal giant salamander,30,0.74
2011,OG,Coastal giant salamander,23,0.5
2011,OG,Coastal giant salamander,24,0.57
2011,OG,Coastal giant salamander,29,0.75
2011,OG,Coastal giant salamander,32,1.4
2011,OG,Coastal giant salamander,48,4.73
2011,OG,Coastal giant salamander,53,6.41
2011,OG,Coastal giant salamander,46,3.48
2011,OG,Coastal giant salamander,47,4.68
2011,OG,Coastal giant salamander,56,6.12
2011,OG,Coastal giant salamander,62,8.78
2011,OG,Coastal giant salamander,70,14.07
2011,OG,Cutthroat trout,110,13.32
2011,OG,Cutthroat trout,34,0.58
2011,OG,Cutthroat trout,78,5.29
2011,OG,Cutthroat trout,119,16.72
2011,OG,Cutthroat trout,132,25.95
2011,OG,Cutthroat trout,114,15.35
2011,OG,Coastal giant salamander,30,1.1
2011,OG,Coastal giant salamander,41,2.78
2011,OG,Coastal giant salamander,43,4.03
2011,OG,Coastal giant salamander,65,10.5
2011,OG,Cutthroat trout,32,0.83
2011,OG,Cutthroat trout,43,0.97
2011,OG,Cutthroat trout,37,0.58
2011,OG,Cutthroat trout,34,0.38
2011,OG,Cutthroat trout,32,0.39
2011,OG,Cutthroat trout,50,1.65
2011,OG,Cutthroat trout,38,0.52
2011,OG,Cutthroat trout,38,0.69
2011,OG,Cutthroat trout,37,0.6
2011,OG,Cutthroat trout,39,0.62
2011,OG,Cutthroat trout,119,17.79
2011,OG,Cutthroat trout,151,41.29
2011,OG,Cutthroat trout,43,1.06
2011,OG,Cutthroat trout,46,1.11
2011,OG,Cutthroat trout,41,0.78
2011,OG,Cutthroat trout,35,0.46
2011,OG,Cutthroat trout,33,0.36
2011,OG,Cutthroat trout,98,10.51
2011,OG,Cutthroat trout,121,18.35
2011,OG,Cutthroat trout,116,17.28
2011,OG,Cutthroat trout,117,17.39
2011,OG,Cutthroat trout,144,29.87
2011,OG,Cutthroat trout,35,0.46
2011,OG,Cutthroat trout,39,0.7
2011,OG,Cutthroat trout,46,1.05
2011,OG,Cutthroat trout,47,1.2
2011,OG,Cutthroat trout,30,0.29
2011,OG,Cutthroat trout,52,1.54
2011,OG,Cutthroat trout,54,1.99
2011,OG,Cutthroat trout,38,0.61
2011,OG,Cutthroat trout,40,0.75
2011,OG,Cutthroat trout,50,1.38
2011,OG,Cutthroat trout,40,0.71
2011,OG,Cutthroat trout,126,20.13
2011,OG,Cutthroat trout,123,21.67
2011,OG,Cutthroat trout,52,1.83
2011,OG,Cutthroat trout,49,1.6
2011,OG,Cutthroat trout,39,0.8
2011,OG,Cutthroat trout,40,0.82
2011,OG,Cutthroat trout,37,0.55
2011,OG,Cutthroat trout,37,0.49
2011,OG,Cutthroat trout,38,0.63
2011,OG,Cutthroat trout,98,10.41
2011,OG,Cutthroat trout,100,11.11
2011,OG,Cutthroat trout,100,10.97
2011,OG,Cutthroat trout,118,18.22
2011,OG,Cutthroat trout,95,8.71
2011,OG,Cutthroat trout,105,15.09
2011,OG,Cutthroat trout,116,17.87
2011,OG,Coastal giant salamander,61,9.94
2011,OG,Coastal giant salamander,58,7.61
2011,OG,Coastal giant salamander,60,7.55
2011,OG,Coastal giant salamander,57,7.07
2011,OG,Coastal giant salamander,67,11.06
2011,OG,Coastal giant salamander,63,9.57
2011,OG,Coastal giant salamander,42,2.82
2011,OG,Coastal giant salamander,69,12.52
2011,OG,Coastal giant salamander,93,27.46
2011,OG,Coastal giant salamander,115,51.8
2011,OG,Coastal giant salamander,84,18.99
2011,OG,Coastal giant salamander,72,12.9
2011,OG,Coastal giant salamander,73,13.85
2011,OG,Coastal giant salamander,81,19.47
2011,OG,Cutthroat trout,33,0.48
2011,OG,Cutthroat trout,48,1.43
2011,OG,Cutthroat trout,35,0.54
2011,OG,Cutthroat trout,47,1.13
2011,OG,Cutthroat trout,47,1.24
2011,OG,Cutthroat trout,47,1.26
2011,OG,Cutthroat trout,109,14.16
2011,OG,Cutthroat trout,87,7.06
2011,OG,Cutthroat trout,108,13.06
2011,OG,Cutthroat trout,130,22.06
2011,OG,Cutthroat trout,157,39.71
2011,OG,Cutthroat trout,102,11.16
2011,OG,Coastal giant salamander,25,0.61
2011,OG,Coastal giant salamander,26,0.93
2011,OG,Coastal giant salamander,40,2.77
2011,OG,Coastal giant salamander,39,2.27
2011,OG,Coastal giant salamander,35,1.48
2011,OG,Coastal giant salamander,45,3.44
2011,OG,Coastal giant salamander,54,7.64
2011,OG,Coastal giant salamander,42,3.4
2011,OG,Coastal giant salamander,24,0.7
2011,OG,Coastal giant salamander,57,6.7
2011,OG,Coastal giant salamander,29,1.11
2011,OG,Coastal giant salamander,58,8.09
2011,OG,Coastal giant salamander,53,5.95
2011,OG,Coastal giant salamander,54,6.55
2011,OG,Coastal giant salamander,72,13.18
2011,OG,Coastal giant salamander,67,12.37
2011,OG,Cutthroat trout,41,1.03
2011,OG,Cutthroat trout,41,0.94
2011,OG,Cutthroat trout,42,0.93
2011,OG,Cutthroat trout,98,9.9
2011,OG,Cutthroat trout,132,23.25
2011,OG,Cutthroat trout,35,0.52
2011,OG,Cutthroat trout,39,0.62
2011,OG,Cutthroat trout,35,0.57
2011,OG,Cutthroat trout,36,0.52
2011,OG,Cutthroat trout,37,0.59
2011,OG,Cutthroat trout,47,1.21
2011,OG,Cutthroat trout,35,0.56
2011,OG,Cutthroat trout,42,0.93
2011,OG,Cutthroat trout,51,1.39
2011,OG,Cutthroat trout,43,1.04
2011,OG,Cutthroat trout,34,0.52
2011,OG,Cutthroat trout,36,0.66
2011,OG,Cutthroat trout,33,0.47
2011,OG,Cutthroat trout,52,1.8
2011,OG,Cutthroat trout,42,0.9
2011,OG,Cutthroat trout,44,0.91
2011,OG,Cutthroat trout,40,0.83
2011,OG,Cutthroat trout,43,0.93
2011,OG,Cutthroat trout,32,0.44
2011,OG,Cutthroat trout,33,0.5
2011,OG,Cutthroat trout,136,27.51
2011,OG,Cutthroat trout,145,35.47
2011,OG,Cutthroat trout,105,12.25
2011,OG,Cutthroat trout,101,12.46
2011,OG,Cutthroat trout,30,0.25
2011,OG,Coastal giant salamander,53,6.34
2011,OG,Coastal giant salamander,33,1.57
2011,OG,Coastal giant salamander,36,2.21
2011,OG,Coastal giant salamander,44,3.44
2011,OG,Coastal giant salamander,40,2.21
2011,OG,Coastal giant salamander,47,3.63
2011,OG,Coastal giant salamander,28,1.07
2011,OG,Coastal giant salamander,22,0.47
2011,OG,Coastal giant salamander,28,1.18
2011,OG,Coastal giant salamander,35,2.11
2011,OG,Coastal giant salamander,48,4.98
2011,OG,Coastal giant salamander,52,5.22
2011,OG,Coastal giant salamander,66,8.76
2011,OG,Coastal giant salamander,62,7.97
2011,OG,Coastal giant salamander,69,12.25
2011,OG,Coastal giant salamander,71,12.42
2011,OG,Coastal giant salamander,63,9.05
2011,OG,Coastal giant salamander,53,6.1
2011,OG,Coastal giant salamander,60,8.25
2011,OG,Coastal giant salamander,54,6.42
2011,OG,Coastal giant salamander,40,1.81
2011,OG,Coastal giant salamander,53,6.76
2011,OG,Coastal giant salamander,40,2.97
2011,OG,Cutthroat trout,49,1.29
2011,OG,Cutthroat trout,40,0.7
2011,OG,Cutthroat trout,41,0.85
2011,OG,Cutthroat trout,147,30.9
2011,OG,Coastal giant salamander,47,3.99
2011,OG,Coastal giant salamander,43,3.26
2011,OG,Coastal giant salamander,47,5.43
2011,OG,Coastal giant salamander,72,15.7
2011,OG,Coastal giant salamander,75,14.46
2011,OG,Cutthroat trout,114,15.77
2011,OG,Cutthroat trout,98,11.3
2011,OG,Cutthroat trout,106,14.37
2011,OG,Cutthroat trout,42,0.97
2011,OG,Cutthroat trout,42,0.76
2011,OG,Cutthroat trout,47,1.39
2011,OG,Cutthroat trout,46,1.34
2011,OG,Cutthroat trout,42,0.77
2011,OG,Cutthroat trout,45,0.97
2011,OG,Cutthroat trout,39,0.69
2011,OG,Cutthroat trout,44,0.91
2011,OG,Coastal giant salamander,25,0.65
2011,OG,Cutthroat trout,108,12.92
2011,OG,Coastal giant salamander,76,16.75
2011,OG,Coastal giant salamander,79,16.86
2011,OG,Coastal giant salamander,73,15.81
2011,OG,Coastal giant salamander,66,10.93
2011,OG,Coastal giant salamander,71,12.93
2011,OG,Coastal giant salamander,62,7.86
2011,OG,Coastal giant salamander,61,7.29
2011,OG,Coastal giant salamander,52,6.09
2011,OG,Coastal giant salamander,55,7.73
2011,OG,Coastal giant salamander,54,6.92
2011,OG,Coastal giant salamander,50,5.07
2011,OG,Coastal giant salamander,40,2.74
2011,OG,Coastal giant salamander,39,2.35
2011,OG,Coastal giant salamander,43,3.38
2011,OG,Coastal giant salamander,35,2.12
2011,OG,Coastal giant salamander,36,1.93
2011,OG,Coastal giant salamander,34,1.47
2011,OG,Coastal giant salamander,26,0.85
2011,OG,Coastal giant salamander,30,1.15
2011,OG,Coastal giant salamander,43,3.08
2012,CC,Cutthroat trout,40,0.5
2012,CC,Cutthroat trout,43,1
2012,CC,Cutthroat trout,48,1.3
2012,CC,Cutthroat trout,51,1.2
2012,CC,Cutthroat trout,77,4.8
2012,CC,Cutthroat trout,83,5.9
2012,CC,Cutthroat trout,35,0.4
2012,CC,Cutthroat trout,37,0.5
2012,CC,Cutthroat trout,44,0.7
2012,CC,Cutthroat trout,53,1.4
2012,CC,Cutthroat trout,43,0.9
2012,CC,Cutthroat trout,48,1.2
2012,CC,Cutthroat trout,83,6
2012,CC,Cutthroat trout,43,0.7
2012,CC,Cutthroat trout,45,0.9
2012,CC,Cutthroat trout,42,0.9
2012,CC,Cutthroat trout,91,7.4
2012,CC,Cutthroat trout,32,0.3
2012,CC,Cutthroat trout,119,18.5
2012,CC,Cutthroat trout,138,27.9
2012,CC,Cutthroat trout,153,37.3
2012,CC,Cutthroat trout,111,13.2
2012,CC,Coastal giant salamander,48,4.1
2012,CC,Coastal giant salamander,51,5.1
2012,CC,Cutthroat trout,86,6.5
2012,CC,Cutthroat trout,89,6.9
2012,CC,Cutthroat trout,128,21
2012,CC,Coastal giant salamander,49,4.1
2012,CC,Coastal giant salamander,55,6.3
2012,CC,Coastal giant salamander,44,3.6
2012,CC,Coastal giant salamander,43,2.9
2012,CC,Coastal giant salamander,95,29.7
2012,CC,Coastal giant salamander,59,8.1
2012,CC,Coastal giant salamander,76,15.1
2012,CC,Coastal giant salamander,65,8.8
2012,CC,Coastal giant salamander,65,9.6
2012,CC,Coastal giant salamander,64,9.4
2012,CC,Coastal giant salamander,73,14.5
2012,CC,Coastal giant salamander,68,10.7
2012,CC,Coastal giant salamander,77,16.1
2012,CC,Coastal giant salamander,66,11
2012,CC,Coastal giant salamander,69,11.3
2012,CC,Coastal giant salamander,75,15.3
2012,CC,Coastal giant salamander,70,11.6
2012,CC,Coastal giant salamander,77,17
2012,CC,Cutthroat trout,39,0.6
2012,CC,Cutthroat trout,44,0.7
2012,CC,Cutthroat trout,35,0.4
2012,CC,Cutthroat trout,44,0.9
2012,CC,Cutthroat trout,43,0.7
2012,CC,Cutthroat trout,43,0.8
2012,CC,Cutthroat trout,44,0.8
2012,CC,Cutthroat trout,37,0.4
2012,CC,Cutthroat trout,43,0.7
2012,CC,Cutthroat trout,78,4.9
2012,CC,Cutthroat trout,85,5.9
2012,CC,Cutthroat trout,90,7.1
2012,CC,Cutthroat trout,93,7.7
2012,CC,Cutthroat trout,43,0.7
2012,CC,Cutthroat trout,43,0.7
2012,CC,Cutthroat trout,53,1.3
2012,CC,Cutthroat trout,144,30.1
2012,CC,Cutthroat trout,107,10.7
2012,CC,Cutthroat trout,114,14.6
2012,CC,Cutthroat trout,83,5.9
2012,CC,Cutthroat trout,124,19.4
2012,CC,Cutthroat trout,102,12.1
2012,CC,Cutthroat trout,138,24.3
2012,CC,Cutthroat trout,178,52.8
2012,CC,Cutthroat trout,36,0.5
2012,CC,Cutthroat trout,37,0.6
2012,CC,Cutthroat trout,38,0.6
2012,CC,Cutthroat trout,38,0.5
2012,CC,Cutthroat trout,78,4.9
2012,CC,Cutthroat trout,95,8.6
2012,CC,Cutthroat trout,90,9.4
2012,CC,Cutthroat trout,95,8.8
2012,CC,Cutthroat trout,117,16
2012,CC,Coastal giant salamander,48,4.3
2012,CC,Coastal giant salamander,65,10.8
2012,CC,Cutthroat trout,47,1
2012,CC,Cutthroat trout,40,0.5
2012,CC,Cutthroat trout,84,5.9
2012,CC,Cutthroat trout,39,0.6
2012,CC,Cutthroat trout,34,0.4
2012,CC,Cutthroat trout,43,0.9
2012,CC,Cutthroat trout,88,6.8
2012,CC,Cutthroat trout,115,16.9
2012,CC,Coastal giant salamander,65,12
2012,CC,Coastal giant salamander,64,9.8
2012,CC,Coastal giant salamander,34,1.4
2012,CC,Coastal giant salamander,75,13.9
2012,CC,Coastal giant salamander,51,5.2
2012,CC,Coastal giant salamander,37,2.1
2012,CC,Coastal giant salamander,41,2.9
2012,CC,Coastal giant salamander,58,8.1
2012,CC,Coastal giant salamander,54,5.9
2012,CC,Coastal giant salamander,52,5.3
2012,CC,Coastal giant salamander,46,3.5
2012,CC,Coastal giant salamander,73,14.6
2012,CC,Coastal giant salamander,76,12.7
2012,CC,Coastal giant salamander,61,8.4
2012,CC,Coastal giant salamander,65,10.3
2012,CC,Coastal giant salamander,80,17.4
2012,CC,Coastal giant salamander,73,13.2
2012,CC,Cutthroat trout,41,0.7
2012,CC,Cutthroat trout,38,0.5
2012,CC,Cutthroat trout,48,1.2
2012,CC,Cutthroat trout,52,1.4
2012,CC,Cutthroat trout,78,5.3
2012,CC,Cutthroat trout,83,5.7
2012,CC,Cutthroat trout,89,6.7
2012,CC,Cutthroat trout,91,7.2
2012,CC,Cutthroat trout,89,7.3
2012,CC,Cutthroat trout,78,4.8
2012,CC,Cutthroat trout,44,1
2012,CC,Cutthroat trout,90,6.9
2012,CC,Cutthroat trout,99,9.3
2012,CC,Cutthroat trout,117,15.9
2012,CC,Cutthroat trout,94,7.9
2012,CC,Cutthroat trout,113,14.5
2012,CC,Coastal giant salamander,52,5.1
2012,CC,Coastal giant salamander,67,11.6
2012,CC,Cutthroat trout,84,6.2
2012,CC,Cutthroat trout,151,36.1
2012,CC,Cutthroat trout,78,4.8
2012,CC,Cutthroat trout,148,34
2012,CC,Cutthroat trout,111,13.3
2012,CC,Cutthroat trout,125,20
2012,CC,Coastal giant salamander,70,12.5
2012,CC,Coastal giant salamander,45,3.3
2012,CC,Coastal giant salamander,52,5.2
2012,CC,Coastal giant salamander,78,15.4
2012,CC,Coastal giant salamander,119,60.5
2012,CC,Coastal giant salamander,52,5.4
2012,CC,Cutthroat trout,40,0.7
2012,CC,Cutthroat trout,45,1.2
2012,CC,Cutthroat trout,44,0.7
2012,CC,Cutthroat trout,36,0.3
2012,CC,Cutthroat trout,46,1
2012,CC,Cutthroat trout,49,1.2
2012,CC,Cutthroat trout,47,1.2
2012,CC,Cutthroat trout,41,0.6
2012,CC,Cutthroat trout,84,6
2012,CC,Cutthroat trout,85,6.2
2012,CC,Cutthroat trout,48,1.1
2012,CC,Cutthroat trout,121,17.3
2012,CC,Cutthroat trout,45,0.8
2012,CC,Cutthroat trout,90,6.7
2012,CC,Cutthroat trout,123,17.1
2012,CC,Cutthroat trout,113,13.1
2012,CC,Cutthroat trout,98,10.2
2012,CC,Cutthroat trout,144,33.8
2012,CC,Cutthroat trout,155,36
2012,CC,Cutthroat trout,127,18.1
2012,CC,Cutthroat trout,135,22.3
2012,CC,Cutthroat trout,96,11.5
2012,CC,Coastal giant salamander,57,7.6
2012,CC,Coastal giant salamander,64,9.3
2012,CC,Coastal giant salamander,67,10.7
2012,CC,Coastal giant salamander,56,8.1
2012,CC,Coastal giant salamander,55,5.6
2012,CC,Coastal giant salamander,69,11.5
2012,CC,Coastal giant salamander,81,18.6
2012,CC,Coastal giant salamander,90,21.8
2012,CC,Cutthroat trout,35,0.4
2012,CC,Cutthroat trout,46,1
2012,CC,Cutthroat trout,82,5.3
2012,CC,Cutthroat trout,44,0.9
2012,CC,Cutthroat trout,79,5
2012,CC,Cutthroat trout,42,0.7
2012,CC,Cutthroat trout,83,6.4
2012,CC,Cutthroat trout,103,10.8
2012,CC,Cutthroat trout,111,13.7
2012,CC,Cutthroat trout,96,8.8
2012,CC,Cutthroat trout,130,21.2
2012,CC,Coastal giant salamander,45,3.2
2012,CC,Coastal giant salamander,53,5.6
2012,CC,Coastal giant salamander,68,10.8
2012,CC,Coastal giant salamander,78,18.3
2012,CC,Cutthroat trout,45,0.8
2012,CC,Cutthroat trout,47,0.7
2012,CC,Cutthroat trout,43,0.9
2012,CC,Cutthroat trout,42,0.8
2012,CC,Coastal giant salamander,56,7.6
2012,CC,Coastal giant salamander,50,5.1
2012,CC,Cutthroat trout,35,0.4
2012,CC,Cutthroat trout,45,1
2012,CC,Cutthroat trout,79,5.5
2012,CC,Cutthroat trout,49,1.3
2012,CC,Cutthroat trout,130,22.7
2012,CC,Cutthroat trout,49,1.3
2012,CC,Cutthroat trout,92,8.7
2012,CC,Coastal giant salamander,32,1.1
2012,CC,Coastal giant salamander,61,8.5
2012,CC,Coastal giant salamander,70,11.8
2012,CC,Coastal giant salamander,65,9.5
2012,CC,Coastal giant salamander,74,15.4
2012,CC,Coastal giant salamander,69,12
2012,CC,Coastal giant salamander,70,13.5
2012,CC,Cutthroat trout,49,1.1
2012,CC,Cutthroat trout,41,0.7
2012,CC,Cutthroat trout,43,0.7
2012,CC,Cutthroat trout,82,5.7
2012,CC,Cutthroat trout,46,0.9
2012,CC,Cutthroat trout,82,5.7
2012,CC,Cutthroat trout,133,22.6
2012,CC,Cutthroat trout,106,12.9
2012,CC,Cutthroat trout,136,25.5
2012,CC,Coastal giant salamander,35,2.3
2012,CC,Cutthroat trout,33,0.4
2012,CC,Cutthroat trout,45,1
2012,CC,Cutthroat trout,44,0.8
2012,CC,Cutthroat trout,43,0.7
2012,CC,Cutthroat trout,73,4
2012,CC,Cutthroat trout,140,24.7
2012,CC,Cutthroat trout,146,30.7
2012,CC,Coastal giant salamander,59,7.4
2012,CC,Coastal giant salamander,85,22.2
2012,CC,Coastal giant salamander,65,11.7
2012,CC,Coastal giant salamander,110,55.6
2012,CC,Coastal giant salamander,85,19.9
2012,CC,Cutthroat trout,45,0.9
2012,CC,Cutthroat trout,43,0.8
2012,CC,Cutthroat trout,37,0.5
2012,CC,Cutthroat trout,83,5.8
2012,CC,Cutthroat trout,109,12.6
2012,CC,Cutthroat trout,146,28.9
2012,CC,Cutthroat trout,51,1.4
2012,CC,Cutthroat trout,44,0.8
2012,CC,Cutthroat trout,43,1
2012,CC,Cutthroat trout,34,0.4
2012,CC,Cutthroat trout,48,1.1
2012,CC,Cutthroat trout,44,0.8
2012,CC,Cutthroat trout,95,8.3
2012,CC,Cutthroat trout,94,7.8
2012,CC,Cutthroat trout,87,6.2
2012,CC,Cutthroat trout,126,20.3
2012,CC,Cutthroat trout,122,18.2
2012,CC,Cutthroat trout,104,11.6
2012,CC,Cutthroat trout,129,22
2012,CC,Cutthroat trout,137,25.3
2012,CC,Cutthroat trout,142,31.1
2012,CC,Cutthroat trout,124,19.2
2012,CC,Cutthroat trout,42,0.7
2012,CC,Cutthroat trout,82,5.8
2012,CC,Cutthroat trout,127,19.7
2012,CC,Cutthroat trout,105,11.6
2012,CC,Cutthroat trout,136,27.9
2012,CC,Cutthroat trout,133,24.6
2012,CC,Cutthroat trout,127,21.3
2012,CC,Cutthroat trout,86,6.4
2012,CC,Cutthroat trout,127,21.5
2012,CC,Cutthroat trout,88,6.6
2012,CC,Cutthroat trout,135,22.7
2012,CC,Cutthroat trout,93,7.6
2012,CC,Cutthroat trout,98,9.8
2012,CC,Coastal giant salamander,44,3.2
2012,CC,Coastal giant salamander,45,4
2012,CC,Cutthroat trout,153,38.7
2012,CC,Cutthroat trout,77,4.8
2012,CC,Cutthroat trout,91,6.8
2012,CC,Coastal giant salamander,85,18.1
2012,CC,Coastal giant salamander,83,16.7
2012,CC,Cutthroat trout,174,53.8
2012,CC,Coastal giant salamander,83,16.6
2012,CC,Coastal giant salamander,120,56.5
2012,CC,Coastal giant salamander,130,69.2
2012,CC,Cutthroat trout,41,0.7
2012,CC,Cutthroat trout,74,4.2
2012,CC,Cutthroat trout,48,1.2
2012,CC,Cutthroat trout,44,0.9
2012,CC,Cutthroat trout,46,0.9
2012,CC,Cutthroat trout,45,0.8
2012,CC,Cutthroat trout,45,0.9
2012,CC,Cutthroat trout,44,0.9
2012,CC,Cutthroat trout,73,4.5
2012,CC,Cutthroat trout,80,5.2
2012,CC,Cutthroat trout,76,4.4
2012,CC,Cutthroat trout,85,6
2012,CC,Cutthroat trout,48,1.2
2012,CC,Cutthroat trout,118,17.3
2012,CC,Cutthroat trout,85,6
2012,CC,Cutthroat trout,87,6
2012,CC,Cutthroat trout,98,8.1
2012,CC,Cutthroat trout,90,7.2
2012,CC,Cutthroat trout,106,12.2
2012,CC,Cutthroat trout,132,22.5
2012,CC,Cutthroat trout,112,15
2012,CC,Cutthroat trout,48,1.2
2012,CC,Cutthroat trout,45,0.8
2012,CC,Cutthroat trout,51,1.2
2012,CC,Cutthroat trout,50,1.3
2012,CC,Cutthroat trout,78,5.4
2012,CC,Cutthroat trout,83,5.9
2012,CC,Cutthroat trout,44,0.9
2012,CC,Cutthroat trout,133,22.4
2012,CC,Cutthroat trout,42,0.8
2012,CC,Cutthroat trout,107,11.7
2012,CC,Cutthroat trout,152,33
2012,CC,Cutthroat trout,134,23.4
2012,CC,Cutthroat trout,118,17.2
2012,CC,Cutthroat trout,133,21.8
2012,CC,Cutthroat trout,168,51.8
2012,CC,Cutthroat trout,137,24.1
2012,CC,Cutthroat trout,163,43.2
2012,CC,Cutthroat trout,113,15.5
2012,CC,Cutthroat trout,144,30.7
2012,CC,Cutthroat trout,48,1
2012,CC,Cutthroat trout,131,23.5
2012,CC,Coastal giant salamander,37,2.2
2012,CC,Coastal giant salamander,37,2.2
2012,CC,Coastal giant salamander,54,5.4
2012,CC,Coastal giant salamander,69,9.6
2012,CC,Cutthroat trout,115,16
2012,CC,Coastal giant salamander,35,1.6
2012,CC,Coastal giant salamander,49,4.1
2012,CC,Coastal giant salamander,75,13.8
2012,CC,Coastal giant salamander,63,9.2
2012,CC,Coastal giant salamander,110,40.6
2012,CC,Coastal giant salamander,41,2.8
2012,CC,Coastal giant salamander,85,19.9
2012,CC,Coastal giant salamander,51,6.9
2012,CC,Coastal giant salamander,58,7.2
2012,CC,Coastal giant salamander,65,9.5
2012,CC,Coastal giant salamander,76,15.5
2012,CC,Coastal giant salamander,59,7.8
2012,CC,Coastal giant salamander,65,9
2012,CC,Coastal giant salamander,75,15.5
2012,CC,Coastal giant salamander,90,17.8
2012,CC,Cutthroat trout,42,0.6
2012,CC,Cutthroat trout,81,4.9
2012,CC,Cutthroat trout,42,0.6
2012,CC,Cutthroat trout,80,5.6
2012,CC,Cutthroat trout,111,13.7
2012,CC,Cutthroat trout,127,21.4
2012,CC,Cutthroat trout,145,28.7
2012,CC,Cutthroat trout,109,12.9
2012,CC,Cutthroat trout,89,6.8
2012,CC,Cutthroat trout,148,35
2012,CC,Cutthroat trout,118,16
2012,CC,Cutthroat trout,139,25.9
2012,CC,Cutthroat trout,48,1.1
2012,CC,Cutthroat trout,141,24.5
2012,CC,Cutthroat trout,185,64.6
2012,CC,Cutthroat trout,110,15
2012,CC,Cutthroat trout,122,19.5
2012,CC,Coastal giant salamander,47,5.9
2012,CC,Coastal giant salamander,47,5.2
2012,CC,Coastal giant salamander,47,5.4
2012,CC,Coastal giant salamander,69,13
2012,CC,Cutthroat trout,42,0.8
2012,CC,Cutthroat trout,43,0.8
2012,CC,Cutthroat trout,44,0.8
2012,CC,Cutthroat trout,42,0.8
2012,CC,Cutthroat trout,141,30.8
2012,CC,Cutthroat trout,52,1.3
2012,CC,Cutthroat trout,48,1
2012,CC,Cutthroat trout,48,1.1
2012,CC,Cutthroat trout,43,0.8
2012,CC,Cutthroat trout,111,14.5
2012,CC,Cutthroat trout,137,26.4
2012,CC,Cutthroat trout,133,21
2012,CC,Cutthroat trout,123,19.2
2012,CC,Cutthroat trout,153,39
2012,CC,Coastal giant salamander,96,29.6
2012,CC,Coastal giant salamander,56,7.6
2012,CC,Cutthroat trout,43,0.8
2012,CC,Cutthroat trout,53,1.7
2012,CC,Cutthroat trout,44,0.9
2012,CC,Cutthroat trout,84,7.2
2012,CC,Cutthroat trout,34,0.3
2012,CC,Cutthroat trout,78,6.1
2012,CC,Coastal giant salamander,50,5.2
2012,CC,Coastal giant salamander,53,6.1
2012,CC,Coastal giant salamander,55,7.1
2012,CC,Coastal giant salamander,45,4
2012,CC,Coastal giant salamander,45,3.7
2012,CC,Coastal giant salamander,66,9.2
2012,CC,Coastal giant salamander,56,6.6
2012,CC,Coastal giant salamander,53,6.2
2012,CC,Coastal giant salamander,40,2.1
2012,CC,Coastal giant salamander,62,8.1
2012,CC,Coastal giant salamander,65,10.1
2012,CC,Coastal giant salamander,65,9.2
2012,CC,Coastal giant salamander,65,9.2
2012,CC,Coastal giant salamander,100,33.8
2012,CC,Cutthroat trout,83,5.9
2012,CC,Cutthroat trout,50,1.2
2012,CC,Cutthroat trout,164,42.3
2012,CC,Cutthroat trout,123,17.8
2012,CC,Cutthroat trout,43,0.8
2012,CC,Coastal giant salamander,33,1.4
2012,CC,Cutthroat trout,98,9.7
2012,CC,Cutthroat trout,96,8.5
2012,CC,Coastal giant salamander,72,13.5
2012,CC,Coastal giant salamander,73,13.6
2012,CC,Cutthroat trout,51,1.3
2012,CC,Cutthroat trout,44,0.8
2012,CC,Cutthroat trout,38,0.6
2012,CC,Cutthroat trout,94,10.2
2012,CC,Cutthroat trout,51,1.3
2012,CC,Cutthroat trout,64,4.1
2012,CC,Coastal giant salamander,52,4.8
2012,CC,Cutthroat trout,92,8.1
2012,CC,Cutthroat trout,106,11.9
2012,CC,Cutthroat trout,51,1.4
2012,CC,Cutthroat trout,47,1.1
2012,CC,Cutthroat trout,99,10.1
2012,CC,Coastal giant salamander,70,14.3
2012,CC,Coastal giant salamander,80,15.2
2012,CC,Coastal giant salamander,68,11.8
2012,CC,Coastal giant salamander,72,11.5
2012,CC,Coastal giant salamander,36,2.2
2012,CC,Coastal giant salamander,39,2.4
2012,CC,Coastal giant salamander,55,6.8
2012,CC,Coastal giant salamander,36,1.6
2012,CC,Coastal giant salamander,37,1.6
2012,CC,Coastal giant salamander,37,1.9
2012,CC,Coastal giant salamander,57,8.1
2012,CC,Cutthroat trout,45,1.2
2012,CC,Cutthroat trout,46,1.2
2012,CC,Cutthroat trout,52,1.5
2012,CC,Cutthroat trout,49,1.4
2012,CC,Cutthroat trout,46,1
2012,CC,Cutthroat trout,33,0.4
2012,CC,Cutthroat trout,43,1.1
2012,CC,Cutthroat trout,42,0.9
2012,CC,Cutthroat trout,43,0.9
2012,CC,Cutthroat trout,43,1.2
2012,CC,Cutthroat trout,86,7.2
2012,CC,Cutthroat trout,85,6.9
2012,CC,Cutthroat trout,83,6.9
2012,CC,Cutthroat trout,113,14.9
2012,CC,Cutthroat trout,43,0.8
2012,CC,Cutthroat trout,54,1.5
2012,CC,Cutthroat trout,44,0.8
2012,CC,Cutthroat trout,43,0.9
2012,CC,Cutthroat trout,37,0.4
2012,CC,Cutthroat trout,44,0.8
2012,CC,Cutthroat trout,52,1.4
2012,CC,Cutthroat trout,49,1.4
2012,CC,Cutthroat trout,43,0.8
2012,CC,Cutthroat trout,95,8.9
2012,CC,Cutthroat trout,126,18.5
2012,CC,Cutthroat trout,120,20
2012,CC,Coastal giant salamander,60,7.7
2012,CC,Cutthroat trout,37,0.5
2012,CC,Cutthroat trout,35,0.4
2012,CC,Cutthroat trout,43,0.7
2012,CC,Cutthroat trout,50,1
2012,CC,Cutthroat trout,40,0.4
2012,CC,Cutthroat trout,108,13.1
2012,CC,Cutthroat trout,143,27.3
2012,CC,Cutthroat trout,128,21.7
2012,CC,Cutthroat trout,48,1.2
2012,CC,Cutthroat trout,48,1.1
2012,CC,Cutthroat trout,123,18.1
2012,CC,Cutthroat trout,95,8.6
2012,CC,Coastal giant salamander,65,9.3
2012,CC,Coastal giant salamander,31,1.4
2012,CC,Cutthroat trout,32,0.3
2012,CC,Cutthroat trout,80,4.7
2012,CC,Cutthroat trout,114,15
2012,CC,Coastal giant salamander,34,1.3
2012,CC,Coastal giant salamander,31,1
2012,CC,Coastal giant salamander,54,6.2
2012,CC,Coastal giant salamander,66,12.2
2012,CC,Coastal giant salamander,72,13.2
2012,CC,Coastal giant salamander,51,4.6
2012,CC,Coastal giant salamander,64,10.5
2012,CC,Coastal giant salamander,45,3
2012,CC,Coastal giant salamander,33,1
2012,CC,Coastal giant salamander,44,2.6
2012,CC,Coastal giant salamander,63,8.5
2012,CC,Coastal giant salamander,37,1.6
2012,CC,Coastal giant salamander,71,13.9
2012,CC,Coastal giant salamander,104,36.6
2012,CC,Coastal giant salamander,58,7.5
2012,CC,Coastal giant salamander,56,7
2012,CC,Coastal giant salamander,59,8.4
2012,CC,Coastal giant salamander,54,5.2
2012,CC,Coastal giant salamander,60,9.5
2012,CC,Coastal giant salamander,75,14.5
2012,CC,Coastal giant salamander,120,33.9
2012,CC,Coastal giant salamander,88,18.4
2012,CC,Coastal giant salamander,74,15
2012,CC,Coastal giant salamander,130,76.7
2012,CC,Cutthroat trout,38,0.6
2012,CC,Cutthroat trout,45,0.7
2012,CC,Cutthroat trout,47,0.8
2012,CC,Cutthroat trout,94,8.5
2012,CC,Cutthroat trout,128,20.8
2012,CC,Cutthroat trout,91,7.8
2012,CC,Cutthroat trout,155,38
2012,CC,Cutthroat trout,148,34
2012,CC,Cutthroat trout,117,16.2
2012,CC,Cutthroat trout,155,35.1
2012,CC,Cutthroat trout,44,0.8
2012,CC,Cutthroat trout,29,0.4
2012,CC,Cutthroat trout,46,0.9
2012,CC,Cutthroat trout,51,1.3
2012,CC,Cutthroat trout,43,0.7
2012,CC,Cutthroat trout,47,1.1
2012,CC,Cutthroat trout,47,1
2012,CC,Cutthroat trout,55,1.7
2012,CC,Cutthroat trout,47,0.9
2012,CC,Cutthroat trout,45,0.9
2012,CC,Cutthroat trout,80,5
2012,CC,Cutthroat trout,75,4
2012,CC,Cutthroat trout,32,0.4
2012,CC,Cutthroat trout,40,0.6
2012,CC,Cutthroat trout,39,0.6
2012,CC,Cutthroat trout,41,0.7
2012,CC,Cutthroat trout,48,1
2012,CC,Cutthroat trout,49,1
2012,CC,Cutthroat trout,54,1.4
2012,CC,Cutthroat trout,81,5.4
2012,CC,Cutthroat trout,126,18.5
2012,CC,Cutthroat trout,113,14.1
2012,CC,Cutthroat trout,105,11.3
2012,CC,Coastal giant salamander,62,8.6
2012,CC,Coastal giant salamander,95,27.1
2012,CC,Cutthroat trout,48,0.8
2012,CC,Cutthroat trout,114,15.8
2012,CC,Cutthroat trout,95,8.3
2012,CC,Cutthroat trout,43,0.9
2012,CC,Cutthroat trout,132,21
2012,CC,Cutthroat trout,137,24.4
2012,CC,Cutthroat trout,122,18.5
2012,CC,Cutthroat trout,48,0.9
2012,CC,Cutthroat trout,52,1.4
2012,CC,Cutthroat trout,85,6.3
2012,CC,Cutthroat trout,97,9.9
2012,CC,Cutthroat trout,93,8.4
2012,CC,Cutthroat trout,49,1.2
2012,CC,Coastal giant salamander,50,4.2
2012,CC,Coastal giant salamander,65,9.4
2012,CC,Coastal giant salamander,69,13.4
2012,CC,Coastal giant salamander,63,8.8
2012,CC,Cutthroat trout,35,0.4
2012,CC,Coastal giant salamander,49,3.9
2012,CC,Coastal giant salamander,26,0.7
2012,CC,Coastal giant salamander,25,0.5
2012,CC,Coastal giant salamander,59,7.8
2012,CC,Coastal giant salamander,40,2.1
2012,CC,Coastal giant salamander,46,3.7
2012,CC,Coastal giant salamander,69,10.3
2012,CC,Coastal giant salamander,42,1.9
2012,CC,Coastal giant salamander,66,9.5
2012,CC,Coastal giant salamander,73,13.2
2012,CC,Coastal giant salamander,35,1.4
2012,CC,Coastal giant salamander,45,3.7
2012,CC,Coastal giant salamander,82,19.3
2012,CC,Coastal giant salamander,109,43.5
2012,CC,Coastal giant salamander,25,0.5
2012,CC,Coastal giant salamander,135,66
2012,CC,Coastal giant salamander,120,51.3
2012,CC,Cutthroat trout,32,0.3
2012,CC,Cutthroat trout,42,0.7
2012,CC,Cutthroat trout,92,7.3
2012,CC,Cutthroat trout,79,4.9
2012,CC,Coastal giant salamander,32,1.6
2012,CC,Coastal giant salamander,69,10.5
2012,CC,Coastal giant salamander,61,8.8
2012,CC,Coastal giant salamander,105,35
2012,CC,Cutthroat trout,47,1
2012,CC,Cutthroat trout,159,37.9
2012,CC,Cutthroat trout,137,26.2
2012,CC,Cutthroat trout,158,48.9
2012,CC,Coastal giant salamander,49,5.8
2012,CC,Coastal giant salamander,31,0.6
2012,CC,Cutthroat trout,37,0.5
2012,CC,Cutthroat trout,35,0.5
2012,CC,Cutthroat trout,88,6.9
2012,CC,Cutthroat trout,88,6.7
2012,CC,Cutthroat trout,84,6.7
2012,CC,Cutthroat trout,113,13.4
2012,CC,Cutthroat trout,132,22.3
2012,CC,Coastal giant salamander,39,2.2
2012,CC,Coastal giant salamander,47,3.3
2012,CC,Coastal giant salamander,44,3.1
2012,CC,Cutthroat trout,131,22.3
2012,CC,Cutthroat trout,133,22.5
2012,CC,Coastal giant salamander,67,11.4
2012,CC,Coastal giant salamander,70,12.4
2012,CC,Cutthroat trout,51,1.4
2012,CC,Cutthroat trout,51,1.3
2012,CC,Cutthroat trout,91,7.2
2012,CC,Cutthroat trout,146,29.9
2012,CC,Cutthroat trout,154,34.6
2012,CC,Cutthroat trout,48,1.2
2012,CC,Cutthroat trout,40,0.6
2012,CC,Cutthroat trout,32,0.3
2012,CC,Cutthroat trout,44,1
2012,CC,Cutthroat trout,42,0.8
2012,CC,Cutthroat trout,86,6.6
2012,CC,Cutthroat trout,46,1
2012,CC,Coastal giant salamander,41,2.9
2012,CC,Cutthroat trout,143,29.4
2012,CC,Cutthroat trout,123,19.7
2012,CC,Cutthroat trout,129,22
2012,CC,Coastal giant salamander,57,8.2
2012,CC,Coastal giant salamander,72,13.9
2012,CC,Coastal giant salamander,66,11.2
2012,CC,Coastal giant salamander,100,32.3
2012,CC,Coastal giant salamander,67,11.1
2012,CC,Coastal giant salamander,65,8.8
2012,CC,Coastal giant salamander,108,39.6
2012,CC,Coastal giant salamander,50,4.7
2012,CC,Coastal giant salamander,47,5.3
2012,CC,Cutthroat trout,46,1
2012,CC,Cutthroat trout,45,0.8
2012,CC,Cutthroat trout,39,0.7
2012,CC,Cutthroat trout,52,1.4
2012,CC,Cutthroat trout,47,1.2
2012,CC,Cutthroat trout,43,0.7
2012,CC,Cutthroat trout,52,1.4
2012,CC,Cutthroat trout,46,1
2012,CC,Cutthroat trout,82,5.5
2012,CC,Cutthroat trout,109,13.4
2012,CC,Cutthroat trout,46,0.9
2012,CC,Cutthroat trout,87,6.4
2012,CC,Coastal giant salamander,26,0.7
2012,CC,Coastal giant salamander,58,8.4
2012,CC,Coastal giant salamander,36,2
2012,CC,Coastal giant salamander,47,4
2012,CC,Coastal giant salamander,37,2.2
2012,CC,Coastal giant salamander,62,8.8
2012,CC,Coastal giant salamander,61,8.6
2012,CC,Coastal giant salamander,65,8.4
2012,CC,Coastal giant salamander,68,12
2012,CC,Coastal giant salamander,60,7.9
2012,CC,Cutthroat trout,38,0.6
2012,CC,Cutthroat trout,45,0.8
2012,CC,Coastal giant salamander,50,5.1
2012,CC,Coastal giant salamander,37,1.8
2012,CC,Cutthroat trout,127,18.8
2012,CC,Coastal giant salamander,55,7.2
2012,CC,Coastal giant salamander,23,0.5
2012,CC,Coastal giant salamander,55,6.2
2012,CC,Coastal giant salamander,33,1.3
2012,CC,Coastal giant salamander,56,7.6
2012,CC,Coastal giant salamander,105,43.7
2012,CC,Cutthroat trout,42,0.7
2012,CC,Cutthroat trout,84,5.9
2012,CC,Cutthroat trout,123,19
2012,CC,Cutthroat trout,35,0.7
2012,CC,Cutthroat trout,39,0.8
2012,CC,Cutthroat trout,43,0.9
2012,CC,Cutthroat trout,38,0.6
2012,CC,Cutthroat trout,133,25.2
2012,CC,Coastal giant salamander,60,8.7
2012,CC,Coastal giant salamander,44,3.1
2012,CC,Coastal giant salamander,47,3.5
2012,CC,Coastal giant salamander,62,8.6
2012,CC,Coastal giant salamander,87,18.5
2012,CC,Coastal giant salamander,85,23.5
2012,OG,Cutthroat trout,121,17.3
2012,OG,Cutthroat trout,137,25.7
2012,OG,Cutthroat trout,110,15.6
2012,OG,Cutthroat trout,42,0.4
2012,OG,Cutthroat trout,134,24.3
2012,OG,Cutthroat trout,100,10.4
2012,OG,Cutthroat trout,86,6.6
2012,OG,Cutthroat trout,83,6.4
2012,OG,Cutthroat trout,42,0.9
2012,OG,Cutthroat trout,26,0.3
2012,OG,Cutthroat trout,34,0.5
2012,OG,Cutthroat trout,46,1
2012,OG,Cutthroat trout,32,0.4
2012,OG,Cutthroat trout,43,0.9
2012,OG,Cutthroat trout,78,5
2012,OG,Cutthroat trout,83,6.7
2012,OG,Coastal giant salamander,62,9.5
2012,OG,Cutthroat trout,111,14.7
2012,OG,Cutthroat trout,107,12.7
2012,OG,Cutthroat trout,169,54.7
2012,OG,Cutthroat trout,123,21.4
2012,OG,Cutthroat trout,136,27.1
2012,OG,Cutthroat trout,78,3.2
2012,OG,Cutthroat trout,94,8.2
2012,OG,Cutthroat trout,108,13.7
2012,OG,Cutthroat trout,124,19.1
2012,OG,Cutthroat trout,143,32.9
2012,OG,Coastal giant salamander,36,1.6
2012,OG,Cutthroat trout,41,0.8
2012,OG,Cutthroat trout,39,0.7
2012,OG,Cutthroat trout,31,0.4
2012,OG,Cutthroat trout,122,17.6
2012,OG,Cutthroat trout,105,12.1
2012,OG,Cutthroat trout,124,20.5
2012,OG,Cutthroat trout,43,0.8
2012,OG,Cutthroat trout,31,0.4
2012,OG,Cutthroat trout,43,0.8
2012,OG,Cutthroat trout,135,26.7
2012,OG,Cutthroat trout,111,13.9
2012,OG,Cutthroat trout,92,8.2
2012,OG,Coastal giant salamander,97,30.1
2012,OG,Coastal giant salamander,46,5.3
2012,OG,Coastal giant salamander,78,15.7
2012,OG,Coastal giant salamander,55,7.2
2012,OG,Coastal giant salamander,46,3.7
2012,OG,Coastal giant salamander,42,3
2012,OG,Coastal giant salamander,31,1.6
2012,OG,Coastal giant salamander,43,3.6
2012,OG,Coastal giant salamander,39,2.3
2012,OG,Coastal giant salamander,60,7.9
2012,OG,Coastal giant salamander,64,9
2012,OG,Coastal giant salamander,55,6.4
2012,OG,Coastal giant salamander,52,6.5
2012,OG,Coastal giant salamander,65,9.8
2012,OG,Cutthroat trout,39,0.6
2012,OG,Cutthroat trout,47,1.2
2012,OG,Cutthroat trout,49,1.2
2012,OG,Cutthroat trout,50,1.4
2012,OG,Cutthroat trout,30,0.3
2012,OG,Cutthroat trout,76,4.4
2012,OG,Cutthroat trout,85,6
2012,OG,Cutthroat trout,90,7.6
2012,OG,Cutthroat trout,87,7.1
2012,OG,Cutthroat trout,29,0.2
2012,OG,Cutthroat trout,41,1
2012,OG,Cutthroat trout,50,1.6
2012,OG,Cutthroat trout,46,1.2
2012,OG,Cutthroat trout,36,0.6
2012,OG,Cutthroat trout,36,0.5
2012,OG,Cutthroat trout,36,0.4
2012,OG,Cutthroat trout,52,1.4
2012,OG,Cutthroat trout,43,0.9
2012,OG,Cutthroat trout,68,3.5
2012,OG,Cutthroat trout,86,6.5
2012,OG,Cutthroat trout,85,7.2
2012,OG,Cutthroat trout,43,0.8
2012,OG,Cutthroat trout,37,0.5
2012,OG,Cutthroat trout,35,0.3
2012,OG,Cutthroat trout,43,0.9
2012,OG,Cutthroat trout,37,0.5
2012,OG,Cutthroat trout,38,0.5
2012,OG,Cutthroat trout,38,0.6
2012,OG,Coastal giant salamander,64,10.2
2012,OG,Coastal giant salamander,54,6.2
2012,OG,Coastal giant salamander,55,7.2
2012,OG,Cutthroat trout,37,0.6
2012,OG,Cutthroat trout,42,0.8
2012,OG,Cutthroat trout,37,0.4
2012,OG,Cutthroat trout,36,0.6
2012,OG,Cutthroat trout,41,0.7
2012,OG,Cutthroat trout,36,0.7
2012,OG,Cutthroat trout,45,1
2012,OG,Cutthroat trout,84,6.3
2012,OG,Cutthroat trout,72,3.7
2012,OG,Cutthroat trout,78,5.4
2012,OG,Cutthroat trout,94,8.1
2012,OG,Cutthroat trout,74,4.7
2012,OG,Cutthroat trout,124,19.1
2012,OG,Cutthroat trout,37,0.7
2012,OG,Cutthroat trout,49,1.2
2012,OG,Cutthroat trout,83,5.5
2012,OG,Cutthroat trout,131,22.7
2012,OG,Cutthroat trout,112,18.6
2012,OG,Cutthroat trout,100,10.4
2012,OG,Cutthroat trout,122,17.7
2012,OG,Cutthroat trout,106,12.6
2012,OG,Cutthroat trout,124,18.6
2012,OG,Cutthroat trout,74,4.6
2012,OG,Cutthroat trout,65,3.9
2012,OG,Cutthroat trout,80,5.6
2012,OG,Cutthroat trout,87,6.8
2012,OG,Coastal giant salamander,57,7.5
2012,OG,Cutthroat trout,104,12
2012,OG,Cutthroat trout,133,25.2
2012,OG,Coastal giant salamander,38,2.6
2012,OG,Coastal giant salamander,29,1.3
2012,OG,Cutthroat trout,45,1.2
2012,OG,Cutthroat trout,72,4.1
2012,OG,Cutthroat trout,81,6
2012,OG,Cutthroat trout,105,13.3
2012,OG,Coastal giant salamander,128,83.4
2012,OG,Cutthroat trout,43,0.9
2012,OG,Cutthroat trout,46,1
2012,OG,Cutthroat trout,89,7.2
2012,OG,Cutthroat trout,128,21.1
2012,OG,Cutthroat trout,128,19.6
2012,OG,Coastal giant salamander,66,10.4
2012,OG,Cutthroat trout,78,4.9
2012,OG,Coastal giant salamander,61,10.2
2012,OG,Cutthroat trout,48,1.1
2012,OG,Cutthroat trout,48,1.4
2012,OG,Cutthroat trout,58,3.4
2012,OG,Cutthroat trout,98,9.1
2012,OG,Cutthroat trout,37,0.6
2012,OG,Coastal giant salamander,43,3.7
2012,OG,Coastal giant salamander,33,1.7
2012,OG,Coastal giant salamander,49,5.2
2012,OG,Coastal giant salamander,65,12.9
2012,OG,Coastal giant salamander,48,4.8
2012,OG,Coastal giant salamander,49,5.4
2012,OG,Coastal giant salamander,103,30.8
2012,OG,Coastal giant salamander,105,40
2012,OG,Cutthroat trout,37,0.6
2012,OG,Cutthroat trout,37,0.5
2012,OG,Cutthroat trout,155,35
2012,OG,Cutthroat trout,111,14.5
2012,OG,Cutthroat trout,34,0.5
2012,OG,Cutthroat trout,50,1.2
2012,OG,Cutthroat trout,47,1.1
2012,OG,Cutthroat trout,37,0.4
2012,OG,Cutthroat trout,77,5.6
2012,OG,Cutthroat trout,44,0.8
2012,OG,Cutthroat trout,74,3.9
2012,OG,Cutthroat trout,111,13
2012,OG,Cutthroat trout,98,10.4
2012,OG,Cutthroat trout,120,14.9
2012,OG,Coastal giant salamander,41,2.6
2012,OG,Coastal giant salamander,55,6.8
2012,OG,Coastal giant salamander,52,5.2
2012,OG,Coastal giant salamander,33,1.2
2012,OG,Coastal giant salamander,33,1.2
2012,OG,Coastal giant salamander,61,4.7
2012,OG,Coastal giant salamander,61,7.8
2012,OG,Coastal giant salamander,56,6.4
2012,OG,Coastal giant salamander,65,10.9
2012,OG,Coastal giant salamander,75,12.7
2012,OG,Coastal giant salamander,72,14
2012,OG,Coastal giant salamander,60,8
2012,OG,Coastal giant salamander,63,8
2012,OG,Coastal giant salamander,95,29.5
2012,OG,Cutthroat trout,43,0.9
2012,OG,Cutthroat trout,48,1
2012,OG,Cutthroat trout,47,1.1
2012,OG,Cutthroat trout,48,1
2012,OG,Cutthroat trout,83,5.9
2012,OG,Cutthroat trout,88,7.3
2012,OG,Cutthroat trout,33,0.3
2012,OG,Cutthroat trout,95,8.8
2012,OG,Cutthroat trout,97,10
2012,OG,Cutthroat trout,124,20.1
2012,OG,Cutthroat trout,112,14.5
2012,OG,Cutthroat trout,143,29.5
2012,OG,Cutthroat trout,136,24.9
2012,OG,Coastal giant salamander,42,2.7
2012,OG,Coastal giant salamander,52,5.5
2012,OG,Coastal giant salamander,55,5.7
2012,OG,Coastal giant salamander,52,5
2012,OG,Coastal giant salamander,42,2.2
2012,OG,Coastal giant salamander,46,3.7
2012,OG,Coastal giant salamander,69,13.3
2012,OG,Coastal giant salamander,68,10.5
2012,OG,Coastal giant salamander,85,21.7
2012,OG,Coastal giant salamander,115,50
2012,OG,Coastal giant salamander,37,1.8
2012,OG,Cutthroat trout,82,5.4
2012,OG,Cutthroat trout,132,21
2012,OG,Cutthroat trout,143,24.6
2012,OG,Cutthroat trout,35,0.5
2012,OG,Cutthroat trout,41,0.5
2012,OG,Cutthroat trout,40,0.6
2012,OG,Cutthroat trout,77,4.6
2012,OG,Cutthroat trout,78,4.7
2012,OG,Cutthroat trout,87,7
2012,OG,Cutthroat trout,105,11.8
2012,OG,Coastal giant salamander,35,1.9
2012,OG,Coastal giant salamander,39,2.7
2012,OG,Coastal giant salamander,45,3.4
2012,OG,Coastal giant salamander,40,2.6
2012,OG,Coastal giant salamander,62,8.6
2012,OG,Cutthroat trout,35,0.3
2012,OG,Cutthroat trout,46,1
2012,OG,Cutthroat trout,78,4.6
2012,OG,Cutthroat trout,83,5.7
2012,OG,Cutthroat trout,127,20
2012,OG,Cutthroat trout,100,10.3
2012,OG,Cutthroat trout,103,10.4
2012,OG,Cutthroat trout,87,6.5
2012,OG,Cutthroat trout,156,37.9
2012,OG,Cutthroat trout,133,22
2012,OG,Cutthroat trout,112,13.3
2012,OG,Coastal giant salamander,60,7.4
2012,OG,Cutthroat trout,48,1.1
2012,OG,Cutthroat trout,42,0.6
2012,OG,Cutthroat trout,44,0.6
2012,OG,Cutthroat trout,44,0.9
2012,OG,Cutthroat trout,43,0.8
2012,OG,Cutthroat trout,42,0.8
2012,OG,Cutthroat trout,53,1.3
2012,OG,Cutthroat trout,47,0.9
2012,OG,Cutthroat trout,40,0.6
2012,OG,Cutthroat trout,43,1
2012,OG,Cutthroat trout,44,0.8
2012,OG,Cutthroat trout,30,0.2
2012,OG,Cutthroat trout,86,6.1
2012,OG,Coastal giant salamander,54,5.4
2012,OG,Coastal giant salamander,46,3.9
2012,OG,Coastal giant salamander,49,3.4
2012,OG,Coastal giant salamander,37,2.2
2012,OG,Coastal giant salamander,50,4.2
2012,OG,Coastal giant salamander,57,6.9
2012,OG,Coastal giant salamander,34,1.4
2012,OG,Coastal giant salamander,40,2.4
2012,OG,Coastal giant salamander,42,3.4
2012,OG,Coastal giant salamander,42,2.9
2012,OG,Coastal giant salamander,46,3.6
2012,OG,Coastal giant salamander,37,1.9
2012,OG,Coastal giant salamander,48,4.4
2012,OG,Coastal giant salamander,53,6.3
2012,OG,Coastal giant salamander,58,7.3
2012,OG,Coastal giant salamander,62,7.7
2012,OG,Coastal giant salamander,67,9.5
2012,OG,Coastal giant salamander,70,12.7
2012,OG,Cutthroat trout,36,0.4
2012,OG,Cutthroat trout,42,0.7
2012,OG,Cutthroat trout,41,0.6
2012,OG,Cutthroat trout,41,0.7
2012,OG,Cutthroat trout,45,0.9
2012,OG,Cutthroat trout,38,0.4
2012,OG,Cutthroat trout,38,0.5
2012,OG,Cutthroat trout,45,0.9
2012,OG,Cutthroat trout,42,0.8
2012,OG,Cutthroat trout,37,0.5
2012,OG,Cutthroat trout,42,0.7
2012,OG,Cutthroat trout,74,4.4
2012,OG,Cutthroat trout,82,6
2012,OG,Cutthroat trout,73,4
2012,OG,Cutthroat trout,80,5
2012,OG,Cutthroat trout,87,6.6
2012,OG,Cutthroat trout,90,6.9
2012,OG,Cutthroat trout,130,21
2012,OG,Cutthroat trout,40,0.7
2012,OG,Cutthroat trout,33,0.3
2012,OG,Cutthroat trout,98,10.1
2012,OG,Cutthroat trout,107,12
2012,OG,Cutthroat trout,88,6.9
2012,OG,Cutthroat trout,78,5.1
2012,OG,Cutthroat trout,100,9.6
2012,OG,Cutthroat trout,120,17.5
2012,OG,Cutthroat trout,118,18.7
2012,OG,Cutthroat trout,116,17.3
2012,OG,Cutthroat trout,40,0.7
2012,OG,Cutthroat trout,128,19.3
2012,OG,Coastal giant salamander,59,7.7
2012,OG,Coastal giant salamander,52,4.9
2012,OG,Coastal giant salamander,55,5.6
2012,OG,Coastal giant salamander,29,0.6
2012,OG,Coastal giant salamander,48,4.2
2012,OG,Coastal giant salamander,30,1.1
2012,OG,Coastal giant salamander,38,2.2
2012,OG,Cutthroat trout,43,0.6
2012,OG,Cutthroat trout,88,6.2
2012,OG,Cutthroat trout,98,8.6
2012,OG,Cutthroat trout,108,13.6
2012,OG,Cutthroat trout,157,37.2
2012,OG,Cutthroat trout,127,23.4
2012,OG,Cutthroat trout,106,13.9
2012,OG,Coastal giant salamander,63,8.2
2012,OG,Coastal giant salamander,26,0.7
2012,OG,Coastal giant salamander,36,1.6
2012,OG,Coastal giant salamander,44,2.9
2012,OG,Coastal giant salamander,60,6.7
2012,OG,Coastal giant salamander,68,10.2
2012,OG,Coastal giant salamander,34,1.4
2012,OG,Coastal giant salamander,146,90.7
2012,OG,Coastal giant salamander,34,1.9
2012,OG,Coastal giant salamander,33,1.7
2012,OG,Coastal giant salamander,55,6.8
2012,OG,Coastal giant salamander,26,0.8
2012,OG,Coastal giant salamander,70,13.4
2012,OG,Coastal giant salamander,55,6.7
2012,OG,Coastal giant salamander,75,13.3
2012,OG,Coastal giant salamander,57,4.9
2012,OG,Coastal giant salamander,50,4.2
2012,OG,Coastal giant salamander,58,6.5
2012,OG,Coastal giant salamander,68,12
2012,OG,Coastal giant salamander,53,5.4
2012,OG,Coastal giant salamander,58,7
2012,OG,Coastal giant salamander,59,6.8
2012,OG,Coastal giant salamander,67,8.4
2012,OG,Coastal giant salamander,70,11.9
2012,OG,Coastal giant salamander,75,13.1
2012,OG,Coastal giant salamander,70,13.1
2012,OG,Coastal giant salamander,63,9.2
2012,OG,Coastal giant salamander,120,59.6
2012,OG,Coastal giant salamander,68,12.2
2012,OG,Coastal giant salamander,116,53.8
2012,OG,Coastal giant salamander,125,57.8
2012,OG,Cutthroat trout,34,0.4
2012,OG,Cutthroat trout,80,5.6
2012,OG,Coastal giant salamander,50,5.2
2012,OG,Coastal giant salamander,52,7.8
2012,OG,Coastal giant salamander,120,37
2012,OG,Coastal giant salamander,41,2.5
2012,OG,Coastal giant salamander,46,4.6
2012,OG,Cutthroat trout,87,6.6
2012,OG,Cutthroat trout,113,14.4
2012,OG,Cutthroat trout,48,1
2012,OG,Cutthroat trout,97,8.9
2012,OG,Cutthroat trout,138,24.1
2012,OG,Cutthroat trout,72,3.4
2012,OG,Coastal giant salamander,42,2.9
2012,OG,Coastal giant salamander,63,9.8
2012,OG,Coastal giant salamander,41,2.7
2012,OG,Coastal giant salamander,30,1
2012,OG,Coastal giant salamander,32,1.3
2012,OG,Coastal giant salamander,26,0.6
2012,OG,Coastal giant salamander,45,3.2
2012,OG,Coastal giant salamander,54,4.4
2012,OG,Coastal giant salamander,43,3
2012,OG,Coastal giant salamander,56,6.4
2012,OG,Cutthroat trout,43,0.8
2012,OG,Cutthroat trout,47,1
2012,OG,Cutthroat trout,52,1.3
2012,OG,Cutthroat trout,43,0.6
2012,OG,Cutthroat trout,38,0.3
2012,OG,Cutthroat trout,44,0.9
2012,OG,Cutthroat trout,78,4.8
2012,OG,Cutthroat trout,87,6.1
2012,OG,Cutthroat trout,49,1.2
2012,OG,Coastal giant salamander,35,1.3
2012,OG,Coastal giant salamander,35,1.6
2012,OG,Cutthroat trout,143,25.4
2012,OG,Coastal giant salamander,40,2.2
2012,OG,Coastal giant salamander,25,0.5
2012,OG,Coastal giant salamander,23,0.4
2012,OG,Coastal giant salamander,47,3.7
2012,OG,Coastal giant salamander,35,1.5
2012,OG,Coastal giant salamander,69,9.8
2012,OG,Coastal giant salamander,71,15
2012,OG,Coastal giant salamander,66,11.7
2012,OG,Cutthroat trout,37,0.4
2012,OG,Coastal giant salamander,32,1.3
2012,OG,Cutthroat trout,45,0.8
2012,OG,Cutthroat trout,52,1.2
2012,OG,Cutthroat trout,50,1.2
2012,OG,Cutthroat trout,39,0.4
2012,OG,Cutthroat trout,45,0.8
2012,OG,Cutthroat trout,93,7.7
2012,OG,Cutthroat trout,95,8.5
2012,OG,Cutthroat trout,87,6.4
2012,OG,Cutthroat trout,130,17.6
2012,OG,Cutthroat trout,123,22.6
2012,OG,Cutthroat trout,82,5.6
2012,OG,Cutthroat trout,97,13.1
2012,OG,Cutthroat trout,88,7.3
2012,OG,Cutthroat trout,97,10.3
2012,OG,Cutthroat trout,110,13.1
2012,OG,Cutthroat trout,117,16.8
2012,OG,Cutthroat trout,43,0.7
2012,OG,Cutthroat trout,40,0.6
2012,OG,Cutthroat trout,155,39.4
2012,OG,Cutthroat trout,153,36.1
2012,OG,Cutthroat trout,128,19.2
2012,OG,Cutthroat trout,140,26
2012,OG,Cutthroat trout,130,18.9
2012,OG,Coastal giant salamander,60,7.8
2012,OG,Coastal giant salamander,61,7.8
2012,OG,Coastal giant salamander,74,14.7
2012,OG,Coastal giant salamander,67,10.7
2012,OG,Coastal giant salamander,50,5.5
2012,OG,Coastal giant salamander,72,11.9
2012,OG,Coastal giant salamander,67,9.9
2012,OG,Coastal giant salamander,125,67.7
2012,OG,Cutthroat trout,48,0.9
2012,OG,Cutthroat trout,117,16.1
2012,OG,Cutthroat trout,117,16.5
2012,OG,Cutthroat trout,130,21.4
2012,OG,Coastal giant salamander,28,0.7
2012,OG,Coastal giant salamander,35,1.4
2012,OG,Coastal giant salamander,26,0.6
2012,OG,Cutthroat trout,81,5.1
2012,OG,Cutthroat trout,122,17.7
2012,OG,Cutthroat trout,136,26.9
2012,OG,Cutthroat trout,125,18.2
2012,OG,Cutthroat trout,138,27.3
2012,OG,Cutthroat trout,156,42
2012,OG,Coastal giant salamander,59,7
2012,OG,Coastal giant salamander,56,6.3
2012,OG,Coastal giant salamander,69,11.4
2012,OG,Coastal giant salamander,71,12.9
2012,OG,Coastal giant salamander,87,17.3
2012,OG,Cutthroat trout,40,0.5
2012,OG,Cutthroat trout,37,0.5
2012,OG,Cutthroat trout,42,0.6
2012,OG,Cutthroat trout,47,0.8
2012,OG,Cutthroat trout,84,6.2
2012,OG,Coastal giant salamander,51,5.3
2012,OG,Coastal giant salamander,60,6.8
2012,OG,Coastal giant salamander,72,14.3
2012,OG,Coastal giant salamander,65,9.7
2012,OG,Coastal giant salamander,68,11.6
2012,OG,Coastal giant salamander,64,9.6
2012,OG,Cutthroat trout,108,12.5
2012,OG,Cutthroat trout,153,38.4
2012,OG,Cutthroat trout,94,8.8
2012,OG,Cutthroat trout,113,15.1
2012,OG,Cutthroat trout,140,28.6
2012,OG,Coastal giant salamander,25,0.5
2012,OG,Cutthroat trout,86,6.6
2012,OG,Cutthroat trout,128,17.7
2012,OG,Cutthroat trout,101,10.6
2012,OG,Cutthroat trout,137,24.5
2012,OG,Cutthroat trout,123,17.6
2012,OG,Cutthroat trout,31,0.2
2012,OG,Cutthroat trout,34,0.5
2012,OG,Cutthroat trout,38,0.5
2012,OG,Cutthroat trout,54,1.5
2012,OG,Cutthroat trout,48,1.1
2012,OG,Cutthroat trout,44,0.8
2012,OG,Cutthroat trout,34,0.3
2012,OG,Cutthroat trout,33,0.3
2012,OG,Cutthroat trout,51,1.3
2012,OG,Cutthroat trout,48,1
2012,OG,Cutthroat trout,45,0.8
2012,OG,Cutthroat trout,46,0.9
2012,OG,Cutthroat trout,47,1
2012,OG,Cutthroat trout,45,0.9
2012,OG,Cutthroat trout,43,0.9
2012,OG,Cutthroat trout,47,1
2012,OG,Cutthroat trout,45,1
2012,OG,Cutthroat trout,46,0.8
2012,OG,Cutthroat trout,48,1.2
2012,OG,Cutthroat trout,47,0.9
2012,OG,Cutthroat trout,36,0.4
2012,OG,Coastal giant salamander,26,0.5
2012,OG,Cutthroat trout,76,4.3
2012,OG,Cutthroat trout,100,10.1
2012,OG,Cutthroat trout,123,17.8
2012,OG,Cutthroat trout,85,6
2012,OG,Cutthroat trout,93,7.6
2012,OG,Cutthroat trout,125,23.2
2012,OG,Cutthroat trout,134,22.6
2012,OG,Cutthroat trout,127,21
2012,OG,Cutthroat trout,88,6.9
2012,OG,Cutthroat trout,102,12.2
2012,OG,Cutthroat trout,88,5.9
2012,OG,Cutthroat trout,87,6.2
2012,OG,Coastal giant salamander,44,2.8
2012,OG,Coastal giant salamander,61,8
2012,OG,Coastal giant salamander,21,0.3
2012,OG,Coastal giant salamander,47,4.6
2012,OG,Coastal giant salamander,49,4.2
2012,OG,Coastal giant salamander,60,6.8
2012,OG,Coastal giant salamander,55,7.6
2012,OG,Coastal giant salamander,73,12.7
2012,OG,Coastal giant salamander,26,0.6
2012,OG,Coastal giant salamander,63,10.1
2012,OG,Coastal giant salamander,69,12.1
2012,OG,Coastal giant salamander,62,8.2
2012,OG,Coastal giant salamander,69,11.4
2012,OG,Coastal giant salamander,67,11.1
2012,OG,Coastal giant salamander,70,11.8
2012,OG,Coastal giant salamander,65,9.2
2012,OG,Coastal giant salamander,65,9.5
2012,OG,Cutthroat trout,43,0.6
2012,OG,Cutthroat trout,52,1.3
2012,OG,Cutthroat trout,41,0.6
2012,OG,Cutthroat trout,39,0.6
2012,OG,Cutthroat trout,53,1.5
2012,OG,Cutthroat trout,47,0.9
2012,OG,Cutthroat trout,44,0.7
2012,OG,Cutthroat trout,41,0.6
2012,OG,Cutthroat trout,39,0.6
2012,OG,Cutthroat trout,47,0.9
2012,OG,Cutthroat trout,32,0.2
2012,OG,Cutthroat trout,39,0.6
2012,OG,Cutthroat trout,36,0.5
2012,OG,Cutthroat trout,83,5.8
2012,OG,Cutthroat trout,83,5.7
2012,OG,Cutthroat trout,91,7.3
2012,OG,Cutthroat trout,81,4.9
2012,OG,Cutthroat trout,144,26.3
2012,OG,Coastal giant salamander,37,1.9
2012,OG,Coastal giant salamander,40,2.4
2012,OG,Coastal giant salamander,34,1.2
2012,OG,Coastal giant salamander,37,1.8
2012,OG,Coastal giant salamander,35,1.3
2012,OG,Coastal giant salamander,52,4.8
2012,OG,Coastal giant salamander,50,4.8
2012,OG,Coastal giant salamander,60,7.3
2012,OG,Coastal giant salamander,60,7.5
2012,OG,Coastal giant salamander,61,7.9
2012,OG,Coastal giant salamander,77,14.9
2012,OG,Coastal giant salamander,62,8.9
2012,OG,Coastal giant salamander,52,5.7
2012,OG,Coastal giant salamander,54,5.6
2012,OG,Cutthroat trout,48,1.2
2012,OG,Cutthroat trout,51,1.5
2012,OG,Cutthroat trout,92,8.9
2012,OG,Coastal giant salamander,58,7.1
2012,OG,Coastal giant salamander,65,10
2012,OG,Cutthroat trout,45,0.8
2012,OG,Cutthroat trout,49,1.2
2012,OG,Cutthroat trout,49,1.1
2012,OG,Cutthroat trout,45,0.8
2012,OG,Cutthroat trout,83,5.3
2012,OG,Cutthroat trout,119,16.7
2012,OG,Cutthroat trout,107,13.7
2012,OG,Cutthroat trout,138,27.6
2012,OG,Cutthroat trout,161,37.8
2012,OG,Coastal giant salamander,52,6.2
2012,OG,Coastal giant salamander,62,9.6
2012,OG,Cutthroat trout,41,0.6
2012,OG,Cutthroat trout,52,1.3
2012,OG,Coastal giant salamander,41,3
2012,OG,Cutthroat trout,67,3.1
2012,OG,Cutthroat trout,97,8.5
2012,OG,Cutthroat trout,133,22.2
2012,OG,Cutthroat trout,48,1.2
2012,OG,Cutthroat trout,52,1.5
2012,OG,Cutthroat trout,48,1.1
2012,OG,Cutthroat trout,49,1.2
2012,OG,Cutthroat trout,50,1.1
2012,OG,Cutthroat trout,33,0.2
2012,OG,Cutthroat trout,44,0.9
2012,OG,Cutthroat trout,97,8.5
2012,OG,Coastal giant salamander,36,1.6
2012,OG,Coastal giant salamander,41,2.4
2012,OG,Coastal giant salamander,34,1.4
2012,OG,Coastal giant salamander,35,1.9
2012,OG,Coastal giant salamander,52,5
2012,OG,Coastal giant salamander,48,4
2012,OG,Cutthroat trout,116,15.7
2012,OG,Cutthroat trout,113,14.3
2012,OG,Cutthroat trout,142,26.8
2012,OG,Cutthroat trout,48,1
2012,OG,Cutthroat trout,32,0.2
2012,OG,Cutthroat trout,78,5.3
2012,OG,Coastal giant salamander,65,9.4
2012,OG,Coastal giant salamander,85,21
2012,OG,Coastal giant salamander,56,7.2
2012,OG,Coastal giant salamander,24,0.8
2012,OG,Coastal giant salamander,61,8.6
2012,OG,Coastal giant salamander,67,11.4
2012,OG,Coastal giant salamander,61,9
2012,OG,Coastal giant salamander,65,9.8
2012,OG,Coastal giant salamander,70,11.1
2012,OG,Coastal giant salamander,67,10.3
2012,OG,Coastal giant salamander,25,0.5
2012,OG,Coastal giant salamander,66,10
2013,CC,Cutthroat trout,35,0.4
2013,CC,Cutthroat trout,44,0.8
2013,CC,Cutthroat trout,52,1.4
2013,CC,Cutthroat trout,48,1
2013,CC,Cutthroat trout,45,1
2013,CC,Cutthroat trout,43,0.8
2013,CC,Cutthroat trout,48,1.2
2013,CC,Cutthroat trout,33,0.4
2013,CC,Cutthroat trout,47,1.4
2013,CC,Cutthroat trout,77,4.5
2013,CC,Cutthroat trout,88,6.4
2013,CC,Cutthroat trout,87,6.9
2013,CC,Cutthroat trout,82,5.3
2013,CC,Cutthroat trout,101,10.1
2013,CC,Cutthroat trout,78,4.5
2013,CC,Cutthroat trout,127,19.6
2013,CC,Cutthroat trout,75,4.2
2013,CC,Cutthroat trout,82,5.8
2013,CC,Cutthroat trout,132,25.9
2013,CC,Cutthroat trout,108,13
2013,CC,Coastal giant salamander,47,4
2013,CC,Coastal giant salamander,58,7.6
2013,CC,Coastal giant salamander,59,9.5
2013,CC,Coastal giant salamander,72,14.9
2013,CC,Coastal giant salamander,62,10.6
2013,CC,Coastal giant salamander,77,15.5
2013,CC,Coastal giant salamander,78,17
2013,CC,Coastal giant salamander,105,37.9
2013,CC,Cutthroat trout,42,0.7
2013,CC,Cutthroat trout,41,0.7
2013,CC,Cutthroat trout,43,0.7
2013,CC,Cutthroat trout,41,0.6
2013,CC,Cutthroat trout,54,1.8
2013,CC,Cutthroat trout,43,0.9
2013,CC,Cutthroat trout,67,2.9
2013,CC,Cutthroat trout,77,5.4
2013,CC,Cutthroat trout,140,27.7
2013,CC,Cutthroat trout,47,1
2013,CC,Cutthroat trout,52,1.4
2013,CC,Cutthroat trout,41,0.6
2013,CC,Cutthroat trout,50,1.4
2013,CC,Cutthroat trout,44,1
2013,CC,Cutthroat trout,88,7.4
2013,CC,Cutthroat trout,76,4.3
2013,CC,Cutthroat trout,95,8.8
2013,CC,Cutthroat trout,93,7.9
2013,CC,Cutthroat trout,136,23.2
2013,CC,Cutthroat trout,143,29.1
2013,CC,Cutthroat trout,84,6.4
2013,CC,Cutthroat trout,97,11.1
2013,CC,Cutthroat trout,88,6.7
2013,CC,Cutthroat trout,113,14.2
2013,CC,Cutthroat trout,97,9.1
2013,CC,Cutthroat trout,123,20.4
2013,CC,Cutthroat trout,157,40.1
2013,CC,Coastal giant salamander,35,1.9
2013,CC,Coastal giant salamander,26,0.8
2013,CC,Coastal giant salamander,47,4
2013,CC,Coastal giant salamander,42,2.9
2013,CC,Coastal giant salamander,42,2.6
2013,CC,Coastal giant salamander,51,4.8
2013,CC,Coastal giant salamander,29,0.9
2013,CC,Coastal giant salamander,42,3.9
2013,CC,Coastal giant salamander,61,8.9
2013,CC,Cutthroat trout,49,1.2
2013,CC,Cutthroat trout,83,5.7
2013,CC,Cutthroat trout,57,1
2013,CC,Cutthroat trout,154,36.6
2013,CC,Cutthroat trout,86,6
2013,CC,Coastal giant salamander,49,4
2013,CC,Coastal giant salamander,38,1.7
2013,CC,Coastal giant salamander,58,7.1
2013,CC,Coastal giant salamander,69,10.6
2013,CC,Coastal giant salamander,87,21.3
2013,CC,Coastal giant salamander,63,10.2
2013,CC,Coastal giant salamander,90,24.5
2013,CC,Coastal giant salamander,113,44.8
2013,CC,Coastal giant salamander,89,21.4
2013,CC,Cutthroat trout,47,1
2013,CC,Cutthroat trout,47,1.2
2013,CC,Cutthroat trout,41,0.7
2013,CC,Cutthroat trout,48,1.1
2013,CC,Cutthroat trout,47,1
2013,CC,Cutthroat trout,48,1.3
2013,CC,Cutthroat trout,76,4.2
2013,CC,Cutthroat trout,37,0.6
2013,CC,Cutthroat trout,51,1.3
2013,CC,Cutthroat trout,36,0.5
2013,CC,Cutthroat trout,43,0.9
2013,CC,Cutthroat trout,49,1.4
2013,CC,Cutthroat trout,34,0.4
2013,CC,Cutthroat trout,42,0.6
2013,CC,Cutthroat trout,47,0.9
2013,CC,Cutthroat trout,47,1
2013,CC,Cutthroat trout,51,1.3
2013,CC,Cutthroat trout,43,0.8
2013,CC,Cutthroat trout,49,1.3
2013,CC,Cutthroat trout,75,4.6
2013,CC,Cutthroat trout,40,0.7
2013,CC,Cutthroat trout,52,1.5
2013,CC,Cutthroat trout,85,6.2
2013,CC,Cutthroat trout,37,0.6
2013,CC,Cutthroat trout,47,1.1
2013,CC,Cutthroat trout,38,0.6
2013,CC,Cutthroat trout,82,5.3
2013,CC,Cutthroat trout,82,5.9
2013,CC,Cutthroat trout,98,9.9
2013,CC,Cutthroat trout,97,8.4
2013,CC,Cutthroat trout,107,12.4
2013,CC,Cutthroat trout,84,6
2013,CC,Cutthroat trout,108,12.8
2013,CC,Cutthroat trout,88,7.2
2013,CC,Cutthroat trout,97,9.3
2013,CC,Cutthroat trout,87,6.3
2013,CC,Cutthroat trout,108,12.3
2013,CC,Cutthroat trout,85,6.6
2013,CC,Cutthroat trout,108,13.6
2013,CC,Cutthroat trout,134,23.3
2013,CC,Cutthroat trout,124,20
2013,CC,Cutthroat trout,139,27.9
2013,CC,Cutthroat trout,137,26.3
2013,CC,Cutthroat trout,98,9
2013,CC,Cutthroat trout,126,19.6
2013,CC,Coastal giant salamander,65,9.2
2013,CC,Coastal giant salamander,70,14.8
2013,CC,Coastal giant salamander,51,5.3
2013,CC,Coastal giant salamander,55,5.6
2013,CC,Cutthroat trout,113,14.1
2013,CC,Cutthroat trout,88,7
2013,CC,Cutthroat trout,122,20.9
2013,CC,Cutthroat trout,135,26.3
2013,CC,Cutthroat trout,123,17.6
2013,CC,Cutthroat trout,102,10.2
2013,CC,Cutthroat trout,40,0.6
2013,CC,Cutthroat trout,84,5.8
2013,CC,Coastal giant salamander,70,13
2013,CC,Coastal giant salamander,41,2.6
2013,CC,Coastal giant salamander,36,1.6
2013,CC,Coastal giant salamander,37,2.1
2013,CC,Coastal giant salamander,55,6.1
2013,CC,Coastal giant salamander,69,12.5
2013,CC,Coastal giant salamander,57,5.9
2013,CC,Coastal giant salamander,58,7
2013,CC,Coastal giant salamander,64,10.6
2013,CC,Coastal giant salamander,69,13.5
2013,CC,Coastal giant salamander,92,29.1
2013,CC,Coastal giant salamander,133,84.1
2013,CC,Cutthroat trout,45,0.9
2013,CC,Cutthroat trout,49,1.1
2013,CC,Cutthroat trout,45,0.8
2013,CC,Cutthroat trout,42,0.8
2013,CC,Cutthroat trout,73,3.9
2013,CC,Cutthroat trout,83,5.7
2013,CC,Cutthroat trout,75,4.4
2013,CC,Cutthroat trout,92,8
2013,CC,Cutthroat trout,144,29.7
2013,CC,Cutthroat trout,79,4.9
2013,CC,Cutthroat trout,82,5.9
2013,CC,Coastal giant salamander,31,1.2
2013,CC,Coastal giant salamander,26,0.5
2013,CC,Coastal giant salamander,25,0.4
2013,CC,Coastal giant salamander,25,0.4
2013,CC,Cutthroat trout,112,14.1
2013,CC,Coastal giant salamander,68,10.6
2013,CC,Coastal giant salamander,84,22.7
2013,CC,Coastal giant salamander,80,21.9
2013,CC,Coastal giant salamander,112,47.8
2013,CC,Cutthroat trout,45,0.8
2013,CC,Cutthroat trout,33,0.4
2013,CC,Cutthroat trout,48,1.2
2013,CC,Cutthroat trout,50,1.4
2013,CC,Cutthroat trout,53,0.9
2013,CC,Cutthroat trout,44,0.9
2013,CC,Cutthroat trout,83,6.2
2013,CC,Cutthroat trout,83,6.2
2013,CC,Cutthroat trout,47,1.1
2013,CC,Cutthroat trout,79,4.9
2013,CC,Cutthroat trout,48,1.2
2013,CC,Coastal giant salamander,25,0.6
2013,CC,Coastal giant salamander,42,3
2013,CC,Coastal giant salamander,29,0.8
2013,CC,Coastal giant salamander,25,0.5
2013,CC,Coastal giant salamander,40,2.5
2013,CC,Coastal giant salamander,65,9.2
2013,CC,Coastal giant salamander,72,13.3
2013,CC,Coastal giant salamander,72,13.5
2013,CC,Coastal giant salamander,62,9
2013,CC,Coastal giant salamander,65,9.1
2013,CC,Coastal giant salamander,68,10.7
2013,CC,Coastal giant salamander,28,1.1
2013,CC,Coastal giant salamander,68,11.9
2013,CC,Cutthroat trout,36,0.5
2013,CC,Cutthroat trout,43,0.7
2013,CC,Cutthroat trout,47,0.9
2013,CC,Cutthroat trout,83,6.4
2013,CC,Cutthroat trout,89,7.1
2013,CC,Cutthroat trout,78,5.1
2013,CC,Cutthroat trout,87,6.2
2013,CC,Cutthroat trout,126,20.6
2013,CC,Coastal giant salamander,52,6.1
2013,CC,Coastal giant salamander,39,2.1
2013,CC,Coastal giant salamander,66,13.3
2013,CC,Coastal giant salamander,62,10.4
2013,CC,Coastal giant salamander,65,10.5
2013,CC,Coastal giant salamander,65,10
2013,CC,Coastal giant salamander,66,9.3
2013,CC,Coastal giant salamander,79,17.1
2013,CC,Cutthroat trout,40,0.8
2013,CC,Cutthroat trout,50,1.4
2013,CC,Cutthroat trout,49,1.3
2013,CC,Cutthroat trout,93,9.1
2013,CC,Cutthroat trout,101,9.8
2013,CC,Cutthroat trout,110,12.7
2013,CC,Cutthroat trout,119,15.6
2013,CC,Cutthroat trout,112,13.5
2013,CC,Cutthroat trout,122,19.9
2013,CC,Cutthroat trout,86,6.3
2013,CC,Cutthroat trout,104,11.4
2013,CC,Cutthroat trout,119,16.1
2013,CC,Coastal giant salamander,50,5
2013,CC,Coastal giant salamander,42,3.2
2013,CC,Coastal giant salamander,46,3.5
2013,CC,Coastal giant salamander,62,11.4
2013,CC,Coastal giant salamander,72,13.3
2013,CC,Cutthroat trout,75,3.9
2013,CC,Cutthroat trout,98,10
2013,CC,Cutthroat trout,88,6.6
2013,CC,Cutthroat trout,99,9.2
2013,CC,Cutthroat trout,137,25.7
2013,CC,Cutthroat trout,75,4.4
2013,CC,Cutthroat trout,133,22.7
2013,CC,Cutthroat trout,42,0.8
2013,CC,Cutthroat trout,34,0.4
2013,CC,Cutthroat trout,40,0.6
2013,CC,Cutthroat trout,52,1.5
2013,CC,Cutthroat trout,50,1.3
2013,CC,Cutthroat trout,46,1
2013,CC,Cutthroat trout,51,1.3
2013,CC,Cutthroat trout,54,1.6
2013,CC,Cutthroat trout,57,1.8
2013,CC,Cutthroat trout,82,5.1
2013,CC,Cutthroat trout,88,7
2013,CC,Cutthroat trout,92,7.8
2013,CC,Cutthroat trout,37,0.4
2013,CC,Cutthroat trout,46,1
2013,CC,Cutthroat trout,54,1.6
2013,CC,Cutthroat trout,52,1.5
2013,CC,Cutthroat trout,48,1.1
2013,CC,Cutthroat trout,86,6.2
2013,CC,Cutthroat trout,50,1.3
2013,CC,Cutthroat trout,47,1
2013,CC,Cutthroat trout,51,1.3
2013,CC,Cutthroat trout,119,19.1
2013,CC,Cutthroat trout,85,5.7
2013,CC,Cutthroat trout,44,1
2013,CC,Cutthroat trout,141,26.6
2013,CC,Cutthroat trout,130,20.3
2013,CC,Cutthroat trout,123,18
2013,CC,Cutthroat trout,53,1.6
2013,CC,Cutthroat trout,51,1.3
2013,CC,Cutthroat trout,44,0.9
2013,CC,Cutthroat trout,121,16.6
2013,CC,Cutthroat trout,95,7.9
2013,CC,Cutthroat trout,90,7.3
2013,CC,Cutthroat trout,115,14.6
2013,CC,Cutthroat trout,81,5.3
2013,CC,Cutthroat trout,44,1
2013,CC,Cutthroat trout,144,27.7
2013,CC,Cutthroat trout,84,5.3
2013,CC,Cutthroat trout,76,5
2013,CC,Cutthroat trout,128,26.8
2013,CC,Cutthroat trout,86,6.6
2013,CC,Cutthroat trout,99,9.9
2013,CC,Cutthroat trout,145,29
2013,CC,Cutthroat trout,130,23.3
2013,CC,Cutthroat trout,92,7.1
2013,CC,Cutthroat trout,111,14.8
2013,CC,Cutthroat trout,92,7.5
2013,CC,Coastal giant salamander,55,6.1
2013,CC,Coastal giant salamander,34,1.4
2013,CC,Coastal giant salamander,36,1.8
2013,CC,Coastal giant salamander,62,9.9
2013,CC,Coastal giant salamander,66,10.8
2013,CC,Coastal giant salamander,67,11.8
2013,CC,Coastal giant salamander,130,66.3
2013,CC,Cutthroat trout,73,3.8
2013,CC,Cutthroat trout,83,5.5
2013,CC,Cutthroat trout,82,5.5
2013,CC,Cutthroat trout,91,7.3
2013,CC,Cutthroat trout,95,9.8
2013,CC,Cutthroat trout,91,7.4
2013,CC,Cutthroat trout,83,5.8
2013,CC,Cutthroat trout,132,22.8
2013,CC,Cutthroat trout,167,48.6
2013,CC,Cutthroat trout,119,16.6
2013,CC,Cutthroat trout,137,26.3
2013,CC,Cutthroat trout,44,1.1
2013,CC,Cutthroat trout,43,0.6
2013,CC,Cutthroat trout,77,4.3
2013,CC,Coastal giant salamander,39,2
2013,CC,Coastal giant salamander,65,9.5
2013,CC,Cutthroat trout,147,30.5
2013,CC,Cutthroat trout,168,46
2013,CC,Cutthroat trout,110,12.8
2013,CC,Cutthroat trout,122,17.7
2013,CC,Cutthroat trout,110,14.5
2013,CC,Cutthroat trout,157,36.7
2013,CC,Coastal giant salamander,61,8
2013,CC,Coastal giant salamander,65,9.1
2013,CC,Coastal giant salamander,62,10.1
2013,CC,Cutthroat trout,35,0.4
2013,CC,Cutthroat trout,53,1.6
2013,CC,Cutthroat trout,53,1.6
2013,CC,Cutthroat trout,52,1.5
2013,CC,Cutthroat trout,32,0.4
2013,CC,Cutthroat trout,41,0.7
2013,CC,Cutthroat trout,132,22.9
2013,CC,Cutthroat trout,75,4.4
2013,CC,Cutthroat trout,43,0.7
2013,CC,Cutthroat trout,121,17.1
2013,CC,Cutthroat trout,82,5.7
2013,CC,Cutthroat trout,155,38.9
2013,CC,Coastal giant salamander,59,8.2
2013,CC,Coastal giant salamander,36,2
2013,CC,Coastal giant salamander,45,3.3
2013,CC,Coastal giant salamander,63,10.2
2013,CC,Coastal giant salamander,69,13.2
2013,CC,Coastal giant salamander,71,12.6
2013,CC,Coastal giant salamander,78,15.9
2013,CC,Coastal giant salamander,83,19.5
2013,CC,Cutthroat trout,52,1.6
2013,CC,Cutthroat trout,47,1.2
2013,CC,Cutthroat trout,38,0.7
2013,CC,Cutthroat trout,38,0.6
2013,CC,Cutthroat trout,48,1.4
2013,CC,Cutthroat trout,44,1
2013,CC,Coastal giant salamander,41,2.8
2013,CC,Coastal giant salamander,45,3.6
2013,CC,Coastal giant salamander,57,7.2
2013,CC,Coastal giant salamander,35,1.9
2013,CC,Coastal giant salamander,41,2.9
2013,CC,Coastal giant salamander,48,4.3
2013,CC,Cutthroat trout,89,7.3
2013,CC,Cutthroat trout,100,9.9
2013,CC,Cutthroat trout,107,11.8
2013,CC,Coastal giant salamander,42,3.8
2013,CC,Coastal giant salamander,52,4.7
2013,CC,Coastal giant salamander,40,2.4
2013,CC,Coastal giant salamander,60,7.5
2013,CC,Coastal giant salamander,65,10
2013,CC,Cutthroat trout,51,1.4
2013,CC,Cutthroat trout,82,5.8
2013,CC,Cutthroat trout,88,6.3
2013,CC,Cutthroat trout,196,72
2013,CC,Cutthroat trout,43,0.7
2013,CC,Cutthroat trout,51,1.4
2013,CC,Cutthroat trout,82,5.7
2013,CC,Cutthroat trout,119,17.9
2013,CC,Cutthroat trout,123,18.4
2013,CC,Cutthroat trout,159,41.1
2013,CC,Cutthroat trout,147,30.6
2013,CC,Coastal giant salamander,45,3.8
2013,CC,Cutthroat trout,78,4.8
2013,CC,Cutthroat trout,97,10
2013,CC,Cutthroat trout,135,22.8
2013,CC,Cutthroat trout,137,26.1
2013,CC,Cutthroat trout,108,13.1
2013,CC,Cutthroat trout,42,0.7
2013,CC,Cutthroat trout,78,4.7
2013,CC,Cutthroat trout,84,6.5
2013,CC,Coastal giant salamander,51,4.6
2013,CC,Coastal giant salamander,42,3
2013,CC,Cutthroat trout,109,13.5
2013,CC,Cutthroat trout,111,13.7
2013,CC,Coastal giant salamander,57,8.2
2013,CC,Coastal giant salamander,57,7
2013,CC,Coastal giant salamander,64,9.8
2013,CC,Coastal giant salamander,71,13.7
2013,CC,Cutthroat trout,48,1.2
2013,CC,Cutthroat trout,46,1
2013,CC,Coastal giant salamander,35,2
2013,CC,Coastal giant salamander,36,2
2013,CC,Cutthroat trout,48,1.2
2013,CC,Coastal giant salamander,61,8.5
2013,CC,Coastal giant salamander,51,5.3
2013,CC,Coastal giant salamander,61,9.8
2013,CC,Coastal giant salamander,65,9.7
2013,CC,Cutthroat trout,43,0.8
2013,CC,Cutthroat trout,45,1.1
2013,CC,Cutthroat trout,37,0.5
2013,CC,Cutthroat trout,57,1.9
2013,CC,Cutthroat trout,45,0.9
2013,CC,Cutthroat trout,51,1.5
2013,CC,Cutthroat trout,52,1.3
2013,CC,Cutthroat trout,52,1.3
2013,CC,Cutthroat trout,36,0.6
2013,CC,Cutthroat trout,43,0.8
2013,CC,Cutthroat trout,44,0.8
2013,CC,Cutthroat trout,43,0.8
2013,CC,Cutthroat trout,53,1.5
2013,CC,Cutthroat trout,53,1.4
2013,CC,Cutthroat trout,57,1.7
2013,CC,Cutthroat trout,44,1
2013,CC,Cutthroat trout,44,0.9
2013,CC,Cutthroat trout,55,1.7
2013,CC,Cutthroat trout,39,0.5
2013,CC,Cutthroat trout,37,0.4
2013,CC,Cutthroat trout,48,1.1
2013,CC,Cutthroat trout,45,1.1
2013,CC,Cutthroat trout,51,1.4
2013,CC,Cutthroat trout,48,1.1
2013,CC,Cutthroat trout,36,0.4
2013,CC,Cutthroat trout,37,0.5
2013,CC,Cutthroat trout,52,1.6
2013,CC,Cutthroat trout,55,1.8
2013,CC,Cutthroat trout,36,0.5
2013,CC,Cutthroat trout,48,1.1
2013,CC,Cutthroat trout,32,0.3
2013,CC,Cutthroat trout,39,0.6
2013,CC,Cutthroat trout,42,0.7
2013,CC,Cutthroat trout,48,1.1
2013,CC,Cutthroat trout,54,1.7
2013,CC,Cutthroat trout,46,1.1
2013,CC,Cutthroat trout,38,0.5
2013,CC,Cutthroat trout,55,1.7
2013,CC,Cutthroat trout,54,1.4
2013,CC,Cutthroat trout,37,0.5
2013,CC,Cutthroat trout,48,1
2013,CC,Cutthroat trout,42,0.8
2013,CC,Cutthroat trout,82,5.7
2013,CC,Cutthroat trout,81,5.2
2013,CC,Cutthroat trout,52,1.5
2013,CC,Cutthroat trout,45,0.9
2013,CC,Cutthroat trout,49,1.3
2013,CC,Cutthroat trout,53,1.4
2013,CC,Cutthroat trout,38,0.4
2013,CC,Cutthroat trout,47,1.1
2013,CC,Cutthroat trout,53,1.5
2013,CC,Cutthroat trout,50,1.3
2013,CC,Cutthroat trout,82,5.9
2013,CC,Cutthroat trout,82,5.6
2013,CC,Cutthroat trout,45,0.9
2013,CC,Cutthroat trout,88,7.3
2013,CC,Cutthroat trout,84,6.3
2013,CC,Cutthroat trout,83,5.7
2013,CC,Cutthroat trout,73,4.2
2013,CC,Cutthroat trout,48,1.2
2013,CC,Cutthroat trout,40,0.7
2013,CC,Cutthroat trout,40,0.6
2013,CC,Cutthroat trout,35,0.5
2013,CC,Cutthroat trout,91,6.8
2013,CC,Cutthroat trout,98,9
2013,CC,Cutthroat trout,78,4.3
2013,CC,Cutthroat trout,84,5.6
2013,CC,Cutthroat trout,95,8.6
2013,CC,Cutthroat trout,92,7.1
2013,CC,Cutthroat trout,95,8.6
2013,CC,Cutthroat trout,126,20.7
2013,CC,Coastal giant salamander,73,15.6
2013,CC,Cutthroat trout,50,1.3
2013,CC,Cutthroat trout,55,1.8
2013,CC,Cutthroat trout,127,18.3
2013,CC,Coastal giant salamander,43,3.5
2013,CC,Coastal giant salamander,55,5.9
2013,CC,Cutthroat trout,91,7
2013,CC,Cutthroat trout,114,14.6
2013,CC,Cutthroat trout,120,17.6
2013,CC,Cutthroat trout,120,16.7
2013,CC,Cutthroat trout,120,16.7
2013,CC,Cutthroat trout,104,11.6
2013,CC,Coastal giant salamander,67,10.4
2013,CC,Coastal giant salamander,59,9.1
2013,CC,Coastal giant salamander,89,23.1
2013,CC,Coastal giant salamander,112,46.7
2013,CC,Cutthroat trout,49,1.1
2013,CC,Cutthroat trout,86,6.9
2013,CC,Cutthroat trout,138,26
2013,CC,Coastal giant salamander,52,6.5
2013,CC,Coastal giant salamander,44,3.8
2013,CC,Coastal giant salamander,59,7.4
2013,CC,Coastal giant salamander,29,0.9
2013,CC,Cutthroat trout,101,10.4
2013,CC,Cutthroat trout,108,11.7
2013,CC,Cutthroat trout,154,36.7
2013,CC,Cutthroat trout,134,23.6
2013,CC,Coastal giant salamander,68,10.7
2013,CC,Coastal giant salamander,35,1.5
2013,CC,Coastal giant salamander,61,8.4
2013,CC,Cutthroat trout,44,0.6
2013,CC,Coastal giant salamander,46,3.4
2013,CC,Coastal giant salamander,53,6.6
2013,CC,Coastal giant salamander,56,6.7
2013,CC,Coastal giant salamander,30,1
2013,CC,Coastal giant salamander,54,6.5
2013,CC,Coastal giant salamander,60,8.7
2013,CC,Coastal giant salamander,70,12.4
2013,CC,Coastal giant salamander,69,10.4
2013,CC,Coastal giant salamander,51,5.3
2013,CC,Coastal giant salamander,69,12
2013,CC,Coastal giant salamander,73,14.5
2013,CC,Coastal giant salamander,79,15.6
2013,CC,Coastal giant salamander,119,66.1
2013,CC,Coastal giant salamander,134,78.6
2013,CC,Cutthroat trout,35,0.5
2013,CC,Coastal giant salamander,43,3.2
2013,CC,Coastal giant salamander,26,0.7
2013,CC,Coastal giant salamander,53,5.5
2013,CC,Coastal giant salamander,49,4.4
2013,CC,Coastal giant salamander,57,6.1
2013,CC,Coastal giant salamander,44,3.3
2013,CC,Coastal giant salamander,46,3.3
2013,CC,Coastal giant salamander,54,6.8
2013,CC,Coastal giant salamander,37,1.6
2013,CC,Cutthroat trout,114,14.8
2013,CC,Coastal giant salamander,49,4.6
2013,CC,Cutthroat trout,92,8.1
2013,CC,Coastal giant salamander,37,2.1
2013,CC,Coastal giant salamander,25,0.6
2013,CC,Cutthroat trout,43,0.8
2013,CC,Cutthroat trout,48,1.1
2013,CC,Cutthroat trout,43,0.9
2013,CC,Cutthroat trout,53,1.5
2013,CC,Cutthroat trout,49,1.2
2013,CC,Cutthroat trout,57,1.7
2013,CC,Cutthroat trout,101,9.5
2013,CC,Cutthroat trout,141,27.9
2013,CC,Cutthroat trout,110,13.6
2013,CC,Coastal giant salamander,33,2.2
2013,CC,Coastal giant salamander,37,2.5
2013,CC,Coastal giant salamander,53,5.4
2013,CC,Cutthroat trout,80,5.3
2013,CC,Cutthroat trout,88,6.4
2013,CC,Cutthroat trout,89,6.8
2013,CC,Cutthroat trout,111,12.5
2013,CC,Coastal giant salamander,112,49.4
2013,CC,Cutthroat trout,45,1
2013,CC,Cutthroat trout,50,1.3
2013,CC,Cutthroat trout,52,1.6
2013,CC,Cutthroat trout,50,1.1
2013,CC,Cutthroat trout,47,0.9
2013,CC,Cutthroat trout,44,0.8
2013,CC,Cutthroat trout,42,0.8
2013,CC,Cutthroat trout,43,0.9
2013,CC,Cutthroat trout,47,1
2013,CC,Cutthroat trout,53,1.6
2013,CC,Cutthroat trout,44,1
2013,CC,Cutthroat trout,133,25.3
2013,CC,Cutthroat trout,94,8
2013,CC,Cutthroat trout,119,16.6
2013,CC,Coastal giant salamander,53,6.4
2013,CC,Coastal giant salamander,36,1.8
2013,CC,Coastal giant salamander,70,12
2013,CC,Coastal giant salamander,65,9.7
2013,CC,Coastal giant salamander,54,5.9
2013,CC,Coastal giant salamander,108,46.9
2013,CC,Coastal giant salamander,31,1.3
2013,CC,Cutthroat trout,41,0.8
2013,CC,Cutthroat trout,42,0.9
2013,CC,Cutthroat trout,40,0.7
2013,CC,Cutthroat trout,48,1.1
2013,CC,Cutthroat trout,43,0.9
2013,CC,Cutthroat trout,44,1
2013,CC,Cutthroat trout,57,1.9
2013,CC,Cutthroat trout,52,1.5
2013,CC,Cutthroat trout,50,1.3
2013,CC,Cutthroat trout,48,1
2013,CC,Cutthroat trout,39,0.6
2013,CC,Cutthroat trout,50,1.3
2013,CC,Cutthroat trout,38,0.5
2013,CC,Cutthroat trout,49,1.2
2013,CC,Cutthroat trout,110,13.4
2013,CC,Cutthroat trout,111,13.7
2013,CC,Cutthroat trout,113,14.2
2013,CC,Cutthroat trout,87,6.5
2013,CC,Cutthroat trout,130,24.1
2013,CC,Cutthroat trout,83,6
2013,CC,Coastal giant salamander,44,3.3
2013,CC,Coastal giant salamander,54,5.6
2013,CC,Coastal giant salamander,55,5.8
2013,CC,Coastal giant salamander,37,2
2013,CC,Coastal giant salamander,58,6.4
2013,CC,Coastal giant salamander,70,13.2
2013,CC,Coastal giant salamander,66,10.5
2013,CC,Coastal giant salamander,71,13.8
2013,CC,Coastal giant salamander,75,16
2013,CC,Coastal giant salamander,71,14.3
2013,CC,Coastal giant salamander,62,8.1
2013,CC,Cutthroat trout,45,1
2013,CC,Cutthroat trout,58,2
2013,CC,Cutthroat trout,75,4.2
2013,CC,Cutthroat trout,78,5.1
2013,CC,Cutthroat trout,126,20.1
2013,CC,Cutthroat trout,40,0.7
2013,CC,Cutthroat trout,45,0.8
2013,CC,Cutthroat trout,40,0.6
2013,CC,Cutthroat trout,107,13.2
2013,CC,Coastal giant salamander,33,1.8
2013,CC,Coastal giant salamander,50,5.5
2013,OG,Cutthroat trout,61,2.4
2013,OG,Cutthroat trout,51,1.4
2013,OG,Cutthroat trout,97,10.3
2013,OG,Cutthroat trout,98,9.2
2013,OG,Coastal giant salamander,59,7.3
2013,OG,Cutthroat trout,81,5
2013,OG,Cutthroat trout,89,6.9
2013,OG,Cutthroat trout,90,7
2013,OG,Cutthroat trout,77,5.1
2013,OG,Coastal giant salamander,61,8.4
2013,OG,Coastal giant salamander,65,10
2013,OG,Cutthroat trout,93,8.2
2013,OG,Cutthroat trout,107,13
2013,OG,Cutthroat trout,137,24.9
2013,OG,Coastal giant salamander,65,10
2013,OG,Cutthroat trout,165,49.7
2013,OG,Cutthroat trout,74,3.8
2013,OG,Cutthroat trout,71,3.6
2013,OG,Cutthroat trout,75,4.6
2013,OG,Cutthroat trout,81,5.3
2013,OG,Cutthroat trout,112,14.4
2013,OG,Cutthroat trout,136,25.3
2013,OG,Cutthroat trout,130,21.3
2013,OG,Coastal giant salamander,35,1.8
2013,OG,Coastal giant salamander,50,4.8
2013,OG,Coastal giant salamander,59,7.4
2013,OG,Coastal giant salamander,92,30.6
2013,OG,Coastal giant salamander,81,18.7
2013,OG,Cutthroat trout,41,0.8
2013,OG,Cutthroat trout,41,0.5
2013,OG,Cutthroat trout,42,0.8
2013,OG,Cutthroat trout,43,0.8
2013,OG,Cutthroat trout,49,1.2
2013,OG,Cutthroat trout,41,0.8
2013,OG,Cutthroat trout,37,0.5
2013,OG,Cutthroat trout,46,1
2013,OG,Cutthroat trout,31,0.3
2013,OG,Cutthroat trout,43,0.9
2013,OG,Cutthroat trout,40,0.7
2013,OG,Cutthroat trout,47,1.1
2013,OG,Cutthroat trout,45,0.9
2013,OG,Cutthroat trout,42,0.9
2013,OG,Cutthroat trout,46,1
2013,OG,Cutthroat trout,41,0.8
2013,OG,Cutthroat trout,43,1.5
2013,OG,Cutthroat trout,42,0.8
2013,OG,Cutthroat trout,35,0.5
2013,OG,Cutthroat trout,52,1.5
2013,OG,Cutthroat trout,83,5.6
2013,OG,Cutthroat trout,70,3.6
2013,OG,Cutthroat trout,83,6.3
2013,OG,Cutthroat trout,52,0.5
2013,OG,Cutthroat trout,76,4.4
2013,OG,Cutthroat trout,81,5.3
2013,OG,Cutthroat trout,124,17.7
2013,OG,Cutthroat trout,83,5.8
2013,OG,Cutthroat trout,108,13
2013,OG,Cutthroat trout,89,8.1
2013,OG,Cutthroat trout,47,1
2013,OG,Cutthroat trout,104,11.3
2013,OG,Cutthroat trout,107,11.5
2013,OG,Cutthroat trout,102,10.9
2013,OG,Cutthroat trout,104,12
2013,OG,Coastal giant salamander,31,1.1
2013,OG,Coastal giant salamander,51,5
2013,OG,Coastal giant salamander,42,2.7
2013,OG,Coastal giant salamander,51,4.7
2013,OG,Coastal giant salamander,52,4.7
2013,OG,Coastal giant salamander,52,5.8
2013,OG,Coastal giant salamander,71,12.7
2013,OG,Cutthroat trout,33,0.3
2013,OG,Cutthroat trout,119,16.9
2013,OG,Cutthroat trout,83,6
2013,OG,Cutthroat trout,74,4
2013,OG,Cutthroat trout,113,13.2
2013,OG,Coastal giant salamander,49,4.2
2013,OG,Coastal giant salamander,46,3.6
2013,OG,Coastal giant salamander,49,4.4
2013,OG,Coastal giant salamander,35,1.5
2013,OG,Coastal giant salamander,42,3.3
2013,OG,Coastal giant salamander,38,1.9
2013,OG,Coastal giant salamander,70,12.2
2013,OG,Coastal giant salamander,71,12.1
2013,OG,Coastal giant salamander,61,9
2013,OG,Coastal giant salamander,65,10.4
2013,OG,Coastal giant salamander,70,12.2
2013,OG,Coastal giant salamander,65,10.1
2013,OG,Coastal giant salamander,68,10.8
2013,OG,Coastal giant salamander,95,28.4
2013,OG,Cutthroat trout,55,1.7
2013,OG,Cutthroat trout,71,4.8
2013,OG,Cutthroat trout,79,5.2
2013,OG,Cutthroat trout,80,5.2
2013,OG,Cutthroat trout,79,5.2
2013,OG,Cutthroat trout,113,14.4
2013,OG,Cutthroat trout,112,14.1
2013,OG,Cutthroat trout,129,21.6
2013,OG,Coastal giant salamander,34,1.4
2013,OG,Coastal giant salamander,51,4.2
2013,OG,Coastal giant salamander,48,3.9
2013,OG,Coastal giant salamander,59,8.2
2013,OG,Coastal giant salamander,66,10.7
2013,OG,Cutthroat trout,43,0.8
2013,OG,Cutthroat trout,48,1.2
2013,OG,Cutthroat trout,54,1.7
2013,OG,Cutthroat trout,153,35.5
2013,OG,Cutthroat trout,106,12.4
2013,OG,Cutthroat trout,118,16.2
2013,OG,Cutthroat trout,104,11.1
2013,OG,Cutthroat trout,83,6
2013,OG,Cutthroat trout,88,6.8
2013,OG,Cutthroat trout,116,14.2
2013,OG,Coastal giant salamander,51,4.7
2013,OG,Coastal giant salamander,31,1.4
2013,OG,Coastal giant salamander,33,1.5
2013,OG,Coastal giant salamander,57,7.4
2013,OG,Coastal giant salamander,58,7.6
2013,OG,Coastal giant salamander,41,2.1
2013,OG,Coastal giant salamander,38,2.5
2013,OG,Coastal giant salamander,57,6.8
2013,OG,Coastal giant salamander,31,1.3
2013,OG,Coastal giant salamander,65,10.5
2013,OG,Coastal giant salamander,29,1
2013,OG,Cutthroat trout,133,22.5
2013,OG,Cutthroat trout,77,4.4
2013,OG,Cutthroat trout,113,13.6
2013,OG,Cutthroat trout,117,16
2013,OG,Coastal giant salamander,39,2.7
2013,OG,Coastal giant salamander,52,5.8
2013,OG,Coastal giant salamander,35,1.4
2013,OG,Cutthroat trout,78,4.8
2013,OG,Cutthroat trout,97,10.7
2013,OG,Cutthroat trout,54,1.6
2013,OG,Cutthroat trout,46,1
2013,OG,Cutthroat trout,40,0.7
2013,OG,Cutthroat trout,43,0.8
2013,OG,Cutthroat trout,50,1.4
2013,OG,Cutthroat trout,48,1.1
2013,OG,Cutthroat trout,46,1.1
2013,OG,Cutthroat trout,102,11.3
2013,OG,Coastal giant salamander,36,1.9
2013,OG,Coastal giant salamander,42,3
2013,OG,Coastal giant salamander,50,4.7
2013,OG,Coastal giant salamander,37,2.2
2013,OG,Coastal giant salamander,24,0.6
2013,OG,Coastal giant salamander,32,1.3
2013,OG,Coastal giant salamander,27,0.9
2013,OG,Coastal giant salamander,60,8.7
2013,OG,Coastal giant salamander,45,3.5
2013,OG,Coastal giant salamander,41,2.4
2013,OG,Coastal giant salamander,59,7.6
2013,OG,Coastal giant salamander,62,10
2013,OG,Cutthroat trout,79,5.7
2013,OG,Coastal giant salamander,36,2
2013,OG,Coastal giant salamander,41,3.2
2013,OG,Cutthroat trout,98,9.2
2013,OG,Coastal giant salamander,77,19.2
2013,OG,Coastal giant salamander,47,4
2013,OG,Coastal giant salamander,51,4.9
2013,OG,Cutthroat trout,44,0.9
2013,OG,Cutthroat trout,52,1.3
2013,OG,Cutthroat trout,53,1.5
2013,OG,Cutthroat trout,77,4.1
2013,OG,Cutthroat trout,88,6.5
2013,OG,Cutthroat trout,116,15.5
2013,OG,Cutthroat trout,76,4
2013,OG,Cutthroat trout,79,4.9
2013,OG,Cutthroat trout,75,4
2013,OG,Coastal giant salamander,45,4.1
2013,OG,Cutthroat trout,87,7.1
2013,OG,Coastal giant salamander,57,5.3
2013,OG,Coastal giant salamander,50,5.5
2013,OG,Cutthroat trout,147,27.7
2013,OG,Coastal giant salamander,36,1.8
2013,OG,Coastal giant salamander,60,8.8
2013,OG,Coastal giant salamander,70,14.3
2013,OG,Cutthroat trout,111,13.6
2013,OG,Cutthroat trout,77,4.1
2013,OG,Cutthroat trout,67,3
2013,OG,Cutthroat trout,81,5.1
2013,OG,Cutthroat trout,74,4
2013,OG,Cutthroat trout,82,5.4
2013,OG,Cutthroat trout,113,13.6
2013,OG,Cutthroat trout,159,34.2
2013,OG,Cutthroat trout,81,5.1
2013,OG,Cutthroat trout,109,12.9
2013,OG,Cutthroat trout,146,27.9
2013,OG,Cutthroat trout,130,23.4
2013,OG,Coastal giant salamander,40,2.4
2013,OG,Cutthroat trout,45,1
2013,OG,Cutthroat trout,44,0.8
2013,OG,Cutthroat trout,44,0.8
2013,OG,Cutthroat trout,52,1.5
2013,OG,Cutthroat trout,77,4.2
2013,OG,Cutthroat trout,75,5
2013,OG,Cutthroat trout,89,7.1
2013,OG,Cutthroat trout,108,12.7
2013,OG,Cutthroat trout,37,0.5
2013,OG,Cutthroat trout,75,4.3
2013,OG,Cutthroat trout,76,4.3
2013,OG,Cutthroat trout,87,6.6
2013,OG,Cutthroat trout,35,0.4
2013,OG,Cutthroat trout,73,4.3
2013,OG,Cutthroat trout,79,4.9
2013,OG,Cutthroat trout,116,15.4
2013,OG,Cutthroat trout,121,18.6
2013,OG,Cutthroat trout,133,25.2
2013,OG,Cutthroat trout,85,6.5
2013,OG,Cutthroat trout,110,12.6
2013,OG,Cutthroat trout,93,8.2
2013,OG,Coastal giant salamander,37,1.8
2013,OG,Coastal giant salamander,33,1
2013,OG,Coastal giant salamander,55,5.9
2013,OG,Coastal giant salamander,61,8.4
2013,OG,Cutthroat trout,49,1.2
2013,OG,Cutthroat trout,78,4.5
2013,OG,Cutthroat trout,25,0.1
2013,OG,Cutthroat trout,39,0.5
2013,OG,Cutthroat trout,29,0.2
2013,OG,Cutthroat trout,82,6.7
2013,OG,Cutthroat trout,35,0.4
2013,OG,Cutthroat trout,70,3.3
2013,OG,Cutthroat trout,50,1.1
2013,OG,Cutthroat trout,109,12.7
2013,OG,Coastal giant salamander,42,2.9
2013,OG,Coastal giant salamander,39,2.7
2013,OG,Coastal giant salamander,61,8.4
2013,OG,Coastal giant salamander,71,14.3
2013,OG,Cutthroat trout,30,0.3
2013,OG,Cutthroat trout,31,0.2
2013,OG,Cutthroat trout,30,0.1
2013,OG,Cutthroat trout,27,0.1
2013,OG,Cutthroat trout,98,9.8
2013,OG,Cutthroat trout,52,1.3
2013,OG,Cutthroat trout,80,5.9
2013,OG,Coastal giant salamander,32,1.9
2013,OG,Coastal giant salamander,44,3.4
2013,OG,Cutthroat trout,138,25.9
2013,OG,Cutthroat trout,120,17.3
2013,OG,Cutthroat trout,152,34.3
2013,OG,Cutthroat trout,44,1.1
2013,OG,Cutthroat trout,50,1.4
2013,OG,Cutthroat trout,37,0.5
2013,OG,Cutthroat trout,47,1
2013,OG,Cutthroat trout,53,1.6
2013,OG,Cutthroat trout,38,0.5
2013,OG,Cutthroat trout,37,0.6
2013,OG,Cutthroat trout,48,1.1
2013,OG,Coastal giant salamander,33,1.4
2013,OG,Coastal giant salamander,51,5.2
2013,OG,Coastal giant salamander,61,9
2013,OG,Coastal giant salamander,75,13.3
2013,OG,Cutthroat trout,50,1.3
2013,OG,Cutthroat trout,52,1.5
2013,OG,Cutthroat trout,57,1.9
2013,OG,Cutthroat trout,55,1.7
2013,OG,Cutthroat trout,49,1.2
2013,OG,Cutthroat trout,43,0.8
2013,OG,Cutthroat trout,47,0.9
2013,OG,Cutthroat trout,42,0.8
2013,OG,Cutthroat trout,53,1.4
2013,OG,Cutthroat trout,37,0.4
2013,OG,Cutthroat trout,44,1.1
2013,OG,Cutthroat trout,36,0.6
2013,OG,Cutthroat trout,46,1.1
2013,OG,Cutthroat trout,42,0.8
2013,OG,Cutthroat trout,41,0.8
2013,OG,Cutthroat trout,40,0.6
2013,OG,Cutthroat trout,48,1.3
2013,OG,Cutthroat trout,52,1.5
2013,OG,Cutthroat trout,85,6
2013,OG,Cutthroat trout,97,9.6
2013,OG,Cutthroat trout,90,7.6
2013,OG,Cutthroat trout,57,1.9
2013,OG,Cutthroat trout,50,1.3
2013,OG,Cutthroat trout,39,0.6
2013,OG,Cutthroat trout,121,17.4
2013,OG,Cutthroat trout,90,7
2013,OG,Cutthroat trout,69,11.7
2013,OG,Cutthroat trout,68,9.3
2013,OG,Cutthroat trout,81,20.8
2013,OG,Cutthroat trout,104,11.2
2013,OG,Cutthroat trout,126,20.2
2013,OG,Cutthroat trout,129,21
2013,OG,Cutthroat trout,110,13.7
2013,OG,Cutthroat trout,134,24.9
2013,OG,Cutthroat trout,132,21.1
2013,OG,Cutthroat trout,97,9.8
2013,OG,Cutthroat trout,113,13.8
2013,OG,Cutthroat trout,82,5.6
2013,OG,Cutthroat trout,97,8.9
2013,OG,Cutthroat trout,49,1.2
2013,OG,Coastal giant salamander,67,7.9
2013,OG,Coastal giant salamander,62,8.8
2013,OG,Coastal giant salamander,90,22.9
2013,OG,Coastal giant salamander,32,1.7
2013,OG,Coastal giant salamander,46,3.7
2013,OG,Coastal giant salamander,73,11.9
2013,OG,Coastal giant salamander,63,9.3
2013,OG,Cutthroat trout,58,2.1
2013,OG,Cutthroat trout,45,1
2013,OG,Cutthroat trout,86,6.3
2013,OG,Cutthroat trout,49,1.2
2013,OG,Cutthroat trout,50,1.3
2013,OG,Cutthroat trout,52,1.4
2013,OG,Cutthroat trout,87,6.6
2013,OG,Coastal giant salamander,49,3.8
2013,OG,Coastal giant salamander,32,1.3
2013,OG,Coastal giant salamander,37,2.2
2013,OG,Coastal giant salamander,27,0.6
2013,OG,Coastal giant salamander,32,1.2
2013,OG,Coastal giant salamander,58,7
2013,OG,Coastal giant salamander,34,1.6
2013,OG,Coastal giant salamander,59,6
2013,OG,Coastal giant salamander,40,2.9
2013,OG,Coastal giant salamander,33,1.2
2013,OG,Coastal giant salamander,70,12.7
2013,OG,Coastal giant salamander,58,6.6
2013,OG,Coastal giant salamander,69,11.1
2013,OG,Coastal giant salamander,45,2.8
2013,OG,Coastal giant salamander,49,4.2
2013,OG,Coastal giant salamander,57,7.3
2013,OG,Cutthroat trout,44,0.9
2013,OG,Coastal giant salamander,55,6
2013,OG,Coastal giant salamander,55,6.7
2013,OG,Coastal giant salamander,35,1.6
2013,OG,Cutthroat trout,79,5.7
2013,OG,Cutthroat trout,44,0.8
2013,OG,Cutthroat trout,40,0.8
2013,OG,Cutthroat trout,95,7.9
2013,OG,Cutthroat trout,103,10.7
2013,OG,Cutthroat trout,45,1
2013,OG,Coastal giant salamander,35,1.5
2013,OG,Coastal giant salamander,35,1.6
2013,OG,Coastal giant salamander,26,0.3
2013,OG,Cutthroat trout,100,10.4
2013,OG,Coastal giant salamander,58,6.2
2013,OG,Cutthroat trout,26,0.2
2013,OG,Cutthroat trout,27,0.2
2013,OG,Cutthroat trout,27,0.1
2013,OG,Cutthroat trout,32,0.3
2013,OG,Coastal giant salamander,33,1.7
2013,OG,Coastal giant salamander,34,1.6
2013,OG,Coastal giant salamander,34,1.4
2013,OG,Cutthroat trout,83,6
2013,OG,Cutthroat trout,88,7
2013,OG,Coastal giant salamander,41,2.6
2013,OG,Coastal giant salamander,33,1.4
2013,OG,Cutthroat trout,45,0.9
2013,OG,Cutthroat trout,53,1.6
2013,OG,Cutthroat trout,50,1.3
2013,OG,Cutthroat trout,55,1.8
2013,OG,Coastal giant salamander,40,2.7
2013,OG,Coastal giant salamander,54,6.1
2013,OG,Coastal giant salamander,51,4.9
2013,OG,Coastal giant salamander,67,11.2
2013,OG,Coastal giant salamander,65,10.4
2013,OG,Cutthroat trout,50,1.3
2013,OG,Cutthroat trout,47,1
2013,OG,Cutthroat trout,54,1.6
2013,OG,Cutthroat trout,40,0.8
2013,OG,Cutthroat trout,90,7.2
2013,OG,Cutthroat trout,80,5.9
2013,OG,Coastal giant salamander,33,1.4
2013,OG,Coastal giant salamander,30,1.1
2013,OG,Coastal giant salamander,45,3.3
2013,OG,Cutthroat trout,139,26.6
2013,OG,Coastal giant salamander,28,0.9
2013,OG,Coastal giant salamander,45,3.5
2013,OG,Coastal giant salamander,52,4.6
2013,OG,Coastal giant salamander,45,3.3
2013,OG,Coastal giant salamander,62,9.1
2013,OG,Coastal giant salamander,60,7.2
2013,OG,Coastal giant salamander,62,9.8
2013,OG,Coastal giant salamander,72,13.4
2013,OG,Coastal giant salamander,82,19
2013,OG,Cutthroat trout,56,1.8
2013,OG,Cutthroat trout,57,2
2013,OG,Cutthroat trout,46,1
2013,OG,Cutthroat trout,81,5.4
2013,OG,Cutthroat trout,86,6.1
2013,OG,Cutthroat trout,84,5.7
2013,OG,Cutthroat trout,113,14.7
2013,OG,Cutthroat trout,109,12.5
2013,OG,Cutthroat trout,117,16.1
2013,OG,Cutthroat trout,138,25.7
2013,OG,Coastal giant salamander,60,7.9
2013,OG,Coastal giant salamander,57,6.2
2013,OG,Coastal giant salamander,50,4.9
2013,OG,Coastal giant salamander,44,3.1
2013,OG,Coastal giant salamander,68,11.8
2013,OG,Coastal giant salamander,35,1.5
2013,OG,Coastal giant salamander,145,71.7
2013,OG,Cutthroat trout,50,1.5
2013,OG,Cutthroat trout,43,0.8
2013,OG,Cutthroat trout,46,1.2
2013,OG,Cutthroat trout,36,0.8
2013,OG,Cutthroat trout,42,0.8
2013,OG,Cutthroat trout,46,1
2013,OG,Cutthroat trout,85,6.1
2013,OG,Cutthroat trout,81,5.6
2013,OG,Cutthroat trout,131,24.1
2013,OG,Cutthroat trout,92,7.5
2013,OG,Cutthroat trout,46,1
2013,OG,Cutthroat trout,88,6.9
2013,OG,Cutthroat trout,108,12.9
2013,OG,Cutthroat trout,137,29.1
2013,OG,Cutthroat trout,89,6.8
2013,OG,Cutthroat trout,138,26.3
2013,OG,Coastal giant salamander,34,1.7
2013,OG,Coastal giant salamander,50,4.4
2013,OG,Coastal giant salamander,55,5.6
2013,OG,Coastal giant salamander,63,10.8
2013,OG,Cutthroat trout,88,7.1
2013,OG,Cutthroat trout,148,32.9
2013,OG,Cutthroat trout,127,20.2
2013,OG,Cutthroat trout,99,9.7
2013,OG,Coastal giant salamander,53,5.8
2013,OG,Cutthroat trout,78,5.3
2013,OG,Cutthroat trout,78,5
2013,OG,Cutthroat trout,109,13.9
2013,OG,Cutthroat trout,138,26.5
2013,OG,Cutthroat trout,115,15.4
2013,OG,Cutthroat trout,126,19.6
2013,OG,Cutthroat trout,138,27.1
2013,OG,Coastal giant salamander,52,5.2
2013,OG,Coastal giant salamander,50,5.5
2013,OG,Coastal giant salamander,40,2.6
2013,OG,Cutthroat trout,55,1.6
2013,OG,Cutthroat trout,33,0.2
2013,OG,Cutthroat trout,49,1.2
2013,OG,Cutthroat trout,58,1.9
2013,OG,Cutthroat trout,48,1.3
2013,OG,Cutthroat trout,47,1.7
2013,OG,Cutthroat trout,83,6.2
2013,OG,Cutthroat trout,86,6.1
2013,OG,Cutthroat trout,25,0.1
2013,OG,Cutthroat trout,38,0.5
2013,OG,Cutthroat trout,46,0.9
2013,OG,Cutthroat trout,48,0.9
2013,OG,Cutthroat trout,44,0.8
2013,OG,Cutthroat trout,48,1.1
2013,OG,Cutthroat trout,53,1.7
2013,OG,Cutthroat trout,46,0.9
2013,OG,Cutthroat trout,62,2.3
2013,OG,Cutthroat trout,48,1.2
2013,OG,Cutthroat trout,54,1.6
2013,OG,Cutthroat trout,44,0.8
2013,OG,Cutthroat trout,46,1
2013,OG,Cutthroat trout,48,1.1
2013,OG,Cutthroat trout,55,1.6
2013,OG,Cutthroat trout,43,0.9
2013,OG,Cutthroat trout,49,1.2
2013,OG,Cutthroat trout,59,2.1
2013,OG,Cutthroat trout,74,4.4
2013,OG,Cutthroat trout,50,1.1
2013,OG,Cutthroat trout,51,1.3
2013,OG,Cutthroat trout,131,23.1
2013,OG,Cutthroat trout,90,7.3
2013,OG,Cutthroat trout,120,16.7
2013,OG,Cutthroat trout,98,9.6
2013,OG,Cutthroat trout,105,10.9
2013,OG,Coastal giant salamander,37,1.9
2013,OG,Coastal giant salamander,60,6.7
2013,OG,Coastal giant salamander,37,1.9
2013,OG,Coastal giant salamander,35,1.4
2013,OG,Coastal giant salamander,46,4
2013,OG,Coastal giant salamander,62,9.3
2013,OG,Coastal giant salamander,39,2.5
2013,OG,Coastal giant salamander,35,1.7
2013,OG,Coastal giant salamander,50,4.6
2013,OG,Coastal giant salamander,40,2.2
2013,OG,Coastal giant salamander,46,3.7
2013,OG,Coastal giant salamander,62,9.4
2013,OG,Coastal giant salamander,35,1.5
2013,OG,Coastal giant salamander,43,3.4
2013,OG,Coastal giant salamander,73,15.3
2013,OG,Coastal giant salamander,67,10.9
2013,OG,Coastal giant salamander,70,12.3
2013,OG,Coastal giant salamander,67,10.6
2013,OG,Coastal giant salamander,35,1.5
2013,OG,Coastal giant salamander,75,16
2013,OG,Coastal giant salamander,72,13.3
2013,OG,Coastal giant salamander,120,59.2
2013,OG,Cutthroat trout,125,20.8
2013,OG,Cutthroat trout,110,13.9
2013,OG,Cutthroat trout,134,23.4
2013,OG,Cutthroat trout,91,7.8
2013,OG,Coastal giant salamander,38,2.1
2013,OG,Coastal giant salamander,47,3.6
2013,OG,Coastal giant salamander,25,0.8
2013,OG,Coastal giant salamander,57,6.7
2013,OG,Coastal giant salamander,43,2.2
2013,OG,Coastal giant salamander,60,7.5
2013,OG,Coastal giant salamander,44,3
2013,OG,Coastal giant salamander,46,3.5
2013,OG,Coastal giant salamander,30,0.7
2013,OG,Coastal giant salamander,35,1.6
2013,OG,Coastal giant salamander,32,1.2
2013,OG,Coastal giant salamander,60,7.9
2013,OG,Coastal giant salamander,69,11.1
2013,OG,Coastal giant salamander,70,12.5
2013,OG,Coastal giant salamander,52,5.6
2013,OG,Coastal giant salamander,70,13
2013,OG,Coastal giant salamander,60,8.4
2013,OG,Coastal giant salamander,75,15.9
2013,OG,Coastal giant salamander,31,1.2
2013,OG,Coastal giant salamander,44,4
2013,OG,Coastal giant salamander,36,1.7
2013,OG,Coastal giant salamander,49,3.9
2013,OG,Cutthroat trout,107,13.2
2013,OG,Coastal giant salamander,35,1.5
2013,OG,Coastal giant salamander,46,3.2
2013,OG,Coastal giant salamander,35,1.2
2013,OG,Coastal giant salamander,42,3
2013,OG,Coastal giant salamander,30,1.2
2013,OG,Coastal giant salamander,35,1.8
2013,OG,Coastal giant salamander,44,3
2013,OG,Coastal giant salamander,59,7.3
2013,OG,Coastal giant salamander,61,8.8
2013,OG,Coastal giant salamander,70,13.3
2013,OG,Coastal giant salamander,75,15.5
2013,OG,Coastal giant salamander,31,1.4
2013,OG,Coastal giant salamander,80,16.9
2013,OG,Cutthroat trout,53,1.5
2013,OG,Cutthroat trout,82,5.4
2013,OG,Cutthroat trout,99,9.6
2013,OG,Cutthroat trout,114,14.1
2013,OG,Cutthroat trout,105,13
2013,OG,Cutthroat trout,132,22.5
2013,OG,Cutthroat trout,133,23.8
2013,OG,Coastal giant salamander,35,0.8
2013,OG,Coastal giant salamander,63,10.5
2013,OG,Cutthroat trout,107,12.4
2013,OG,Cutthroat trout,108,13.5
2013,OG,Coastal giant salamander,49,4.3
2013,OG,Cutthroat trout,92,8.2
2013,OG,Cutthroat trout,53,1.4
2013,OG,Cutthroat trout,56,1.7
2013,OG,Coastal giant salamander,43,3.4
2013,OG,Coastal giant salamander,31,1.4
2013,OG,Coastal giant salamander,35,1.6
2013,OG,Coastal giant salamander,39,2.2
2013,OG,Coastal giant salamander,57,6.8
2013,OG,Coastal giant salamander,31,1
2013,OG,Coastal giant salamander,52,5.9
2013,OG,Coastal giant salamander,33,1.8
2013,OG,Cutthroat trout,94,8.4
2013,OG,Coastal giant salamander,52,5.7
2013,OG,Coastal giant salamander,63,9
2014,CC,Cutthroat trout,55,1.29
2014,CC,Cutthroat trout,39,0.52
2014,CC,Cutthroat trout,48,1.12
2014,CC,Cutthroat trout,54,1.59
2014,CC,Cutthroat trout,52,1.35
2014,CC,Cutthroat trout,59,2.14
2014,CC,Cutthroat trout,52,1.46
2014,CC,Cutthroat trout,57,1.83
2014,CC,Cutthroat trout,60,2.32
2014,CC,Cutthroat trout,45,0.85
2014,CC,Cutthroat trout,91,7.26
2014,CC,Cutthroat trout,51,1.32
2014,CC,Cutthroat trout,54,1.5
2014,CC,Cutthroat trout,60,2.12
2014,CC,Cutthroat trout,49,1.13
2014,CC,Cutthroat trout,59,2.17
2014,CC,Cutthroat trout,54,1.61
2014,CC,Cutthroat trout,86,6.44
2014,CC,Cutthroat trout,73,3.62
2014,CC,Cutthroat trout,61,2.33
2014,CC,Cutthroat trout,86,6.17
2014,CC,Cutthroat trout,87,7.09
2014,CC,Cutthroat trout,83,5.52
2014,CC,Cutthroat trout,87,7.11
2014,CC,Cutthroat trout,83,5.62
2014,CC,Cutthroat trout,57,1.85
2014,CC,Cutthroat trout,89,7.35
2014,CC,Cutthroat trout,128,21.46
2014,CC,Cutthroat trout,94,7.88
2014,CC,Cutthroat trout,98,10.19
2014,CC,Cutthroat trout,118,16.79
2014,CC,Cutthroat trout,80,4.7
2014,CC,Cutthroat trout,80,5.01
2014,CC,Cutthroat trout,107,12.34
2014,CC,Cutthroat trout,141,29.14
2014,CC,Cutthroat trout,56,1.75
2014,CC,Cutthroat trout,76,4.43
2014,CC,Cutthroat trout,84,6.02
2014,CC,Cutthroat trout,87,6.44
2014,CC,Cutthroat trout,99,9.72
2014,CC,Cutthroat trout,118,15.18
2014,CC,Cutthroat trout,134,25.35
2014,CC,Coastal giant salamander,49,4.06
2014,CC,Coastal giant salamander,55,6.09
2014,CC,Coastal giant salamander,50,4.69
2014,CC,Coastal giant salamander,30,0.87
2014,CC,Coastal giant salamander,63,10.18
2014,CC,Coastal giant salamander,101,35.52
2014,CC,Coastal giant salamander,50,4.61
2014,CC,Coastal giant salamander,81,18.66
2014,CC,Coastal giant salamander,75,15.13
2014,CC,Coastal giant salamander,70,11.39
2014,CC,Coastal giant salamander,113,42.07
2014,CC,Coastal giant salamander,101,34.4
2014,CC,Cutthroat trout,83,5.56
2014,CC,Cutthroat trout,54,1.59
2014,CC,Cutthroat trout,56,1.99
2014,CC,Cutthroat trout,80,5.52
2014,CC,Cutthroat trout,51,1.69
2014,CC,Cutthroat trout,52,1.64
2014,CC,Cutthroat trout,57,1.85
2014,CC,Cutthroat trout,100,9.76
2014,CC,Cutthroat trout,47,0.95
2014,CC,Cutthroat trout,57,1.86
2014,CC,Cutthroat trout,49,1.23
2014,CC,Cutthroat trout,58,2.12
2014,CC,Cutthroat trout,58,1.85
2014,CC,Cutthroat trout,42,0.7
2014,CC,Cutthroat trout,47,0.97
2014,CC,Cutthroat trout,58,2.09
2014,CC,Cutthroat trout,85,6.43
2014,CC,Cutthroat trout,78,5.12
2014,CC,Cutthroat trout,158,36.56
2014,CC,Cutthroat trout,60,2.17
2014,CC,Cutthroat trout,87,6.68
2014,CC,Cutthroat trout,108,12.76
2014,CC,Cutthroat trout,103,11.62
2014,CC,Cutthroat trout,72,4.06
2014,CC,Cutthroat trout,92,7.59
2014,CC,Cutthroat trout,94,8.38
2014,CC,Cutthroat trout,108,14.64
2014,CC,Cutthroat trout,79,4.86
2014,CC,Coastal giant salamander,40,2.34
2014,CC,Coastal giant salamander,52,5.63
2014,CC,Coastal giant salamander,54,5.61
2014,CC,Coastal giant salamander,48,3.67
2014,CC,Coastal giant salamander,52,6.23
2014,CC,Coastal giant salamander,43,3.28
2014,CC,Coastal giant salamander,26,0.91
2014,CC,Coastal giant salamander,45,3.83
2014,CC,Coastal giant salamander,55,5.87
2014,CC,Coastal giant salamander,49,5.07
2014,CC,Coastal giant salamander,65,8.72
2014,CC,Coastal giant salamander,40,1.4
2014,CC,Coastal giant salamander,71,12.51
2014,CC,Coastal giant salamander,137,56.84
2014,CC,Cutthroat trout,143,28.7
2014,CC,Cutthroat trout,148,31.71
2014,CC,Cutthroat trout,76,4.62
2014,CC,Cutthroat trout,55,1.78
2014,CC,Cutthroat trout,50,1.17
2014,CC,Cutthroat trout,54,1.66
2014,CC,Cutthroat trout,51,1.68
2014,CC,Cutthroat trout,53,1.5
2014,CC,Cutthroat trout,58,2.07
2014,CC,Cutthroat trout,47,1.11
2014,CC,Cutthroat trout,58,1.94
2014,CC,Cutthroat trout,51,1.39
2014,CC,Cutthroat trout,73,3.89
2014,CC,Cutthroat trout,53,1.87
2014,CC,Cutthroat trout,103,10.23
2014,CC,Cutthroat trout,53,1.78
2014,CC,Cutthroat trout,83,5.63
2014,CC,Cutthroat trout,93,8.81
2014,CC,Cutthroat trout,108,13.46
2014,CC,Cutthroat trout,88,6.61
2014,CC,Cutthroat trout,83,5.76
2014,CC,Cutthroat trout,107,12.2
2014,CC,Cutthroat trout,119,16.2
2014,CC,Cutthroat trout,97,9.05
2014,CC,Coastal giant salamander,47,3.85
2014,CC,Coastal giant salamander,47,5.01
2014,CC,Coastal giant salamander,52,4.63
2014,CC,Cutthroat trout,126,19.85
2014,CC,Cutthroat trout,107,12.39
2014,CC,Cutthroat trout,111,13.15
2014,CC,Cutthroat trout,115,14.03
2014,CC,Cutthroat trout,87,6.42
2014,CC,Cutthroat trout,83,6.24
2014,CC,Cutthroat trout,57,2.49
2014,CC,Cutthroat trout,95,8.47
2014,CC,Cutthroat trout,139,26.66
2014,CC,Cutthroat trout,113,14.11
2014,CC,Cutthroat trout,93,7.99
2014,CC,Cutthroat trout,167,43.68
2014,CC,Cutthroat trout,101,10.32
2014,CC,Cutthroat trout,94,8.93
2014,CC,Cutthroat trout,57,1.84
2014,CC,Cutthroat trout,43,0.73
2014,CC,Cutthroat trout,58,1.9
2014,CC,Cutthroat trout,80,5.26
2014,CC,Cutthroat trout,90,7.18
2014,CC,Cutthroat trout,102,10.16
2014,CC,Cutthroat trout,135,25.04
2014,CC,Coastal giant salamander,29,1.02
2014,CC,Coastal giant salamander,46,3.72
2014,CC,Coastal giant salamander,65,9.73
2014,CC,Cutthroat trout,83,5.75
2014,CC,Cutthroat trout,87,6.89
2014,CC,Cutthroat trout,89,7.69
2014,CC,Cutthroat trout,126,19.96
2014,CC,Cutthroat trout,104,11.85
2014,CC,Cutthroat trout,83,5.91
2014,CC,Coastal giant salamander,41,2.74
2014,CC,Coastal giant salamander,67,11.05
2014,CC,Cutthroat trout,50,1.39
2014,CC,Cutthroat trout,78,4.91
2014,CC,Cutthroat trout,80,5.27
2014,CC,Cutthroat trout,104,15.23
2014,CC,Coastal giant salamander,49,4.66
2014,CC,Coastal giant salamander,66,9.62
2014,CC,Cutthroat trout,103,11.2
2014,CC,Coastal giant salamander,69,12.62
2014,CC,Coastal giant salamander,68,10.28
2014,CC,Coastal giant salamander,65,9.96
2014,CC,Coastal giant salamander,67,10.11
2014,CC,Coastal giant salamander,73,12.97
2014,CC,Coastal giant salamander,130,76.03
2014,CC,Coastal giant salamander,117,44.55
2014,CC,Cutthroat trout,125,19.15
2014,CC,Cutthroat trout,43,0.87
2014,CC,Cutthroat trout,47,1.07
2014,CC,Cutthroat trout,53,1.62
2014,CC,Cutthroat trout,83,5.83
2014,CC,Cutthroat trout,83,5.78
2014,CC,Cutthroat trout,92,8.11
2014,CC,Coastal giant salamander,60,7.88
2014,CC,Coastal giant salamander,53,5.38
2014,CC,Coastal giant salamander,39,2.26
2014,CC,Coastal giant salamander,36,1.96
2014,CC,Coastal giant salamander,43,2.73
2014,CC,Coastal giant salamander,27,0.87
2014,CC,Coastal giant salamander,57,6.49
2014,CC,Coastal giant salamander,71,13.13
2014,CC,Coastal giant salamander,69,11.96
2014,CC,Coastal giant salamander,74,15.56
2014,CC,Cutthroat trout,78,4.46
2014,CC,Cutthroat trout,52,1.81
2014,CC,Cutthroat trout,94,8.25
2014,CC,Cutthroat trout,121,17.84
2014,CC,Cutthroat trout,87,6.73
2014,CC,Coastal giant salamander,32,1.42
2014,CC,Coastal giant salamander,33,1.27
2014,CC,Coastal giant salamander,55,6.71
2014,CC,Coastal giant salamander,81,20.95
2014,CC,Cutthroat trout,53,1.34
2014,CC,Cutthroat trout,52,1.23
2014,CC,Cutthroat trout,44,1.03
2014,CC,Cutthroat trout,83,5.88
2014,CC,Cutthroat trout,107,11.97
2014,CC,Cutthroat trout,55,1.68
2014,CC,Cutthroat trout,62,2.28
2014,CC,Cutthroat trout,135,25.92
2014,CC,Cutthroat trout,93,7.69
2014,CC,Cutthroat trout,108,12.8
2014,CC,Cutthroat trout,114,15.32
2014,CC,Cutthroat trout,84,5.85
2014,CC,Cutthroat trout,84,6.13
2014,CC,Cutthroat trout,103,10.33
2014,CC,Cutthroat trout,117,15.15
2014,CC,Cutthroat trout,119,16.66
2014,CC,Cutthroat trout,129,23.38
2014,CC,Cutthroat trout,123,19.46
2014,CC,Cutthroat trout,117,15.58
2014,CC,Cutthroat trout,119,15.64
2014,CC,Cutthroat trout,83,5.63
2014,CC,Cutthroat trout,87,7.14
2014,CC,Cutthroat trout,62,2.34
2014,CC,Cutthroat trout,88,6.77
2014,CC,Cutthroat trout,124,19.14
2014,CC,Cutthroat trout,140,25.37
2014,CC,Cutthroat trout,173,62.11
2014,CC,Cutthroat trout,95,8.08
2014,CC,Coastal giant salamander,52,5.61
2014,CC,Coastal giant salamander,66,11.37
2014,CC,Cutthroat trout,132,22.12
2014,CC,Cutthroat trout,135,25.25
2014,CC,Coastal giant salamander,51,5.13
2014,CC,Coastal giant salamander,40,2.3
2014,CC,Cutthroat trout,53,1.47
2014,CC,Cutthroat trout,50,1.25
2014,CC,Cutthroat trout,52,1.36
2014,CC,Cutthroat trout,48,1.17
2014,CC,Cutthroat trout,48,0.93
2014,CC,Cutthroat trout,56,1.75
2014,CC,Cutthroat trout,50,1.07
2014,CC,Cutthroat trout,62,2.17
2014,CC,Cutthroat trout,86,6.04
2014,CC,Cutthroat trout,160,40.07
2014,CC,Coastal giant salamander,41,3.29
2014,CC,Coastal giant salamander,51,5.59
2014,CC,Cutthroat trout,114,14.39
2014,CC,Cutthroat trout,86,6.34
2014,CC,Cutthroat trout,123,18.1
2014,CC,Cutthroat trout,145,30.06
2014,CC,Cutthroat trout,106,12.09
2014,CC,Cutthroat trout,84,6.12
2014,CC,Cutthroat trout,111,12.26
2014,CC,Coastal giant salamander,60,7.72
2014,CC,Coastal giant salamander,56,6.21
2014,CC,Coastal giant salamander,70,10.71
2014,CC,Cutthroat trout,63,2.44
2014,CC,Cutthroat trout,62,2.22
2014,CC,Cutthroat trout,89,6.83
2014,CC,Cutthroat trout,134,23.16
2014,CC,Cutthroat trout,93,8.18
2014,CC,Cutthroat trout,92,8.2
2014,CC,Cutthroat trout,92,7.31
2014,CC,Cutthroat trout,91,7.68
2014,CC,Cutthroat trout,137,26.42
2014,CC,Coastal giant salamander,105,35.19
2014,CC,Coastal giant salamander,43,2.93
2014,CC,Coastal giant salamander,42,3.17
2014,CC,Coastal giant salamander,76,16.89
2014,CC,Coastal giant salamander,114,45.06
2014,CC,Coastal giant salamander,52,5.27
2014,CC,Cutthroat trout,135,22.64
2014,CC,Cutthroat trout,105,10.78
2014,CC,Cutthroat trout,116,15.08
2014,CC,Cutthroat trout,147,29.42
2014,CC,Cutthroat trout,125,18.33
2014,CC,Cutthroat trout,83,5.97
2014,CC,Cutthroat trout,80,5.48
2014,CC,Cutthroat trout,90,7.65
2014,CC,Cutthroat trout,107,11.12
2014,CC,Cutthroat trout,138,24.46
2014,CC,Cutthroat trout,87,6.74
2014,CC,Cutthroat trout,143,30.12
2014,CC,Cutthroat trout,116,15.42
2014,CC,Cutthroat trout,82,5.48
2014,CC,Cutthroat trout,97,8.15
2014,CC,Cutthroat trout,143,23.71
2014,CC,Cutthroat trout,113,15.36
2014,CC,Cutthroat trout,101,9.73
2014,CC,Cutthroat trout,119,18.11
2014,CC,Cutthroat trout,84,6.06
2014,CC,Coastal giant salamander,45,4.64
2014,CC,Cutthroat trout,79,5.15
2014,CC,Cutthroat trout,90,7.01
2014,CC,Cutthroat trout,146,30.64
2014,CC,Cutthroat trout,118,15.99
2014,CC,Cutthroat trout,114,15.36
2014,CC,Cutthroat trout,167,48.64
2014,CC,Coastal giant salamander,59,7.26
2014,CC,Cutthroat trout,78,4.68
2014,CC,Cutthroat trout,97,8.24
2014,CC,Cutthroat trout,118,16.56
2014,CC,Cutthroat trout,108,12.32
2014,CC,Cutthroat trout,130,20.42
2014,CC,Cutthroat trout,89,6.88
2014,CC,Cutthroat trout,144,28.55
2014,CC,Cutthroat trout,123,18.29
2014,CC,Coastal giant salamander,59,7.24
2014,CC,Coastal giant salamander,72,12
2014,CC,Coastal giant salamander,54,5.28
2014,CC,Coastal giant salamander,52,4.72
2014,CC,Coastal giant salamander,60,7.51
2014,CC,Coastal giant salamander,74,12.38
2014,CC,Cutthroat trout,88,6.33
2014,CC,Cutthroat trout,110,13.26
2014,CC,Cutthroat trout,84,6.61
2014,CC,Cutthroat trout,117,18.26
2014,CC,Cutthroat trout,95,7.96
2014,CC,Cutthroat trout,114,14.2
2014,CC,Cutthroat trout,87,6.31
2014,CC,Cutthroat trout,90,7.2
2014,CC,Coastal giant salamander,41,2.55
2014,CC,Coastal giant salamander,66,10.4
2014,CC,Cutthroat trout,159,41.29
2014,CC,Coastal giant salamander,41,2.89
2014,CC,Coastal giant salamander,75,14.62
2014,CC,Coastal giant salamander,73,13.63
2014,CC,Cutthroat trout,58,2.32
2014,CC,Coastal giant salamander,50,5.22
2014,CC,Coastal giant salamander,61,8.58
2014,CC,Cutthroat trout,84,6.29
2014,CC,Coastal giant salamander,55,5.44
2014,CC,Coastal giant salamander,74,13.29
2014,CC,Coastal giant salamander,71,13.23
2014,CC,Coastal giant salamander,110,46.35
2014,CC,Cutthroat trout,83,5.91
2014,CC,Cutthroat trout,97,8.97
2014,CC,Cutthroat trout,82,5.47
2014,CC,Cutthroat trout,85,6.07
2014,CC,Cutthroat trout,104,11.8
2014,CC,Cutthroat trout,91,7.94
2014,CC,Cutthroat trout,126,19.02
2014,CC,Cutthroat trout,108,11.94
2014,CC,Cutthroat trout,114,13.84
2014,CC,Cutthroat trout,89,7.29
2014,CC,Cutthroat trout,83,5.79
2014,CC,Cutthroat trout,82,5.22
2014,CC,Cutthroat trout,88,6.72
2014,CC,Coastal giant salamander,49,3.78
2014,CC,Cutthroat trout,95,7.91
2014,CC,Cutthroat trout,128,20.6
2014,CC,Cutthroat trout,127,19.78
2014,CC,Cutthroat trout,89,6.72
2014,CC,Coastal giant salamander,42,2.9
2014,CC,Coastal giant salamander,61,7.09
2014,CC,Coastal giant salamander,62,7.9
2014,CC,Coastal giant salamander,76,17.24
2014,CC,Coastal giant salamander,62,8.75
2014,CC,Coastal giant salamander,62,8.89
2014,CC,Coastal giant salamander,74,12.43
2014,CC,Coastal giant salamander,30,0.81
2014,CC,Cutthroat trout,118,15.36
2014,CC,Cutthroat trout,114,14.45
2014,CC,Cutthroat trout,92,7.76
2014,CC,Cutthroat trout,129,22.86
2014,CC,Cutthroat trout,106,11.77
2014,CC,Cutthroat trout,106,12.44
2014,CC,Cutthroat trout,105,11.14
2014,CC,Cutthroat trout,86,6.22
2014,CC,Cutthroat trout,83,5.99
2014,CC,Coastal giant salamander,28,0.73
2014,CC,Coastal giant salamander,49,3.89
2014,CC,Coastal giant salamander,49,4.06
2014,CC,Coastal giant salamander,41,2.88
2014,CC,Coastal giant salamander,27,0.83
2014,CC,Coastal giant salamander,27,0.94
2014,CC,Coastal giant salamander,55,5.32
2014,CC,Coastal giant salamander,59,6.07
2014,CC,Coastal giant salamander,29,0.64
2014,CC,Coastal giant salamander,46,3.25
2014,CC,Coastal giant salamander,39,1.67
2014,CC,Coastal giant salamander,29,0.78
2014,CC,Coastal giant salamander,115,49.99
2014,CC,Coastal giant salamander,31,1.72
2014,CC,Cutthroat trout,84,6.18
2014,CC,Cutthroat trout,91,7.01
2014,CC,Cutthroat trout,103,10.82
2014,CC,Cutthroat trout,88,6.85
2014,CC,Coastal giant salamander,59,7.68
2014,CC,Coastal giant salamander,44,2.89
2014,CC,Coastal giant salamander,55,5.11
2014,CC,Coastal giant salamander,55,4.96
2014,CC,Cutthroat trout,90,7.29
2014,CC,Cutthroat trout,143,30.85
2014,CC,Cutthroat trout,126,17.91
2014,CC,Cutthroat trout,139,32.2
2014,CC,Cutthroat trout,112,15.4
2014,CC,Cutthroat trout,122,19.91
2014,CC,Cutthroat trout,83,6.16
2014,CC,Cutthroat trout,91,7.19
2014,CC,Cutthroat trout,95,9.01
2014,CC,Cutthroat trout,100,9.92
2014,CC,Cutthroat trout,122,18
2014,CC,Cutthroat trout,115,13.21
2014,CC,Cutthroat trout,91,7.21
2014,CC,Cutthroat trout,102,9.99
2014,CC,Coastal giant salamander,56,6.21
2014,CC,Coastal giant salamander,36,1.72
2014,CC,Coastal giant salamander,47,3.55
2014,CC,Cutthroat trout,127,19.41
2014,CC,Cutthroat trout,84,5.93
2014,CC,Cutthroat trout,87,6.52
2014,CC,Coastal giant salamander,31,0.91
2014,CC,Coastal giant salamander,52,5.78
2014,CC,Coastal giant salamander,46,3.32
2014,CC,Coastal giant salamander,60,6.51
2014,CC,Coastal giant salamander,30,0.94
2014,CC,Coastal giant salamander,57,6.21
2014,CC,Cutthroat trout,148,35.12
2014,CC,Coastal giant salamander,55,5.94
2014,CC,Coastal giant salamander,68,10.78
2014,CC,Cutthroat trout,92,8.02
2014,CC,Cutthroat trout,133,22.78
2014,CC,Cutthroat trout,111,12.62
2014,CC,Coastal giant salamander,70,11.3
2014,CC,Coastal giant salamander,29,0.87
2014,CC,Cutthroat trout,138,26.01
2014,CC,Coastal giant salamander,77,13.85
2014,CC,Coastal giant salamander,49,3.94
2014,CC,Cutthroat trout,84,5.85
2014,CC,Coastal giant salamander,30,0.93
2014,CC,Cutthroat trout,134,24.59
2014,CC,Cutthroat trout,109,13.22
2014,CC,Coastal giant salamander,78,16.33
2014,CC,Coastal giant salamander,44,3.09
2014,CC,Cutthroat trout,104,11.35
2014,CC,Cutthroat trout,97,9.14
2014,CC,Coastal giant salamander,52,6.83
2014,OG,Cutthroat trout,47,1.03
2014,OG,Cutthroat trout,37,0.45
2014,OG,Cutthroat trout,47,1.05
2014,OG,Cutthroat trout,38,0.54
2014,OG,Cutthroat trout,53,1.49
2014,OG,Cutthroat trout,52,1.42
2014,OG,Cutthroat trout,62,2.25
2014,OG,Cutthroat trout,57,1.93
2014,OG,Cutthroat trout,52,1.58
2014,OG,Cutthroat trout,73,3.88
2014,OG,Cutthroat trout,93,7.77
2014,OG,Cutthroat trout,81,5.35
2014,OG,Cutthroat trout,82,5.75
2014,OG,Cutthroat trout,81,4.74
2014,OG,Cutthroat trout,115,13.74
2014,OG,Cutthroat trout,79,5.36
2014,OG,Cutthroat trout,55,1.77
2014,OG,Cutthroat trout,138,27.27
2014,OG,Cutthroat trout,121,17.86
2014,OG,Cutthroat trout,86,6.09
2014,OG,Cutthroat trout,98,9.03
2014,OG,Cutthroat trout,105,10.58
2014,OG,Cutthroat trout,84,6.5
2014,OG,Cutthroat trout,88,7.35
2014,OG,Cutthroat trout,174,54.19
2014,OG,Cutthroat trout,116,15.73
2014,OG,Cutthroat trout,158,38.49
2014,OG,Cutthroat trout,127,21.06
2014,OG,Cutthroat trout,97,9.18
2014,OG,Cutthroat trout,90,6.98
2014,OG,Cutthroat trout,120,16.27
2014,OG,Cutthroat trout,129,17.97
2014,OG,Cutthroat trout,42,0.8
2014,OG,Coastal giant salamander,28,0.83
2014,OG,Coastal giant salamander,42,3.38
2014,OG,Coastal giant salamander,40,2.16
2014,OG,Coastal giant salamander,44,3.08
2014,OG,Cutthroat trout,84,5.87
2014,OG,Cutthroat trout,116,12.76
2014,OG,Cutthroat trout,70,3.18
2014,OG,Cutthroat trout,84,6.22
2014,OG,Cutthroat trout,109,11.83
2014,OG,Cutthroat trout,117,14.87
2014,OG,Coastal giant salamander,58,7.91
2014,OG,Coastal giant salamander,55,6.8
2014,OG,Coastal giant salamander,58,7.24
2014,OG,Coastal giant salamander,58,6.34
2014,OG,Coastal giant salamander,64,9.67
2014,OG,Cutthroat trout,76,4.29
2014,OG,Cutthroat trout,80,5.74
2014,OG,Cutthroat trout,95,8.5
2014,OG,Cutthroat trout,88,7.66
2014,OG,Cutthroat trout,92,7.54
2014,OG,Cutthroat trout,113,13.35
2014,OG,Cutthroat trout,112,13.96
2014,OG,Cutthroat trout,103,10.49
2014,OG,Cutthroat trout,113,14.07
2014,OG,Cutthroat trout,46,0.91
2014,OG,Cutthroat trout,49,1.23
2014,OG,Cutthroat trout,41,0.72
2014,OG,Cutthroat trout,52,1.62
2014,OG,Cutthroat trout,78,4.88
2014,OG,Cutthroat trout,86,6.37
2014,OG,Cutthroat trout,113,14.51
2014,OG,Cutthroat trout,80,5.66
2014,OG,Cutthroat trout,98,10.12
2014,OG,Cutthroat trout,95,8.74
2014,OG,Cutthroat trout,124,18.9
2014,OG,Cutthroat trout,107,13.7
2014,OG,Coastal giant salamander,35,2.06
2014,OG,Coastal giant salamander,47,3.61
2014,OG,Coastal giant salamander,42,3.23
2014,OG,Cutthroat trout,52,1.36
2014,OG,Cutthroat trout,49,1.09
2014,OG,Cutthroat trout,45,1.04
2014,OG,Cutthroat trout,95,9.45
2014,OG,Cutthroat trout,98,9.86
2014,OG,Cutthroat trout,138,26.87
2014,OG,Cutthroat trout,107,11.62
2014,OG,Cutthroat trout,100,10.28
2014,OG,Cutthroat trout,104,11.35
2014,OG,Cutthroat trout,85,6.06
2014,OG,Cutthroat trout,79,5.25
2014,OG,Cutthroat trout,95,7.86
2014,OG,Coastal giant salamander,26,0.91
2014,OG,Coastal giant salamander,29,0.96
2014,OG,Coastal giant salamander,55,6.33
2014,OG,Coastal giant salamander,60,8.11
2014,OG,Cutthroat trout,122,16.84
2014,OG,Coastal giant salamander,108,45.04
2014,OG,Cutthroat trout,51,1.36
2014,OG,Cutthroat trout,78,5.19
2014,OG,Cutthroat trout,72,3.72
2014,OG,Cutthroat trout,76,4.56
2014,OG,Cutthroat trout,86,6.14
2014,OG,Cutthroat trout,78,5.04
2014,OG,Cutthroat trout,88,6.78
2014,OG,Cutthroat trout,110,12.82
2014,OG,Coastal giant salamander,46,4.14
2014,OG,Coastal giant salamander,34,1.62
2014,OG,Cutthroat trout,114,15.15
2014,OG,Cutthroat trout,92,7.67
2014,OG,Cutthroat trout,115,14.47
2014,OG,Cutthroat trout,124,17.79
2014,OG,Cutthroat trout,101,9.6
2014,OG,Cutthroat trout,97,9.68
2014,OG,Cutthroat trout,79,4.97
2014,OG,Cutthroat trout,65,2.9
2014,OG,Cutthroat trout,55,1.77
2014,OG,Cutthroat trout,52,1.3
2014,OG,Cutthroat trout,83,5.7
2014,OG,Cutthroat trout,93,8.12
2014,OG,Coastal giant salamander,30,1.03
2014,OG,Coastal giant salamander,25,0.7
2014,OG,Coastal giant salamander,138,61.56
2014,OG,Coastal giant salamander,47,3.25
2014,OG,Coastal giant salamander,57,7.35
2014,OG,Cutthroat trout,120,17.34
2014,OG,Cutthroat trout,41,0.71
2014,OG,Cutthroat trout,82,5.67
2014,OG,Coastal giant salamander,36,2.07
2014,OG,Cutthroat trout,92,7.85
2014,OG,Coastal giant salamander,74,17.75
2014,OG,Coastal giant salamander,25,0.7
2014,OG,Coastal giant salamander,43,2.84
2014,OG,Cutthroat trout,156,36.75
2014,OG,Cutthroat trout,85,6.25
2014,OG,Cutthroat trout,133,21.79
2014,OG,Cutthroat trout,48,1.12
2014,OG,Cutthroat trout,43,0.86
2014,OG,Cutthroat trout,43,0.69
2014,OG,Cutthroat trout,68,3.14
2014,OG,Cutthroat trout,74,4.25
2014,OG,Cutthroat trout,101,13.77
2014,OG,Cutthroat trout,109,11.69
2014,OG,Cutthroat trout,89,7.66
2014,OG,Coastal giant salamander,51,4.49
2014,OG,Coastal giant salamander,50,4.54
2014,OG,Coastal giant salamander,41,3.02
2014,OG,Coastal giant salamander,32,1.58
2014,OG,Cutthroat trout,43,0.74
2014,OG,Cutthroat trout,75,4.16
2014,OG,Coastal giant salamander,34,1.34
2014,OG,Cutthroat trout,108,11.97
2014,OG,Cutthroat trout,118,15.72
2014,OG,Cutthroat trout,93,7.41
2014,OG,Cutthroat trout,113,14.51
2014,OG,Cutthroat trout,103,11.59
2014,OG,Cutthroat trout,90,7.33
2014,OG,Coastal giant salamander,60,7.72
2014,OG,Coastal giant salamander,47,3.72
2014,OG,Cutthroat trout,43,0.72
2014,OG,Cutthroat trout,53,1.36
2014,OG,Cutthroat trout,79,4.53
2014,OG,Cutthroat trout,78,4.56
2014,OG,Cutthroat trout,94,8.36
2014,OG,Cutthroat trout,124,19.87
2014,OG,Cutthroat trout,42,0.62
2014,OG,Cutthroat trout,84,6.01
2014,OG,Cutthroat trout,124,19.8
2014,OG,Coastal giant salamander,31,1.09
2014,OG,Coastal giant salamander,35,1.62
2014,OG,Coastal giant salamander,45,3.26
2014,OG,Coastal giant salamander,51,4.65
2014,OG,Coastal giant salamander,67,10.58
2014,OG,Coastal giant salamander,50,4.35
2014,OG,Coastal giant salamander,107,36.29
2014,OG,Cutthroat trout,49,1.13
2014,OG,Cutthroat trout,42,0.7
2014,OG,Cutthroat trout,44,0.73
2014,OG,Cutthroat trout,52,1.33
2014,OG,Cutthroat trout,36,0.48
2014,OG,Cutthroat trout,78,4.83
2014,OG,Cutthroat trout,75,4.29
2014,OG,Cutthroat trout,86,6.26
2014,OG,Cutthroat trout,82,5.21
2014,OG,Cutthroat trout,90,7.55
2014,OG,Cutthroat trout,95,8.7
2014,OG,Cutthroat trout,86,6.49
2014,OG,Cutthroat trout,78,4.55
2014,OG,Cutthroat trout,78,5.03
2014,OG,Cutthroat trout,95,8.46
2014,OG,Cutthroat trout,55,1.7
2014,OG,Cutthroat trout,93,6.94
2014,OG,Cutthroat trout,97,8.27
2014,OG,Cutthroat trout,75,3.98
2014,OG,Cutthroat trout,80,4.55
2014,OG,Cutthroat trout,113,13.66
2014,OG,Cutthroat trout,96,8.38
2014,OG,Cutthroat trout,145,25.43
2014,OG,Cutthroat trout,136,22.78
2014,OG,Coastal giant salamander,45,3.13
2014,OG,Cutthroat trout,76,4.1
2014,OG,Cutthroat trout,76,4.06
2014,OG,Cutthroat trout,78,4.66
2014,OG,Cutthroat trout,79,4.61
2014,OG,Cutthroat trout,72,3.45
2014,OG,Cutthroat trout,77,4.63
2014,OG,Cutthroat trout,81,4.81
2014,OG,Cutthroat trout,91,7.05
2014,OG,Cutthroat trout,86,6.35
2014,OG,Cutthroat trout,79,4.69
2014,OG,Cutthroat trout,102,10.76
2014,OG,Cutthroat trout,93,7.78
2014,OG,Cutthroat trout,129,21.81
2014,OG,Cutthroat trout,108,12.93
2014,OG,Cutthroat trout,85,5.86
2014,OG,Cutthroat trout,55,1.58
2014,OG,Cutthroat trout,73,4.51
2014,OG,Cutthroat trout,69,3.24
2014,OG,Cutthroat trout,84,5.36
2014,OG,Coastal giant salamander,41,2.68
2014,OG,Coastal giant salamander,42,2.38
2014,OG,Coastal giant salamander,28,0.8
2014,OG,Coastal giant salamander,30,0.81
2014,OG,Coastal giant salamander,31,1.15
2014,OG,Coastal giant salamander,60,6.84
2014,OG,Coastal giant salamander,70,10.47
2014,OG,Coastal giant salamander,82,20.93
2014,OG,Coastal giant salamander,34,1.1
2014,OG,Coastal giant salamander,145,105.12
2014,OG,Cutthroat trout,40,0.73
2014,OG,Cutthroat trout,53,1.41
2014,OG,Cutthroat trout,103,10.93
2014,OG,Cutthroat trout,126,18.21
2014,OG,Cutthroat trout,96,8.69
2014,OG,Cutthroat trout,143,28
2014,OG,Cutthroat trout,115,14.43
2014,OG,Coastal giant salamander,59,8.26
2014,OG,Coastal giant salamander,41,2.73
2014,OG,Coastal giant salamander,51,3.77
2014,OG,Coastal giant salamander,49,4.38
2014,OG,Coastal giant salamander,39,2.22
2014,OG,Coastal giant salamander,70,11.67
2014,OG,Coastal giant salamander,72,10.77
2014,OG,Coastal giant salamander,55,6.04
2014,OG,Cutthroat trout,53,1.43
2014,OG,Cutthroat trout,78,5.51
2014,OG,Cutthroat trout,75,3.91
2014,OG,Cutthroat trout,94,8.42
2014,OG,Cutthroat trout,84,6.03
2014,OG,Cutthroat trout,86,5.8
2014,OG,Cutthroat trout,114,13.69
2014,OG,Coastal giant salamander,30,0.91
2014,OG,Coastal giant salamander,45,4.22
2014,OG,Coastal giant salamander,35,1.67
2014,OG,Coastal giant salamander,45,3.49
2014,OG,Coastal giant salamander,36,2.1
2014,OG,Cutthroat trout,50,1.24
2014,OG,Cutthroat trout,48,1.07
2014,OG,Cutthroat trout,83,5.66
2014,OG,Cutthroat trout,57,1.65
2014,OG,Cutthroat trout,116,16.58
2014,OG,Cutthroat trout,86,6.03
2014,OG,Cutthroat trout,51,1.29
2014,OG,Cutthroat trout,52,1.5
2014,OG,Cutthroat trout,51,1.37
2014,OG,Cutthroat trout,78,4.72
2014,OG,Cutthroat trout,77,4.64
2014,OG,Cutthroat trout,49,1.22
2014,OG,Cutthroat trout,53,1.64
2014,OG,Cutthroat trout,55,1.57
2014,OG,Cutthroat trout,86,6.12
2014,OG,Cutthroat trout,87,7.31
2014,OG,Cutthroat trout,98,9.4
2014,OG,Cutthroat trout,100,9.69
2014,OG,Cutthroat trout,94,8.02
2014,OG,Cutthroat trout,88,7.06
2014,OG,Cutthroat trout,125,19.46
2014,OG,Coastal giant salamander,56,5.52
2014,OG,Coastal giant salamander,36,1.4
2014,OG,Cutthroat trout,118,16.74
2014,OG,Cutthroat trout,55,1.59
2014,OG,Cutthroat trout,104,11.14
2014,OG,Cutthroat trout,130,21.93
2014,OG,Cutthroat trout,113,13.8
2014,OG,Coastal giant salamander,41,2.47
2014,OG,Coastal giant salamander,26,0.79
2014,OG,Coastal giant salamander,67,11.52
2014,OG,Coastal giant salamander,54,5.25
2014,OG,Coastal giant salamander,136,56.4
2014,OG,Coastal giant salamander,45,3.22
2014,OG,Coastal giant salamander,37,1.75
2014,OG,Coastal giant salamander,38,2.17
2014,OG,Coastal giant salamander,31,1.04
2014,OG,Coastal giant salamander,55,6.13
2014,OG,Coastal giant salamander,62,8.49
2014,OG,Cutthroat trout,163,45.55
2014,OG,Cutthroat trout,35,0.46
2014,OG,Cutthroat trout,43,0.62
2014,OG,Cutthroat trout,113,19.43
2014,OG,Coastal giant salamander,61,7.36
2014,OG,Coastal giant salamander,67,10.88
2014,OG,Cutthroat trout,93,7.61
2014,OG,Cutthroat trout,105,11.59
2014,OG,Coastal giant salamander,43,3.13
2014,OG,Cutthroat trout,50,1.43
2014,OG,Coastal giant salamander,25,0.8
2014,OG,Coastal giant salamander,31,1.3
2014,OG,Coastal giant salamander,31,1.38
2014,OG,Coastal giant salamander,42,3.38
2014,OG,Coastal giant salamander,59,7.71
2014,OG,Cutthroat trout,59,2.09
2014,OG,Cutthroat trout,46,0.87
2014,OG,Cutthroat trout,39,0.52
2014,OG,Cutthroat trout,44,0.8
2014,OG,Cutthroat trout,85,6.13
2014,OG,Cutthroat trout,113,13.29
2014,OG,Cutthroat trout,85,5.8
2014,OG,Coastal giant salamander,42,2.42
2014,OG,Coastal giant salamander,49,4
2014,OG,Coastal giant salamander,30,0.95
2014,OG,Coastal giant salamander,48,4.01
2014,OG,Coastal giant salamander,32,1.34
2014,OG,Coastal giant salamander,30,0.96
2014,OG,Coastal giant salamander,46,0.69
2014,OG,Coastal giant salamander,60,7.58
2014,OG,Coastal giant salamander,68,11.37
2014,OG,Coastal giant salamander,65,9.19
2014,OG,Coastal giant salamander,74,13.18
2014,OG,Cutthroat trout,52,1.51
2014,OG,Cutthroat trout,90,6.83
2014,OG,Cutthroat trout,78,4.38
2014,OG,Cutthroat trout,105,11.17
2014,OG,Cutthroat trout,80,4.94
2014,OG,Cutthroat trout,55,1.82
2014,OG,Cutthroat trout,102,9.72
2014,OG,Cutthroat trout,124,18.83
2014,OG,Cutthroat trout,83,4.83
2014,OG,Cutthroat trout,133,22.72
2014,OG,Cutthroat trout,56,1.94
2014,OG,Cutthroat trout,72,3.7
2014,OG,Cutthroat trout,78,4.78
2014,OG,Cutthroat trout,96,8.87
2014,OG,Cutthroat trout,147,33.59
2014,OG,Cutthroat trout,89,7.26
2014,OG,Cutthroat trout,125,18.35
2014,OG,Cutthroat trout,141,27.53
2014,OG,Cutthroat trout,86,6.44
2014,OG,Cutthroat trout,90,6.93
2014,OG,Cutthroat trout,83,5.36
2014,OG,Cutthroat trout,87,6.31
2014,OG,Cutthroat trout,98,9.56
2014,OG,Cutthroat trout,91,7.27
2014,OG,Cutthroat trout,87,6.73
2014,OG,Cutthroat trout,108,12.57
2014,OG,Cutthroat trout,95,8.98
2014,OG,Cutthroat trout,53,1.5
2014,OG,Cutthroat trout,91,7.1
2014,OG,Cutthroat trout,106,11.55
2014,OG,Cutthroat trout,155,35.15
2014,OG,Cutthroat trout,106,12.66
2014,OG,Cutthroat trout,54,1.55
2014,OG,Cutthroat trout,49,1.16
2014,OG,Cutthroat trout,79,4.57
2014,OG,Cutthroat trout,101,10.42
2014,OG,Cutthroat trout,83,7.57
2014,OG,Cutthroat trout,134,24.66
2014,OG,Cutthroat trout,85,5.87
2014,OG,Cutthroat trout,96,10.48
2014,OG,Cutthroat trout,123,20.75
2014,OG,Coastal giant salamander,42,2.53
2014,OG,Coastal giant salamander,30,0.96
2014,OG,Coastal giant salamander,36,2.25
2014,OG,Cutthroat trout,90,7.62
2014,OG,Cutthroat trout,102,9.74
2014,OG,Cutthroat trout,51,1.34
2014,OG,Cutthroat trout,85,6.42
2014,OG,Cutthroat trout,85,5.74
2014,OG,Cutthroat trout,104,11.84
2014,OG,Cutthroat trout,140,14.32
2014,OG,Cutthroat trout,124,20.55
2014,OG,Cutthroat trout,97,9.63
2014,OG,Cutthroat trout,123,17.28
2014,OG,Cutthroat trout,158,41.69
2014,OG,Cutthroat trout,127,21.31
2014,OG,Cutthroat trout,120,17.66
2014,OG,Coastal giant salamander,120,57.62
2014,OG,Cutthroat trout,86,6.83
2014,OG,Cutthroat trout,93,8.29
2014,OG,Cutthroat trout,113,15.72
2014,OG,Cutthroat trout,84,6.78
2014,OG,Cutthroat trout,107,13.46
2014,OG,Cutthroat trout,75,4.33
2014,OG,Cutthroat trout,87,7.25
2014,OG,Cutthroat trout,97,9.56
2014,OG,Cutthroat trout,46,0.93
2014,OG,Cutthroat trout,59,2.45
2014,OG,Cutthroat trout,54,1.7
2014,OG,Cutthroat trout,48,1.02
2014,OG,Cutthroat trout,58,1.92
2014,OG,Cutthroat trout,57,1.63
2014,OG,Cutthroat trout,99,9.55
2014,OG,Cutthroat trout,49,1.13
2014,OG,Cutthroat trout,52,1.52
2014,OG,Cutthroat trout,55,1.67
2014,OG,Cutthroat trout,54,1.79
2014,OG,Cutthroat trout,84,6.08
2014,OG,Cutthroat trout,90,7.61
2014,OG,Cutthroat trout,51,1.59
2014,OG,Cutthroat trout,58,1.95
2014,OG,Cutthroat trout,109,12.99
2014,OG,Cutthroat trout,111,14.55
2014,OG,Cutthroat trout,98,9.7
2014,OG,Cutthroat trout,56,1.68
2014,OG,Cutthroat trout,56,1.75
2014,OG,Cutthroat trout,80,4.93
2014,OG,Cutthroat trout,88,6.07
2014,OG,Cutthroat trout,48,0.96
2014,OG,Cutthroat trout,78,4.79
2014,OG,Cutthroat trout,88,6.29
2014,OG,Cutthroat trout,110,12.89
2014,OG,Cutthroat trout,79,5.47
2014,OG,Cutthroat trout,90,7.15
2014,OG,Cutthroat trout,91,7.55
2014,OG,Cutthroat trout,84,5.63
2014,OG,Coastal giant salamander,51,4.4
2014,OG,Coastal giant salamander,56,6.02
2014,OG,Coastal giant salamander,49,3.91
2014,OG,Coastal giant salamander,45,3.76
2014,OG,Coastal giant salamander,36,0.77
2014,OG,Coastal giant salamander,41,2.17
2014,OG,Cutthroat trout,129,22.18
2014,OG,Cutthroat trout,82,5.82
2014,OG,Cutthroat trout,85,6.15
2014,OG,Cutthroat trout,84,5.74
2014,OG,Cutthroat trout,99,10.58
2014,OG,Cutthroat trout,109,12.74
2014,OG,Cutthroat trout,84,5.49
2014,OG,Cutthroat trout,84,5.63
2014,OG,Coastal giant salamander,47,3.97
2014,OG,Coastal giant salamander,54,5.68
2014,OG,Coastal giant salamander,32,1.45
2014,OG,Coastal giant salamander,71,11.61
2014,OG,Coastal giant salamander,65,10.37
2014,OG,Coastal giant salamander,71,11.51
2014,OG,Coastal giant salamander,78,15.7
2014,OG,Cutthroat trout,55,1.7
2014,OG,Cutthroat trout,84,5.66
2014,OG,Cutthroat trout,104,10.35
2014,OG,Cutthroat trout,112,15.09
2014,OG,Coastal giant salamander,60,8.03
2014,OG,Coastal giant salamander,49,5.03
2014,OG,Coastal giant salamander,47,3.65
2014,OG,Coastal giant salamander,54,5.43
2014,OG,Cutthroat trout,91,7.38
2014,OG,Coastal giant salamander,41,2.1
2014,OG,Coastal giant salamander,69,10.71
2014,OG,Coastal giant salamander,76,15.15
2014,OG,Cutthroat trout,113,12.92
2014,OG,Coastal giant salamander,49,4.69
2014,OG,Coastal giant salamander,66,10.89
2014,OG,Coastal giant salamander,42,2.9
2014,OG,Coastal giant salamander,59,9.13
2014,OG,Cutthroat trout,44,0.95
2014,OG,Cutthroat trout,85,6.1
2014,OG,Cutthroat trout,113,14.19
2014,OG,Coastal giant salamander,26,0.66
2014,OG,Coastal giant salamander,35,1.43
2014,OG,Coastal giant salamander,42,2.76
2014,OG,Coastal giant salamander,62,8.64
2014,OG,Cutthroat trout,103,11.31
2014,OG,Coastal giant salamander,55,5.98
2014,OG,Coastal giant salamander,42,2.95
2014,OG,Coastal giant salamander,46,3.63
2014,OG,Cutthroat trout,93,8.36
2014,OG,Cutthroat trout,123,17.96
2014,OG,Coastal giant salamander,52,4.88
2014,OG,Coastal giant salamander,50,4.11
2014,OG,Coastal giant salamander,26,0.85
2014,OG,Coastal giant salamander,61,7.59
2014,OG,Coastal giant salamander,49,4.3
2014,OG,Coastal giant salamander,41,2.61
2014,OG,Coastal giant salamander,65,9.77
2014,OG,Coastal giant salamander,65,8.92
2014,OG,Coastal giant salamander,60,7.77
2014,OG,Coastal giant salamander,79,15.9
2015,CC,Cutthroat trout,48,1.06
2015,CC,Cutthroat trout,49,1.17
2015,CC,Cutthroat trout,48,1.14
2015,CC,Cutthroat trout,50,1.24
2015,CC,Cutthroat trout,54,1.61
2015,CC,Cutthroat trout,47,1.01
2015,CC,Cutthroat trout,60,2.38
2015,CC,Cutthroat trout,64,2.62
2015,CC,Cutthroat trout,58,2.07
2015,CC,Cutthroat trout,47,0.92
2015,CC,Cutthroat trout,58,1.8
2015,CC,Cutthroat trout,47,1.19
2015,CC,Cutthroat trout,53,1.45
2015,CC,Cutthroat trout,88,7.35
2015,CC,Cutthroat trout,83,5.55
2015,CC,Cutthroat trout,100,10.17
2015,CC,Cutthroat trout,52,1.56
2015,CC,Cutthroat trout,52,1.45
2015,CC,Cutthroat trout,53,1.82
2015,CC,Cutthroat trout,43,0.68
2015,CC,Cutthroat trout,53,1.58
2015,CC,Cutthroat trout,57,1.65
2015,CC,Cutthroat trout,127,18.84
2015,CC,Cutthroat trout,95,8.1
2015,CC,Cutthroat trout,103,11.23
2015,CC,Cutthroat trout,53,1.78
2015,CC,Cutthroat trout,57,1.86
2015,CC,Cutthroat trout,48,1.42
2015,CC,Cutthroat trout,58,2.19
2015,CC,Cutthroat trout,65,2.59
2015,CC,Cutthroat trout,132,23.37
2015,CC,Cutthroat trout,106,12.47
2015,CC,Cutthroat trout,110,13.63
2015,CC,Cutthroat trout,55,1.62
2015,CC,Cutthroat trout,46,0.9
2015,CC,Cutthroat trout,87,6.67
2015,CC,Cutthroat trout,86,6.18
2015,CC,Cutthroat trout,93,8.08
2015,CC,Coastal giant salamander,50,4.66
2015,CC,Coastal giant salamander,60,8.14
2015,CC,Coastal giant salamander,51,4.58
2015,CC,Coastal giant salamander,52,5.27
2015,CC,Coastal giant salamander,52,4.8
2015,CC,Coastal giant salamander,52,4.68
2015,CC,Coastal giant salamander,60,7.44
2015,CC,Coastal giant salamander,61,7.38
2015,CC,Coastal giant salamander,64,9.87
2015,CC,Coastal giant salamander,70,11.98
2015,CC,Coastal giant salamander,55,5.26
2015,CC,Coastal giant salamander,112,38.57
2015,CC,Coastal giant salamander,120,46.66
2015,CC,Coastal giant salamander,50,5.06
2015,CC,Coastal giant salamander,29,1.01
2015,CC,Coastal giant salamander,51,4.75
2015,CC,Coastal giant salamander,44,2.69
2015,CC,Coastal giant salamander,39,2.87
2015,CC,Coastal giant salamander,66,10.4
2015,CC,Coastal giant salamander,88,19.72
2015,CC,Cutthroat trout,47,1.01
2015,CC,Cutthroat trout,48,1.05
2015,CC,Cutthroat trout,60,2.2
2015,CC,Cutthroat trout,51,1.21
2015,CC,Cutthroat trout,56,1.62
2015,CC,Cutthroat trout,42,0.64
2015,CC,Cutthroat trout,47,1
2015,CC,Cutthroat trout,56,1.64
2015,CC,Cutthroat trout,57,2.15
2015,CC,Cutthroat trout,60,2.14
2015,CC,Cutthroat trout,93,7.95
2015,CC,Cutthroat trout,132,21.72
2015,CC,Cutthroat trout,69,3.24
2015,CC,Cutthroat trout,48,0.94
2015,CC,Cutthroat trout,55,1.81
2015,CC,Cutthroat trout,89,6.95
2015,CC,Cutthroat trout,104,11.5
2015,CC,Cutthroat trout,79,4.93
2015,CC,Cutthroat trout,114,15.06
2015,CC,Cutthroat trout,113,15.7
2015,CC,Cutthroat trout,89,6.83
2015,CC,Cutthroat trout,114,17.84
2015,CC,Cutthroat trout,58,2.37
2015,CC,Cutthroat trout,68,3.25
2015,CC,Cutthroat trout,128,21.61
2015,CC,Cutthroat trout,92,7.21
2015,CC,Cutthroat trout,105,11.26
2015,CC,Cutthroat trout,153,33.47
2015,CC,Coastal giant salamander,60,8.44
2015,CC,Coastal giant salamander,50,5.29
2015,CC,Coastal giant salamander,70,10.3
2015,CC,Coastal giant salamander,58,7.7
2015,CC,Coastal giant salamander,105,43.59
2015,CC,Coastal giant salamander,108,39.22
2015,CC,Coastal giant salamander,45,2.9
2015,CC,Coastal giant salamander,50,4.35
2015,CC,Coastal giant salamander,42,2.14
2015,CC,Cutthroat trout,99,9.37
2015,CC,Cutthroat trout,103,10.31
2015,CC,Cutthroat trout,93,9.1
2015,CC,Cutthroat trout,164,39.31
2015,CC,Cutthroat trout,95,8.29
2015,CC,Cutthroat trout,60,2.36
2015,CC,Cutthroat trout,99,9.76
2015,CC,Coastal giant salamander,57,7.08
2015,CC,Coastal giant salamander,52,5.32
2015,CC,Coastal giant salamander,52,4.74
2015,CC,Coastal giant salamander,53,5.64
2015,CC,Coastal giant salamander,52,5.07
2015,CC,Coastal giant salamander,42,2.67
2015,CC,Coastal giant salamander,29,0.84
2015,CC,Coastal giant salamander,25,1.39
2015,CC,Cutthroat trout,57,1.82
2015,CC,Cutthroat trout,47,0.96
2015,CC,Cutthroat trout,48,1.25
2015,CC,Cutthroat trout,58,1.91
2015,CC,Cutthroat trout,58,1.93
2015,CC,Cutthroat trout,46,0.99
2015,CC,Cutthroat trout,78,4.59
2015,CC,Cutthroat trout,84,5.95
2015,CC,Cutthroat trout,98,9.33
2015,CC,Cutthroat trout,58,1.77
2015,CC,Cutthroat trout,90,7.37
2015,CC,Cutthroat trout,99,9.13
2015,CC,Cutthroat trout,93,8.4
2015,CC,Cutthroat trout,83,5.61
2015,CC,Cutthroat trout,121,14.85
2015,CC,Cutthroat trout,56,2.05
2015,CC,Cutthroat trout,60,2.22
2015,CC,Cutthroat trout,47,1.15
2015,CC,Cutthroat trout,67,2.94
2015,CC,Cutthroat trout,88,7.33
2015,CC,Cutthroat trout,113,14.7
2015,CC,Cutthroat trout,100,10.81
2015,CC,Cutthroat trout,59,2.04
2015,CC,Cutthroat trout,60,2.59
2015,CC,Cutthroat trout,106,11.46
2015,CC,Cutthroat trout,118,15.23
2015,CC,Cutthroat trout,128,21.61
2015,CC,Cutthroat trout,107,13.09
2015,CC,Cutthroat trout,106,13.29
2015,CC,Cutthroat trout,90,7.02
2015,CC,Cutthroat trout,124,17.44
2015,CC,Cutthroat trout,125,20.4
2015,CC,Cutthroat trout,51,1.32
2015,CC,Cutthroat trout,57,1.65
2015,CC,Cutthroat trout,60,2.07
2015,CC,Cutthroat trout,67,3.08
2015,CC,Cutthroat trout,45,0.81
2015,CC,Cutthroat trout,52,1.31
2015,CC,Cutthroat trout,52,1.16
2015,CC,Cutthroat trout,56,1.92
2015,CC,Cutthroat trout,62,2.4
2015,CC,Coastal giant salamander,59,7.51
2015,CC,Coastal giant salamander,51,4.16
2015,CC,Coastal giant salamander,65,10.71
2015,CC,Coastal giant salamander,65,10.1
2015,CC,Coastal giant salamander,50,4.46
2015,CC,Coastal giant salamander,72,15.28
2015,CC,Coastal giant salamander,113,41.75
2015,CC,Coastal giant salamander,78,16
2015,CC,Coastal giant salamander,129,60.23
2015,CC,Coastal giant salamander,122,64.77
2015,CC,Coastal giant salamander,110,48.49
2015,CC,Coastal giant salamander,32,1.26
2015,CC,Coastal giant salamander,35,1.75
2015,CC,Coastal giant salamander,59,7.89
2015,CC,Coastal giant salamander,65,9.02
2015,CC,Coastal giant salamander,30,1
2015,CC,Coastal giant salamander,29,1.1
2015,CC,Coastal giant salamander,61,8.47
2015,CC,Coastal giant salamander,40,2.29
2015,CC,Coastal giant salamander,33,0.94
2015,CC,Coastal giant salamander,49,4.08
2015,CC,Coastal giant salamander,78,14.54
2015,CC,Cutthroat trout,54,1.5
2015,CC,Cutthroat trout,90,7.49
2015,CC,Cutthroat trout,57,1.94
2015,CC,Cutthroat trout,62,2.26
2015,CC,Cutthroat trout,87,6.38
2015,CC,Cutthroat trout,86,7
2015,CC,Cutthroat trout,90,7.46
2015,CC,Cutthroat trout,55,1.51
2015,CC,Cutthroat trout,84,6.01
2015,CC,Coastal giant salamander,31,1.04
2015,CC,Coastal giant salamander,61,8.21
2015,CC,Coastal giant salamander,30,0.93
2015,CC,Coastal giant salamander,70,11.15
2015,CC,Coastal giant salamander,51,4.81
2015,CC,Coastal giant salamander,45,2.84
2015,CC,Coastal giant salamander,69,12.13
2015,CC,Coastal giant salamander,40,1.9
2015,CC,Coastal giant salamander,41,2.73
2015,CC,Coastal giant salamander,63,9.27
2015,CC,Coastal giant salamander,115,45.99
2015,CC,Coastal giant salamander,58,7.2
2015,CC,Coastal giant salamander,44,2.84
2015,CC,Cutthroat trout,45,0.81
2015,CC,Cutthroat trout,63,2.78
2015,CC,Cutthroat trout,53,1.43
2015,CC,Cutthroat trout,54,1.64
2015,CC,Cutthroat trout,104,11
2015,CC,Cutthroat trout,47,1.13
2015,CC,Cutthroat trout,54,1.46
2015,CC,Cutthroat trout,63,2.85
2015,CC,Cutthroat trout,87,6.39
2015,CC,Cutthroat trout,47,0.98
2015,CC,Coastal giant salamander,61,7.76
2015,CC,Coastal giant salamander,46,3.83
2015,CC,Coastal giant salamander,45,2.96
2015,CC,Coastal giant salamander,37,1.7
2015,CC,Coastal giant salamander,41,2.57
2015,CC,Coastal giant salamander,48,3.59
2015,CC,Coastal giant salamander,55,5.08
2015,CC,Coastal giant salamander,68,11.87
2015,CC,Coastal giant salamander,48,3.47
2015,CC,Coastal giant salamander,47,4.3
2015,CC,Coastal giant salamander,69,11.05
2015,CC,Coastal giant salamander,61,7.22
2015,CC,Coastal giant salamander,64,8.35
2015,CC,Coastal giant salamander,45,3.36
2015,CC,Cutthroat trout,57,1.83
2015,CC,Cutthroat trout,39,0.5
2015,CC,Cutthroat trout,102,11.55
2015,CC,Cutthroat trout,114,13.96
2015,CC,Cutthroat trout,162,37.65
2015,CC,Coastal giant salamander,41,3.23
2015,CC,Coastal giant salamander,54,5.39
2015,CC,Coastal giant salamander,42,2.3
2015,CC,Coastal giant salamander,37,1.96
2015,CC,Coastal giant salamander,39,1.6
2015,CC,Coastal giant salamander,55,5.8
2015,CC,Coastal giant salamander,55,6.11
2015,CC,Coastal giant salamander,52,4.78
2015,CC,Coastal giant salamander,38,1.79
2015,CC,Coastal giant salamander,95,28.95
2015,CC,Cutthroat trout,67,2.89
2015,CC,Cutthroat trout,92,7.72
2015,CC,Cutthroat trout,114,14.62
2015,CC,Cutthroat trout,146,28.7
2015,CC,Cutthroat trout,57,1.75
2015,CC,Cutthroat trout,63,2.6
2015,CC,Cutthroat trout,64,2.67
2015,CC,Cutthroat trout,58,2.08
2015,CC,Cutthroat trout,135,25.4
2015,CC,Cutthroat trout,120,14.93
2015,CC,Cutthroat trout,91,7.63
2015,CC,Cutthroat trout,116,15.38
2015,CC,Cutthroat trout,98,9.27
2015,CC,Cutthroat trout,125,22.73
2015,CC,Cutthroat trout,58,2.03
2015,CC,Cutthroat trout,120,17.76
2015,CC,Cutthroat trout,128,21.91
2015,CC,Cutthroat trout,174,52.96
2015,CC,Cutthroat trout,110,15.05
2015,CC,Cutthroat trout,97,9.15
2015,CC,Cutthroat trout,171,47.67
2015,CC,Cutthroat trout,91,7.77
2015,CC,Cutthroat trout,109,12.85
2015,CC,Cutthroat trout,143,26.65
2015,CC,Cutthroat trout,118,16.31
2015,CC,Cutthroat trout,121,16.97
2015,CC,Cutthroat trout,117,15.54
2015,CC,Coastal giant salamander,41,2.68
2015,CC,Coastal giant salamander,59,7.61
2015,CC,Coastal giant salamander,61,8.8
2015,CC,Coastal giant salamander,50,3.89
2015,CC,Coastal giant salamander,65,9.45
2015,CC,Coastal giant salamander,64,8.52
2015,CC,Cutthroat trout,56,1.5
2015,CC,Cutthroat trout,97,8.61
2015,CC,Cutthroat trout,64,2.75
2015,CC,Cutthroat trout,54,1.44
2015,CC,Cutthroat trout,60,2.31
2015,CC,Cutthroat trout,92,7.43
2015,CC,Cutthroat trout,121,18.51
2015,CC,Cutthroat trout,142,25.01
2015,CC,Cutthroat trout,125,19.63
2015,CC,Cutthroat trout,52,1.56
2015,CC,Cutthroat trout,52,1.27
2015,CC,Cutthroat trout,60,2.11
2015,CC,Cutthroat trout,58,1.87
2015,CC,Cutthroat trout,53,1.36
2015,CC,Cutthroat trout,52,1.3
2015,CC,Cutthroat trout,62,2.24
2015,CC,Cutthroat trout,104,10.27
2015,CC,Cutthroat trout,126,20.86
2015,CC,Cutthroat trout,110,13.88
2015,CC,Cutthroat trout,63,2.39
2015,CC,Cutthroat trout,60,2.19
2015,CC,Cutthroat trout,60,2
2015,CC,Cutthroat trout,63,2.42
2015,CC,Cutthroat trout,54,1.85
2015,CC,Cutthroat trout,111,12.82
2015,CC,Cutthroat trout,120,17.74
2015,CC,Cutthroat trout,108,12.35
2015,CC,Cutthroat trout,108,13
2015,CC,Cutthroat trout,96,8.65
2015,CC,Cutthroat trout,153,37.69
2015,CC,Coastal giant salamander,45,3.47
2015,CC,Coastal giant salamander,52,5.06
2015,CC,Coastal giant salamander,65,10.03
2015,CC,Coastal giant salamander,47,4.17
2015,CC,Coastal giant salamander,47,4.05
2015,CC,Coastal giant salamander,30,0.93
2015,CC,Coastal giant salamander,35,2.02
2015,CC,Coastal giant salamander,69,11.31
2015,CC,Coastal giant salamander,62,9.2
2015,CC,Coastal giant salamander,45,3.41
2015,CC,Coastal giant salamander,45,3.19
2015,CC,Coastal giant salamander,53,5.24
2015,CC,Coastal giant salamander,58,6.88
2015,CC,Coastal giant salamander,105,34.95
2015,CC,Cutthroat trout,100,9.83
2015,CC,Cutthroat trout,103,10.5
2015,CC,Cutthroat trout,134,25.32
2015,CC,Cutthroat trout,117,15.62
2015,CC,Cutthroat trout,92,7.75
2015,CC,Cutthroat trout,105,11.22
2015,CC,Cutthroat trout,158,50.49
2015,CC,Cutthroat trout,114,14.98
2015,CC,Cutthroat trout,62,2.2
2015,CC,Cutthroat trout,54,1.49
2015,CC,Cutthroat trout,112,14.43
2015,CC,Cutthroat trout,143,30.94
2015,CC,Cutthroat trout,125,21.2
2015,CC,Cutthroat trout,53,1.27
2015,CC,Cutthroat trout,57,1.84
2015,CC,Cutthroat trout,93,7.2
2015,CC,Cutthroat trout,83,6.47
2015,CC,Cutthroat trout,105,11.91
2015,CC,Cutthroat trout,106,11.7
2015,CC,Coastal giant salamander,41,2.53
2015,CC,Coastal giant salamander,31,1.2
2015,CC,Coastal giant salamander,52,4.98
2015,CC,Coastal giant salamander,48,3.87
2015,CC,Cutthroat trout,87,6.05
2015,CC,Cutthroat trout,88,7.55
2015,CC,Cutthroat trout,108,12.85
2015,CC,Cutthroat trout,107,12.62
2015,CC,Cutthroat trout,122,17.26
2015,CC,Coastal giant salamander,38,1.51
2015,CC,Coastal giant salamander,47,3.37
2015,CC,Coastal giant salamander,110,39
2015,CC,Cutthroat trout,146,30.73
2015,CC,Coastal giant salamander,52,5.63
2015,CC,Cutthroat trout,42,0.68
2015,CC,Cutthroat trout,53,1.62
2015,CC,Cutthroat trout,57,2.19
2015,CC,Cutthroat trout,57,1.92
2015,CC,Cutthroat trout,59,2.05
2015,CC,Cutthroat trout,50,1.21
2015,CC,Cutthroat trout,88,6.85
2015,CC,Cutthroat trout,105,11.61
2015,CC,Cutthroat trout,91,6.98
2015,CC,Cutthroat trout,118,19.22
2015,CC,Coastal giant salamander,53,5.91
2015,CC,Coastal giant salamander,54,5.14
2015,CC,Coastal giant salamander,30,0.79
2015,CC,Coastal giant salamander,55,6.22
2015,CC,Coastal giant salamander,55,6.78
2015,CC,Coastal giant salamander,41,2.96
2015,CC,Coastal giant salamander,43,2.64
2015,CC,Coastal giant salamander,32,1.43
2015,CC,Coastal giant salamander,31,1.26
2015,CC,Coastal giant salamander,80,18.77
2015,CC,Coastal giant salamander,48,3.87
2015,CC,Coastal giant salamander,60,7.8
2015,CC,Coastal giant salamander,51,4.87
2015,CC,Coastal giant salamander,69,12.31
2015,CC,Cutthroat trout,98,9.11
2015,CC,Cutthroat trout,85,5.85
2015,CC,Cutthroat trout,87,6.42
2015,CC,Cutthroat trout,89,6.61
2015,CC,Cutthroat trout,100,10.8
2015,CC,Cutthroat trout,56,1.7
2015,CC,Cutthroat trout,60,2
2015,CC,Cutthroat trout,58,1.91
2015,CC,Cutthroat trout,59,2.1
2015,CC,Cutthroat trout,48,0.97
2015,CC,Cutthroat trout,52,1.34
2015,CC,Cutthroat trout,52,1.31
2015,CC,Cutthroat trout,58,2.1
2015,CC,Cutthroat trout,97,8.55
2015,CC,Cutthroat trout,60,2.21
2015,CC,Cutthroat trout,61,2.22
2015,CC,Cutthroat trout,55,1.54
2015,CC,Cutthroat trout,61,2.27
2015,CC,Cutthroat trout,93,8.25
2015,CC,Cutthroat trout,93,7.62
2015,CC,Cutthroat trout,141,26
2015,CC,Cutthroat trout,58,1.85
2015,CC,Cutthroat trout,64,2.51
2015,CC,Cutthroat trout,98,8.91
2015,CC,Cutthroat trout,86,6.09
2015,CC,Cutthroat trout,90,7.01
2015,CC,Cutthroat trout,106,11.48
2015,CC,Cutthroat trout,107,12.3
2015,CC,Cutthroat trout,119,14.94
2015,CC,Cutthroat trout,127,21.62
2015,CC,Cutthroat trout,58,1.78
2015,CC,Cutthroat trout,60,2.09
2015,CC,Cutthroat trout,87,6.25
2015,CC,Cutthroat trout,98,8.57
2015,CC,Cutthroat trout,127,20.69
2015,CC,Cutthroat trout,112,12.77
2015,CC,Cutthroat trout,122,18.37
2015,CC,Cutthroat trout,108,12.35
2015,CC,Cutthroat trout,53,1.78
2015,CC,Cutthroat trout,53,1.38
2015,CC,Cutthroat trout,134,24.81
2015,CC,Cutthroat trout,103,10.2
2015,CC,Coastal giant salamander,40,2.15
2015,CC,Coastal giant salamander,42,3.27
2015,CC,Coastal giant salamander,62,8.62
2015,CC,Coastal giant salamander,59,7.37
2015,CC,Coastal giant salamander,64,9.34
2015,CC,Coastal giant salamander,54,5.74
2015,CC,Coastal giant salamander,49,4.37
2015,CC,Coastal giant salamander,64,8.22
2015,CC,Coastal giant salamander,78,14.7
2015,CC,Coastal giant salamander,77,10.81
2015,CC,Coastal giant salamander,52,5.19
2015,CC,Coastal giant salamander,30,1.3
2015,CC,Coastal giant salamander,55,6.05
2015,CC,Coastal giant salamander,31,1.02
2015,CC,Coastal giant salamander,61,8.02
2015,CC,Coastal giant salamander,69,11.51
2015,CC,Coastal giant salamander,59,7.32
2015,CC,Coastal giant salamander,58,6.14
2015,CC,Coastal giant salamander,30,0.98
2015,CC,Coastal giant salamander,125,63.33
2015,CC,Cutthroat trout,45,0.95
2015,CC,Cutthroat trout,55,1.45
2015,CC,Cutthroat trout,50,1.15
2015,CC,Cutthroat trout,60,2.07
2015,CC,Cutthroat trout,62,2.44
2015,CC,Cutthroat trout,57,1.87
2015,CC,Cutthroat trout,60,2.72
2015,CC,Cutthroat trout,58,1.99
2015,CC,Cutthroat trout,55,1.57
2015,CC,Cutthroat trout,57,1.81
2015,CC,Cutthroat trout,58,1.87
2015,CC,Cutthroat trout,93,7.8
2015,CC,Cutthroat trout,88,6.57
2015,CC,Cutthroat trout,61,2.29
2015,CC,Cutthroat trout,74,3.82
2015,CC,Cutthroat trout,81,5.22
2015,CC,Cutthroat trout,122,17.14
2015,CC,Coastal giant salamander,50,4.49
2015,CC,Coastal giant salamander,47,4.13
2015,CC,Coastal giant salamander,45,2.86
2015,CC,Coastal giant salamander,32,1.26
2015,CC,Coastal giant salamander,45,3.35
2015,CC,Coastal giant salamander,45,3.3
2015,CC,Cutthroat trout,123,16.11
2015,CC,Cutthroat trout,135,22.64
2015,CC,Coastal giant salamander,42,4.51
2015,CC,Coastal giant salamander,48,4.17
2015,CC,Coastal giant salamander,52,5.23
2015,CC,Coastal giant salamander,58,2.59
2015,CC,Coastal giant salamander,65,9.72
2015,CC,Coastal giant salamander,43,2.49
2015,CC,Coastal giant salamander,64,8.78
2015,CC,Coastal giant salamander,69,9.82
2015,CC,Coastal giant salamander,83,16.6
2015,CC,Coastal giant salamander,58,8.23
2015,CC,Coastal giant salamander,30,0.75
2015,CC,Coastal giant salamander,65,8.14
2015,CC,Coastal giant salamander,61,8.1
2015,CC,Coastal giant salamander,56,6.3
2015,CC,Coastal giant salamander,58,7.25
2015,CC,Coastal giant salamander,29,1.02
2015,CC,Coastal giant salamander,29,0.94
2015,CC,Coastal giant salamander,33,1.3
2015,CC,Coastal giant salamander,38,1.99
2015,CC,Coastal giant salamander,47,3.61
2015,CC,Coastal giant salamander,57,6.03
2015,CC,Coastal giant salamander,30,1.12
2015,CC,Coastal giant salamander,51,4.4
2015,CC,Coastal giant salamander,44,3.18
2015,CC,Coastal giant salamander,48,3.75
2015,CC,Coastal giant salamander,47,3.53
2015,CC,Coastal giant salamander,61,8.36
2015,CC,Coastal giant salamander,65,9.98
2015,CC,Coastal giant salamander,60,8.14
2015,CC,Coastal giant salamander,35,1.81
2015,CC,Coastal giant salamander,30,0.92
2015,CC,Coastal giant salamander,71,10.44
2015,CC,Coastal giant salamander,28,0.96
2015,CC,Coastal giant salamander,58,5.65
2015,CC,Coastal giant salamander,62,7.7
2015,CC,Coastal giant salamander,78,14.09
2015,CC,Coastal giant salamander,27,0.91
2015,CC,Coastal giant salamander,35,1.58
2015,CC,Cutthroat trout,77,4.02
2015,CC,Cutthroat trout,100,9.91
2015,CC,Cutthroat trout,59,2.07
2015,CC,Cutthroat trout,58,1.86
2015,CC,Cutthroat trout,65,2.77
2015,CC,Cutthroat trout,55,1.56
2015,CC,Cutthroat trout,60,2.19
2015,CC,Cutthroat trout,86,6.05
2015,CC,Cutthroat trout,119,14.28
2015,CC,Cutthroat trout,95,8.31
2015,CC,Cutthroat trout,86,6.04
2015,CC,Cutthroat trout,123,20.21
2015,CC,Coastal giant salamander,51,4.06
2015,CC,Coastal giant salamander,35,1.56
2015,CC,Coastal giant salamander,62,7.89
2015,CC,Cutthroat trout,115,14.61
2015,CC,Cutthroat trout,110,12.63
2015,CC,Cutthroat trout,100,10.15
2015,CC,Cutthroat trout,88,6.67
2015,CC,Cutthroat trout,110,12.18
2015,CC,Cutthroat trout,88,6.9
2015,CC,Cutthroat trout,144,28.5
2015,CC,Cutthroat trout,57,1.68
2015,CC,Cutthroat trout,54,1.69
2015,CC,Cutthroat trout,57,1.99
2015,CC,Cutthroat trout,57,1.71
2015,CC,Cutthroat trout,56,1.64
2015,CC,Cutthroat trout,89,6.93
2015,CC,Cutthroat trout,108,12.6
2015,CC,Cutthroat trout,108,11.06
2015,CC,Coastal giant salamander,51,4.62
2015,CC,Coastal giant salamander,30,1.01
2015,CC,Coastal giant salamander,55,5.87
2015,CC,Coastal giant salamander,49,3.6
2015,CC,Coastal giant salamander,59,7.14
2015,CC,Coastal giant salamander,65,8.36
2015,CC,Coastal giant salamander,40,2.09
2015,CC,Coastal giant salamander,33,1.24
2015,CC,Coastal giant salamander,59,6.36
2015,CC,Coastal giant salamander,55,5.4
2015,CC,Coastal giant salamander,61,7.68
2015,CC,Cutthroat trout,53,1.69
2015,CC,Cutthroat trout,53,1.43
2015,CC,Cutthroat trout,61,2.21
2015,CC,Cutthroat trout,58,2.31
2015,CC,Cutthroat trout,59,1.95
2015,CC,Cutthroat trout,98,9.11
2015,CC,Cutthroat trout,105,12.01
2015,CC,Cutthroat trout,95,8.2
2015,CC,Cutthroat trout,115,14.94
2015,CC,Cutthroat trout,96,8.3
2015,CC,Cutthroat trout,107,12.3
2015,CC,Cutthroat trout,90,7.2
2015,CC,Coastal giant salamander,34,1.36
2015,CC,Coastal giant salamander,50,4.79
2015,CC,Coastal giant salamander,41,2
2015,CC,Coastal giant salamander,44,2.57
2015,CC,Coastal giant salamander,43,1.56
2015,CC,Coastal giant salamander,48,3.77
2015,CC,Coastal giant salamander,25,0.67
2015,CC,Coastal giant salamander,45,3.33
2015,CC,Coastal giant salamander,59,6.55
2015,CC,Coastal giant salamander,46,3.88
2015,CC,Coastal giant salamander,47,3.37
2015,CC,Coastal giant salamander,59,6.97
2015,CC,Coastal giant salamander,46,3.44
2015,CC,Coastal giant salamander,73,12.9
2015,CC,Coastal giant salamander,68,10.99
2015,CC,Coastal giant salamander,35,1.58
2015,CC,Coastal giant salamander,52,4.96
2015,CC,Coastal giant salamander,61,7.61
2015,CC,Coastal giant salamander,61,7.8
2015,CC,Coastal giant salamander,41,2.77
2015,CC,Coastal giant salamander,34,0.96
2015,CC,Coastal giant salamander,117,50.39
2015,CC,Cutthroat trout,54,1.48
2015,CC,Coastal giant salamander,30,1.01
2015,CC,Coastal giant salamander,30,0.93
2015,CC,Coastal giant salamander,26,0.74
2015,CC,Coastal giant salamander,47,3.25
2015,CC,Cutthroat trout,63,2.46
2015,CC,Cutthroat trout,58,1.86
2015,CC,Cutthroat trout,89,7.07
2015,CC,Cutthroat trout,98,9.52
2015,CC,Cutthroat trout,93,7.9
2015,CC,Coastal giant salamander,52,5.29
2015,CC,Coastal giant salamander,40,2.29
2015,CC,Coastal giant salamander,59,8.03
2015,OG,Cutthroat trout,38,0.57
2015,OG,Cutthroat trout,95,8.56
2015,OG,Cutthroat trout,134,23.68
2015,OG,Cutthroat trout,119,15.14
2015,OG,Cutthroat trout,102,10.11
2015,OG,Cutthroat trout,97,8.49
2015,OG,Cutthroat trout,113,14.18
2015,OG,Cutthroat trout,85,6.2
2015,OG,Cutthroat trout,99,9.56
2015,OG,Coastal giant salamander,32,1.18
2015,OG,Coastal giant salamander,29,0.81
2015,OG,Coastal giant salamander,30,0.93
2015,OG,Coastal giant salamander,51,5.28
2015,OG,Coastal giant salamander,33,1.46
2015,OG,Cutthroat trout,80,5.38
2015,OG,Cutthroat trout,119,14.95
2015,OG,Cutthroat trout,109,12.18
2015,OG,Cutthroat trout,82,5.21
2015,OG,Cutthroat trout,158,39.34
2015,OG,Cutthroat trout,103,9.87
2015,OG,Cutthroat trout,123,19.49
2015,OG,Cutthroat trout,92,7.19
2015,OG,Cutthroat trout,80,5.12
2015,OG,Coastal giant salamander,36,2.02
2015,OG,Coastal giant salamander,30,0.93
2015,OG,Cutthroat trout,75,4.57
2015,OG,Cutthroat trout,52,1.31
2015,OG,Cutthroat trout,55,1.52
2015,OG,Cutthroat trout,41,0.58
2015,OG,Cutthroat trout,52,1.38
2015,OG,Cutthroat trout,83,5.57
2015,OG,Cutthroat trout,72,3.98
2015,OG,Cutthroat trout,83,5.72
2015,OG,Cutthroat trout,88,6.43
2015,OG,Cutthroat trout,114,13.95
2015,OG,Cutthroat trout,88,6.52
2015,OG,Cutthroat trout,98,9.1
2015,OG,Cutthroat trout,105,11.36
2015,OG,Cutthroat trout,93,7.88
2015,OG,Cutthroat trout,106,11.29
2015,OG,Cutthroat trout,111,13.05
2015,OG,Cutthroat trout,92,7.23
2015,OG,Cutthroat trout,95,8.65
2015,OG,Cutthroat trout,103,11.14
2015,OG,Cutthroat trout,106,11.67
2015,OG,Cutthroat trout,93,7.7
2015,OG,Cutthroat trout,160,36.29
2015,OG,Cutthroat trout,60,2.12
2015,OG,Cutthroat trout,90,7.47
2015,OG,Cutthroat trout,145,28.62
2015,OG,Cutthroat trout,97,9.26
2015,OG,Coastal giant salamander,48,3.73
2015,OG,Coastal giant salamander,52,5.33
2015,OG,Coastal giant salamander,46,3.79
2015,OG,Coastal giant salamander,57,6.24
2015,OG,Coastal giant salamander,65,9.32
2015,OG,Coastal giant salamander,33,1.2
2015,OG,Coastal giant salamander,29,0.93
2015,OG,Coastal giant salamander,42,2.48
2015,OG,Coastal giant salamander,52,4.99
2015,OG,Coastal giant salamander,32,1.13
2015,OG,Coastal giant salamander,65,9.81
2015,OG,Coastal giant salamander,41,2.73
2015,OG,Coastal giant salamander,25,0.53
2015,OG,Coastal giant salamander,43,2.86
2015,OG,Coastal giant salamander,58,6.34
2015,OG,Coastal giant salamander,80,16.75
2015,OG,Coastal giant salamander,28,0.76
2015,OG,Cutthroat trout,56,1.7
2015,OG,Cutthroat trout,83,4.73
2015,OG,Cutthroat trout,123,16.89
2015,OG,Cutthroat trout,92,7.93
2015,OG,Cutthroat trout,83,5.5
2015,OG,Cutthroat trout,117,15.12
2015,OG,Cutthroat trout,97,8.57
2015,OG,Cutthroat trout,93,7.5
2015,OG,Cutthroat trout,75,4.02
2015,OG,Cutthroat trout,74,4.16
2015,OG,Coastal giant salamander,58,7.09
2015,OG,Coastal giant salamander,60,7.88
2015,OG,Coastal giant salamander,52,5.35
2015,OG,Coastal giant salamander,59,7.35
2015,OG,Coastal giant salamander,42,2.52
2015,OG,Coastal giant salamander,35,1.35
2015,OG,Coastal giant salamander,42,2.62
2015,OG,Cutthroat trout,96,8.44
2015,OG,Cutthroat trout,103,9.96
2015,OG,Cutthroat trout,111,13.27
2015,OG,Coastal giant salamander,57,7.27
2015,OG,Coastal giant salamander,58,7.98
2015,OG,Coastal giant salamander,115,47.99
2015,OG,Cutthroat trout,100,9.79
2015,OG,Coastal giant salamander,42,2.92
2015,OG,Cutthroat trout,58,1.76
2015,OG,Coastal giant salamander,32,1.43
2015,OG,Coastal giant salamander,53,5.18
2015,OG,Coastal giant salamander,45,3.31
2015,OG,Coastal giant salamander,58,5.66
2015,OG,Coastal giant salamander,62,8.25
2015,OG,Coastal giant salamander,36,1.52
2015,OG,Coastal giant salamander,62,9.23
2015,OG,Coastal giant salamander,58,5.8
2015,OG,Cutthroat trout,128,23.91
2015,OG,Coastal giant salamander,125,67.2
2015,OG,Cutthroat trout,166,43.67
2015,OG,Cutthroat trout,103,11.19
2015,OG,Cutthroat trout,78,4.62
2015,OG,Cutthroat trout,83,5.52
2015,OG,Cutthroat trout,90,6.75
2015,OG,Cutthroat trout,108,12.2
2015,OG,Cutthroat trout,92,7.54
2015,OG,Cutthroat trout,113,13.12
2015,OG,Coastal giant salamander,59,8.69
2015,OG,Coastal giant salamander,46,3.94
2015,OG,Coastal giant salamander,39,2.48
2015,OG,Coastal giant salamander,50,4.4
2015,OG,Coastal giant salamander,50,4.24
2015,OG,Coastal giant salamander,50,4.05
2015,OG,Cutthroat trout,53,1.32
2015,OG,Cutthroat trout,106,11.85
2015,OG,Cutthroat trout,102,9.83
2015,OG,Cutthroat trout,94,8.26
2015,OG,Cutthroat trout,77,4.54
2015,OG,Cutthroat trout,105,11.32
2015,OG,Cutthroat trout,78,5.09
2015,OG,Coastal giant salamander,51,4.25
2015,OG,Coastal giant salamander,26,0.65
2015,OG,Coastal giant salamander,39,2.2
2015,OG,Coastal giant salamander,36,1.56
2015,OG,Coastal giant salamander,58,7.04
2015,OG,Coastal giant salamander,59,7.38
2015,OG,Coastal giant salamander,63,8.25
2015,OG,Cutthroat trout,86,6.58
2015,OG,Cutthroat trout,138,26.59
2015,OG,Cutthroat trout,99,9.99
2015,OG,Cutthroat trout,102,10.59
2015,OG,Cutthroat trout,90,6.63
2015,OG,Cutthroat trout,34,0.35
2015,OG,Cutthroat trout,72,2.93
2015,OG,Cutthroat trout,93,7.06
2015,OG,Cutthroat trout,95,8.12
2015,OG,Cutthroat trout,115,12.85
2015,OG,Coastal giant salamander,37,2.05
2015,OG,Coastal giant salamander,38,2.4
2015,OG,Coastal giant salamander,41,2.7
2015,OG,Coastal giant salamander,37,1.89
2015,OG,Coastal giant salamander,35,1.42
2015,OG,Coastal giant salamander,39,1.77
2015,OG,Cutthroat trout,83,5.42
2015,OG,Cutthroat trout,88,7.01
2015,OG,Cutthroat trout,90,6.26
2015,OG,Cutthroat trout,88,6.49
2015,OG,Cutthroat trout,106,12.58
2015,OG,Cutthroat trout,82,5
2015,OG,Cutthroat trout,78,4.24
2015,OG,Cutthroat trout,91,7.01
2015,OG,Coastal giant salamander,40,2.23
2015,OG,Cutthroat trout,53,1.48
2015,OG,Cutthroat trout,57,2.24
2015,OG,Cutthroat trout,56,1.94
2015,OG,Cutthroat trout,50,1.21
2015,OG,Cutthroat trout,54,1.87
2015,OG,Cutthroat trout,107,13.29
2015,OG,Coastal giant salamander,30,0.89
2015,OG,Coastal giant salamander,32,1.04
2015,OG,Coastal giant salamander,38,1.89
2015,OG,Coastal giant salamander,49,4.28
2015,OG,Coastal giant salamander,36,1.68
2015,OG,Coastal giant salamander,56,5.54
2015,OG,Coastal giant salamander,50,4.78
2015,OG,Coastal giant salamander,56,6.1
2015,OG,Coastal giant salamander,36,1.7
2015,OG,Coastal giant salamander,69,12.48
2015,OG,Cutthroat trout,48,1.2
2015,OG,Cutthroat trout,49,1.28
2015,OG,Cutthroat trout,60,2.22
2015,OG,Cutthroat trout,61,2.33
2015,OG,Cutthroat trout,89,7.4
2015,OG,Cutthroat trout,97,8.26
2015,OG,Cutthroat trout,56,1.66
2015,OG,Cutthroat trout,57,1.78
2015,OG,Cutthroat trout,48,1.09
2015,OG,Cutthroat trout,51,1.2
2015,OG,Cutthroat trout,62,2.31
2015,OG,Cutthroat trout,97,9.06
2015,OG,Cutthroat trout,86,6.43
2015,OG,Cutthroat trout,80,5.45
2015,OG,Cutthroat trout,90,6.98
2015,OG,Cutthroat trout,58,2.07
2015,OG,Cutthroat trout,58,1.73
2015,OG,Cutthroat trout,78,4.48
2015,OG,Cutthroat trout,82,5.14
2015,OG,Cutthroat trout,84,5.54
2015,OG,Cutthroat trout,107,11.72
2015,OG,Cutthroat trout,59,2.1
2015,OG,Cutthroat trout,44,0.7
2015,OG,Cutthroat trout,79,4.43
2015,OG,Cutthroat trout,134,14.16
2015,OG,Cutthroat trout,121,16.59
2015,OG,Cutthroat trout,133,22.25
2015,OG,Cutthroat trout,138,20.11
2015,OG,Cutthroat trout,114,14.27
2015,OG,Cutthroat trout,60,2.07
2015,OG,Cutthroat trout,105,11.83
2015,OG,Cutthroat trout,43,0.73
2015,OG,Cutthroat trout,101,11.11
2015,OG,Coastal giant salamander,57,4.57
2015,OG,Coastal giant salamander,67,10.94
2015,OG,Coastal giant salamander,59,7.91
2015,OG,Coastal giant salamander,31,0.93
2015,OG,Coastal giant salamander,44,2.56
2015,OG,Coastal giant salamander,40,2.58
2015,OG,Coastal giant salamander,65,9.8
2015,OG,Coastal giant salamander,59,7.43
2015,OG,Coastal giant salamander,70,13.08
2015,OG,Coastal giant salamander,48,3.61
2015,OG,Coastal giant salamander,41,2.34
2015,OG,Coastal giant salamander,40,2.28
2015,OG,Coastal giant salamander,42,2.62
2015,OG,Coastal giant salamander,44,2.76
2015,OG,Coastal giant salamander,28,0.93
2015,OG,Coastal giant salamander,44,2.92
2015,OG,Coastal giant salamander,50,3.6
2015,OG,Coastal giant salamander,39,1.89
2015,OG,Coastal giant salamander,51,4.54
2015,OG,Coastal giant salamander,43,2.7
2015,OG,Coastal giant salamander,58,4.77
2015,OG,Coastal giant salamander,39,1.95
2015,OG,Coastal giant salamander,36,1.49
2015,OG,Coastal giant salamander,35,1.71
2015,OG,Coastal giant salamander,71,13.22
2015,OG,Coastal giant salamander,135,50.45
2015,OG,Cutthroat trout,48,0.61
2015,OG,Cutthroat trout,105,10.83
2015,OG,Coastal giant salamander,30,0.92
2015,OG,Coastal giant salamander,59,9.43
2015,OG,Cutthroat trout,72,3.88
2015,OG,Cutthroat trout,93,7.88
2015,OG,Coastal giant salamander,28,0.99
2015,OG,Coastal giant salamander,51,5.52
2015,OG,Coastal giant salamander,47,3.51
2015,OG,Coastal giant salamander,46,3.34
2015,OG,Coastal giant salamander,44,3.04
2015,OG,Coastal giant salamander,61,7.66
2015,OG,Coastal giant salamander,28,0.84
2015,OG,Coastal giant salamander,31,1.27
2015,OG,Coastal giant salamander,40,2.43
2015,OG,Coastal giant salamander,45,3.75
2015,OG,Coastal giant salamander,32,1.34
2015,OG,Coastal giant salamander,49,4.2
2015,OG,Cutthroat trout,103,10.16
2015,OG,Cutthroat trout,40,0.6
2015,OG,Cutthroat trout,49,1.15
2015,OG,Cutthroat trout,62,2.21
2015,OG,Coastal giant salamander,31,1.23
2015,OG,Coastal giant salamander,27,0.7
2015,OG,Coastal giant salamander,47,4.11
2015,OG,Coastal giant salamander,48,3.95
2015,OG,Cutthroat trout,52,1.45
2015,OG,Cutthroat trout,57,2.31
2015,OG,Cutthroat trout,46,0.93
2015,OG,Cutthroat trout,49,0.91
2015,OG,Cutthroat trout,84,6.77
2015,OG,Coastal giant salamander,44,2.81
2015,OG,Coastal giant salamander,46,3.77
2015,OG,Coastal giant salamander,45,3.33
2015,OG,Coastal giant salamander,42,2.55
2015,OG,Coastal giant salamander,55,6.12
2015,OG,Coastal giant salamander,46,3.63
2015,OG,Coastal giant salamander,61,8.33
2015,OG,Coastal giant salamander,64,8.38
2015,OG,Coastal giant salamander,68,10.6
2015,OG,Coastal giant salamander,123,63.41
2015,OG,Cutthroat trout,105,11.21
2015,OG,Cutthroat trout,39,0.54
2015,OG,Cutthroat trout,50,1.1
2015,OG,Cutthroat trout,41,0.66
2015,OG,Cutthroat trout,43,0.69
2015,OG,Cutthroat trout,86,6.46
2015,OG,Cutthroat trout,98,9.31
2015,OG,Cutthroat trout,58,1.96
2015,OG,Cutthroat trout,77,5.19
2015,OG,Cutthroat trout,74,4.35
2015,OG,Cutthroat trout,88,7.26
2015,OG,Cutthroat trout,97,8.91
2015,OG,Cutthroat trout,53,1.58
2015,OG,Cutthroat trout,62,2.22
2015,OG,Cutthroat trout,152,32.88
2015,OG,Cutthroat trout,112,13.54
2015,OG,Cutthroat trout,140,25.9
2015,OG,Coastal giant salamander,45,3.18
2015,OG,Cutthroat trout,110,14.18
2015,OG,Cutthroat trout,100,10.24
2015,OG,Coastal giant salamander,41,2.33
2015,OG,Coastal giant salamander,32,0.98
2015,OG,Coastal giant salamander,45,3.34
2015,OG,Cutthroat trout,55,1.87
2015,OG,Cutthroat trout,53,1.48
2015,OG,Cutthroat trout,45,0.9
2015,OG,Cutthroat trout,45,0.86
2015,OG,Cutthroat trout,57,1.86
2015,OG,Cutthroat trout,104,11.52
2015,OG,Cutthroat trout,49,1.25
2015,OG,Cutthroat trout,62,2.18
2015,OG,Cutthroat trout,92,8.28
2015,OG,Cutthroat trout,121,18.01
2015,OG,Cutthroat trout,97,9.25
2015,OG,Cutthroat trout,118,18.52
2015,OG,Cutthroat trout,92,7.98
2015,OG,Coastal giant salamander,58,7.45
2015,OG,Coastal giant salamander,70,12.47
2015,OG,Coastal giant salamander,62,8.73
2015,OG,Coastal giant salamander,60,7.61
2015,OG,Coastal giant salamander,31,1.28
2015,OG,Coastal giant salamander,65,10.12
2015,OG,Cutthroat trout,51,1.27
2015,OG,Cutthroat trout,97,9.35
2015,OG,Cutthroat trout,85,5.84
2015,OG,Cutthroat trout,98,8.83
2015,OG,Cutthroat trout,98,9.68
2015,OG,Cutthroat trout,108,12.39
2015,OG,Cutthroat trout,84,6.48
2015,OG,Cutthroat trout,88,6.89
2015,OG,Cutthroat trout,81,5.42
2015,OG,Cutthroat trout,128,21.7
2015,OG,Cutthroat trout,108,13.48
2015,OG,Cutthroat trout,146,27.74
2015,OG,Cutthroat trout,108,12.76
2015,OG,Cutthroat trout,67,2.84
2015,OG,Cutthroat trout,84,5.86
2015,OG,Cutthroat trout,90,6.92
2015,OG,Cutthroat trout,117,16.45
2015,OG,Cutthroat trout,155,36.81
2015,OG,Cutthroat trout,124,19.47
2015,OG,Coastal giant salamander,55,6.39
2015,OG,Coastal giant salamander,55,5.35
2015,OG,Cutthroat trout,61,2.34
2015,OG,Cutthroat trout,61,2.16
2015,OG,Cutthroat trout,57,1.91
2015,OG,Cutthroat trout,53,1.34
2015,OG,Cutthroat trout,67,3
2015,OG,Cutthroat trout,80,5.08
2015,OG,Cutthroat trout,93,6.76
2015,OG,Cutthroat trout,100,10.08
2015,OG,Cutthroat trout,62,2.69
2015,OG,Cutthroat trout,57,1.79
2015,OG,Cutthroat trout,106,10.57
2015,OG,Cutthroat trout,88,6.53
2015,OG,Cutthroat trout,92,8.05
2015,OG,Cutthroat trout,93,8.32
2015,OG,Cutthroat trout,79,5.02
2015,OG,Cutthroat trout,75,4.44
2015,OG,Cutthroat trout,50,1.28
2015,OG,Cutthroat trout,47,1.12
2015,OG,Cutthroat trout,61,2.17
2015,OG,Cutthroat trout,58,1.94
2015,OG,Cutthroat trout,80,5.27
2015,OG,Cutthroat trout,88,7.22
2015,OG,Cutthroat trout,100,10.42
2015,OG,Cutthroat trout,102,10.56
2015,OG,Cutthroat trout,118,15.98
2015,OG,Cutthroat trout,134,23.56
2015,OG,Cutthroat trout,88,7.25
2015,OG,Coastal giant salamander,58,6.89
2015,OG,Coastal giant salamander,49,3.43
2015,OG,Coastal giant salamander,33,1.39
2015,OG,Coastal giant salamander,51,4.88
2015,OG,Cutthroat trout,64,2.6
2015,OG,Cutthroat trout,63,2.5
2015,OG,Cutthroat trout,78,4.72
2015,OG,Cutthroat trout,85,6.28
2015,OG,Cutthroat trout,104,11.59
2015,OG,Cutthroat trout,127,21.65
2015,OG,Cutthroat trout,111,13.1
2015,OG,Cutthroat trout,49,1.12
2015,OG,Cutthroat trout,63,2.55
2015,OG,Coastal giant salamander,47,3.54
2015,OG,Coastal giant salamander,53,4.97
2015,OG,Coastal giant salamander,36,2.22
2015,OG,Coastal giant salamander,56,6.81
2015,OG,Cutthroat trout,129,20.06
2015,OG,Coastal giant salamander,40,2.8
2015,OG,Coastal giant salamander,58,7.56
2015,OG,Coastal giant salamander,52,5.27
2015,OG,Coastal giant salamander,65,10.72
2015,OG,Coastal giant salamander,50,4.26
2015,OG,Coastal giant salamander,55,5.86
2015,OG,Coastal giant salamander,50,4.04
2015,OG,Coastal giant salamander,39,1.98
2015,OG,Coastal giant salamander,65,8.99
2015,OG,Coastal giant salamander,109,39.78
2015,OG,Cutthroat trout,100,9.57
2015,OG,Cutthroat trout,131,21.92
2015,OG,Cutthroat trout,125,18.99
2015,OG,Coastal giant salamander,48,3.15
2015,OG,Cutthroat trout,89,7.66
2015,OG,Cutthroat trout,108,12.92
2015,OG,Cutthroat trout,105,11.45
2015,OG,Coastal giant salamander,34,1.6
2015,OG,Coastal giant salamander,55,6.91
2015,OG,Coastal giant salamander,52,5.7
2015,OG,Coastal giant salamander,62,9.68
2015,OG,Coastal giant salamander,40,2.51
2015,OG,Coastal giant salamander,41,2.54
2015,OG,Cutthroat trout,107,11.72
2015,OG,Coastal giant salamander,40,2.39
2015,OG,Coastal giant salamander,41,2.36
2015,OG,Coastal giant salamander,44,3.35
2015,OG,Coastal giant salamander,35,1.71
2015,OG,Cutthroat trout,63,2.51
2015,OG,Cutthroat trout,48,1.12
2015,OG,Cutthroat trout,94,9.15
2015,OG,Cutthroat trout,139,26.42
2015,OG,Cutthroat trout,123,19.02
2015,OG,Coastal giant salamander,43,3.42
2015,OG,Coastal giant salamander,28,0.82
2015,OG,Coastal giant salamander,39,2.06
2015,OG,Coastal giant salamander,52,5.62
2015,OG,Coastal giant salamander,39,2.09
2015,OG,Coastal giant salamander,64,9.82
2015,OG,Coastal giant salamander,41,2.69
2015,OG,Coastal giant salamander,36,1.8
2015,OG,Coastal giant salamander,51,5.07
2015,OG,Coastal giant salamander,54,5.66
2015,OG,Coastal giant salamander,36,1.81
2016,CC,Cutthroat trout,91,7.2
2016,CC,Cutthroat trout,97,10.03
2016,CC,Cutthroat trout,94,8.12
2016,CC,Cutthroat trout,104,11.21
2016,CC,Coastal giant salamander,60,8.19
2016,CC,Cutthroat trout,46,1.01
2016,CC,Cutthroat trout,120,17.34
2016,CC,Cutthroat trout,88,7.08
2016,CC,Cutthroat trout,146,31.72
2016,CC,Cutthroat trout,94,7.99
2016,CC,Cutthroat trout,93,8.05
2016,CC,Coastal giant salamander,53,5.69
2016,CC,Cutthroat trout,53,1.85
2016,CC,Cutthroat trout,83,5.61
2016,CC,Cutthroat trout,91,9
2016,CC,Cutthroat trout,95,7.89
2016,CC,Coastal giant salamander,38,2.03
2016,CC,Coastal giant salamander,41,2.66
2016,CC,Coastal giant salamander,26,0.7
2016,CC,Coastal giant salamander,51,5.27
2016,CC,Coastal giant salamander,62,9.09
2016,CC,Coastal giant salamander,58,6.75
2016,CC,Coastal giant salamander,56,6.84
2016,CC,Coastal giant salamander,31,1.14
2016,CC,Coastal giant salamander,57,6.9
2016,CC,Coastal giant salamander,71,15
2016,CC,Coastal giant salamander,52,5.43
2016,CC,Coastal giant salamander,55,6.17
2016,CC,Coastal giant salamander,62,8.98
2016,CC,Coastal giant salamander,63,9.37
2016,CC,Coastal giant salamander,68,11.15
2016,CC,Coastal giant salamander,135,77.88
2016,CC,Cutthroat trout,44,0.85
2016,CC,Cutthroat trout,56,1.81
2016,CC,Cutthroat trout,51,1.35
2016,CC,Cutthroat trout,53,1.44
2016,CC,Cutthroat trout,58,2.01
2016,CC,Cutthroat trout,58,2.02
2016,CC,Cutthroat trout,56,1.84
2016,CC,Cutthroat trout,55,1.58
2016,CC,Cutthroat trout,53,1.44
2016,CC,Cutthroat trout,106,11.67
2016,CC,Cutthroat trout,90,7.19
2016,CC,Cutthroat trout,102,9.84
2016,CC,Cutthroat trout,127,22.22
2016,CC,Cutthroat trout,53,1.53
2016,CC,Cutthroat trout,53,1.84
2016,CC,Cutthroat trout,56,1.72
2016,CC,Cutthroat trout,55,1.46
2016,CC,Cutthroat trout,89,6.8
2016,CC,Cutthroat trout,115,14.7
2016,CC,Cutthroat trout,39,0.56
2016,CC,Cutthroat trout,53,1.31
2016,CC,Cutthroat trout,51,1.39
2016,CC,Cutthroat trout,52,1.65
2016,CC,Cutthroat trout,47,1.05
2016,CC,Cutthroat trout,95,8.55
2016,CC,Cutthroat trout,82,5.27
2016,CC,Cutthroat trout,105,11.45
2016,CC,Cutthroat trout,97,9.07
2016,CC,Coastal giant salamander,42,2.55
2016,CC,Coastal giant salamander,45,3.75
2016,CC,Cutthroat trout,43,0.88
2016,CC,Cutthroat trout,58,2.08
2016,CC,Cutthroat trout,47,1.01
2016,CC,Cutthroat trout,43,0.82
2016,CC,Cutthroat trout,39,0.63
2016,CC,Cutthroat trout,53,1.54
2016,CC,Cutthroat trout,52,1.43
2016,CC,Cutthroat trout,58,1.93
2016,CC,Cutthroat trout,98,9.76
2016,CC,Cutthroat trout,101,9.68
2016,CC,Cutthroat trout,115,16.15
2016,CC,Cutthroat trout,140,29.03
2016,CC,Coastal giant salamander,51,5.72
2016,CC,Coastal giant salamander,36,1.6
2016,CC,Coastal giant salamander,43,3.14
2016,CC,Coastal giant salamander,52,5.38
2016,CC,Coastal giant salamander,52,4.47
2016,CC,Coastal giant salamander,44,3.41
2016,CC,Coastal giant salamander,65,9.34
2016,CC,Coastal giant salamander,43,3.14
2016,CC,Coastal giant salamander,52,4.47
2016,CC,Coastal giant salamander,42,3.43
2016,CC,Coastal giant salamander,39,1.82
2016,CC,Cutthroat trout,53,1.54
2016,CC,Cutthroat trout,90,7.42
2016,CC,Cutthroat trout,138,28.25
2016,CC,Coastal giant salamander,50,4.78
2016,CC,Coastal giant salamander,48,4.89
2016,CC,Cutthroat trout,43,0.77
2016,CC,Cutthroat trout,41,0.69
2016,CC,Cutthroat trout,58,2.08
2016,CC,Cutthroat trout,50,1.51
2016,CC,Cutthroat trout,57,2.26
2016,CC,Cutthroat trout,58,2.05
2016,CC,Coastal giant salamander,42,3.18
2016,CC,Coastal giant salamander,40,2.25
2016,CC,Coastal giant salamander,70,13.28
2016,CC,Coastal giant salamander,45,3.25
2016,CC,Coastal giant salamander,52,5.47
2016,CC,Cutthroat trout,99,11.15
2016,CC,Cutthroat trout,129,21.93
2016,CC,Coastal giant salamander,58,7.02
2016,CC,Cutthroat trout,50,1.35
2016,CC,Cutthroat trout,47,0.88
2016,CC,Cutthroat trout,61,2.34
2016,CC,Cutthroat trout,47,1.09
2016,CC,Cutthroat trout,53,1.59
2016,CC,Cutthroat trout,58,2.01
2016,CC,Cutthroat trout,55,1.71
2016,CC,Cutthroat trout,97,9.67
2016,CC,Cutthroat trout,54,1.51
2016,CC,Cutthroat trout,88,6.58
2016,CC,Cutthroat trout,142,26.47
2016,CC,Cutthroat trout,56,1.84
2016,CC,Cutthroat trout,118,16.79
2016,CC,Cutthroat trout,94,8.49
2016,CC,Cutthroat trout,107,11.71
2016,CC,Cutthroat trout,113,14.23
2016,CC,Cutthroat trout,92,7.81
2016,CC,Coastal giant salamander,50,3.99
2016,CC,Coastal giant salamander,70,12.38
2016,CC,Coastal giant salamander,41,2.64
2016,CC,Coastal giant salamander,61,8.77
2016,CC,Coastal giant salamander,41,2.92
2016,CC,Coastal giant salamander,50,5.27
2016,CC,Coastal giant salamander,49,2.9
2016,CC,Coastal giant salamander,71,14.03
2016,CC,Coastal giant salamander,141,90.77
2016,CC,Cutthroat trout,48,1.3
2016,CC,Cutthroat trout,107,11.81
2016,CC,Cutthroat trout,103,12.2
2016,CC,Cutthroat trout,125,20.58
2016,CC,Cutthroat trout,90,7.4
2016,CC,Cutthroat trout,105,11.3
2016,CC,Cutthroat trout,116,15.45
2016,CC,Cutthroat trout,55,1.6
2016,CC,Cutthroat trout,115,15.95
2016,CC,Coastal giant salamander,39,2.45
2016,CC,Coastal giant salamander,31,1.31
2016,CC,Coastal giant salamander,43,3.8
2016,CC,Coastal giant salamander,55,6.42
2016,CC,Coastal giant salamander,64,10.6
2016,CC,Coastal giant salamander,69,11.64
2016,CC,Cutthroat trout,49,1.2
2016,CC,Cutthroat trout,99,9.85
2016,CC,Cutthroat trout,90,7.67
2016,CC,Cutthroat trout,97,8.46
2016,CC,Cutthroat trout,121,17.56
2016,CC,Cutthroat trout,133,22.75
2016,CC,Coastal giant salamander,42,3.43
2016,CC,Coastal giant salamander,39,1.82
2016,CC,Coastal giant salamander,29,1.05
2016,CC,Coastal giant salamander,47,3.85
2016,CC,Coastal giant salamander,50,4
2016,CC,Coastal giant salamander,59,8.05
2016,CC,Cutthroat trout,43,0.87
2016,CC,Cutthroat trout,51,1.28
2016,CC,Cutthroat trout,47,1.08
2016,CC,Cutthroat trout,50,1.27
2016,CC,Cutthroat trout,54,1.47
2016,CC,Cutthroat trout,85,6.54
2016,CC,Coastal giant salamander,49,4.02
2016,CC,Coastal giant salamander,41,2.5
2016,CC,Coastal giant salamander,54,5.38
2016,CC,Coastal giant salamander,50,5.16
2016,CC,Coastal giant salamander,52,4.81
2016,CC,Coastal giant salamander,69,12.25
2016,CC,Coastal giant salamander,65,9.5
2016,CC,Coastal giant salamander,78,18.59
2016,CC,Cutthroat trout,59,2.01
2016,CC,Cutthroat trout,53,1.5
2016,CC,Cutthroat trout,52,1.46
2016,CC,Cutthroat trout,44,0.82
2016,CC,Cutthroat trout,88,6.89
2016,CC,Coastal giant salamander,45,3.64
2016,CC,Coastal giant salamander,35,1.72
2016,CC,Coastal giant salamander,32,1.2
2016,CC,Coastal giant salamander,49,4.5
2016,CC,Coastal giant salamander,32,1.23
2016,CC,Coastal giant salamander,51,5.78
2016,CC,Coastal giant salamander,59,7.55
2016,CC,Coastal giant salamander,71,12.4
2016,CC,Coastal giant salamander,71,12.78
2016,CC,Coastal giant salamander,65,10.04
2016,CC,Coastal giant salamander,39,2.48
2016,CC,Coastal giant salamander,45,3.82
2016,CC,Coastal giant salamander,49,4.55
2016,CC,Coastal giant salamander,30,0.8
2016,CC,Coastal giant salamander,67,11.62
2016,CC,Coastal giant salamander,66,11.65
2016,CC,Cutthroat trout,39,0.56
2016,CC,Cutthroat trout,95,7.71
2016,CC,Cutthroat trout,120,19.87
2016,CC,Cutthroat trout,101,10.05
2016,CC,Coastal giant salamander,55,5.34
2016,CC,Coastal giant salamander,48,4.01
2016,CC,Coastal giant salamander,55,5.8
2016,CC,Coastal giant salamander,30,0.95
2016,CC,Coastal giant salamander,50,5.53
2016,CC,Coastal giant salamander,28,0.9
2016,CC,Coastal giant salamander,82,20.64
2016,CC,Cutthroat trout,58,1.9
2016,CC,Cutthroat trout,39,0.5
2016,CC,Cutthroat trout,44,0.8
2016,CC,Cutthroat trout,63,2.3
2016,CC,Cutthroat trout,124,19.9
2016,CC,Cutthroat trout,63,2.5
2016,CC,Cutthroat trout,88,6.7
2016,CC,Cutthroat trout,97,8.7
2016,CC,Cutthroat trout,105,11.6
2016,CC,Cutthroat trout,112,12.8
2016,CC,Cutthroat trout,50,1.3
2016,CC,Cutthroat trout,88,7
2016,CC,Cutthroat trout,101,10.8
2016,CC,Cutthroat trout,114,14.5
2016,CC,Coastal giant salamander,50,6
2016,CC,Coastal giant salamander,39,2.9
2016,CC,Coastal giant salamander,56,9.2
2016,CC,Coastal giant salamander,35,1.6
2016,CC,Coastal giant salamander,40,2.4
2016,CC,Coastal giant salamander,45,4.1
2016,CC,Coastal giant salamander,52,5.7
2016,CC,Coastal giant salamander,65,12.2
2016,CC,Cutthroat trout,59,2.1
2016,CC,Cutthroat trout,61,2.2
2016,CC,Cutthroat trout,118,16.3
2016,CC,Cutthroat trout,149,33.9
2016,CC,Cutthroat trout,133,25.2
2016,CC,Cutthroat trout,132,22.2
2016,CC,Cutthroat trout,169,44.7
2016,CC,Coastal giant salamander,33,1.5
2016,CC,Coastal giant salamander,36,1.7
2016,CC,Coastal giant salamander,72,13.3
2016,CC,Cutthroat trout,98,9.3
2016,CC,Cutthroat trout,103,10.7
2016,CC,Cutthroat trout,48,1.2
2016,CC,Cutthroat trout,45,1
2016,CC,Cutthroat trout,58,2
2016,CC,Cutthroat trout,57,1.7
2016,CC,Cutthroat trout,60,2.5
2016,CC,Cutthroat trout,67,2.9
2016,CC,Cutthroat trout,58,2.1
2016,CC,Cutthroat trout,63,2.4
2016,CC,Cutthroat trout,60,2.2
2016,CC,Cutthroat trout,67,3
2016,CC,Cutthroat trout,88,7.3
2016,CC,Cutthroat trout,57,1.7
2016,CC,Cutthroat trout,100,10.3
2016,CC,Cutthroat trout,103,10.5
2016,CC,Cutthroat trout,89,6.9
2016,CC,Cutthroat trout,123,17.1
2016,CC,Coastal giant salamander,51,4.3
2016,CC,Coastal giant salamander,51,4.5
2016,CC,Coastal giant salamander,46,3.4
2016,CC,Coastal giant salamander,47,4
2016,CC,Coastal giant salamander,45,3
2016,CC,Coastal giant salamander,31,1.2
2016,CC,Coastal giant salamander,30,0.8
2016,CC,Coastal giant salamander,48,4.7
2016,CC,Coastal giant salamander,42,3.1
2016,CC,Coastal giant salamander,56,6.4
2016,CC,Coastal giant salamander,32,1.6
2016,CC,Coastal giant salamander,32,1.2
2016,CC,Coastal giant salamander,50,5
2016,CC,Cutthroat trout,48,1.1
2016,CC,Coastal giant salamander,33,1.4
2016,CC,Coastal giant salamander,53,5.8
2016,CC,Coastal giant salamander,42,3.1
2016,CC,Coastal giant salamander,35,1.3
2016,CC,Cutthroat trout,90,7.4
2016,CC,Cutthroat trout,100,10.4
2016,CC,Cutthroat trout,106,12.1
2016,CC,Cutthroat trout,120,18.1
2016,CC,Cutthroat trout,93,8.3
2016,CC,Cutthroat trout,135,25.6
2016,CC,Cutthroat trout,134,29.3
2016,CC,Cutthroat trout,105,11.5
2016,CC,Coastal giant salamander,42,2.8
2016,CC,Coastal giant salamander,39,2
2016,CC,Coastal giant salamander,60,9.1
2016,CC,Coastal giant salamander,70,12.4
2016,CC,Coastal giant salamander,68,11
2016,CC,Cutthroat trout,112,13.6
2016,CC,Cutthroat trout,143,31.4
2016,CC,Cutthroat trout,118,16.8
2016,CC,Cutthroat trout,130,22
2016,CC,Coastal giant salamander,47,3.7
2016,CC,Coastal giant salamander,51,5.5
2016,CC,Coastal giant salamander,35,1.6
2016,CC,Coastal giant salamander,42,3
2016,CC,Coastal giant salamander,39,2
2016,CC,Coastal giant salamander,57,7.3
2016,CC,Cutthroat trout,108,13.2
2016,CC,Cutthroat trout,92,7.7
2016,CC,Cutthroat trout,120,18.3
2016,CC,Cutthroat trout,125,21.1
2016,CC,Cutthroat trout,92,7.7
2016,CC,Cutthroat trout,138,26.2
2016,CC,Coastal giant salamander,42,3.1
2016,CC,Coastal giant salamander,63,9.7
2016,CC,Coastal giant salamander,95,33
2016,CC,Cutthroat trout,48,1
2016,CC,Cutthroat trout,63,2.3
2016,CC,Cutthroat trout,97,9.4
2016,CC,Cutthroat trout,48,1.1
2016,CC,Cutthroat trout,58,2.3
2016,CC,Cutthroat trout,61,2.3
2016,CC,Cutthroat trout,90,7.1
2016,CC,Cutthroat trout,95,8.2
2016,CC,Cutthroat trout,96,8.3
2016,CC,Cutthroat trout,111,14.8
2016,CC,Coastal giant salamander,39,1.9
2016,CC,Coastal giant salamander,40,2.5
2016,CC,Coastal giant salamander,50,5.1
2016,CC,Coastal giant salamander,51,4.8
2016,CC,Cutthroat trout,50,1.3
2016,CC,Coastal giant salamander,27,0.9
2016,CC,Coastal giant salamander,31,1.2
2016,CC,Coastal giant salamander,42,3.7
2016,CC,Coastal giant salamander,51,5.8
2016,CC,Cutthroat trout,119,16.9
2016,CC,Cutthroat trout,146,32.4
2016,CC,Coastal giant salamander,49,4.6
2016,CC,Coastal giant salamander,49,3.3
2016,CC,Coastal giant salamander,49,4.6
2016,CC,Coastal giant salamander,42,2.7
2016,CC,Coastal giant salamander,62,8.6
2016,CC,Cutthroat trout,127,21.7
2016,CC,Cutthroat trout,172,54.1
2016,CC,Coastal giant salamander,29,1.3
2016,CC,Coastal giant salamander,32,1.3
2016,CC,Coastal giant salamander,39,2.2
2016,CC,Coastal giant salamander,62,9.2
2016,CC,Cutthroat trout,143,27.8
2016,CC,Coastal giant salamander,40,2.3
2016,CC,Coastal giant salamander,30,1.1
2016,CC,Coastal giant salamander,44,3.7
2016,CC,Coastal giant salamander,30,1.1
2016,CC,Coastal giant salamander,52,6.9
2016,CC,Coastal giant salamander,45,3.2
2016,CC,Coastal giant salamander,53,6.8
2016,CC,Coastal giant salamander,63,9.9
2016,CC,Coastal giant salamander,67,11.4
2016,CC,Coastal giant salamander,40,2.5
2016,CC,Cutthroat trout,98,8.7
2016,CC,Coastal giant salamander,41,3.1
2016,CC,Coastal giant salamander,29,1
2016,CC,Cutthroat trout,91,7.9
2016,CC,Cutthroat trout,155,41.4
2016,CC,Coastal giant salamander,28,0.6
2016,CC,Coastal giant salamander,41,2.7
2016,CC,Cutthroat trout,47,1
2016,CC,Coastal giant salamander,37,2.2
2016,CC,Coastal giant salamander,52,5.6
2016,CC,Coastal giant salamander,50,4.8
2016,CC,Cutthroat trout,95,9.5
2016,CC,Cutthroat trout,50,1.3
2016,CC,Cutthroat trout,49,1.3
2016,CC,Cutthroat trout,49,1.2
2016,CC,Cutthroat trout,53,1.6
2016,CC,Cutthroat trout,51,1.3
2016,CC,Cutthroat trout,45,0.9
2016,CC,Cutthroat trout,47,1.2
2016,CC,Cutthroat trout,48,1.1
2016,CC,Cutthroat trout,53,1.6
2016,CC,Cutthroat trout,93,10.3
2016,CC,Coastal giant salamander,49,4.2
2016,CC,Coastal giant salamander,46,3.7
2016,CC,Coastal giant salamander,45,3.6
2016,CC,Coastal giant salamander,41,2.5
2016,CC,Coastal giant salamander,48,4
2016,CC,Coastal giant salamander,49,3.9
2016,CC,Cutthroat trout,117,17
2016,CC,Coastal giant salamander,61,9.7
2016,CC,Coastal giant salamander,67,11.4
2016,CC,Coastal giant salamander,73,15
2016,CC,Cutthroat trout,46,1.1
2016,CC,Coastal giant salamander,35,1.8
2016,CC,Coastal giant salamander,31,1.2
2016,CC,Coastal giant salamander,26,0.8
2016,CC,Coastal giant salamander,30,1.2
2016,CC,Coastal giant salamander,38,1.9
2016,CC,Cutthroat trout,133,24.9
2016,CC,Cutthroat trout,139,29.8
2016,CC,Cutthroat trout,110,14.6
2016,CC,Coastal giant salamander,40,2.3
2016,CC,Coastal giant salamander,35,3.2
2016,CC,Coastal giant salamander,49,4.2
2016,CC,Coastal giant salamander,58,7.5
2016,CC,Coastal giant salamander,60,6.7
2016,CC,Cutthroat trout,45,1
2016,CC,Cutthroat trout,37,0.6
2016,CC,Cutthroat trout,36,0.5
2016,CC,Cutthroat trout,52,1.4
2016,CC,Cutthroat trout,57,1.6
2016,CC,Cutthroat trout,60,2.2
2016,CC,Cutthroat trout,54,1.5
2016,CC,Cutthroat trout,53,1.3
2016,CC,Cutthroat trout,44,0.9
2016,CC,Cutthroat trout,48,1.4
2016,CC,Cutthroat trout,90,6.8
2016,CC,Coastal giant salamander,49,4.1
2016,CC,Coastal giant salamander,42,2.9
2016,CC,Coastal giant salamander,46,3.3
2016,CC,Coastal giant salamander,64,9.5
2016,CC,Coastal giant salamander,62,8.6
2016,CC,Coastal giant salamander,69,11.6
2016,CC,Cutthroat trout,112,14.5
2016,CC,Cutthroat trout,99,9.2
2016,CC,Cutthroat trout,100,9.9
2016,CC,Cutthroat trout,40,0.5
2016,CC,Cutthroat trout,51,1.2
2016,CC,Cutthroat trout,55,1.8
2016,CC,Cutthroat trout,56,1.9
2016,CC,Cutthroat trout,61,2.3
2016,CC,Cutthroat trout,92,7.4
2016,CC,Cutthroat trout,43,0.8
2016,CC,Cutthroat trout,47,1
2016,CC,Cutthroat trout,56,1.7
2016,CC,Cutthroat trout,95,8.9
2016,CC,Cutthroat trout,95,8
2016,CC,Cutthroat trout,126,17.4
2016,CC,Coastal giant salamander,46,3.4
2016,CC,Coastal giant salamander,42,2.4
2016,CC,Coastal giant salamander,40,2.7
2016,CC,Coastal giant salamander,51,4.4
2016,CC,Coastal giant salamander,38,1.9
2016,CC,Coastal giant salamander,28,0.8
2016,CC,Coastal giant salamander,52,5.2
2016,CC,Coastal giant salamander,50,4.2
2016,CC,Coastal giant salamander,62,8.5
2016,CC,Coastal giant salamander,63,8
2016,CC,Coastal giant salamander,60,6.9
2016,CC,Cutthroat trout,58,2
2016,CC,Coastal giant salamander,30,1.2
2016,CC,Cutthroat trout,100,10.7
2016,CC,Cutthroat trout,104,11
2016,CC,Cutthroat trout,42,0.7
2016,CC,Cutthroat trout,45,0.9
2016,CC,Cutthroat trout,54,1.7
2016,CC,Cutthroat trout,42,0.8
2016,CC,Cutthroat trout,116,15.6
2016,CC,Cutthroat trout,119,17.8
2016,CC,Cutthroat trout,88,6.9
2016,CC,Cutthroat trout,104,10.4
2016,CC,Coastal giant salamander,42,3.1
2016,CC,Coastal giant salamander,48,3.4
2016,CC,Cutthroat trout,57,1.8
2016,CC,Cutthroat trout,53,1.5
2016,CC,Cutthroat trout,61,2.2
2016,CC,Cutthroat trout,43,0.9
2016,CC,Cutthroat trout,62,2.3
2016,CC,Cutthroat trout,47,1.1
2016,CC,Cutthroat trout,113,10.4
2016,CC,Cutthroat trout,121,18.4
2016,CC,Cutthroat trout,94,7.8
2016,CC,Cutthroat trout,47,1
2016,CC,Cutthroat trout,98,10
2016,CC,Cutthroat trout,130,21.8
2016,CC,Cutthroat trout,111,13.4
2016,CC,Cutthroat trout,90,6.8
2016,CC,Cutthroat trout,98,8.8
2016,CC,Coastal giant salamander,47,3.8
2016,CC,Coastal giant salamander,41,2.6
2016,CC,Coastal giant salamander,31,1.2
2016,CC,Coastal giant salamander,48,4
2016,CC,Coastal giant salamander,67,10.9
2016,CC,Cutthroat trout,57,1.9
2016,CC,Cutthroat trout,53,1.4
2016,CC,Cutthroat trout,56,1.6
2016,CC,Cutthroat trout,66,3.2
2016,CC,Cutthroat trout,59,2.1
2016,CC,Cutthroat trout,102,10.1
2016,CC,Cutthroat trout,143,27.8
2016,CC,Coastal giant salamander,65,10.2
2016,CC,Cutthroat trout,58,2.4
2016,CC,Cutthroat trout,40,0.6
2016,CC,Cutthroat trout,55,1.7
2016,CC,Cutthroat trout,102,10.3
2016,CC,Cutthroat trout,120,17.8
2016,CC,Cutthroat trout,122,17.7
2016,CC,Coastal giant salamander,31,1.1
2016,CC,Coastal giant salamander,60,8.7
2016,CC,Coastal giant salamander,65,9.3
2016,CC,Coastal giant salamander,63,9.1
2016,CC,Coastal giant salamander,128,69
2016,CC,Cutthroat trout,41,0.8
2016,CC,Cutthroat trout,49,1.2
2016,CC,Cutthroat trout,55,1.7
2016,CC,Cutthroat trout,40,0.7
2016,CC,Cutthroat trout,67,3.1
2016,CC,Cutthroat trout,58,1.9
2016,CC,Cutthroat trout,60,2.3
2016,CC,Cutthroat trout,45,1.1
2016,CC,Cutthroat trout,60,2.1
2016,CC,Cutthroat trout,47,1
2016,CC,Cutthroat trout,53,1.6
2016,CC,Cutthroat trout,68,3.4
2016,CC,Cutthroat trout,102,10.7
2016,CC,Cutthroat trout,116,17.1
2016,CC,Coastal giant salamander,31,1.9
2016,CC,Coastal giant salamander,47,4.9
2016,CC,Coastal giant salamander,39,2.9
2016,CC,Coastal giant salamander,42,3
2016,CC,Coastal giant salamander,40,2.5
2016,CC,Coastal giant salamander,65,10.1
2016,CC,Coastal giant salamander,29,0.9
2016,CC,Coastal giant salamander,40,2
2016,CC,Coastal giant salamander,30,0.9
2016,CC,Coastal giant salamander,47,4
2016,CC,Coastal giant salamander,40,2.4
2016,CC,Coastal giant salamander,64,9.5
2016,CC,Coastal giant salamander,52,5.3
2016,CC,Coastal giant salamander,62,9.3
2016,CC,Coastal giant salamander,49,4.8
2016,CC,Coastal giant salamander,66,10.4
2016,CC,Coastal giant salamander,60,8
2016,CC,Coastal giant salamander,61,8.3
2016,CC,Coastal giant salamander,112,40.7
2016,CC,Coastal giant salamander,125,58.4
2016,CC,Cutthroat trout,60,2.2
2016,CC,Cutthroat trout,50,1.2
2016,CC,Cutthroat trout,49,1
2016,CC,Cutthroat trout,64,2.7
2016,CC,Cutthroat trout,55,1.8
2016,CC,Coastal giant salamander,38,2
2016,CC,Coastal giant salamander,39,2.3
2016,CC,Coastal giant salamander,50,4.9
2016,CC,Coastal giant salamander,45,3.3
2016,CC,Cutthroat trout,137,27.3
2016,CC,Coastal giant salamander,55,7
2016,CC,Coastal giant salamander,44,2.8
2016,CC,Coastal giant salamander,39,2.3
2016,CC,Coastal giant salamander,61,8.1
2016,CC,Coastal giant salamander,40,2.5
2016,CC,Coastal giant salamander,30,0.9
2016,CC,Coastal giant salamander,47,4.3
2016,CC,Coastal giant salamander,48,3.6
2016,CC,Coastal giant salamander,72,14.6
2016,CC,Coastal giant salamander,65,9.6
2016,CC,Coastal giant salamander,119,41.1
2016,CC,Cutthroat trout,50,1.3
2016,CC,Cutthroat trout,51,1.3
2016,CC,Cutthroat trout,90,7.3
2016,CC,Coastal giant salamander,39,2.3
2016,CC,Coastal giant salamander,43,2.8
2016,CC,Coastal giant salamander,41,2.7
2016,CC,Cutthroat trout,40,0.6
2016,CC,Cutthroat trout,49,1.3
2016,CC,Cutthroat trout,50,1.5
2016,CC,Cutthroat trout,85,6.8
2016,CC,Coastal giant salamander,31,1.4
2016,CC,Cutthroat trout,60,2.1
2016,CC,Cutthroat trout,118,16.3
2016,CC,Coastal giant salamander,29,0.9
2016,CC,Coastal giant salamander,55,7.5
2016,CC,Cutthroat trout,165,42.8
2016,CC,Coastal giant salamander,68,10.8
2016,CC,Coastal giant salamander,61,8.6
2016,CC,Coastal giant salamander,60,7.9
2016,CC,Coastal giant salamander,31,1
2016,CC,Coastal giant salamander,66,11.3
2016,CC,Coastal giant salamander,71,14.1
2016,OG,Cutthroat trout,53,1.52
2016,OG,Cutthroat trout,50,1.28
2016,OG,Cutthroat trout,55,1.69
2016,OG,Cutthroat trout,84,5.31
2016,OG,Cutthroat trout,102,9.9
2016,OG,Cutthroat trout,120,17.41
2016,OG,Coastal giant salamander,57,6
2016,OG,Coastal giant salamander,49,4.36
2016,OG,Cutthroat trout,110,12.99
2016,OG,Cutthroat trout,129,20.26
2016,OG,Cutthroat trout,42,0.68
2016,OG,Cutthroat trout,42,0.73
2016,OG,Cutthroat trout,107,11.84
2016,OG,Cutthroat trout,130,21.17
2016,OG,Cutthroat trout,84,6.17
2016,OG,Cutthroat trout,116,14.73
2016,OG,Cutthroat trout,116,15.96
2016,OG,Cutthroat trout,167,44.77
2016,OG,Cutthroat trout,87,6.49
2016,OG,Cutthroat trout,110,12.72
2016,OG,Cutthroat trout,100,10.38
2016,OG,Cutthroat trout,104,10.87
2016,OG,Cutthroat trout,58,2.26
2016,OG,Cutthroat trout,52,1.37
2016,OG,Cutthroat trout,47,1.05
2016,OG,Cutthroat trout,88,7.23
2016,OG,Cutthroat trout,86,6.22
2016,OG,Cutthroat trout,115,13.96
2016,OG,Cutthroat trout,53,1.35
2016,OG,Coastal giant salamander,28,0.79
2016,OG,Coastal giant salamander,39,2.31
2016,OG,Coastal giant salamander,37,1.99
2016,OG,Coastal giant salamander,49,4.14
2016,OG,Coastal giant salamander,60,6.97
2016,OG,Coastal giant salamander,74,13.24
2016,OG,Coastal giant salamander,75,15.39
2016,OG,Coastal giant salamander,60,7.44
2016,OG,Coastal giant salamander,63,8.2
2016,OG,Cutthroat trout,58,1.82
2016,OG,Cutthroat trout,60,2.08
2016,OG,Cutthroat trout,106,11.71
2016,OG,Cutthroat trout,114,13.88
2016,OG,Coastal giant salamander,35,1.66
2016,OG,Coastal giant salamander,46,3.23
2016,OG,Coastal giant salamander,34,1.39
2016,OG,Coastal giant salamander,40,2.23
2016,OG,Coastal giant salamander,40,2.38
2016,OG,Cutthroat trout,100,9.81
2016,OG,Cutthroat trout,60,2.12
2016,OG,Cutthroat trout,50,1.51
2016,OG,Cutthroat trout,52,1.32
2016,OG,Cutthroat trout,54,1.61
2016,OG,Cutthroat trout,122,18.18
2016,OG,Cutthroat trout,89,7.04
2016,OG,Cutthroat trout,108,11.57
2016,OG,Cutthroat trout,114,15.43
2016,OG,Coastal giant salamander,45,3.48
2016,OG,Coastal giant salamander,50,3.92
2016,OG,Coastal giant salamander,51,4.32
2016,OG,Coastal giant salamander,58,7.14
2016,OG,Coastal giant salamander,40,2.51
2016,OG,Coastal giant salamander,63,8.33
2016,OG,Coastal giant salamander,62,8
2016,OG,Cutthroat trout,54,1.61
2016,OG,Cutthroat trout,56,1.73
2016,OG,Cutthroat trout,112,14.13
2016,OG,Cutthroat trout,92,7.86
2016,OG,Cutthroat trout,112,14.34
2016,OG,Cutthroat trout,139,19.37
2016,OG,Cutthroat trout,94,8.54
2016,OG,Cutthroat trout,88,6.75
2016,OG,Cutthroat trout,83,5.79
2016,OG,Cutthroat trout,104,11.99
2016,OG,Coastal giant salamander,56,6.42
2016,OG,Coastal giant salamander,42,2.97
2016,OG,Coastal giant salamander,52,5.45
2016,OG,Coastal giant salamander,49,4.13
2016,OG,Cutthroat trout,85,6.05
2016,OG,Cutthroat trout,105,11.63
2016,OG,Cutthroat trout,150,32.09
2016,OG,Cutthroat trout,52,1.41
2016,OG,Cutthroat trout,51,1.38
2016,OG,Cutthroat trout,88,6.65
2016,OG,Cutthroat trout,102,10.18
2016,OG,Coastal giant salamander,30,1.04
2016,OG,Cutthroat trout,123,19.05
2016,OG,Cutthroat trout,60,2.47
2016,OG,Cutthroat trout,58,1.97
2016,OG,Coastal giant salamander,40,2.63
2016,OG,Coastal giant salamander,35,1.68
2016,OG,Coastal giant salamander,47,4.41
2016,OG,Coastal giant salamander,26,0.72
2016,OG,Coastal giant salamander,43,3.08
2016,OG,Coastal giant salamander,60,7.47
2016,OG,Coastal giant salamander,34,3.26
2016,OG,Coastal giant salamander,48,4.33
2016,OG,Cutthroat trout,101,9.92
2016,OG,Coastal giant salamander,53,5.62
2016,OG,Coastal giant salamander,49,4.42
2016,OG,Coastal giant salamander,59,7.78
2016,OG,Cutthroat trout,51,1.19
2016,OG,Coastal giant salamander,27,0.95
2016,OG,Coastal giant salamander,41,2.62
2016,OG,Coastal giant salamander,41,2.68
2016,OG,Coastal giant salamander,47,4.1
2016,OG,Cutthroat trout,52,1.46
2016,OG,Cutthroat trout,52,1.42
2016,OG,Coastal giant salamander,39,2.33
2016,OG,Coastal giant salamander,33,1.28
2016,OG,Coastal giant salamander,44,2.91
2016,OG,Coastal giant salamander,30,1.09
2016,OG,Cutthroat trout,44,0.9
2016,OG,Cutthroat trout,48,1.03
2016,OG,Cutthroat trout,90,6.96
2016,OG,Cutthroat trout,118,16
2016,OG,Cutthroat trout,128,21.08
2016,OG,Coastal giant salamander,49,4.39
2016,OG,Coastal giant salamander,48,4.13
2016,OG,Coastal giant salamander,59,7.37
2016,OG,Coastal giant salamander,28,0.83
2016,OG,Cutthroat trout,50,1.22
2016,OG,Cutthroat trout,53,1.59
2016,OG,Cutthroat trout,101,9.34
2016,OG,Cutthroat trout,103,11.6
2016,OG,Coastal giant salamander,76,14.94
2016,OG,Coastal giant salamander,69,10.51
2016,OG,Coastal giant salamander,67,10.52
2016,OG,Cutthroat trout,53,1.58
2016,OG,Cutthroat trout,48,1.11
2016,OG,Cutthroat trout,50,1.25
2016,OG,Cutthroat trout,52,1.4
2016,OG,Cutthroat trout,78,4.85
2016,OG,Cutthroat trout,107,12.04
2016,OG,Coastal giant salamander,29,1.13
2016,OG,Coastal giant salamander,54,5.7
2016,OG,Coastal giant salamander,58,6.68
2016,OG,Cutthroat trout,42,0.74
2016,OG,Cutthroat trout,47,0.99
2016,OG,Cutthroat trout,52,1.42
2016,OG,Cutthroat trout,94,8.38
2016,OG,Cutthroat trout,82,5.35
2016,OG,Cutthroat trout,121,16.67
2016,OG,Coastal giant salamander,41,3.02
2016,OG,Coastal giant salamander,38,1.62
2016,OG,Coastal giant salamander,56,6.43
2016,OG,Coastal giant salamander,26,0.65
2016,OG,Coastal giant salamander,59,7.34
2016,OG,Coastal giant salamander,40,2.39
2016,OG,Coastal giant salamander,130,62.3
2016,OG,Cutthroat trout,150,30.35
2016,OG,Cutthroat trout,56,1.74
2016,OG,Coastal giant salamander,44,3.27
2016,OG,Coastal giant salamander,39,1.94
2016,OG,Cutthroat trout,44,0.84
2016,OG,Cutthroat trout,51,1.35
2016,OG,Cutthroat trout,55,1.4
2016,OG,Cutthroat trout,88,6.97
2016,OG,Cutthroat trout,96,8.67
2016,OG,Cutthroat trout,115,14.96
2016,OG,Cutthroat trout,135,23.02
2016,OG,Coastal giant salamander,55,6.01
2016,OG,Cutthroat trout,41,0.56
2016,OG,Cutthroat trout,45,0.88
2016,OG,Cutthroat trout,40,0.62
2016,OG,Cutthroat trout,46,1.01
2016,OG,Cutthroat trout,43,0.75
2016,OG,Cutthroat trout,36,0.45
2016,OG,Cutthroat trout,87,5.86
2016,OG,Coastal giant salamander,29,0.9
2016,OG,Coastal giant salamander,29,1.31
2016,OG,Cutthroat trout,138,23.82
2016,OG,Cutthroat trout,46,1
2016,OG,Cutthroat trout,52,1.39
2016,OG,Cutthroat trout,50,1.26
2016,OG,Cutthroat trout,104,11.93
2016,OG,Cutthroat trout,129,23.44
2016,OG,Cutthroat trout,108,13.17
2016,OG,Cutthroat trout,104,11.02
2016,OG,Cutthroat trout,45,0.92
2016,OG,Cutthroat trout,55,1.56
2016,OG,Cutthroat trout,48,1.32
2016,OG,Coastal giant salamander,42,3.07
2016,OG,Coastal giant salamander,40,2.19
2016,OG,Coastal giant salamander,38,1.93
2016,OG,Coastal giant salamander,27,0.77
2016,OG,Coastal giant salamander,29,0.96
2016,OG,Coastal giant salamander,41,3.11
2016,OG,Coastal giant salamander,41,2.57
2016,OG,Coastal giant salamander,47,3.85
2016,OG,Coastal giant salamander,26,0.7
2016,OG,Coastal giant salamander,30,0.92
2016,OG,Coastal giant salamander,27,0.84
2016,OG,Coastal giant salamander,51,5.01
2016,OG,Coastal giant salamander,34,1.28
2016,OG,Coastal giant salamander,43,2.78
2016,OG,Coastal giant salamander,60,6.45
2016,OG,Coastal giant salamander,46,3.26
2016,OG,Coastal giant salamander,28,0.79
2016,OG,Coastal giant salamander,38,1.82
2016,OG,Coastal giant salamander,54,5.35
2016,OG,Coastal giant salamander,59,6.41
2016,OG,Coastal giant salamander,62,8.5
2016,OG,Cutthroat trout,46,1.01
2016,OG,Cutthroat trout,52,1.44
2016,OG,Cutthroat trout,53,1.46
2016,OG,Cutthroat trout,52,1.4
2016,OG,Cutthroat trout,87,5.59
2016,OG,Cutthroat trout,120,16.06
2016,OG,Cutthroat trout,95,8.47
2016,OG,Cutthroat trout,102,10.61
2016,OG,Cutthroat trout,49,1.39
2016,OG,Cutthroat trout,48,1.02
2016,OG,Cutthroat trout,51,1.39
2016,OG,Cutthroat trout,51,1.34
2016,OG,Cutthroat trout,125,20.14
2016,OG,Cutthroat trout,82,5.93
2016,OG,Cutthroat trout,56,2.03
2016,OG,Cutthroat trout,56,1.58
2016,OG,Cutthroat trout,60,2.07
2016,OG,Cutthroat trout,54,1.74
2016,OG,Cutthroat trout,47,1.09
2016,OG,Cutthroat trout,100,9.87
2016,OG,Cutthroat trout,98,9.32
2016,OG,Cutthroat trout,95,8.45
2016,OG,Coastal giant salamander,38,1.85
2016,OG,Coastal giant salamander,30,1.02
2016,OG,Coastal giant salamander,39,2.73
2016,OG,Coastal giant salamander,31,1.34
2016,OG,Coastal giant salamander,59,7.28
2016,OG,Coastal giant salamander,57,7.43
2016,OG,Coastal giant salamander,21,0.76
2016,OG,Coastal giant salamander,27,0.8
2016,OG,Coastal giant salamander,29,1.27
2016,OG,Coastal giant salamander,40,2.8
2016,OG,Coastal giant salamander,58,6.32
2016,OG,Cutthroat trout,92,7.22
2016,OG,Cutthroat trout,107,11.56
2016,OG,Coastal giant salamander,65,7.38
2016,OG,Coastal giant salamander,120,52.92
2016,OG,Cutthroat trout,51,1.22
2016,OG,Cutthroat trout,54,1.56
2016,OG,Coastal giant salamander,40,2.32
2016,OG,Coastal giant salamander,41,3.35
2016,OG,Coastal giant salamander,22,0.7
2016,OG,Cutthroat trout,49,1.09
2016,OG,Cutthroat trout,48,1
2016,OG,Coastal giant salamander,43,3.35
2016,OG,Coastal giant salamander,31,1.06
2016,OG,Coastal giant salamander,41,2.47
2016,OG,Coastal giant salamander,42,2.66
2016,OG,Coastal giant salamander,52,4.78
2016,OG,Coastal giant salamander,68,10.8
2016,OG,Coastal giant salamander,61,6.41
2016,OG,Cutthroat trout,150,32.74
2016,OG,Cutthroat trout,113,14.95
2016,OG,Cutthroat trout,132,22.05
2016,OG,Coastal giant salamander,36,1.8
2016,OG,Cutthroat trout,39,0.54
2016,OG,Cutthroat trout,44,0.92
2016,OG,Cutthroat trout,40,0.71
2016,OG,Coastal giant salamander,30,1.27
2016,OG,Coastal giant salamander,44,2.92
2016,OG,Coastal giant salamander,55,6.42
2016,OG,Cutthroat trout,79,4.33
2016,OG,Cutthroat trout,106,11.5
2016,OG,Cutthroat trout,47,0.94
2016,OG,Cutthroat trout,59,1.86
2016,OG,Cutthroat trout,49,1.12
2016,OG,Coastal giant salamander,28,0.86
2016,OG,Coastal giant salamander,31,1.2
2016,OG,Coastal giant salamander,29,1.19
2016,OG,Coastal giant salamander,36,1.96
2016,OG,Coastal giant salamander,32,1.44
2016,OG,Coastal giant salamander,41,2.3
2016,OG,Cutthroat trout,49,1.16
2016,OG,Cutthroat trout,55,1.7
2016,OG,Cutthroat trout,45,0.99
2016,OG,Coastal giant salamander,29,1.08
2016,OG,Coastal giant salamander,40,2.74
2016,OG,Coastal giant salamander,40,2.6
2016,OG,Coastal giant salamander,59,7.3
2016,OG,Coastal giant salamander,37,2.45
2016,OG,Coastal giant salamander,40,2.65
2016,OG,Cutthroat trout,90,7.16
2016,OG,Coastal giant salamander,59,6.83
2016,OG,Cutthroat trout,117,16.86
2016,OG,Cutthroat trout,133,23.37
2016,OG,Coastal giant salamander,55,6.17
2016,OG,Coastal giant salamander,62,8.45
2016,OG,Coastal giant salamander,56,5.79
2016,OG,Coastal giant salamander,57,6.75
2016,OG,Coastal giant salamander,62,7.85
2016,OG,Coastal giant salamander,70,13.04
2016,OG,Cutthroat trout,81,5.11
2016,OG,Cutthroat trout,87,6.91
2016,OG,Cutthroat trout,127,19.49
2016,OG,Cutthroat trout,116,15.69
2016,OG,Cutthroat trout,149,32.48
2016,OG,Coastal giant salamander,41,2.41
2016,OG,Coastal giant salamander,41,2.54
2016,OG,Coastal giant salamander,29,1.02
2016,OG,Cutthroat trout,58,1.9
2016,OG,Cutthroat trout,59,2.09
2016,OG,Cutthroat trout,97,9.13
2016,OG,Cutthroat trout,140,23.23
2016,OG,Cutthroat trout,88,7.09
2016,OG,Cutthroat trout,104,11.39
2016,OG,Coastal giant salamander,41,2.53
2016,OG,Coastal giant salamander,28,1.08
2016,OG,Coastal giant salamander,40,2.03
2016,OG,Coastal giant salamander,58,6.96
2016,OG,Cutthroat trout,120,19.35
2016,OG,Cutthroat trout,103,10.82
2016,OG,Cutthroat trout,128,20.69
2016,OG,Cutthroat trout,158,36.85
2016,OG,Coastal giant salamander,41,2.67
2016,OG,Coastal giant salamander,32,1.06
2016,OG,Coastal giant salamander,56,6.88
2016,OG,Cutthroat trout,97,9.1
2016,OG,Cutthroat trout,127,19.89
2016,OG,Cutthroat trout,119,16.26
2016,OG,Cutthroat trout,93,8.15
2016,OG,Coastal giant salamander,31,1.15
2016,OG,Coastal giant salamander,65,9.24
2016,OG,Coastal giant salamander,27,1.12
2016,OG,Coastal giant salamander,67,10.99
2016,OG,Cutthroat trout,52,1.27
2016,OG,Cutthroat trout,53,1.45
2016,OG,Cutthroat trout,55,1.92
2016,OG,Cutthroat trout,60,2.41
2016,OG,Cutthroat trout,103,10.43
2016,OG,Cutthroat trout,99,9.68
2016,OG,Cutthroat trout,113,14.61
2016,OG,Cutthroat trout,114,14.65
2016,OG,Cutthroat trout,147,33.33
2016,OG,Coastal giant salamander,45,3.17
2016,OG,Coastal giant salamander,35,1.64
2016,OG,Coastal giant salamander,45,3.27
2016,OG,Coastal giant salamander,53,6.13
2016,OG,Coastal giant salamander,49,3.83
2016,OG,Coastal giant salamander,29,0.95
2016,OG,Cutthroat trout,57,1.81
2016,OG,Cutthroat trout,133,24.53
2016,OG,Cutthroat trout,117,17.48
2016,OG,Cutthroat trout,122,19.35
2016,OG,Cutthroat trout,118,15.76
2016,OG,Cutthroat trout,107,12.12
2016,OG,Cutthroat trout,96,8.61
2016,OG,Cutthroat trout,106,11.13
2016,OG,Coastal giant salamander,48,3.75
2016,OG,Coastal giant salamander,30,1.22
2016,OG,Coastal giant salamander,31,1.05
2016,OG,Coastal giant salamander,55,6.2
2016,OG,Coastal giant salamander,121,55.09
2016,OG,Cutthroat trout,63,2.53
2016,OG,Cutthroat trout,60,2.21
2016,OG,Cutthroat trout,61,2.34
2016,OG,Cutthroat trout,50,1.22
2016,OG,Cutthroat trout,56,1.59
2016,OG,Cutthroat trout,62,2.33
2016,OG,Cutthroat trout,116,16.65
2016,OG,Cutthroat trout,104,11.25
2016,OG,Cutthroat trout,90,7.58
2016,OG,Cutthroat trout,91,7.3
2016,OG,Cutthroat trout,50,1.16
2016,OG,Cutthroat trout,54,1.64
2016,OG,Cutthroat trout,57,1.88
2016,OG,Cutthroat trout,88,6.85
2016,OG,Cutthroat trout,111,13.53
2016,OG,Coastal giant salamander,58,6.05
2016,OG,Coastal giant salamander,52,5.24
2016,OG,Coastal giant salamander,57,5.84
2016,OG,Coastal giant salamander,37,2.23
2016,OG,Cutthroat trout,99,9.57
2016,OG,Coastal giant salamander,55,5.75
2016,OG,Coastal giant salamander,49,3.92
2016,OG,Coastal giant salamander,49,4.11
2016,OG,Coastal giant salamander,40,2.38
2016,OG,Coastal giant salamander,38,2.3
2016,OG,Coastal giant salamander,30,0.9
2016,OG,Coastal giant salamander,30,0.93
2016,OG,Coastal giant salamander,31,1.22
2016,OG,Coastal giant salamander,59,8.11
2016,OG,Coastal giant salamander,61,7.47
2016,OG,Coastal giant salamander,56,6.05
2016,OG,Coastal giant salamander,71,12.05
2016,OG,Coastal giant salamander,71,11.72
2016,OG,Coastal giant salamander,111,47.6
2016,OG,Coastal giant salamander,77,14.74
2016,OG,Cutthroat trout,55,1.96
2016,OG,Cutthroat trout,98,8.98
2016,OG,Cutthroat trout,122,17.44
2016,OG,Cutthroat trout,130,20.87
2016,OG,Coastal giant salamander,40,2.21
2016,OG,Coastal giant salamander,60,7.16
2016,OG,Coastal giant salamander,30,0.67
2016,OG,Cutthroat trout,104,11.39
2016,OG,Cutthroat trout,113,14.78
2016,OG,Cutthroat trout,107,13.33
2016,OG,Cutthroat trout,60,2.09
2016,OG,Cutthroat trout,88,7.53
2016,OG,Cutthroat trout,103,11.44
2016,OG,Cutthroat trout,134,24.59
2016,OG,Coastal giant salamander,58,7.72
2016,OG,Coastal giant salamander,46,3.79
2016,OG,Coastal giant salamander,55,5.32
2016,OG,Coastal giant salamander,35,1.49
2016,OG,Coastal giant salamander,67,11.45
2016,OG,Cutthroat trout,51,1.21
2016,OG,Cutthroat trout,63,2.99
2016,OG,Cutthroat trout,59,2.32
2016,OG,Coastal giant salamander,29,0.92
2016,OG,Coastal giant salamander,45,4.15
2016,OG,Coastal giant salamander,47,4.33
2016,OG,Cutthroat trout,91,7.19
2016,OG,Cutthroat trout,52,1.41
2016,OG,Cutthroat trout,60,2.35
2016,OG,Coastal giant salamander,55,5.66
2016,OG,Coastal giant salamander,45,3.26
2016,OG,Coastal giant salamander,27,0.49
2016,OG,Coastal giant salamander,30,1.13
2016,OG,Coastal giant salamander,33,1.3
2016,OG,Coastal giant salamander,41,2.8
2016,OG,Coastal giant salamander,54,6.23
2016,OG,Coastal giant salamander,29,0.89
2016,OG,Coastal giant salamander,50,4.74
2016,OG,Coastal giant salamander,61,8.13
2016,OG,Coastal giant salamander,114,48.55
2017,CC,Cutthroat trout,34,0.42
2017,CC,Cutthroat trout,43,0.7
2017,CC,Cutthroat trout,51,1.3
2017,CC,Cutthroat trout,97,10.33
2017,CC,Cutthroat trout,118,17.46
2017,CC,Coastal giant salamander,53,5.65
2017,CC,Coastal giant salamander,48,3.94
2017,CC,Cutthroat trout,108,13.43
2017,CC,Cutthroat trout,90,6.62
2017,CC,Cutthroat trout,100,10.99
2017,CC,Cutthroat trout,104,11.88
2017,CC,Cutthroat trout,56,1.79
2017,CC,Cutthroat trout,88,7.23
2017,CC,Cutthroat trout,84,6.21
2017,CC,Cutthroat trout,128,21.24
2017,CC,Coastal giant salamander,40,2.48
2017,CC,Coastal giant salamander,51,4.91
2017,CC,Coastal giant salamander,29,0.8
2017,CC,Coastal giant salamander,56,7.74
2017,CC,Coastal giant salamander,66,10.47
2017,CC,Coastal giant salamander,62,8.47
2017,CC,Coastal giant salamander,36,2.18
2017,CC,Coastal giant salamander,59,7.15
2017,CC,Coastal giant salamander,53,5.97
2017,CC,Coastal giant salamander,56,7.4
2017,CC,Coastal giant salamander,97,32.61
2017,CC,Cutthroat trout,59,2.21
2017,CC,Cutthroat trout,60,2.15
2017,CC,Cutthroat trout,89,6.82
2017,CC,Cutthroat trout,96,9.07
2017,CC,Cutthroat trout,108,12.83
2017,CC,Cutthroat trout,97,9.22
2017,CC,Coastal giant salamander,50,4.03
2017,CC,Coastal giant salamander,88,20.44
2017,CC,Coastal giant salamander,50,4.68
2017,CC,Coastal giant salamander,40,2.28
2017,CC,Coastal giant salamander,46,3.49
2017,CC,Coastal giant salamander,35,1.61
2017,CC,Coastal giant salamander,36,1.78
2017,CC,Coastal giant salamander,55,6.06
2017,CC,Cutthroat trout,48,1.14
2017,CC,Cutthroat trout,52,1.33
2017,CC,Coastal giant salamander,24,0.44
2017,CC,Coastal giant salamander,31,1.01
2017,CC,Coastal giant salamander,58,7.23
2017,CC,Coastal giant salamander,62,9.47
2017,CC,Coastal giant salamander,71,11.69
2017,CC,Coastal giant salamander,63,8.88
2017,CC,Coastal giant salamander,80,16.61
2017,CC,Cutthroat trout,48,1.07
2017,CC,Cutthroat trout,32,0.27
2017,CC,Cutthroat trout,54,1.59
2017,CC,Cutthroat trout,52,1.53
2017,CC,Cutthroat trout,44,0.79
2017,CC,Cutthroat trout,57,1.8
2017,CC,Cutthroat trout,45,0.89
2017,CC,Cutthroat trout,34,0.33
2017,CC,Cutthroat trout,83,6.47
2017,CC,Cutthroat trout,94,8.36
2017,CC,Cutthroat trout,44,0.78
2017,CC,Cutthroat trout,115,15.96
2017,CC,Cutthroat trout,96,9.89
2017,CC,Cutthroat trout,122,17.94
2017,CC,Cutthroat trout,122,18.99
2017,CC,Cutthroat trout,99,10.8
2017,CC,Cutthroat trout,85,6.45
2017,CC,Cutthroat trout,152,36.91
2017,CC,Cutthroat trout,53,1.53
2017,CC,Cutthroat trout,122,21
2017,CC,Cutthroat trout,115,16.36
2017,CC,Cutthroat trout,148,37.29
2017,CC,Cutthroat trout,81,5.6
2017,CC,Cutthroat trout,98,9.65
2017,CC,Coastal giant salamander,40,2.18
2017,CC,Coastal giant salamander,70,11.09
2017,CC,Coastal giant salamander,125,58.62
2017,CC,Coastal giant salamander,44,3.54
2017,CC,Coastal giant salamander,23,0.39
2017,CC,Coastal giant salamander,34,1.49
2017,CC,Coastal giant salamander,41,2.11
2017,CC,Coastal giant salamander,25,0.55
2017,CC,Coastal giant salamander,45,3.35
2017,CC,Coastal giant salamander,72,12.8
2017,CC,Coastal giant salamander,50,4.51
2017,CC,Coastal giant salamander,52,5.31
2017,CC,Coastal giant salamander,51,5.1
2017,CC,Coastal giant salamander,58,6.77
2017,CC,Coastal giant salamander,37,1.89
2017,CC,Coastal giant salamander,37,1.78
2017,CC,Coastal giant salamander,41,2.16
2017,CC,Coastal giant salamander,70,11.39
2017,CC,Coastal giant salamander,39,2.99
2017,CC,Coastal giant salamander,41,2.44
2017,CC,Coastal giant salamander,41,2.77
2017,CC,Coastal giant salamander,79,17.44
2017,CC,Coastal giant salamander,47,3.93
2017,CC,Coastal giant salamander,52,4.87
2017,CC,Coastal giant salamander,46,3.31
2017,CC,Coastal giant salamander,37,1.87
2017,CC,Coastal giant salamander,53,6.15
2017,CC,Coastal giant salamander,27,0.53
2017,CC,Coastal giant salamander,52,4.99
2017,CC,Coastal giant salamander,27,0.87
2017,CC,Coastal giant salamander,41,2.41
2017,CC,Coastal giant salamander,52,4.88
2017,CC,Coastal giant salamander,44,3.1
2017,CC,Coastal giant salamander,71,10.69
2017,CC,Coastal giant salamander,41,2.52
2017,CC,Coastal giant salamander,35,1.3
2017,CC,Coastal giant salamander,32,1.1
2017,CC,Coastal giant salamander,69,10.84
2017,CC,Coastal giant salamander,55,5.82
2017,CC,Coastal giant salamander,55,5.53
2017,CC,Coastal giant salamander,65,10.86
2017,CC,Coastal giant salamander,72,13.66
2017,CC,Coastal giant salamander,67,11.31
2017,CC,Coastal giant salamander,77,15.78
2017,CC,Coastal giant salamander,80,19.03
2017,CC,Cutthroat trout,54,1.46
2017,CC,Cutthroat trout,55,1.57
2017,CC,Cutthroat trout,50,1.23
2017,CC,Cutthroat trout,45,0.99
2017,CC,Cutthroat trout,47,1.06
2017,CC,Cutthroat trout,50,1.24
2017,CC,Cutthroat trout,38,0.53
2017,CC,Cutthroat trout,100,10.39
2017,CC,Cutthroat trout,90,7.58
2017,CC,Cutthroat trout,49,1.22
2017,CC,Cutthroat trout,41,0.65
2017,CC,Cutthroat trout,47,1.37
2017,CC,Cutthroat trout,56,1.72
2017,CC,Cutthroat trout,47,1.18
2017,CC,Cutthroat trout,119,18.45
2017,CC,Cutthroat trout,105,11.69
2017,CC,Cutthroat trout,107,13.72
2017,CC,Cutthroat trout,97,9.32
2017,CC,Cutthroat trout,113,14.41
2017,CC,Cutthroat trout,133,23.77
2017,CC,Coastal giant salamander,30,1.21
2017,CC,Coastal giant salamander,40,2.56
2017,CC,Coastal giant salamander,26,0.98
2017,CC,Coastal giant salamander,22,0.66
2017,CC,Coastal giant salamander,52,4.52
2017,CC,Coastal giant salamander,40,2.51
2017,CC,Coastal giant salamander,50,4.71
2017,CC,Coastal giant salamander,40,2.37
2017,CC,Coastal giant salamander,39,2.03
2017,CC,Coastal giant salamander,54,5.58
2017,CC,Coastal giant salamander,65,8.02
2017,CC,Coastal giant salamander,61,8.28
2017,CC,Coastal giant salamander,66,10.93
2017,CC,Coastal giant salamander,75,13.32
2017,CC,Coastal giant salamander,69,10.23
2017,CC,Coastal giant salamander,72,13.28
2017,CC,Coastal giant salamander,115,49.34
2017,CC,Coastal giant salamander,135,73.11
2017,CC,Cutthroat trout,49,1.14
2017,CC,Cutthroat trout,50,1.26
2017,CC,Cutthroat trout,53,1.61
2017,CC,Cutthroat trout,53,1.46
2017,CC,Cutthroat trout,63,2.51
2017,CC,Cutthroat trout,93,8.23
2017,CC,Cutthroat trout,106,11.74
2017,CC,Cutthroat trout,100,10.13
2017,CC,Cutthroat trout,97,11.14
2017,CC,Cutthroat trout,100,9.7
2017,CC,Cutthroat trout,138,27.35
2017,CC,Cutthroat trout,117,17.22
2017,CC,Cutthroat trout,115,18.36
2017,CC,Coastal giant salamander,58,7.85
2017,CC,Coastal giant salamander,50,4.51
2017,CC,Coastal giant salamander,29,1.03
2017,CC,Coastal giant salamander,29,0.92
2017,CC,Coastal giant salamander,59,7.81
2017,CC,Coastal giant salamander,30,1.13
2017,CC,Coastal giant salamander,68,11.99
2017,CC,Coastal giant salamander,68,11.38
2017,CC,Coastal giant salamander,79,15.71
2017,CC,Cutthroat trout,56,2.11
2017,CC,Cutthroat trout,49,1.34
2017,CC,Cutthroat trout,45,1.02
2017,CC,Cutthroat trout,98,10.18
2017,CC,Cutthroat trout,90,7.52
2017,CC,Coastal giant salamander,50,4.39
2017,CC,Coastal giant salamander,50,4.62
2017,CC,Coastal giant salamander,38,2.14
2017,CC,Coastal giant salamander,50,3.91
2017,CC,Coastal giant salamander,50,4.7
2017,CC,Coastal giant salamander,40,2.38
2017,CC,Coastal giant salamander,55,4.46
2017,CC,Coastal giant salamander,41,2.39
2017,CC,Coastal giant salamander,55,4.8
2017,CC,Coastal giant salamander,67,10.25
2017,CC,Coastal giant salamander,66,9.24
2017,CC,Coastal giant salamander,102,31.44
2017,CC,Cutthroat trout,52,1.35
2017,CC,Cutthroat trout,57,2.3
2017,CC,Cutthroat trout,95,8.92
2017,CC,Cutthroat trout,87,7
2017,CC,Coastal giant salamander,52,5.91
2017,CC,Coastal giant salamander,55,7.03
2017,CC,Coastal giant salamander,52,5.48
2017,CC,Coastal giant salamander,55,6.71
2017,CC,Coastal giant salamander,61,8.67
2017,CC,Coastal giant salamander,37,1.98
2017,CC,Coastal giant salamander,56,6.42
2017,CC,Coastal giant salamander,55,6.01
2017,CC,Coastal giant salamander,62,8.35
2017,CC,Coastal giant salamander,59,8.87
2017,CC,Coastal giant salamander,60,7.8
2017,CC,Coastal giant salamander,40,2.26
2017,CC,Coastal giant salamander,50,4.45
2017,CC,Coastal giant salamander,47,3.62
2017,CC,Coastal giant salamander,50,4.2
2017,CC,Coastal giant salamander,44,2.88
2017,CC,Coastal giant salamander,70,11.82
2017,CC,Coastal giant salamander,30,0.96
2017,CC,Coastal giant salamander,65,9.59
2017,CC,Coastal giant salamander,75,16.68
2017,CC,Coastal giant salamander,65,10.71
2017,CC,Coastal giant salamander,62,9.25
2017,CC,Coastal giant salamander,66,10.93
2017,CC,Coastal giant salamander,60,7.83
2017,CC,Coastal giant salamander,72,14.16
2017,CC,Coastal giant salamander,80,15.32
2017,CC,Cutthroat trout,36,0.44
2017,CC,Cutthroat trout,93,7.68
2017,CC,Cutthroat trout,85,6.13
2017,CC,Cutthroat trout,121,19.31
2017,CC,Coastal giant salamander,35,1.43
2017,CC,Coastal giant salamander,32,0.96
2017,CC,Coastal giant salamander,27,0.78
2017,CC,Coastal giant salamander,37,1.71
2017,CC,Coastal giant salamander,55,5.55
2017,CC,Coastal giant salamander,63,8.63
2017,CC,Coastal giant salamander,65,9.2
2017,CC,Coastal giant salamander,57,6.35
2017,CC,Coastal giant salamander,40,2.11
2017,CC,Coastal giant salamander,79,17.25
2017,CC,Cutthroat trout,85,6.47
2017,CC,Cutthroat trout,64,2.78
2017,CC,Coastal giant salamander,41,2.62
2017,CC,Coastal giant salamander,51,5.32
2017,CC,Coastal giant salamander,30,1.01
2017,CC,Coastal giant salamander,52,6.6
2017,CC,Coastal giant salamander,41,2.6
2017,CC,Coastal giant salamander,52,5.87
2017,CC,Coastal giant salamander,42,2.65
2017,CC,Coastal giant salamander,65,10.05
2017,CC,Coastal giant salamander,62,11.01
2017,CC,Coastal giant salamander,72,12.41
2017,CC,Coastal giant salamander,73,14.12
2017,CC,Coastal giant salamander,67,12.2
2017,CC,Cutthroat trout,56,1.92
2017,CC,Cutthroat trout,62,2.65
2017,CC,Cutthroat trout,76,4.59
2017,CC,Cutthroat trout,99,10.21
2017,CC,Cutthroat trout,98,9.93
2017,CC,Cutthroat trout,109,13.96
2017,CC,Cutthroat trout,56,1.87
2017,CC,Cutthroat trout,50,1.38
2017,CC,Cutthroat trout,63,2.7
2017,CC,Cutthroat trout,83,5.37
2017,CC,Cutthroat trout,97,9.39
2017,CC,Cutthroat trout,88,6.96
2017,CC,Cutthroat trout,116,17.36
2017,CC,Cutthroat trout,130,24.19
2017,CC,Cutthroat trout,122,19.17
2017,CC,Cutthroat trout,107,11.56
2017,CC,Cutthroat trout,43,0.74
2017,CC,Cutthroat trout,123,19.94
2017,CC,Cutthroat trout,151,35.92
2017,CC,Cutthroat trout,176,56.33
2017,CC,Cutthroat trout,137,27.12
2017,CC,Cutthroat trout,174,59.95
2017,CC,Cutthroat trout,45,1
2017,CC,Cutthroat trout,54,1.5
2017,CC,Cutthroat trout,60,2.37
2017,CC,Cutthroat trout,88,7.04
2017,CC,Cutthroat trout,121,18.4
2017,CC,Cutthroat trout,134,23.01
2017,CC,Cutthroat trout,167,45.2
2017,CC,Cutthroat trout,141,30.66
2017,CC,Coastal giant salamander,50,5
2017,CC,Coastal giant salamander,62,10.05
2017,CC,Coastal giant salamander,57,6.38
2017,CC,Coastal giant salamander,52,5.01
2017,CC,Coastal giant salamander,53,5.48
2017,CC,Coastal giant salamander,49,5.53
2017,CC,Coastal giant salamander,66,11.85
2017,CC,Coastal giant salamander,63,10.75
2017,CC,Coastal giant salamander,78,15.92
2017,CC,Coastal giant salamander,78,16.2
2017,CC,Coastal giant salamander,100,30.45
2017,CC,Cutthroat trout,38,0.48
2017,CC,Cutthroat trout,54,1.53
2017,CC,Cutthroat trout,41,0.82
2017,CC,Cutthroat trout,106,12.64
2017,CC,Cutthroat trout,101,11.02
2017,CC,Cutthroat trout,90,7.75
2017,CC,Cutthroat trout,116,14.81
2017,CC,Cutthroat trout,89,6.72
2017,CC,Cutthroat trout,57,1.9
2017,CC,Cutthroat trout,95,8.45
2017,CC,Cutthroat trout,128,18.94
2017,CC,Cutthroat trout,134,25.24
2017,CC,Cutthroat trout,130,21.46
2017,CC,Cutthroat trout,151,35.72
2017,CC,Cutthroat trout,59,2.08
2017,CC,Cutthroat trout,86,6.38
2017,CC,Cutthroat trout,156,37.17
2017,CC,Coastal giant salamander,40,2.42
2017,CC,Coastal giant salamander,30,0.99
2017,CC,Coastal giant salamander,45,3.12
2017,CC,Cutthroat trout,49,1.11
2017,CC,Cutthroat trout,52,1.52
2017,CC,Cutthroat trout,111,14.29
2017,CC,Cutthroat trout,96,8.74
2017,CC,Cutthroat trout,35,0.4
2017,CC,Cutthroat trout,49,1.2
2017,CC,Cutthroat trout,98,9.51
2017,CC,Coastal giant salamander,74,13.86
2017,CC,Cutthroat trout,55,1.65
2017,CC,Coastal giant salamander,50,4.28
2017,CC,Coastal giant salamander,26,0.7
2017,CC,Coastal giant salamander,25,0.7
2017,CC,Coastal giant salamander,36,2.02
2017,CC,Coastal giant salamander,39,2.98
2017,CC,Coastal giant salamander,40,2.53
2017,CC,Coastal giant salamander,43,3.59
2017,CC,Coastal giant salamander,71,11.78
2017,CC,Coastal giant salamander,63,8.38
2017,CC,Coastal giant salamander,59,7.49
2017,CC,Coastal giant salamander,54,5.26
2017,CC,Coastal giant salamander,64,8.83
2017,CC,Coastal giant salamander,62,9.54
2017,CC,Coastal giant salamander,69,10.72
2017,CC,Cutthroat trout,58,1.96
2017,CC,Cutthroat trout,51,1.32
2017,CC,Cutthroat trout,108,11.69
2017,CC,Cutthroat trout,89,6.88
2017,CC,Cutthroat trout,98,10.97
2017,CC,Cutthroat trout,95,9.07
2017,CC,Cutthroat trout,127,20.86
2017,CC,Coastal giant salamander,79,20.58
2017,CC,Cutthroat trout,50,1.24
2017,CC,Cutthroat trout,38,0.55
2017,CC,Cutthroat trout,58,2.39
2017,CC,Cutthroat trout,37,0.55
2017,CC,Cutthroat trout,60,2.73
2017,CC,Cutthroat trout,67,3.68
2017,CC,Cutthroat trout,64,2.66
2017,CC,Cutthroat trout,103,12.08
2017,CC,Cutthroat trout,53,1.67
2017,CC,Cutthroat trout,57,1.91
2017,CC,Cutthroat trout,53,1.59
2017,CC,Coastal giant salamander,37,2.39
2017,CC,Coastal giant salamander,25,0.65
2017,CC,Coastal giant salamander,35,1.83
2017,CC,Coastal giant salamander,41,2.89
2017,CC,Coastal giant salamander,44,3.14
2017,CC,Coastal giant salamander,53,5.26
2017,CC,Coastal giant salamander,51,4.67
2017,CC,Coastal giant salamander,50,4.66
2017,CC,Coastal giant salamander,52,5.43
2017,CC,Coastal giant salamander,62,7.98
2017,CC,Cutthroat trout,58,1.96
2017,CC,Cutthroat trout,49,1.42
2017,CC,Cutthroat trout,107,12.21
2017,CC,Cutthroat trout,104,11.16
2017,CC,Cutthroat trout,137,26.24
2017,CC,Cutthroat trout,147,31.55
2017,CC,Cutthroat trout,89,7.79
2017,CC,Coastal giant salamander,81,18.5
2017,CC,Cutthroat trout,56,1.87
2017,CC,Cutthroat trout,98,10.07
2017,CC,Cutthroat trout,113,15.53
2017,CC,Cutthroat trout,114,15.08
2017,CC,Cutthroat trout,43,0.89
2017,CC,Cutthroat trout,93,8.4
2017,CC,Cutthroat trout,52,1.43
2017,CC,Cutthroat trout,52,1.58
2017,CC,Cutthroat trout,102,11.07
2017,CC,Cutthroat trout,142,28.04
2017,CC,Coastal giant salamander,42,3.05
2017,CC,Coastal giant salamander,52,5.13
2017,CC,Coastal giant salamander,68,12.06
2017,CC,Coastal giant salamander,56,5.38
2017,CC,Coastal giant salamander,37,2.09
2017,CC,Coastal giant salamander,49,4.49
2017,CC,Cutthroat trout,88,7.21
2017,CC,Cutthroat trout,97,8.79
2017,CC,Cutthroat trout,88,6.6
2017,CC,Coastal giant salamander,69,11.02
2017,CC,Coastal giant salamander,72,13.12
2017,CC,Coastal giant salamander,58,7.52
2017,CC,Coastal giant salamander,53,5.72
2017,CC,Coastal giant salamander,49,4.28
2017,CC,Coastal giant salamander,50,4.78
2017,CC,Cutthroat trout,83,5.61
2017,CC,Cutthroat trout,113,14.94
2017,CC,Cutthroat trout,153,35.74
2017,CC,Coastal giant salamander,38,2.23
2017,CC,Coastal giant salamander,30,0.89
2017,CC,Coastal giant salamander,41,2.76
2017,CC,Coastal giant salamander,43,3.26
2017,CC,Coastal giant salamander,40,2.35
2017,CC,Cutthroat trout,100,10.01
2017,CC,Cutthroat trout,42,0.77
2017,CC,Cutthroat trout,93,8.02
2017,CC,Coastal giant salamander,42,2.99
2017,CC,Coastal giant salamander,30,1.02
2017,CC,Coastal giant salamander,43,2.99
2017,CC,Coastal giant salamander,46,4.23
2017,CC,Coastal giant salamander,52,5.58
2017,CC,Coastal giant salamander,46,4.03
2017,CC,Coastal giant salamander,58,6.13
2017,CC,Coastal giant salamander,55,6.29
2017,CC,Coastal giant salamander,59,7.47
2017,CC,Coastal giant salamander,62,8.03
2017,CC,Coastal giant salamander,61,8.08
2017,CC,Coastal giant salamander,65,10.57
2017,CC,Coastal giant salamander,67,10.22
2017,CC,Coastal giant salamander,114,50.54
2017,CC,Cutthroat trout,97,8.7
2017,CC,Cutthroat trout,124,17.67
2017,CC,Cutthroat trout,119,20.1
2017,CC,Cutthroat trout,123,18.35
2017,CC,Coastal giant salamander,42,3.37
2017,CC,Coastal giant salamander,49,4.45
2017,CC,Coastal giant salamander,41,2.91
2017,CC,Coastal giant salamander,27,0.77
2017,CC,Coastal giant salamander,58,6.21
2017,CC,Coastal giant salamander,58,9.63
2017,CC,Coastal giant salamander,68,11.97
2017,CC,Coastal giant salamander,37,2.17
2017,CC,Coastal giant salamander,35,1.91
2017,CC,Cutthroat trout,185,64.2
2017,CC,Cutthroat trout,42,0.74
2017,CC,Coastal giant salamander,51,5.78
2017,CC,Cutthroat trout,83,5.7
2017,CC,Cutthroat trout,100,9.55
2017,CC,Cutthroat trout,122,17.22
2017,CC,Cutthroat trout,127,22.31
2017,CC,Cutthroat trout,88,6.93
2017,CC,Cutthroat trout,48,1.15
2017,CC,Cutthroat trout,48,0.97
2017,CC,Cutthroat trout,58,2.3
2017,CC,Cutthroat trout,56,1.78
2017,CC,Cutthroat trout,50,1.36
2017,CC,Cutthroat trout,52,1.52
2017,CC,Cutthroat trout,56,1.86
2017,CC,Cutthroat trout,62,2.48
2017,CC,Cutthroat trout,59,2.16
2017,CC,Cutthroat trout,52,1.43
2017,CC,Cutthroat trout,107,12.32
2017,CC,Cutthroat trout,60,2.19
2017,CC,Cutthroat trout,34,0.43
2017,CC,Cutthroat trout,45,0.85
2017,CC,Cutthroat trout,44,0.83
2017,CC,Cutthroat trout,96,9.6
2017,CC,Cutthroat trout,118,16.82
2017,CC,Cutthroat trout,94,7.68
2017,CC,Cutthroat trout,85,6.37
2017,CC,Cutthroat trout,127,19.5
2017,CC,Cutthroat trout,126,20.72
2017,CC,Cutthroat trout,47,1.1
2017,CC,Cutthroat trout,106,11.21
2017,CC,Cutthroat trout,87,7.11
2017,CC,Cutthroat trout,134,26.31
2017,CC,Cutthroat trout,85,6.31
2017,CC,Coastal giant salamander,51,4.72
2017,CC,Cutthroat trout,123,19.08
2017,CC,Coastal giant salamander,75,15.25
2017,CC,Cutthroat trout,117,14.93
2017,CC,Cutthroat trout,99,9.31
2017,CC,Cutthroat trout,87,6.55
2017,CC,Cutthroat trout,90,7.74
2017,CC,Cutthroat trout,121,17.53
2017,CC,Cutthroat trout,83,5.84
2017,CC,Coastal giant salamander,59,7.03
2017,CC,Coastal giant salamander,42,2.67
2017,CC,Coastal giant salamander,52,6
2017,CC,Coastal giant salamander,39,2.08
2017,CC,Coastal giant salamander,69,11.47
2017,CC,Coastal giant salamander,43,2.76
2017,CC,Coastal giant salamander,29,0.88
2017,CC,Coastal giant salamander,142,68.99
2017,CC,Coastal giant salamander,58,6.64
2017,CC,Coastal giant salamander,52,4.88
2017,CC,Coastal giant salamander,52,4.98
2017,CC,Coastal giant salamander,65,9.38
2017,CC,Coastal giant salamander,56,5.56
2017,CC,Coastal giant salamander,56,6.59
2017,CC,Coastal giant salamander,52,4.53
2017,CC,Coastal giant salamander,64,9.19
2017,CC,Coastal giant salamander,80,17.99
2017,CC,Coastal giant salamander,46,3.75
2017,CC,Coastal giant salamander,45,3.5
2017,CC,Coastal giant salamander,62,8.76
2017,CC,Coastal giant salamander,29,0.9
2017,CC,Coastal giant salamander,59,8.06
2017,CC,Coastal giant salamander,63,9.44
2017,CC,Coastal giant salamander,72,13.13
2017,CC,Coastal giant salamander,55,6.39
2017,CC,Coastal giant salamander,36,2.18
2017,CC,Coastal giant salamander,36,2.06
2017,CC,Coastal giant salamander,54,5.46
2017,CC,Coastal giant salamander,40,2.7
2017,CC,Coastal giant salamander,52,5.2
2017,CC,Coastal giant salamander,41,3.38
2017,CC,Coastal giant salamander,50,4.76
2017,CC,Coastal giant salamander,42,2.82
2017,CC,Coastal giant salamander,53,5.91
2017,CC,Coastal giant salamander,44,2.74
2017,CC,Coastal giant salamander,62,9.84
2017,CC,Coastal giant salamander,71,12.9
2017,CC,Coastal giant salamander,73,13.1
2017,CC,Coastal giant salamander,76,14.42
2017,CC,Coastal giant salamander,63,9.32
2017,CC,Cutthroat trout,59,2.21
2017,CC,Cutthroat trout,49,1.22
2017,CC,Cutthroat trout,57,2.16
2017,CC,Cutthroat trout,59,1.94
2017,CC,Cutthroat trout,53,1.47
2017,CC,Cutthroat trout,55,1.66
2017,CC,Cutthroat trout,60,2.31
2017,CC,Cutthroat trout,53,1.98
2017,CC,Cutthroat trout,54,1.72
2017,CC,Cutthroat trout,34,0.41
2017,CC,Cutthroat trout,45,0.96
2017,CC,Cutthroat trout,97,9.49
2017,CC,Cutthroat trout,95,8.48
2017,CC,Cutthroat trout,102,11.7
2017,CC,Cutthroat trout,119,18.16
2017,CC,Cutthroat trout,114,15.9
2017,CC,Cutthroat trout,96,9.53
2017,CC,Cutthroat trout,90,7.73
2017,CC,Coastal giant salamander,121,52.11
2017,CC,Coastal giant salamander,125,53.99
2017,CC,Coastal giant salamander,26,0.64
2017,CC,Coastal giant salamander,40,2.02
2017,CC,Coastal giant salamander,38,2.02
2017,CC,Coastal giant salamander,43,3.29
2017,CC,Coastal giant salamander,68,11.14
2017,CC,Coastal giant salamander,30,0.98
2017,CC,Coastal giant salamander,49,4.04
2017,CC,Coastal giant salamander,62,8.55
2017,CC,Coastal giant salamander,52,5.46
2017,CC,Coastal giant salamander,70,11.01
2017,CC,Coastal giant salamander,49,4.07
2017,CC,Coastal giant salamander,63,8.1
2017,CC,Coastal giant salamander,62,10.34
2017,CC,Coastal giant salamander,62,7.52
2017,CC,Coastal giant salamander,64,8.47
2017,CC,Coastal giant salamander,57,7.42
2017,CC,Coastal giant salamander,70,10.93
2017,CC,Coastal giant salamander,36,1.71
2017,CC,Coastal giant salamander,28,0.83
2017,CC,Coastal giant salamander,50,4.14
2017,CC,Coastal giant salamander,48,3.78
2017,CC,Coastal giant salamander,47,3.84
2017,CC,Coastal giant salamander,35,2.05
2017,CC,Coastal giant salamander,55,5.71
2017,CC,Coastal giant salamander,58,6.36
2017,CC,Coastal giant salamander,63,8.31
2017,CC,Coastal giant salamander,69,11.41
2017,CC,Coastal giant salamander,75,16.36
2017,CC,Coastal giant salamander,76,14.14
2017,CC,Cutthroat trout,50,1.36
2017,CC,Cutthroat trout,37,0.5
2017,CC,Cutthroat trout,47,0.99
2017,CC,Cutthroat trout,62,2.33
2017,CC,Cutthroat trout,59,1.92
2017,CC,Cutthroat trout,54,1.64
2017,CC,Coastal giant salamander,49,4.15
2017,CC,Cutthroat trout,82,6.11
2017,CC,Cutthroat trout,101,10.36
2017,CC,Cutthroat trout,86,6.35
2017,CC,Cutthroat trout,125,20.19
2017,CC,Coastal giant salamander,54,5.72
2017,CC,Coastal giant salamander,52,5.49
2017,CC,Coastal giant salamander,62,8.2
2017,CC,Cutthroat trout,85,6.86
2017,CC,Cutthroat trout,103,11.83
2017,CC,Cutthroat trout,95,8.9
2017,CC,Cutthroat trout,112,13.16
2017,CC,Coastal giant salamander,29,0.72
2017,CC,Coastal giant salamander,50,4.82
2017,CC,Coastal giant salamander,59,7.18
2017,CC,Coastal giant salamander,72,14.27
2017,CC,Coastal giant salamander,49,4.25
2017,CC,Coastal giant salamander,140,86.01
2017,CC,Cutthroat trout,53,1.56
2017,CC,Cutthroat trout,48,1.11
2017,CC,Cutthroat trout,61,2.56
2017,CC,Cutthroat trout,41,0.74
2017,CC,Cutthroat trout,82,5.69
2017,CC,Cutthroat trout,127,19.31
2017,CC,Cutthroat trout,144,32
2017,CC,Cutthroat trout,45,0.91
2017,CC,Cutthroat trout,51,1.52
2017,CC,Cutthroat trout,51,1.34
2017,CC,Cutthroat trout,93,7.81
2017,CC,Cutthroat trout,90,7.04
2017,CC,Cutthroat trout,98,9.25
2017,CC,Cutthroat trout,94,8.5
2017,CC,Coastal giant salamander,45,3.56
2017,CC,Coastal giant salamander,49,4.63
2017,CC,Coastal giant salamander,46,3.86
2017,CC,Cutthroat trout,49,1.33
2017,CC,Cutthroat trout,116,16.54
2017,CC,Cutthroat trout,94,9.1
2017,CC,Coastal giant salamander,66,10.99
2017,CC,Coastal giant salamander,63,9.88
2017,CC,Coastal giant salamander,68,11.65
2017,CC,Coastal giant salamander,74,14.61
2017,CC,Coastal giant salamander,125,53.5
2017,CC,Cutthroat trout,58,1.99
2017,CC,Cutthroat trout,52,1.46
2017,CC,Cutthroat trout,62,2.27
2017,CC,Cutthroat trout,53,1.5
2017,CC,Cutthroat trout,45,0.94
2017,CC,Cutthroat trout,51,1.29
2017,CC,Cutthroat trout,40,0.73
2017,CC,Cutthroat trout,53,1.64
2017,CC,Cutthroat trout,46,1.13
2017,CC,Cutthroat trout,38,0.49
2017,CC,Cutthroat trout,50,1.25
2017,CC,Cutthroat trout,42,0.7
2017,CC,Coastal giant salamander,50,5.23
2017,CC,Cutthroat trout,28,0.18
2017,CC,Coastal giant salamander,56,6.73
2017,CC,Coastal giant salamander,40,2.36
2017,CC,Coastal giant salamander,30,0.88
2017,CC,Cutthroat trout,53,1.43
2017,CC,Coastal giant salamander,40,2.52
2017,CC,Coastal giant salamander,26,0.75
2017,CC,Coastal giant salamander,56,5.8
2017,CC,Coastal giant salamander,49,5.08
2017,CC,Coastal giant salamander,62,8.78
2017,CC,Coastal giant salamander,39,2.12
2017,CC,Coastal giant salamander,59,6.41
2017,CC,Coastal giant salamander,39,1.97
2017,CC,Coastal giant salamander,46,2.89
2017,CC,Coastal giant salamander,47,4.24
2017,CC,Coastal giant salamander,36,1.97
2017,CC,Coastal giant salamander,50,3.82
2017,CC,Coastal giant salamander,44,3.16
2017,CC,Coastal giant salamander,40,2.18
2017,CC,Coastal giant salamander,52,5.43
2017,CC,Coastal giant salamander,50,5.25
2017,CC,Coastal giant salamander,49,4.1
2017,CC,Coastal giant salamander,64,9.36
2017,CC,Coastal giant salamander,66,10.15
2017,CC,Coastal giant salamander,37,1.91
2017,CC,Coastal giant salamander,62,9.76
2017,CC,Coastal giant salamander,68,10.51
2017,CC,Cutthroat trout,61,2.05
2017,CC,Cutthroat trout,59,2.07
2017,CC,Cutthroat trout,45,0.87
2017,CC,Coastal giant salamander,40,2.76
2017,CC,Cutthroat trout,127,21.13
2017,CC,Coastal giant salamander,52,5.54
2017,CC,Coastal giant salamander,54,6.21
2017,CC,Coastal giant salamander,74,15.7
2017,CC,Cutthroat trout,60,2.44
2017,CC,Coastal giant salamander,52,5.93
2017,CC,Coastal giant salamander,53,6.04
2017,CC,Coastal giant salamander,53,5.51
2017,CC,Coastal giant salamander,51,4.42
2017,CC,Cutthroat trout,148,34.24
2017,CC,Cutthroat trout,139,26.93
2017,CC,Coastal giant salamander,91,27.75
2017,OG,Cutthroat trout,42,0.84
2017,OG,Cutthroat trout,50,1.2
2017,OG,Cutthroat trout,92,7.81
2017,OG,Cutthroat trout,110,13.74
2017,OG,Cutthroat trout,82,5.92
2017,OG,Cutthroat trout,83,5.75
2017,OG,Cutthroat trout,99,9.39
2017,OG,Cutthroat trout,78,4.75
2017,OG,Coastal giant salamander,50,4.6
2017,OG,Coastal giant salamander,42,3.05
2017,OG,Coastal giant salamander,49,4.53
2017,OG,Coastal giant salamander,45,3.59
2017,OG,Coastal giant salamander,49,4.27
2017,OG,Coastal giant salamander,50,5.03
2017,OG,Coastal giant salamander,70,12.97
2017,OG,Coastal giant salamander,71,12.04
2017,OG,Coastal giant salamander,62,8.43
2017,OG,Cutthroat trout,39,0.6
2017,OG,Cutthroat trout,42,0.67
2017,OG,Cutthroat trout,40,0.92
2017,OG,Cutthroat trout,50,1.37
2017,OG,Cutthroat trout,116,15.69
2017,OG,Cutthroat trout,87,6.06
2017,OG,Cutthroat trout,89,6.99
2017,OG,Cutthroat trout,92,7.85
2017,OG,Cutthroat trout,85,5.65
2017,OG,Cutthroat trout,115,15.22
2017,OG,Cutthroat trout,114,14.34
2017,OG,Coastal giant salamander,49,4.11
2017,OG,Coastal giant salamander,61,8.18
2017,OG,Coastal giant salamander,63,9.97
2017,OG,Cutthroat trout,49,1.45
2017,OG,Cutthroat trout,48,1.08
2017,OG,Cutthroat trout,77,4.48
2017,OG,Cutthroat trout,124,19.07
2017,OG,Cutthroat trout,91,6.94
2017,OG,Cutthroat trout,135,22.3
2017,OG,Cutthroat trout,105,11.98
2017,OG,Cutthroat trout,172,48.42
2017,OG,Cutthroat trout,42,0.78
2017,OG,Cutthroat trout,48,1.22
2017,OG,Cutthroat trout,48,1.1
2017,OG,Cutthroat trout,42,0.71
2017,OG,Cutthroat trout,43,0.83
2017,OG,Cutthroat trout,41,0.74
2017,OG,Cutthroat trout,53,1.53
2017,OG,Cutthroat trout,48,1.25
2017,OG,Cutthroat trout,43,0.71
2017,OG,Cutthroat trout,45,0.94
2017,OG,Cutthroat trout,39,0.63
2017,OG,Cutthroat trout,50,1.28
2017,OG,Cutthroat trout,58,2.09
2017,OG,Cutthroat trout,86,6.44
2017,OG,Cutthroat trout,50,1.56
2017,OG,Cutthroat trout,93,8.43
2017,OG,Cutthroat trout,79,4.88
2017,OG,Coastal giant salamander,55,8.13
2017,OG,Coastal giant salamander,49,4.07
2017,OG,Coastal giant salamander,38,1.79
2017,OG,Coastal giant salamander,51,4.31
2017,OG,Coastal giant salamander,39,2.08
2017,OG,Coastal giant salamander,56,5.71
2017,OG,Coastal giant salamander,53,5.37
2017,OG,Coastal giant salamander,51,4.34
2017,OG,Coastal giant salamander,53,5.87
2017,OG,Coastal giant salamander,70,11.58
2017,OG,Coastal giant salamander,64,8.76
2017,OG,Coastal giant salamander,68,9.32
2017,OG,Coastal giant salamander,67,9.12
2017,OG,Coastal giant salamander,65,10.21
2017,OG,Coastal giant salamander,71,11.38
2017,OG,Coastal giant salamander,69,10.85
2017,OG,Coastal giant salamander,69,10.4
2017,OG,Coastal giant salamander,73,13.42
2017,OG,Cutthroat trout,56,1.75
2017,OG,Cutthroat trout,51,1.27
2017,OG,Cutthroat trout,52,1.41
2017,OG,Cutthroat trout,48,1.2
2017,OG,Cutthroat trout,52,1.37
2017,OG,Cutthroat trout,44,1
2017,OG,Cutthroat trout,56,1.79
2017,OG,Cutthroat trout,127,22.88
2017,OG,Coastal giant salamander,39,2.04
2017,OG,Coastal giant salamander,53,5.18
2017,OG,Coastal giant salamander,55,5.64
2017,OG,Coastal giant salamander,49,4.39
2017,OG,Cutthroat trout,87,6.47
2017,OG,Cutthroat trout,92,7.5
2017,OG,Cutthroat trout,88,6.72
2017,OG,Cutthroat trout,107,12.77
2017,OG,Cutthroat trout,102,10.38
2017,OG,Cutthroat trout,114,15.1
2017,OG,Cutthroat trout,125,19.23
2017,OG,Coastal giant salamander,50,4.46
2017,OG,Coastal giant salamander,30,0.98
2017,OG,Coastal giant salamander,40,2.44
2017,OG,Coastal giant salamander,46,3.61
2017,OG,Coastal giant salamander,37,2.04
2017,OG,Coastal giant salamander,70,10.82
2017,OG,Coastal giant salamander,68,10.73
2017,OG,Coastal giant salamander,76,15.03
2017,OG,Coastal giant salamander,115,45.03
2017,OG,Cutthroat trout,52,1.56
2017,OG,Cutthroat trout,84,6.01
2017,OG,Cutthroat trout,100,11.36
2017,OG,Cutthroat trout,89,6.89
2017,OG,Cutthroat trout,79,4.76
2017,OG,Cutthroat trout,91,7.84
2017,OG,Cutthroat trout,158,42.61
2017,OG,Coastal giant salamander,55,5.74
2017,OG,Coastal giant salamander,52,6.01
2017,OG,Coastal giant salamander,66,9.23
2017,OG,Cutthroat trout,49,1.25
2017,OG,Cutthroat trout,54,1.51
2017,OG,Cutthroat trout,88,6.49
2017,OG,Cutthroat trout,94,7.98
2017,OG,Cutthroat trout,107,13.31
2017,OG,Cutthroat trout,89,7.19
2017,OG,Cutthroat trout,106,11.52
2017,OG,Coastal giant salamander,40,2.09
2017,OG,Coastal giant salamander,56,6.65
2017,OG,Cutthroat trout,80,5.37
2017,OG,Cutthroat trout,114,14.92
2017,OG,Cutthroat trout,132,22.45
2017,OG,Cutthroat trout,28,0.18
2017,OG,Cutthroat trout,34,0.36
2017,OG,Cutthroat trout,42,0.84
2017,OG,Cutthroat trout,35,0.44
2017,OG,Cutthroat trout,31,0.26
2017,OG,Cutthroat trout,45,0.9
2017,OG,Cutthroat trout,33,0.37
2017,OG,Cutthroat trout,43,0.78
2017,OG,Cutthroat trout,37,0.56
2017,OG,Cutthroat trout,41,0.83
2017,OG,Cutthroat trout,39,0.56
2017,OG,Cutthroat trout,49,1.25
2017,OG,Cutthroat trout,43,0.75
2017,OG,Cutthroat trout,30,0.26
2017,OG,Cutthroat trout,37,0.45
2017,OG,Cutthroat trout,50,1.24
2017,OG,Coastal giant salamander,26,1.82
2017,OG,Coastal giant salamander,25,0.66
2017,OG,Cutthroat trout,47,1.02
2017,OG,Cutthroat trout,41,0.66
2017,OG,Coastal giant salamander,40,2.29
2017,OG,Coastal giant salamander,36,1.64
2017,OG,Coastal giant salamander,35,1.8
2017,OG,Cutthroat trout,25,0.13
2017,OG,Cutthroat trout,40,0.61
2017,OG,Cutthroat trout,47,1.12
2017,OG,Cutthroat trout,55,1.72
2017,OG,Cutthroat trout,50,1.33
2017,OG,Cutthroat trout,135,21.6
2017,OG,Cutthroat trout,90,7.53
2017,OG,Coastal giant salamander,52,5.47
2017,OG,Coastal giant salamander,73,14.52
2017,OG,Coastal giant salamander,35,1.45
2017,OG,Coastal giant salamander,55,6.07
2017,OG,Coastal giant salamander,65,9.89
2017,OG,Coastal giant salamander,120,62.85
2017,OG,Cutthroat trout,44,0.81
2017,OG,Cutthroat trout,48,1.15
2017,OG,Cutthroat trout,52,1.39
2017,OG,Cutthroat trout,49,1.3
2017,OG,Cutthroat trout,51,1.4
2017,OG,Cutthroat trout,53,1.51
2017,OG,Cutthroat trout,92,7.38
2017,OG,Cutthroat trout,45,0.98
2017,OG,Cutthroat trout,102,10.45
2017,OG,Cutthroat trout,87,6.32
2017,OG,Coastal giant salamander,45,3.29
2017,OG,Coastal giant salamander,49,4.02
2017,OG,Coastal giant salamander,59,7.39
2017,OG,Coastal giant salamander,52,5.08
2017,OG,Coastal giant salamander,51,4.66
2017,OG,Coastal giant salamander,30,0.95
2017,OG,Coastal giant salamander,59,7.87
2017,OG,Coastal giant salamander,70,11.63
2017,OG,Coastal giant salamander,65,10.23
2017,OG,Cutthroat trout,85,5.72
2017,OG,Cutthroat trout,97,9.7
2017,OG,Coastal giant salamander,53,5.77
2017,OG,Coastal giant salamander,55,6.56
2017,OG,Coastal giant salamander,65,9.92
2017,OG,Coastal giant salamander,66,10.71
2017,OG,Cutthroat trout,108,13.24
2017,OG,Cutthroat trout,34,0.34
2017,OG,Cutthroat trout,27,0.17
2017,OG,Cutthroat trout,34,0.36
2017,OG,Cutthroat trout,27,0.16
2017,OG,Coastal giant salamander,38,1.91
2017,OG,Cutthroat trout,87,6.4
2017,OG,Cutthroat trout,43,0.78
2017,OG,Cutthroat trout,92,8.1
2017,OG,Cutthroat trout,87,6.61
2017,OG,Coastal giant salamander,51,4.54
2017,OG,Coastal giant salamander,46,3.78
2017,OG,Coastal giant salamander,51,5.2
2017,OG,Cutthroat trout,57,1.99
2017,OG,Cutthroat trout,152,38.44
2017,OG,Cutthroat trout,76,4.14
2017,OG,Cutthroat trout,80,5.04
2017,OG,Cutthroat trout,52,1.45
2017,OG,Cutthroat trout,108,12.11
2017,OG,Cutthroat trout,104,10.96
2017,OG,Cutthroat trout,90,6.88
2017,OG,Coastal giant salamander,70,10.48
2017,OG,Coastal giant salamander,59,7.18
2017,OG,Cutthroat trout,88,6.84
2017,OG,Cutthroat trout,89,6.67
2017,OG,Cutthroat trout,88,6.69
2017,OG,Cutthroat trout,130,19.99
2017,OG,Coastal giant salamander,40,2.43
2017,OG,Coastal giant salamander,55,6.19
2017,OG,Coastal giant salamander,61,8.35
2017,OG,Coastal giant salamander,38,1.96
2017,OG,Coastal giant salamander,47,4.08
2017,OG,Coastal giant salamander,56,7.07
2017,OG,Coastal giant salamander,42,2.86
2017,OG,Coastal giant salamander,49,4.15
2017,OG,Coastal giant salamander,65,10.26
2017,OG,Coastal giant salamander,30,0.99
2017,OG,Coastal giant salamander,47,3.62
2017,OG,Coastal giant salamander,66,10.84
2017,OG,Cutthroat trout,50,1.13
2017,OG,Cutthroat trout,82,5.45
2017,OG,Cutthroat trout,124,17.94
2017,OG,Cutthroat trout,107,12.32
2017,OG,Coastal giant salamander,43,3.62
2017,OG,Cutthroat trout,141,27.33
2017,OG,Coastal giant salamander,66,10.02
2017,OG,Coastal giant salamander,140,81.75
2017,OG,Coastal giant salamander,40,2.23
2017,OG,Cutthroat trout,53,1.49
2017,OG,Coastal giant salamander,53,5.55
2017,OG,Cutthroat trout,83,5.98
2017,OG,Coastal giant salamander,52,5.15
2017,OG,Cutthroat trout,142,27.64
2017,OG,Cutthroat trout,115,13.95
2017,OG,Coastal giant salamander,72,12.29
2017,OG,Coastal giant salamander,82,17.54
2017,OG,Cutthroat trout,53,1.71
2017,OG,Cutthroat trout,43,0.86
2017,OG,Cutthroat trout,29,0.15
2017,OG,Cutthroat trout,32,0.25
2017,OG,Cutthroat trout,27,0.25
2017,OG,Cutthroat trout,41,0.59
2017,OG,Cutthroat trout,32,0.34
2017,OG,Cutthroat trout,45,0.78
2017,OG,Cutthroat trout,32,0.35
2017,OG,Cutthroat trout,70,3.26
2017,OG,Cutthroat trout,35,0.38
2017,OG,Coastal giant salamander,35,1.44
2017,OG,Coastal giant salamander,42,2.57
2017,OG,Coastal giant salamander,28,0.9
2017,OG,Coastal giant salamander,26,0.59
2017,OG,Coastal giant salamander,25,0.58
2017,OG,Coastal giant salamander,38,2.24
2017,OG,Coastal giant salamander,26,0.64
2017,OG,Coastal giant salamander,40,2.48
2017,OG,Coastal giant salamander,45,3.33
2017,OG,Coastal giant salamander,26,0.83
2017,OG,Coastal giant salamander,58,6.23
2017,OG,Coastal giant salamander,59,7.08
2017,OG,Coastal giant salamander,63,9.3
2017,OG,Coastal giant salamander,26,0.65
2017,OG,Cutthroat trout,35,0.3
2017,OG,Coastal giant salamander,35,2.18
2017,OG,Cutthroat trout,95,9.18
2017,OG,Cutthroat trout,43,0.77
2017,OG,Cutthroat trout,147,26.54
2017,OG,Cutthroat trout,120,18.05
2017,OG,Cutthroat trout,88,6.78
2017,OG,Cutthroat trout,99,9.23
2017,OG,Cutthroat trout,125,18.68
2017,OG,Cutthroat trout,85,5.85
2017,OG,Coastal giant salamander,42,2.8
2017,OG,Coastal giant salamander,39,2.3
2017,OG,Coastal giant salamander,30,1.08
2017,OG,Coastal giant salamander,59,6.96
2017,OG,Cutthroat trout,93,7.8
2017,OG,Cutthroat trout,93,7.53
2017,OG,Cutthroat trout,118,15.52
2017,OG,Cutthroat trout,57,1.95
2017,OG,Cutthroat trout,55,2.04
2017,OG,Cutthroat trout,43,0.82
2017,OG,Cutthroat trout,58,1.98
2017,OG,Cutthroat trout,47,1.05
2017,OG,Cutthroat trout,70,3.72
2017,OG,Coastal giant salamander,39,1.92
2017,OG,Coastal giant salamander,41,2.55
2017,OG,Coastal giant salamander,45,3.77
2017,OG,Coastal giant salamander,41,2.95
2017,OG,Coastal giant salamander,47,3.8
2017,OG,Coastal giant salamander,40,2.46
2017,OG,Coastal giant salamander,38,2.27
2017,OG,Coastal giant salamander,47,3.86
2017,OG,Coastal giant salamander,52,5.07
2017,OG,Coastal giant salamander,51,4.84
2017,OG,Coastal giant salamander,27,0.69
2017,OG,Coastal giant salamander,50,4.06
2017,OG,Coastal giant salamander,28,0.51
2017,OG,Coastal giant salamander,29,0.8
2017,OG,Coastal giant salamander,35,1.82
2017,OG,Coastal giant salamander,41,1.9
2017,OG,Coastal giant salamander,37,1.78
2017,OG,Coastal giant salamander,48,3.91
2017,OG,Coastal giant salamander,36,1.73
2017,OG,Coastal giant salamander,40,2.4
2017,OG,Coastal giant salamander,45,3.83
2017,OG,Coastal giant salamander,57,6.7
2017,OG,Coastal giant salamander,40,2.23
2017,OG,Coastal giant salamander,27,0.79
2017,OG,Coastal giant salamander,44,2.72
2017,OG,Coastal giant salamander,29,0.74
2017,OG,Coastal giant salamander,32,1.6
2017,OG,Coastal giant salamander,25,0.64
2017,OG,Cutthroat trout,52,1.42
2017,OG,Cutthroat trout,45,0.81
2017,OG,Cutthroat trout,46,0.98
2017,OG,Cutthroat trout,56,1.65
2017,OG,Cutthroat trout,57,1.87
2017,OG,Cutthroat trout,53,1.34
2017,OG,Cutthroat trout,48,1.03
2017,OG,Cutthroat trout,60,2.23
2017,OG,Cutthroat trout,48,1.02
2017,OG,Cutthroat trout,40,0.63
2017,OG,Cutthroat trout,56,2.12
2017,OG,Cutthroat trout,57,1.93
2017,OG,Cutthroat trout,55,1.8
2017,OG,Cutthroat trout,60,2.14
2017,OG,Cutthroat trout,53,1.37
2017,OG,Cutthroat trout,53,1.42
2017,OG,Cutthroat trout,60,2.1
2017,OG,Cutthroat trout,46,1.06
2017,OG,Cutthroat trout,47,1.2
2017,OG,Cutthroat trout,58,2.03
2017,OG,Cutthroat trout,49,1.23
2017,OG,Cutthroat trout,52,1.55
2017,OG,Cutthroat trout,46,0.97
2017,OG,Cutthroat trout,54,1.6
2017,OG,Cutthroat trout,52,1.52
2017,OG,Cutthroat trout,52,1.45
2017,OG,Cutthroat trout,55,1.64
2017,OG,Cutthroat trout,50,1.26
2017,OG,Cutthroat trout,52,1.31
2017,OG,Cutthroat trout,104,10.77
2017,OG,Cutthroat trout,93,7.59
2017,OG,Coastal giant salamander,47,3.96
2017,OG,Coastal giant salamander,55,5.21
2017,OG,Coastal giant salamander,38,1.85
2017,OG,Coastal giant salamander,26,0.61
2017,OG,Coastal giant salamander,55,5.86
2017,OG,Coastal giant salamander,58,7.31
2017,OG,Coastal giant salamander,47,3.95
2017,OG,Coastal giant salamander,55,4.78
2017,OG,Coastal giant salamander,40,2.23
2017,OG,Coastal giant salamander,29,0.85
2017,OG,Coastal giant salamander,47,4.19
2017,OG,Coastal giant salamander,50,4.54
2017,OG,Coastal giant salamander,51,4.74
2017,OG,Coastal giant salamander,42,3.01
2017,OG,Coastal giant salamander,42,2.54
2017,OG,Coastal giant salamander,52,5.04
2017,OG,Coastal giant salamander,52,4.93
2017,OG,Coastal giant salamander,40,2.53
2017,OG,Coastal giant salamander,27,0.69
2017,OG,Coastal giant salamander,29,0.79
2017,OG,Cutthroat trout,97,8.77
2017,OG,Cutthroat trout,92,7.57
2017,OG,Cutthroat trout,85,6.24
2017,OG,Cutthroat trout,87,6.53
2017,OG,Cutthroat trout,128,20.77
2017,OG,Coastal giant salamander,65,8.64
2017,OG,Coastal giant salamander,79,16.71
2017,OG,Coastal giant salamander,63,8.21
2017,OG,Coastal giant salamander,81,16.43
2017,OG,Coastal giant salamander,61,7.72
2017,OG,Coastal giant salamander,62,8.24
2017,OG,Coastal giant salamander,68,11.47
2017,OG,Coastal giant salamander,124,57.28
2017,OG,Cutthroat trout,53,1.66
2017,OG,Cutthroat trout,76,4.29
2017,OG,Coastal giant salamander,50,4.94
2017,OG,Coastal giant salamander,100,33.83
2017,OG,Cutthroat trout,55,1.68
2017,OG,Coastal giant salamander,37,1.75
2017,OG,Coastal giant salamander,46,4.01
2017,OG,Cutthroat trout,78,5.95
2017,OG,Coastal giant salamander,59,7.7
2017,OG,Coastal giant salamander,57,6.3
2017,OG,Cutthroat trout,98,9.52
2017,OG,Coastal giant salamander,58,8.08
2017,OG,Cutthroat trout,82,5.35
2017,OG,Cutthroat trout,120,17.75
2017,OG,Cutthroat trout,23,0.12
2017,OG,Cutthroat trout,45,1.02
2017,OG,Coastal giant salamander,41,3.25
2017,OG,Coastal giant salamander,40,2.4
2017,OG,Cutthroat trout,37,0.5
2017,OG,Coastal giant salamander,58,6.82
2017,OG,Coastal giant salamander,41,2.57
2017,OG,Cutthroat trout,113,13.5
2017,OG,Coastal giant salamander,59,6.41
2017,OG,Coastal giant salamander,40,2.46
2017,OG,Coastal giant salamander,50,4.88
2017,OG,Coastal giant salamander,39,2.21
2017,OG,Coastal giant salamander,37,1.8
2017,OG,Coastal giant salamander,53,5.26
2017,OG,Coastal giant salamander,65,9.6
2017,OG,Cutthroat trout,43,0.76
2017,OG,Cutthroat trout,49,1.19
2017,OG,Cutthroat trout,51,1.27
2017,OG,Cutthroat trout,45,0.9
2017,OG,Coastal giant salamander,28,0.72
2017,OG,Coastal giant salamander,42,2.42
2017,OG,Coastal giant salamander,55,6.36
2017,OG,Coastal giant salamander,42,3.15
2017,OG,Coastal giant salamander,29,0.83
2017,OG,Coastal giant salamander,52,5.78
2017,OG,Coastal giant salamander,26,0.66
2017,OG,Coastal giant salamander,45,2.82
2017,OG,Coastal giant salamander,50,4.53
2017,OG,Coastal giant salamander,27,0.79
2017,OG,Coastal giant salamander,43,3.46
2017,OG,Coastal giant salamander,49,4.61
2017,OG,Coastal giant salamander,58,7.47
2017,OG,Coastal giant salamander,52,5.81
2017,OG,Coastal giant salamander,62,9.22
2017,OG,Coastal giant salamander,65,10.42
2017,OG,Coastal giant salamander,118,51.82
2017,OG,Cutthroat trout,46,0.95
2017,OG,Cutthroat trout,61,2.43
2017,OG,Cutthroat trout,54,1.58
2017,OG,Cutthroat trout,63,2.58
2017,OG,Cutthroat trout,104,12
2017,OG,Cutthroat trout,122,17.39
2017,OG,Cutthroat trout,102,11.92
2017,OG,Cutthroat trout,113,15.37
2017,OG,Cutthroat trout,102,10.96
2017,OG,Cutthroat trout,94,8.5
2017,OG,Cutthroat trout,96,8.44
2017,OG,Coastal giant salamander,43,2.43
2017,OG,Coastal giant salamander,63,8.63
2017,OG,Coastal giant salamander,76,19.12
2017,OG,Coastal giant salamander,132,58.35
2017,OG,Coastal giant salamander,36,0.85
2017,OG,Coastal giant salamander,46,4.2
2017,OG,Coastal giant salamander,42,2.43
2017,OG,Cutthroat trout,63,3.07
2017,OG,Cutthroat trout,47,1.37
2017,OG,Cutthroat trout,58,1.92
2017,OG,Cutthroat trout,56,1.79
2017,OG,Cutthroat trout,59,2.12
2017,OG,Cutthroat trout,56,1.77
2017,OG,Cutthroat trout,58,1.93
2017,OG,Cutthroat trout,42,0.84
2017,OG,Cutthroat trout,52,1.48
2017,OG,Cutthroat trout,128,21.39
2017,OG,Cutthroat trout,96,8.56
2017,OG,Cutthroat trout,121,19.5
2017,OG,Cutthroat trout,119,17.13
2017,OG,Cutthroat trout,91,8.15
2017,OG,Cutthroat trout,113,13.99
2017,OG,Cutthroat trout,89,7.42
2017,OG,Cutthroat trout,51,1.53
2017,OG,Cutthroat trout,101,9.68
2017,OG,Coastal giant salamander,26,0.85
2017,OG,Coastal giant salamander,52,5.01
2017,OG,Coastal giant salamander,54,5.82
2017,OG,Coastal giant salamander,26,0.76
2017,OG,Coastal giant salamander,54,5.16
2017,OG,Coastal giant salamander,25,0.57
2017,OG,Coastal giant salamander,53,5.2
2017,OG,Coastal giant salamander,62,8.32
2017,OG,Coastal giant salamander,68,11.2
2017,OG,Coastal giant salamander,62,8.16
2017,OG,Coastal giant salamander,66,10.33
2017,OG,Coastal giant salamander,72,12.03
2017,OG,Coastal giant salamander,81,15.67
2017,OG,Cutthroat trout,60,2.39
2017,OG,Cutthroat trout,61,2.17
2017,OG,Cutthroat trout,53,1.58
2017,OG,Cutthroat trout,62,2.47
2017,OG,Cutthroat trout,51,1.3
2017,OG,Cutthroat trout,50,1.13
2017,OG,Cutthroat trout,45,0.94
2017,OG,Cutthroat trout,133,23.06
2017,OG,Cutthroat trout,138,27.1
2017,OG,Cutthroat trout,139,28.39
2017,OG,Cutthroat trout,100,10.41
2017,OG,Cutthroat trout,91,7.36
2017,OG,Cutthroat trout,58,2.01
2017,OG,Cutthroat trout,92,7.86
2017,OG,Cutthroat trout,123,16.68
2017,OG,Cutthroat trout,117,16.29
2017,OG,Cutthroat trout,121,16.5
2017,OG,Cutthroat trout,132,23.14
2017,OG,Cutthroat trout,93,8.82
2017,OG,Cutthroat trout,106,11.55
2017,OG,Cutthroat trout,96,9.05
2017,OG,Cutthroat trout,97,9.48
2017,OG,Cutthroat trout,81,6.06
2017,OG,Coastal giant salamander,42,2.43
2017,OG,Coastal giant salamander,40,2.58
2017,OG,Coastal giant salamander,26,0.85
2017,OG,Coastal giant salamander,37,1.96
2017,OG,Coastal giant salamander,39,2.15
2017,OG,Coastal giant salamander,53,4.9
2017,OG,Coastal giant salamander,54,4.66
2017,OG,Coastal giant salamander,58,6.05
2017,OG,Coastal giant salamander,64,9.03
2017,OG,Coastal giant salamander,72,10.03
2017,OG,Cutthroat trout,48,1.04
2017,OG,Cutthroat trout,53,1.76
2017,OG,Cutthroat trout,47,0.96
2017,OG,Cutthroat trout,43,0.83
2017,OG,Cutthroat trout,42,0.6
2017,OG,Cutthroat trout,61,2.18
2017,OG,Cutthroat trout,53,1.33
2017,OG,Cutthroat trout,94,8.55
2017,OG,Cutthroat trout,121,17.05
2017,OG,Cutthroat trout,86,6.06
2017,OG,Cutthroat trout,92,7.75
2017,OG,Cutthroat trout,137,26.53
2017,OG,Coastal giant salamander,28,0.76
2017,OG,Cutthroat trout,60,2.17
2017,OG,Cutthroat trout,44,0.88
2017,OG,Cutthroat trout,53,1.9
2017,OG,Cutthroat trout,42,0.66
2017,OG,Cutthroat trout,87,6.92
2017,OG,Cutthroat trout,128,21.23
2017,OG,Cutthroat trout,93,9.15
2017,OG,Cutthroat trout,94,8.54
2017,OG,Cutthroat trout,88,6.03
2017,OG,Coastal giant salamander,48,3.69
2017,OG,Coastal giant salamander,57,5.13
2017,OG,Coastal giant salamander,53,4.87
2017,OG,Coastal giant salamander,49,4.34
2017,OG,Coastal giant salamander,26,0.65
2017,OG,Coastal giant salamander,25,0.62
2017,OG,Coastal giant salamander,54,5.1
2017,OG,Coastal giant salamander,62,7.71
2017,OG,Coastal giant salamander,43,2.76
2017,OG,Coastal giant salamander,48,3.74
2017,OG,Coastal giant salamander,51,4.77
2017,OG,Coastal giant salamander,56,5.14
2017,OG,Coastal giant salamander,62,6.69
2017,OG,Coastal giant salamander,67,8.97
2017,OG,Coastal giant salamander,58,6.97
2017,OG,Coastal giant salamander,57,6.43
2017,OG,Coastal giant salamander,55,5.36
2017,OG,Coastal giant salamander,37,1.59
2017,OG,Coastal giant salamander,56,5.39
2017,OG,Coastal giant salamander,42,2.53
2017,OG,Coastal giant salamander,57,5.17
2017,OG,Coastal giant salamander,60,6.69
2017,OG,Coastal giant salamander,41,2.17
2017,OG,Coastal giant salamander,27,0.61
2017,OG,Coastal giant salamander,40,2.25
2017,OG,Coastal giant salamander,78,13.48
2017,OG,Coastal giant salamander,67,9.8
2017,OG,Coastal giant salamander,76,13.62
2017,OG,Coastal giant salamander,72,11.32
2017,OG,Coastal giant salamander,66,10.15
2017,OG,Coastal giant salamander,67,9.5
2017,OG,Coastal giant salamander,72,12.06
2017,OG,Coastal giant salamander,66,8.83
2017,OG,Coastal giant salamander,67,8.86
2017,OG,Coastal giant salamander,63,7.63
2017,OG,Coastal giant salamander,132,58.02
2017,OG,Cutthroat trout,46,0.79
2017,OG,Cutthroat trout,55,1.68
2017,OG,Cutthroat trout,92,8.09
2017,OG,Cutthroat trout,89,8.01
2017,OG,Cutthroat trout,84,6.51
2017,OG,Coastal giant salamander,58,6.96
2017,OG,Coastal giant salamander,28,0.73
2017,OG,Coastal giant salamander,38,2.02
2017,OG,Coastal giant salamander,42,2.82
2017,OG,Coastal giant salamander,48,4.75
2017,OG,Coastal giant salamander,52,4.25
2017,OG,Coastal giant salamander,51,4.06
2017,OG,Coastal giant salamander,56,5.25
2017,OG,Coastal giant salamander,58,5.96
2017,OG,Coastal giant salamander,36,1.43
2017,OG,Coastal giant salamander,38,1.75
2017,OG,Coastal giant salamander,38,1.75
2017,OG,Coastal giant salamander,58,6.19
2017,OG,Coastal giant salamander,67,9.11
2017,OG,Coastal giant salamander,27,0.8
2017,OG,Coastal giant salamander,73,10.92
2017,OG,Coastal giant salamander,71,9.9
2017,OG,Coastal giant salamander,60,7.46
2017,OG,Coastal giant salamander,86,17.74
2017,OG,Coastal giant salamander,83,17.3
2017,OG,Cutthroat trout,142,29.08
2017,OG,Cutthroat trout,121,17.08
2017,OG,Coastal giant salamander,57,5.9
2017,OG,Coastal giant salamander,52,4.29
2017,OG,Coastal giant salamander,39,1.62
2017,OG,Coastal giant salamander,63,7.72
2017,OG,Cutthroat trout,56,2.26
2017,OG,Cutthroat trout,96,8.53
2017,OG,Coastal giant salamander,54,4.64
2017,OG,Coastal giant salamander,46,3.4
2017,OG,Coastal giant salamander,43,2.68
2017,OG,Coastal giant salamander,62,8.13
2017,OG,Cutthroat trout,57,1.85
2017,OG,Coastal giant salamander,71,11.03
2017,OG,Coastal giant salamander,63,8.26
2017,OG,Coastal giant salamander,28,0.56
2017,OG,Coastal giant salamander,32,1.02
2017,OG,Coastal giant salamander,32,1.14
2017,OG,Coastal giant salamander,31,0.91
2017,OG,Coastal giant salamander,76,15.25
2017,OG,Cutthroat trout,127,20.32
2017,OG,Cutthroat trout,53,1.29
2017,OG,Cutthroat trout,47,0.78
2017,OG,Cutthroat trout,63,2.43
2017,OG,Cutthroat trout,55,1.61
2017,OG,Cutthroat trout,54,1.4
2017,OG,Cutthroat trout,55,1.65
2017,OG,Cutthroat trout,98,9.6
2017,OG,Cutthroat trout,113,14.26
2017,OG,Cutthroat trout,92,8.36
2017,OG,Coastal giant salamander,55,4.84
2017,OG,Coastal giant salamander,27,0.78
2017,OG,Coastal giant salamander,43,3.13
2017,OG,Coastal giant salamander,42,2.41
2017,OG,Coastal giant salamander,47,2.99
2017,OG,Coastal giant salamander,60,6.46
2017,OG,Coastal giant salamander,63,8.62
2017,OG,Coastal giant salamander,63,7.66
2017,OG,Coastal giant salamander,65,10.01
2017,OG,Coastal giant salamander,68,10.97
2017,OG,Coastal giant salamander,61,7.36
2017,OG,Coastal giant salamander,66,9.52
2017,OG,Coastal giant salamander,58,6.77
2017,OG,Coastal giant salamander,58,6.54
2017,OG,Coastal giant salamander,28,0.76
2017,OG,Coastal giant salamander,26,0.53
2017,OG,Coastal giant salamander,60,6.46
2018,CC,Cutthroat trout,47,1
2018,CC,Cutthroat trout,49,1.1
2018,CC,Cutthroat trout,49,1.2
2018,CC,Cutthroat trout,52,1.3
2018,CC,Cutthroat trout,43,0.8
2018,CC,Cutthroat trout,37,0.5
2018,CC,Cutthroat trout,56,1.8
2018,CC,Cutthroat trout,44,0.9
2018,CC,Cutthroat trout,46,1.2
2018,CC,Cutthroat trout,36,0.5
2018,CC,Cutthroat trout,42,0.9
2018,CC,Coastal giant salamander,41,1.5
2018,CC,Coastal giant salamander,51,3.8
2018,CC,Coastal giant salamander,54,4.3
2018,CC,Coastal giant salamander,52,3.5
2018,CC,Cutthroat trout,118,15.2
2018,CC,Cutthroat trout,86,6
2018,CC,Cutthroat trout,81,5.3
2018,CC,Coastal giant salamander,61,6.7
2018,CC,Coastal giant salamander,77,15.2
2018,CC,Coastal giant salamander,68,11
2018,CC,Coastal giant salamander,66,8.2
2018,CC,Coastal giant salamander,77,14.8
2018,CC,Coastal giant salamander,143,90.4
2018,CC,Coastal giant salamander,131,58.4
2018,CC,Coastal giant salamander,64,10.9
2018,CC,Coastal giant salamander,56,7.4
2018,CC,Coastal giant salamander,58,6.7
2018,CC,Coastal giant salamander,68,12.6
2018,CC,Coastal giant salamander,86,20.3
2018,CC,Coastal giant salamander,120,57.4
2018,CC,Cutthroat trout,44,0.9
2018,CC,Cutthroat trout,51,1.5
2018,CC,Cutthroat trout,49,1.1
2018,CC,Cutthroat trout,83,5.6
2018,CC,Cutthroat trout,101,10.2
2018,CC,Cutthroat trout,93,7.6
2018,CC,Cutthroat trout,82,5.3
2018,CC,Cutthroat trout,102,9.9
2018,CC,Cutthroat trout,152,35.7
2018,CC,Cutthroat trout,85,5.7
2018,CC,Cutthroat trout,95,8.3
2018,CC,Cutthroat trout,97,9
2018,CC,Cutthroat trout,103,10.7
2018,CC,Cutthroat trout,95,8.7
2018,CC,Cutthroat trout,85,6
2018,CC,Cutthroat trout,108,13.7
2018,CC,Coastal giant salamander,46,3.6
2018,CC,Coastal giant salamander,48,4.1
2018,CC,Cutthroat trout,56,1.9
2018,CC,Cutthroat trout,58,1.9
2018,CC,Cutthroat trout,47,0.9
2018,CC,Cutthroat trout,46,0.9
2018,CC,Cutthroat trout,42,1
2018,CC,Cutthroat trout,56,1.3
2018,CC,Cutthroat trout,46,0.8
2018,CC,Cutthroat trout,50,1.3
2018,CC,Cutthroat trout,44,0.8
2018,CC,Cutthroat trout,53,1.5
2018,CC,Cutthroat trout,47,1
2018,CC,Cutthroat trout,57,1.5
2018,CC,Cutthroat trout,147,34.5
2018,CC,Cutthroat trout,82,5.3
2018,CC,Cutthroat trout,95,8.3
2018,CC,Cutthroat trout,87,7.1
2018,CC,Cutthroat trout,36,0.6
2018,CC,Cutthroat trout,47,1.2
2018,CC,Cutthroat trout,48,1.2
2018,CC,Cutthroat trout,38,0.5
2018,CC,Cutthroat trout,41,0.9
2018,CC,Cutthroat trout,135,25.3
2018,CC,Cutthroat trout,35,0.4
2018,CC,Cutthroat trout,115,15.4
2018,CC,Cutthroat trout,98,9.2
2018,CC,Cutthroat trout,100,10.4
2018,CC,Cutthroat trout,118,17.5
2018,CC,Coastal giant salamander,42,2.2
2018,CC,Coastal giant salamander,28,0.9
2018,CC,Coastal giant salamander,46,3.7
2018,CC,Coastal giant salamander,41,2.5
2018,CC,Coastal giant salamander,54,5.7
2018,CC,Coastal giant salamander,47,3.9
2018,CC,Coastal giant salamander,52,3.9
2018,CC,Coastal giant salamander,53,4.4
2018,CC,Coastal giant salamander,46,3.6
2018,CC,Coastal giant salamander,48,3.4
2018,CC,Coastal giant salamander,37,1.8
2018,CC,Coastal giant salamander,57,5.2
2018,CC,Coastal giant salamander,56,5.7
2018,CC,Coastal giant salamander,67,10.3
2018,CC,Coastal giant salamander,62,8.7
2018,CC,Coastal giant salamander,66,9.7
2018,CC,Coastal giant salamander,78,18.2
2018,CC,Coastal giant salamander,70,11.3
2018,CC,Coastal giant salamander,70,10.5
2018,CC,Coastal giant salamander,64,8.8
2018,CC,Cutthroat trout,133,22.9
2018,CC,Cutthroat trout,137,28.2
2018,CC,Cutthroat trout,47,1.2
2018,CC,Cutthroat trout,52,1.3
2018,CC,Cutthroat trout,43,0.8
2018,CC,Cutthroat trout,44,0.8
2018,CC,Cutthroat trout,43,0.6
2018,CC,Cutthroat trout,39,0.5
2018,CC,Cutthroat trout,54,1.6
2018,CC,Cutthroat trout,89,8.8
2018,CC,Cutthroat trout,130,24.5
2018,CC,Cutthroat trout,156,39
2018,CC,Cutthroat trout,142,28.1
2018,CC,Cutthroat trout,123,18.2
2018,CC,Cutthroat trout,134,24
2018,CC,Cutthroat trout,114,15.5
2018,CC,Cutthroat trout,122,18.6
2018,CC,Cutthroat trout,57,2
2018,CC,Cutthroat trout,55,1.7
2018,CC,Cutthroat trout,50,1.2
2018,CC,Cutthroat trout,54,1.3
2018,CC,Cutthroat trout,47,1.1
2018,CC,Cutthroat trout,62,2.3
2018,CC,Cutthroat trout,101,9.6
2018,CC,Cutthroat trout,103,10
2018,CC,Cutthroat trout,93,8
2018,CC,Cutthroat trout,131,21.9
2018,CC,Cutthroat trout,101,10
2018,CC,Cutthroat trout,105,12.8
2018,CC,Cutthroat trout,85,6.4
2018,CC,Cutthroat trout,92,8.3
2018,CC,Cutthroat trout,84,5.8
2018,CC,Coastal giant salamander,54,5.4
2018,CC,Coastal giant salamander,42,2.9
2018,CC,Coastal giant salamander,53,5.7
2018,CC,Coastal giant salamander,32,1.5
2018,CC,Coastal giant salamander,54,6
2018,CC,Coastal giant salamander,57,4.4
2018,CC,Coastal giant salamander,80,14.8
2018,CC,Coastal giant salamander,63,8
2018,CC,Coastal giant salamander,67,9.6
2018,CC,Coastal giant salamander,62,8.6
2018,CC,Coastal giant salamander,84,15.8
2018,CC,Coastal giant salamander,71,11.1
2018,CC,Coastal giant salamander,70,10.9
2018,CC,Coastal giant salamander,66,10
2018,CC,Cutthroat trout,40,0.6
2018,CC,Cutthroat trout,47,1
2018,CC,Cutthroat trout,47,1.1
2018,CC,Cutthroat trout,37,0.5
2018,CC,Cutthroat trout,53,1.5
2018,CC,Cutthroat trout,100,10.7
2018,CC,Cutthroat trout,100,10
2018,CC,Cutthroat trout,88,7.1
2018,CC,Coastal giant salamander,50,4.7
2018,CC,Coastal giant salamander,75,13.9
2018,CC,Cutthroat trout,55,1.6
2018,CC,Cutthroat trout,36,0.4
2018,CC,Cutthroat trout,46,0.9
2018,CC,Cutthroat trout,69,3.7
2018,CC,Cutthroat trout,84,5.6
2018,CC,Coastal giant salamander,36,1.9
2018,CC,Coastal giant salamander,45,3.4
2018,CC,Coastal giant salamander,66,11.3
2018,CC,Coastal giant salamander,67,11.4
2018,CC,Cutthroat trout,43,0.8
2018,CC,Cutthroat trout,43,0.8
2018,CC,Cutthroat trout,45,0.9
2018,CC,Cutthroat trout,50,1.4
2018,CC,Cutthroat trout,44,0.9
2018,CC,Cutthroat trout,48,1.1
2018,CC,Cutthroat trout,90,7.7
2018,CC,Cutthroat trout,95,9.1
2018,CC,Cutthroat trout,96,9.4
2018,CC,Cutthroat trout,91,7.2
2018,CC,Cutthroat trout,114,17
2018,CC,Coastal giant salamander,46,3.6
2018,CC,Coastal giant salamander,36,2
2018,CC,Coastal giant salamander,38,2.5
2018,CC,Coastal giant salamander,37,1.9
2018,CC,Coastal giant salamander,38,2
2018,CC,Coastal giant salamander,37,2.2
2018,CC,Coastal giant salamander,35,1.7
2018,CC,Coastal giant salamander,36,1.7
2018,CC,Coastal giant salamander,38,2.3
2018,CC,Coastal giant salamander,52,4.4
2018,CC,Coastal giant salamander,46,2.9
2018,CC,Coastal giant salamander,46,3.4
2018,CC,Coastal giant salamander,75,14.5
2018,CC,Coastal giant salamander,73,13.2
2018,CC,Coastal giant salamander,78,15.6
2018,CC,Coastal giant salamander,74,12.4
2018,CC,Coastal giant salamander,94,18
2018,CC,Cutthroat trout,133,24.2
2018,CC,Cutthroat trout,171,54.6
2018,CC,Cutthroat trout,167,50.9
2018,CC,Cutthroat trout,50,1.2
2018,CC,Cutthroat trout,57,2.2
2018,CC,Cutthroat trout,51,1.3
2018,CC,Cutthroat trout,151,36.2
2018,CC,Cutthroat trout,39,0.7
2018,CC,Cutthroat trout,113,14.9
2018,CC,Cutthroat trout,118,17.6
2018,CC,Cutthroat trout,87,6.9
2018,CC,Cutthroat trout,56,1.6
2018,CC,Cutthroat trout,47,1.1
2018,CC,Cutthroat trout,78,4.9
2018,CC,Cutthroat trout,93,7.9
2018,CC,Cutthroat trout,97,8.7
2018,CC,Cutthroat trout,126,20
2018,CC,Cutthroat trout,91,7.3
2018,CC,Cutthroat trout,95,9
2018,CC,Cutthroat trout,96,8.9
2018,CC,Cutthroat trout,118,16.6
2018,CC,Cutthroat trout,149,32.6
2018,CC,Cutthroat trout,123,19.1
2018,CC,Cutthroat trout,95,9
2018,CC,Cutthroat trout,102,11.8
2018,CC,Cutthroat trout,85,6.4
2018,CC,Cutthroat trout,91,7.1
2018,CC,Cutthroat trout,148,29.2
2018,CC,Cutthroat trout,96,8.8
2018,CC,Cutthroat trout,100,9.9
2018,CC,Cutthroat trout,120,17
2018,CC,Cutthroat trout,91,7.6
2018,CC,Cutthroat trout,87,6.9
2018,CC,Cutthroat trout,134,23.1
2018,CC,Cutthroat trout,128,23.1
2018,CC,Coastal giant salamander,63,8
2018,CC,Coastal giant salamander,62,8.6
2018,CC,Coastal giant salamander,74,13.6
2018,CC,Cutthroat trout,42,0.7
2018,CC,Cutthroat trout,45,1
2018,CC,Cutthroat trout,51,1.1
2018,CC,Cutthroat trout,50,1.4
2018,CC,Cutthroat trout,48,1.1
2018,CC,Cutthroat trout,57,1.9
2018,CC,Cutthroat trout,42,0.8
2018,CC,Cutthroat trout,50,1.3
2018,CC,Cutthroat trout,44,0.9
2018,CC,Cutthroat trout,54,1.6
2018,CC,Cutthroat trout,41,0.7
2018,CC,Cutthroat trout,48,1.2
2018,CC,Cutthroat trout,41,0.5
2018,CC,Cutthroat trout,56,1.8
2018,CC,Cutthroat trout,43,0.9
2018,CC,Cutthroat trout,44,0.8
2018,CC,Cutthroat trout,148,37.9
2018,CC,Cutthroat trout,128,23.2
2018,CC,Cutthroat trout,79,5
2018,CC,Cutthroat trout,87,6.8
2018,CC,Cutthroat trout,42,0.7
2018,CC,Cutthroat trout,97,11.1
2018,CC,Cutthroat trout,134,26.5
2018,CC,Cutthroat trout,87,7.6
2018,CC,Cutthroat trout,164,42.8
2018,CC,Cutthroat trout,95,9
2018,CC,Cutthroat trout,102,12.3
2018,CC,Cutthroat trout,128,19.4
2018,CC,Cutthroat trout,118,15.5
2018,CC,Cutthroat trout,138,26.4
2018,CC,Cutthroat trout,124,17.8
2018,CC,Cutthroat trout,100,10.4
2018,CC,Cutthroat trout,103,10.8
2018,CC,Cutthroat trout,119,17.7
2018,CC,Coastal giant salamander,36,1.8
2018,CC,Coastal giant salamander,117,51.3
2018,CC,Coastal giant salamander,76,15.9
2018,CC,Coastal giant salamander,74,14.6
2018,CC,Coastal giant salamander,67,8.8
2018,CC,Cutthroat trout,119,18.6
2018,CC,Cutthroat trout,91,8.4
2018,CC,Cutthroat trout,125,20
2018,CC,Cutthroat trout,87,6.8
2018,CC,Cutthroat trout,129,20.4
2018,CC,Cutthroat trout,128,21.3
2018,CC,Cutthroat trout,107,11.5
2018,CC,Cutthroat trout,98,8.8
2018,CC,Coastal giant salamander,67,10.1
2018,CC,Coastal giant salamander,78,13.6
2018,CC,Coastal giant salamander,68,11.5
2018,CC,Coastal giant salamander,62,7.8
2018,CC,Coastal giant salamander,56,5.7
2018,CC,Coastal giant salamander,50,4.2
2018,CC,Coastal giant salamander,52,4.5
2018,CC,Coastal giant salamander,29,1.2
2018,CC,Cutthroat trout,51,1.3
2018,CC,Cutthroat trout,51,1.6
2018,CC,Cutthroat trout,58,2
2018,CC,Cutthroat trout,37,0.5
2018,CC,Cutthroat trout,43,0.8
2018,CC,Cutthroat trout,98,9.5
2018,CC,Cutthroat trout,153,36.9
2018,CC,Cutthroat trout,123,20
2018,CC,Cutthroat trout,125,19.8
2018,CC,Cutthroat trout,115,15.6
2018,CC,Coastal giant salamander,53,5.3
2018,CC,Coastal giant salamander,62,9.5
2018,CC,Coastal giant salamander,132,61.5
2018,CC,Cutthroat trout,41,0.7
2018,CC,Coastal giant salamander,38,2.8
2018,CC,Cutthroat trout,101,11
2018,CC,Cutthroat trout,46,1.2
2018,CC,Cutthroat trout,41,0.9
2018,CC,Cutthroat trout,43,1.1
2018,CC,Cutthroat trout,43,1.1
2018,CC,Cutthroat trout,49,1.3
2018,CC,Cutthroat trout,43,0.7
2018,CC,Cutthroat trout,84,6
2018,CC,Cutthroat trout,51,1.3
2018,CC,Cutthroat trout,78,5.3
2018,CC,Cutthroat trout,49,1.3
2018,CC,Cutthroat trout,89,7.5
2018,CC,Coastal giant salamander,37,1.9
2018,CC,Coastal giant salamander,51,4.8
2018,CC,Coastal giant salamander,74,15.6
2018,CC,Coastal giant salamander,76,13.1
2018,CC,Coastal giant salamander,62,7.9
2018,CC,Coastal giant salamander,62,8.3
2018,CC,Cutthroat trout,123,17.6
2018,CC,Cutthroat trout,98,10.3
2018,CC,Cutthroat trout,130,22.2
2018,CC,Cutthroat trout,116,15.5
2018,CC,Cutthroat trout,124,19.8
2018,CC,Cutthroat trout,89,7.2
2018,CC,Cutthroat trout,87,7.3
2018,CC,Coastal giant salamander,43,4
2018,CC,Coastal giant salamander,51,4.9
2018,CC,Coastal giant salamander,58,6.4
2018,CC,Cutthroat trout,52,1.3
2018,CC,Cutthroat trout,42,0.9
2018,CC,Cutthroat trout,192,74.6
2018,CC,Cutthroat trout,146,32.5
2018,CC,Cutthroat trout,82,5.4
2018,CC,Cutthroat trout,97,8.9
2018,CC,Cutthroat trout,97,9.1
2018,CC,Cutthroat trout,79,5.1
2018,CC,Coastal giant salamander,113,16.8
2018,CC,Coastal giant salamander,116,15.5
2018,CC,Coastal giant salamander,42,2.9
2018,CC,Coastal giant salamander,47,1.8
2018,CC,Coastal giant salamander,47,3.6
2018,CC,Coastal giant salamander,47,2.7
2018,CC,Coastal giant salamander,61,6.8
2018,CC,Coastal giant salamander,72,10.7
2018,CC,Coastal giant salamander,68,10.4
2018,CC,Coastal giant salamander,67,10.1
2018,CC,Coastal giant salamander,61,8.1
2018,CC,Cutthroat trout,147,31.6
2018,CC,Cutthroat trout,116,17.4
2018,CC,Cutthroat trout,124,19.8
2018,CC,Cutthroat trout,95,9.1
2018,CC,Cutthroat trout,90,8
2018,CC,Cutthroat trout,88,6.7
2018,CC,Cutthroat trout,43,0.9
2018,CC,Cutthroat trout,52,1.6
2018,CC,Cutthroat trout,50,1.2
2018,CC,Cutthroat trout,36,0.4
2018,CC,Cutthroat trout,91,7.9
2018,CC,Cutthroat trout,90,8
2018,CC,Cutthroat trout,90,7.5
2018,CC,Cutthroat trout,131,20.3
2018,CC,Coastal giant salamander,56,6.8
2018,CC,Coastal giant salamander,48,4.8
2018,CC,Coastal giant salamander,67,10.7
2018,CC,Cutthroat trout,118,16
2018,CC,Coastal giant salamander,67,11
2018,CC,Cutthroat trout,44,1
2018,CC,Cutthroat trout,88,7.1
2018,CC,Coastal giant salamander,52,4.4
2018,CC,Coastal giant salamander,82,16
2018,CC,Coastal giant salamander,71,11.5
2018,CC,Coastal giant salamander,67,9.7
2018,CC,Coastal giant salamander,76,7.9
2018,CC,Cutthroat trout,52,1.7
2018,CC,Coastal giant salamander,43,3.6
2018,CC,Cutthroat trout,129,23.1
2018,CC,Coastal giant salamander,74,13.8
2018,CC,Cutthroat trout,48,1.1
2018,CC,Cutthroat trout,35,0.4
2018,CC,Cutthroat trout,51,1.3
2018,CC,Cutthroat trout,44,0.9
2018,CC,Cutthroat trout,50,1.2
2018,CC,Cutthroat trout,48,1.1
2018,CC,Cutthroat trout,93,7.6
2018,CC,Cutthroat trout,91,7.5
2018,CC,Cutthroat trout,121,18
2018,CC,Cutthroat trout,116,15.5
2018,CC,Cutthroat trout,96,10.2
2018,CC,Coastal giant salamander,66,9.5
2018,CC,Coastal giant salamander,63,8.4
2018,CC,Coastal giant salamander,63,7.9
2018,CC,Coastal giant salamander,56,5
2018,CC,Coastal giant salamander,68,10.6
2018,CC,Coastal giant salamander,72,10.8
2018,CC,Coastal giant salamander,83,15.4
2018,CC,Coastal giant salamander,88,20.9
2018,CC,Coastal giant salamander,77,15.3
2018,CC,Coastal giant salamander,84,16.9
2018,CC,Coastal giant salamander,90,20.8
2018,CC,Coastal giant salamander,84,15.6
2018,CC,Coastal giant salamander,64,9.6
2018,CC,Coastal giant salamander,57,6.2
2018,CC,Coastal giant salamander,56,5.9
2018,CC,Coastal giant salamander,47,3.5
2018,CC,Coastal giant salamander,53,5.4
2018,CC,Coastal giant salamander,52,5
2018,CC,Coastal giant salamander,42,2
2018,CC,Cutthroat trout,48,1.1
2018,CC,Cutthroat trout,46,0.9
2018,CC,Cutthroat trout,51,1.3
2018,CC,Cutthroat trout,45,1
2018,CC,Cutthroat trout,42,0.8
2018,CC,Cutthroat trout,49,1.2
2018,CC,Cutthroat trout,42,0.8
2018,CC,Cutthroat trout,45,0.8
2018,CC,Cutthroat trout,39,0.6
2018,CC,Cutthroat trout,46,1.1
2018,CC,Cutthroat trout,50,1.2
2018,CC,Cutthroat trout,52,1.4
2018,CC,Cutthroat trout,47,1.1
2018,CC,Cutthroat trout,136,27.8
2018,CC,Cutthroat trout,86,6
2018,CC,Cutthroat trout,80,5.4
2018,CC,Cutthroat trout,51,1.5
2018,CC,Cutthroat trout,43,0.8
2018,CC,Cutthroat trout,46,0.8
2018,CC,Cutthroat trout,50,1.2
2018,CC,Cutthroat trout,50,1.4
2018,CC,Cutthroat trout,48,1.2
2018,CC,Cutthroat trout,48,1.1
2018,CC,Cutthroat trout,46,0.9
2018,CC,Cutthroat trout,118,17.2
2018,CC,Cutthroat trout,123,17.7
2018,CC,Cutthroat trout,122,19.3
2018,CC,Cutthroat trout,93,7.6
2018,CC,Cutthroat trout,93,8.6
2018,CC,Cutthroat trout,88,6.2
2018,CC,Cutthroat trout,78,5.3
2018,CC,Coastal giant salamander,27,0.8
2018,CC,Coastal giant salamander,22,0.7
2018,CC,Coastal giant salamander,27,0.7
2018,CC,Coastal giant salamander,53,4.8
2018,CC,Coastal giant salamander,57,6.6
2018,CC,Coastal giant salamander,36,1.8
2018,CC,Coastal giant salamander,52,5.2
2018,CC,Coastal giant salamander,58,7.1
2018,CC,Coastal giant salamander,52,5.2
2018,CC,Coastal giant salamander,46,3.3
2018,CC,Coastal giant salamander,77,14.2
2018,CC,Coastal giant salamander,64,10.5
2018,CC,Coastal giant salamander,87,22
2018,CC,Cutthroat trout,133,23.8
2018,CC,Cutthroat trout,111,14.5
2018,CC,Cutthroat trout,125,20
2018,CC,Cutthroat trout,98,9.4
2018,CC,Cutthroat trout,94,8.9
2018,CC,Cutthroat trout,88,7.1
2018,CC,Cutthroat trout,87,6.6
2018,CC,Cutthroat trout,90,7.4
2018,CC,Cutthroat trout,85,6
2018,CC,Cutthroat trout,92,7.8
2018,CC,Cutthroat trout,87,6.1
2018,CC,Cutthroat trout,94,8.4
2018,CC,Cutthroat trout,86,6.3
2018,CC,Cutthroat trout,45,0.9
2018,CC,Cutthroat trout,42,0.7
2018,CC,Cutthroat trout,40,0.6
2018,CC,Cutthroat trout,51,1.3
2018,CC,Cutthroat trout,47,1
2018,CC,Cutthroat trout,88,6.3
2018,CC,Cutthroat trout,35,0.5
2018,CC,Cutthroat trout,99,9.5
2018,CC,Cutthroat trout,125,20
2018,CC,Cutthroat trout,126,19.2
2018,CC,Cutthroat trout,136,25.7
2018,CC,Cutthroat trout,119,16.3
2018,CC,Cutthroat trout,109,13
2018,CC,Cutthroat trout,96,8.8
2018,CC,Cutthroat trout,112,14.2
2018,CC,Cutthroat trout,75,4.5
2018,CC,Cutthroat trout,79,5.1
2018,CC,Cutthroat trout,89,7.4
2018,CC,Coastal giant salamander,40,2.1
2018,CC,Coastal giant salamander,51,4.6
2018,CC,Cutthroat trout,50,1.3
2018,CC,Cutthroat trout,49,1.3
2018,CC,Cutthroat trout,52,1.4
2018,CC,Cutthroat trout,39,0.6
2018,CC,Cutthroat trout,39,0.6
2018,CC,Cutthroat trout,93,8.4
2018,CC,Cutthroat trout,137,26.3
2018,CC,Cutthroat trout,133,24.5
2018,CC,Cutthroat trout,95,8.6
2018,CC,Cutthroat trout,141,27.1
2018,CC,Cutthroat trout,112,17
2018,CC,Cutthroat trout,107,12.2
2018,CC,Cutthroat trout,96,8.7
2018,CC,Cutthroat trout,85,6.1
2018,CC,Cutthroat trout,92,8.2
2018,CC,Coastal giant salamander,67,9.4
2018,CC,Coastal giant salamander,72,11.8
2018,CC,Cutthroat trout,32,0.6
2018,CC,Cutthroat trout,49,1.2
2018,CC,Cutthroat trout,47,1.2
2018,CC,Cutthroat trout,47,1.1
2018,CC,Cutthroat trout,48,0.9
2018,CC,Cutthroat trout,38,0.4
2018,CC,Cutthroat trout,96,8.6
2018,CC,Cutthroat trout,93,9
2018,CC,Cutthroat trout,105,13.3
2018,CC,Coastal giant salamander,65,9.6
2018,CC,Cutthroat trout,100,10.8
2018,CC,Coastal giant salamander,50,5.1
2018,CC,Coastal giant salamander,34,1.7
2018,CC,Coastal giant salamander,25,0.5
2018,CC,Coastal giant salamander,50,6
2018,CC,Coastal giant salamander,53,7.3
2018,CC,Cutthroat trout,43,0.7
2018,CC,Cutthroat trout,54,1.6
2018,CC,Cutthroat trout,85,5.9
2018,CC,Coastal giant salamander,115,57.4
2018,CC,Cutthroat trout,46,1.2
2018,CC,Cutthroat trout,155,37.5
2018,CC,Coastal giant salamander,40,2.5
2018,OG,Cutthroat trout,45,1
2018,OG,Cutthroat trout,50,1.3
2018,OG,Cutthroat trout,43,0.9
2018,OG,Cutthroat trout,33,0.4
2018,OG,Cutthroat trout,52,1.3
2018,OG,Cutthroat trout,36,0.5
2018,OG,Cutthroat trout,80,5.1
2018,OG,Cutthroat trout,104,11.5
2018,OG,Cutthroat trout,127,21.3
2018,OG,Cutthroat trout,116,15.7
2018,OG,Cutthroat trout,80,5
2018,OG,Cutthroat trout,43,0.8
2018,OG,Cutthroat trout,31,0.3
2018,OG,Cutthroat trout,142,31.6
2018,OG,Cutthroat trout,103,10.8
2018,OG,Cutthroat trout,103,11
2018,OG,Cutthroat trout,117,16.3
2018,OG,Cutthroat trout,87,6.5
2018,OG,Cutthroat trout,90,6.9
2018,OG,Cutthroat trout,92,8.4
2018,OG,Cutthroat trout,81,6.1
2018,OG,Cutthroat trout,112,14.1
2018,OG,Coastal giant salamander,36,2
2018,OG,Coastal giant salamander,51,5.5
2018,OG,Cutthroat trout,43,0.7
2018,OG,Cutthroat trout,39,0.6
2018,OG,Cutthroat trout,130,25
2018,OG,Cutthroat trout,112,14.4
2018,OG,Cutthroat trout,122,20.7
2018,OG,Cutthroat trout,94,8.1
2018,OG,Cutthroat trout,83,5.7
2018,OG,Cutthroat trout,73,4
2018,OG,Cutthroat trout,43,0.9
2018,OG,Cutthroat trout,35,0.4
2018,OG,Cutthroat trout,48,1.2
2018,OG,Cutthroat trout,40,0.8
2018,OG,Cutthroat trout,51,1.4
2018,OG,Cutthroat trout,46,1
2018,OG,Cutthroat trout,41,0.8
2018,OG,Cutthroat trout,55,1.7
2018,OG,Cutthroat trout,38,0.6
2018,OG,Cutthroat trout,103,10.8
2018,OG,Cutthroat trout,128,24
2018,OG,Cutthroat trout,101,10.3
2018,OG,Cutthroat trout,141,27.1
2018,OG,Cutthroat trout,82,5.4
2018,OG,Cutthroat trout,97,8.9
2018,OG,Cutthroat trout,98,9.8
2018,OG,Cutthroat trout,97,8.8
2018,OG,Cutthroat trout,96,9
2018,OG,Cutthroat trout,101,10.6
2018,OG,Cutthroat trout,37,0.5
2018,OG,Cutthroat trout,113,15
2018,OG,Cutthroat trout,77,5.1
2018,OG,Cutthroat trout,119,17
2018,OG,Cutthroat trout,85,5.6
2018,OG,Cutthroat trout,109,12.6
2018,OG,Cutthroat trout,90,7.1
2018,OG,Cutthroat trout,93,7.9
2018,OG,Cutthroat trout,103,10.8
2018,OG,Cutthroat trout,82,5.2
2018,OG,Coastal giant salamander,38,2.2
2018,OG,Coastal giant salamander,36,1.5
2018,OG,Coastal giant salamander,52,4.3
2018,OG,Coastal giant salamander,51,5.2
2018,OG,Coastal giant salamander,61,7.2
2018,OG,Coastal giant salamander,68,11.8
2018,OG,Coastal giant salamander,75,13
2018,OG,Coastal giant salamander,68,9.5
2018,OG,Coastal giant salamander,72,11.9
2018,OG,Coastal giant salamander,65,7.9
2018,OG,Coastal giant salamander,63,8.2
2018,OG,Coastal giant salamander,65,9.2
2018,OG,Coastal giant salamander,103,29
2018,OG,Cutthroat trout,84,6.6
2018,OG,Cutthroat trout,172,56.9
2018,OG,Cutthroat trout,120,16.6
2018,OG,Cutthroat trout,115,15.9
2018,OG,Cutthroat trout,106,12.5
2018,OG,Cutthroat trout,102,10.6
2018,OG,Cutthroat trout,100,10
2018,OG,Cutthroat trout,84,6
2018,OG,Cutthroat trout,115,16.1
2018,OG,Cutthroat trout,116,15.6
2018,OG,Cutthroat trout,77,4.4
2018,OG,Coastal giant salamander,22,0.6
2018,OG,Coastal giant salamander,28,1
2018,OG,Coastal giant salamander,56,5.8
2018,OG,Coastal giant salamander,60,7.5
2018,OG,Coastal giant salamander,144,97.2
2018,OG,Cutthroat trout,48,1.3
2018,OG,Cutthroat trout,41,0.8
2018,OG,Cutthroat trout,54,1.7
2018,OG,Cutthroat trout,47,1
2018,OG,Cutthroat trout,35,0.4
2018,OG,Cutthroat trout,38,0.7
2018,OG,Cutthroat trout,34,0.4
2018,OG,Cutthroat trout,41,0.6
2018,OG,Coastal giant salamander,26,0.6
2018,OG,Coastal giant salamander,28,0.9
2018,OG,Coastal giant salamander,37,1.8
2018,OG,Coastal giant salamander,48,3.4
2018,OG,Coastal giant salamander,47,3.6
2018,OG,Cutthroat trout,87,6.7
2018,OG,Cutthroat trout,106,11.8
2018,OG,Coastal giant salamander,40,2.8
2018,OG,Coastal giant salamander,67,10.9
2018,OG,Coastal giant salamander,58,8.4
2018,OG,Cutthroat trout,53,1.7
2018,OG,Cutthroat trout,45,0.9
2018,OG,Cutthroat trout,46,0.9
2018,OG,Cutthroat trout,46,1.1
2018,OG,Cutthroat trout,113,14.6
2018,OG,Coastal giant salamander,52,4.7
2018,OG,Coastal giant salamander,52,5.4
2018,OG,Coastal giant salamander,57,5.5
2018,OG,Coastal giant salamander,56,5.4
2018,OG,Coastal giant salamander,58,5.2
2018,OG,Coastal giant salamander,71,11.4
2018,OG,Coastal giant salamander,158,106.2
2018,OG,Coastal giant salamander,62,8.3
2018,OG,Cutthroat trout,78,4.9
2018,OG,Cutthroat trout,98,11.6
2018,OG,Cutthroat trout,92,7.5
2018,OG,Cutthroat trout,117,15.6
2018,OG,Coastal giant salamander,37,2
2018,OG,Coastal giant salamander,48,3.9
2018,OG,Coastal giant salamander,36,1.6
2018,OG,Coastal giant salamander,47,3.9
2018,OG,Coastal giant salamander,86,18.3
2018,OG,Coastal giant salamander,63,6.6
2018,OG,Coastal giant salamander,63,7.6
2018,OG,Coastal giant salamander,62,7.2
2018,OG,Coastal giant salamander,126,44.1
2018,OG,Coastal giant salamander,133,87.8
2018,OG,Cutthroat trout,40,0.7
2018,OG,Cutthroat trout,116,17.7
2018,OG,Cutthroat trout,112,13.6
2018,OG,Cutthroat trout,129,23.1
2018,OG,Cutthroat trout,103,10
2018,OG,Cutthroat trout,124,18.5
2018,OG,Cutthroat trout,80,2.8
2018,OG,Cutthroat trout,76,4.4
2018,OG,Cutthroat trout,87,6
2018,OG,Cutthroat trout,107,12.1
2018,OG,Cutthroat trout,120,14.8
2018,OG,Cutthroat trout,85,5.5
2018,OG,Cutthroat trout,50,1.2
2018,OG,Coastal giant salamander,37,2.5
2018,OG,Coastal giant salamander,36,1.8
2018,OG,Coastal giant salamander,51,4.1
2018,OG,Coastal giant salamander,50,3.4
2018,OG,Coastal giant salamander,60,6.7
2018,OG,Coastal giant salamander,75,11.7
2018,OG,Coastal giant salamander,61,7.5
2018,OG,Coastal giant salamander,61,8.6
2018,OG,Cutthroat trout,140,28.6
2018,OG,Cutthroat trout,119,16.3
2018,OG,Cutthroat trout,107,11.4
2018,OG,Cutthroat trout,107,11.4
2018,OG,Cutthroat trout,79,4.7
2018,OG,Coastal giant salamander,33,1.6
2018,OG,Cutthroat trout,71,3.6
2018,OG,Cutthroat trout,123,18.5
2018,OG,Cutthroat trout,93,7.8
2018,OG,Coastal giant salamander,26,0.7
2018,OG,Coastal giant salamander,32,1.2
2018,OG,Coastal giant salamander,26,0.8
2018,OG,Coastal giant salamander,65,9.4
2018,OG,Cutthroat trout,127,21.5
2018,OG,Coastal giant salamander,54,5.8
2018,OG,Cutthroat trout,95,9.5
2018,OG,Cutthroat trout,87,6.1
2018,OG,Cutthroat trout,47,1.1
2018,OG,Cutthroat trout,40,0.7
2018,OG,Cutthroat trout,44,0.6
2018,OG,Cutthroat trout,48,1.2
2018,OG,Coastal giant salamander,53,1.4
2018,OG,Coastal giant salamander,42,3
2018,OG,Coastal giant salamander,51,4.7
2018,OG,Coastal giant salamander,43,2.6
2018,OG,Coastal giant salamander,41,2.3
2018,OG,Coastal giant salamander,54,5
2018,OG,Coastal giant salamander,46,3.4
2018,OG,Coastal giant salamander,52,4
2018,OG,Coastal giant salamander,35,1.3
2018,OG,Coastal giant salamander,42,2.7
2018,OG,Coastal giant salamander,39,1.7
2018,OG,Coastal giant salamander,43,2.6
2018,OG,Coastal giant salamander,42,2.6
2018,OG,Coastal giant salamander,36,1.8
2018,OG,Coastal giant salamander,52,4.9
2018,OG,Coastal giant salamander,66,10.6
2018,OG,Coastal giant salamander,56,6.2
2018,OG,Coastal giant salamander,67,10.2
2018,OG,Coastal giant salamander,61,7.7
2018,OG,Coastal giant salamander,87,16.9
2018,OG,Coastal giant salamander,64,8.5
2018,OG,Coastal giant salamander,69,8.9
2018,OG,Coastal giant salamander,67,11.1
2018,OG,Coastal giant salamander,59,7.2
2018,OG,Coastal giant salamander,73,11.1
2018,OG,Coastal giant salamander,64,8
2018,OG,Coastal giant salamander,58,6.5
2018,OG,Coastal giant salamander,58,6.3
2018,OG,Coastal giant salamander,64,7.3
2018,OG,Cutthroat trout,47,1.3
2018,OG,Cutthroat trout,56,1.8
2018,OG,Cutthroat trout,39,0.7
2018,OG,Cutthroat trout,128,21.3
2018,OG,Cutthroat trout,134,25.3
2018,OG,Cutthroat trout,93,7.5
2018,OG,Cutthroat trout,89,7.1
2018,OG,Cutthroat trout,98,9.9
2018,OG,Cutthroat trout,88,7.1
2018,OG,Cutthroat trout,76,5.1
2018,OG,Coastal giant salamander,31,1.5
2018,OG,Coastal giant salamander,47,3.1
2018,OG,Coastal giant salamander,52,4.7
2018,OG,Coastal giant salamander,32,1.3
2018,OG,Cutthroat trout,110,13.2
2018,OG,Cutthroat trout,89,7.3
2018,OG,Cutthroat trout,95,9
2018,OG,Cutthroat trout,87,6.1
2018,OG,Cutthroat trout,102,11.5
2018,OG,Cutthroat trout,87,7
2018,OG,Coastal giant salamander,50,4
2018,OG,Coastal giant salamander,53,4.8
2018,OG,Coastal giant salamander,51,3.9
2018,OG,Coastal giant salamander,49,3.9
2018,OG,Coastal giant salamander,58,6.8
2018,OG,Coastal giant salamander,54,4.7
2018,OG,Coastal giant salamander,40,1.8
2018,OG,Coastal giant salamander,52,5.2
2018,OG,Coastal giant salamander,47,3.6
2018,OG,Coastal giant salamander,37,1.7
2018,OG,Coastal giant salamander,33,1.5
2018,OG,Coastal giant salamander,54,4.7
2018,OG,Coastal giant salamander,57,6.1
2018,OG,Coastal giant salamander,58,6.6
2018,OG,Coastal giant salamander,58,7
2018,OG,Coastal giant salamander,53,5.7
2018,OG,Coastal giant salamander,57,6.6
2018,OG,Coastal giant salamander,82,14.8
2018,OG,Coastal giant salamander,98,24.7
2018,OG,Coastal giant salamander,84,15.6
2018,OG,Coastal giant salamander,72,10.7
2018,OG,Coastal giant salamander,67,10.4
2018,OG,Coastal giant salamander,67,9.2
2018,OG,Coastal giant salamander,61,7.8
2018,OG,Coastal giant salamander,60,8.4
2018,OG,Coastal giant salamander,58,6.9
2018,OG,Cutthroat trout,57,1.8
2018,OG,Coastal giant salamander,25,0.6
2018,OG,Coastal giant salamander,57,7.3
2018,OG,Coastal giant salamander,62,7.9
2018,OG,Cutthroat trout,100,10.5
2018,OG,Cutthroat trout,114,15.1
2018,OG,Coastal giant salamander,23,0.6
2018,OG,Coastal giant salamander,34,1.8
2018,OG,Coastal giant salamander,27,0.7
2018,OG,Coastal giant salamander,57,5.5
2018,OG,Coastal giant salamander,56,5.9
2018,OG,Coastal giant salamander,54,5.7
2018,OG,Cutthroat trout,111,13.3
2018,OG,Coastal giant salamander,36,1.6
2018,OG,Coastal giant salamander,63,9.4
2018,OG,Cutthroat trout,87,6
2018,OG,Coastal giant salamander,27,1.1
2018,OG,Coastal giant salamander,33,1.4
2018,OG,Coastal giant salamander,34,1.3
2018,OG,Coastal giant salamander,53,4.7
2018,OG,Coastal giant salamander,44,2.7
2018,OG,Coastal giant salamander,64,8.8
2018,OG,Coastal giant salamander,62,7.6
2018,OG,Cutthroat trout,42,0.8
2018,OG,Coastal giant salamander,37,3.3
2018,OG,Coastal giant salamander,48,4
2018,OG,Coastal giant salamander,42,3.7
2018,OG,Coastal giant salamander,41,3.1
2018,OG,Coastal giant salamander,50,4.5
2018,OG,Coastal giant salamander,37,2
2018,OG,Coastal giant salamander,56,5.4
2018,OG,Coastal giant salamander,43,2.4
2018,OG,Coastal giant salamander,37,1.5
2018,OG,Coastal giant salamander,35,1.5
2018,OG,Coastal giant salamander,47,3.5
2018,OG,Coastal giant salamander,65,10.5
2018,OG,Coastal giant salamander,61,8.7
2018,OG,Coastal giant salamander,72,4.2
2018,OG,Coastal giant salamander,69,10.1
2018,OG,Coastal giant salamander,125,64.3
2018,OG,Cutthroat trout,54,1.7
2018,OG,Cutthroat trout,44,0.7
2018,OG,Cutthroat trout,52,1.3
2018,OG,Cutthroat trout,141,30.4
2018,OG,Cutthroat trout,97,9.3
2018,OG,Cutthroat trout,76,4.9
2018,OG,Cutthroat trout,120,20.7
2018,OG,Cutthroat trout,84,6.1
2018,OG,Cutthroat trout,90,7.8
2018,OG,Cutthroat trout,97,9.5
2018,OG,Cutthroat trout,83,6.3
2018,OG,Cutthroat trout,92,8.2
2018,OG,Cutthroat trout,87,7.1
2018,OG,Cutthroat trout,105,12.2
2018,OG,Cutthroat trout,97,11.2
2018,OG,Cutthroat trout,118,15.3
2018,OG,Cutthroat trout,91,9
2018,OG,Coastal giant salamander,32,1.7
2018,OG,Coastal giant salamander,63,8.2
2018,OG,Coastal giant salamander,78,14.7
2018,OG,Coastal giant salamander,68,11.4
2018,OG,Cutthroat trout,48,1.2
2018,OG,Cutthroat trout,45,1
2018,OG,Cutthroat trout,132,24.3
2018,OG,Cutthroat trout,120,19.5
2018,OG,Cutthroat trout,99,10.6
2018,OG,Cutthroat trout,125,22.9
2018,OG,Cutthroat trout,98,10.6
2018,OG,Cutthroat trout,95,7.8
2018,OG,Cutthroat trout,83,5.3
2018,OG,Coastal giant salamander,41,1.9
2018,OG,Coastal giant salamander,50,4.7
2018,OG,Coastal giant salamander,61,7.7
2018,OG,Coastal giant salamander,87,19.7
2018,OG,Coastal giant salamander,164,106.3
2018,OG,Cutthroat trout,58,2.2
2018,OG,Cutthroat trout,57,2
2018,OG,Cutthroat trout,50,1.5
2018,OG,Cutthroat trout,91,7.6
2018,OG,Cutthroat trout,118,17.4
2018,OG,Cutthroat trout,130,23.4
2018,OG,Cutthroat trout,132,25.7
2018,OG,Cutthroat trout,109,14.3
2018,OG,Cutthroat trout,111,13.3
2018,OG,Cutthroat trout,88,7.1
2018,OG,Cutthroat trout,89,7.5
2018,OG,Cutthroat trout,86,6.4
2018,OG,Coastal giant salamander,28,0.9
2018,OG,Coastal giant salamander,54,5.1
2018,OG,Coastal giant salamander,63,7.7
2018,OG,Coastal giant salamander,64,9
2018,OG,Coastal giant salamander,76,18
2018,OG,Cutthroat trout,50,1.2
2018,OG,Cutthroat trout,46,1.1
2018,OG,Cutthroat trout,50,1.5
2018,OG,Cutthroat trout,54,1.4
2018,OG,Cutthroat trout,54,1.7
2018,OG,Cutthroat trout,74,3.9
2018,OG,Cutthroat trout,117,16.2
2018,OG,Cutthroat trout,81,5.2
2018,OG,Cutthroat trout,108,15
2018,OG,Cutthroat trout,120,18.3
2018,OG,Cutthroat trout,112,15.5
2018,OG,Cutthroat trout,109,13.7
2018,OG,Cutthroat trout,114,14.4
2018,OG,Cutthroat trout,135,24.5
2018,OG,Cutthroat trout,132,24.6
2018,OG,Cutthroat trout,97,9.3
2018,OG,Cutthroat trout,87,7.5
2018,OG,Cutthroat trout,89,7.4
2018,OG,Cutthroat trout,90,7.9
2018,OG,Cutthroat trout,84,6
2018,OG,Cutthroat trout,85,6.2
2018,OG,Cutthroat trout,92,7.3
2018,OG,Coastal giant salamander,52,4.4
2018,OG,Coastal giant salamander,37,1.9
2018,OG,Coastal giant salamander,37,1.6
2018,OG,Coastal giant salamander,51,3.9
2018,OG,Coastal giant salamander,33,1.3
2018,OG,Coastal giant salamander,53,5.4
2018,OG,Coastal giant salamander,38,1.9
2018,OG,Coastal giant salamander,56,5.6
2018,OG,Coastal giant salamander,33,2.6
2018,OG,Coastal giant salamander,44,3.4
2018,OG,Coastal giant salamander,42,2.6
2018,OG,Coastal giant salamander,133,55.3
2018,OG,Coastal giant salamander,132,67.5
2018,OG,Coastal giant salamander,132,64.7
2018,OG,Coastal giant salamander,72,11.9
2018,OG,Coastal giant salamander,61,7.4
2018,OG,Coastal giant salamander,68,7.6
2018,OG,Coastal giant salamander,68,8.5
2018,OG,Coastal giant salamander,60,7.3
2018,OG,Coastal giant salamander,64,8.6
2018,OG,Coastal giant salamander,70,11.1
2018,OG,Coastal giant salamander,64,7.6
2018,OG,Coastal giant salamander,63,9.2
2018,OG,Coastal giant salamander,60,7.1
2018,OG,Coastal giant salamander,61,7.5
2018,OG,Coastal giant salamander,40,2.2
2018,OG,Cutthroat trout,101,10.5
2018,OG,Coastal giant salamander,45,3.4
2018,OG,Cutthroat trout,85,6.2
2018,OG,Coastal giant salamander,64,8.4
2018,OG,Cutthroat trout,52,1.4
2018,OG,Cutthroat trout,47,0.9
2018,OG,Cutthroat trout,45,1
2018,OG,Cutthroat trout,49,1.2
2018,OG,Cutthroat trout,126,23
2018,OG,Coastal giant salamander,44,1.6
2018,OG,Coastal giant salamander,36,1.7
2018,OG,Coastal giant salamander,57,5
2018,OG,Coastal giant salamander,46,3.2
2018,OG,Coastal giant salamander,36,1.5
2018,OG,Coastal giant salamander,26,0.7
2018,OG,Coastal giant salamander,54,5.3
2018,OG,Coastal giant salamander,47,3.6
2018,OG,Coastal giant salamander,58,6.3
2018,OG,Coastal giant salamander,68,11
2018,OG,Coastal giant salamander,67,9.7
2018,OG,Coastal giant salamander,73,12.5
2018,OG,Coastal giant salamander,65,8.7
2018,OG,Coastal giant salamander,70,11.4
2018,OG,Coastal giant salamander,70,10
2018,OG,Coastal giant salamander,74,13.5
2018,OG,Coastal giant salamander,72,11.7
2019,CC,Cutthroat trout,44,1
2019,CC,Cutthroat trout,45,0.8
2019,CC,Cutthroat trout,44,0.9
2019,CC,Cutthroat trout,49,1.3
2019,CC,Cutthroat trout,160,42.2
2019,CC,Cutthroat trout,86,7.6
2019,CC,Cutthroat trout,74,4.3
2019,CC,Coastal giant salamander,48,3.9
2019,CC,Coastal giant salamander,50,4.3
2019,CC,Coastal giant salamander,59,6.3
2019,CC,Coastal giant salamander,60,7.8
2019,CC,Coastal giant salamander,73,16.1
2019,CC,Coastal giant salamander,66,8.9
2019,CC,Coastal giant salamander,77,14.6
2019,CC,Coastal giant salamander,78,19.8
2019,CC,Coastal giant salamander,63,10.1
2019,CC,Cutthroat trout,108,13
2019,CC,Cutthroat trout,118,16.9
2019,CC,Cutthroat trout,109,14.1
2019,CC,Cutthroat trout,119,18.4
2019,CC,Cutthroat trout,106,13.1
2019,CC,Cutthroat trout,113,16.2
2019,CC,Cutthroat trout,149,33
2019,CC,Cutthroat trout,91,8.8
2019,CC,Cutthroat trout,85,6.9
2019,CC,Cutthroat trout,81,5.5
2019,CC,Cutthroat trout,85,6.2
2019,CC,Cutthroat trout,86,6.6
2019,CC,Cutthroat trout,93,8.3
2019,CC,Cutthroat trout,84,6.2
2019,CC,Cutthroat trout,98,9.5
2019,CC,Cutthroat trout,90,7.4
2019,CC,Cutthroat trout,83,6.1
2019,CC,Cutthroat trout,76,5
2019,CC,Cutthroat trout,46,1.1
2019,CC,Cutthroat trout,44,1
2019,CC,Cutthroat trout,45,1
2019,CC,Cutthroat trout,48,1.2
2019,CC,Cutthroat trout,38,0.5
2019,CC,Cutthroat trout,53,1.4
2019,CC,Cutthroat trout,104,12.3
2019,CC,Cutthroat trout,86,6.9
2019,CC,Cutthroat trout,126,21.8
2019,CC,Cutthroat trout,122,19.2
2019,CC,Cutthroat trout,132,23.8
2019,CC,Cutthroat trout,109,15.6
2019,CC,Cutthroat trout,81,6.2
2019,CC,Cutthroat trout,89,8
2019,CC,Cutthroat trout,98,12.2
2019,CC,Cutthroat trout,91,8
2019,CC,Cutthroat trout,90,7.6
2019,CC,Cutthroat trout,85,7
2019,CC,Cutthroat trout,89,7.8
2019,CC,Cutthroat trout,82,5.8
2019,CC,Cutthroat trout,84,6.4
2019,CC,Cutthroat trout,90,8
2019,CC,Coastal giant salamander,140,73.2
2019,CC,Coastal giant salamander,83,17.7
2019,CC,Coastal giant salamander,78,15.3
2019,CC,Coastal giant salamander,78,16.6
2019,CC,Coastal giant salamander,54,5.1
2019,CC,Coastal giant salamander,51,4.9
2019,CC,Coastal giant salamander,54,6
2019,CC,Coastal giant salamander,55,5.3
2019,CC,Coastal giant salamander,38,2.1
2019,CC,Coastal giant salamander,40,2.5
2019,CC,Coastal giant salamander,48,4.8
2019,CC,Coastal giant salamander,56,5.7
2019,CC,Coastal giant salamander,52,5.3
2019,CC,Coastal giant salamander,52,4.8
2019,CC,Coastal giant salamander,33,1.3
2019,CC,Coastal giant salamander,47,3.8
2019,CC,Coastal giant salamander,62,9.3
2019,CC,Coastal giant salamander,62,8.4
2019,CC,Coastal giant salamander,58,7.3
2019,CC,Coastal giant salamander,55,6.4
2019,CC,Cutthroat trout,46,1.1
2019,CC,Cutthroat trout,52,1.4
2019,CC,Cutthroat trout,50,1.3
2019,CC,Cutthroat trout,45,0.9
2019,CC,Cutthroat trout,44,0.9
2019,CC,Cutthroat trout,44,1
2019,CC,Cutthroat trout,142,36.7
2019,CC,Cutthroat trout,77,4.9
2019,CC,Cutthroat trout,94,9.1
2019,CC,Cutthroat trout,78,5.1
2019,CC,Cutthroat trout,80,5.3
2019,CC,Cutthroat trout,84,6.5
2019,CC,Cutthroat trout,68,4.3
2019,CC,Cutthroat trout,76,4.9
2019,CC,Cutthroat trout,79,5.4
2019,CC,Cutthroat trout,106,14.2
2019,CC,Cutthroat trout,128,23
2019,CC,Cutthroat trout,103,11.1
2019,CC,Cutthroat trout,101,10.5
2019,CC,Cutthroat trout,110,14.8
2019,CC,Cutthroat trout,152,36.9
2019,CC,Cutthroat trout,88,7.6
2019,CC,Cutthroat trout,91,8.4
2019,CC,Cutthroat trout,97,9.7
2019,CC,Cutthroat trout,92,8.8
2019,CC,Cutthroat trout,93,8.7
2019,CC,Cutthroat trout,91,7.8
2019,CC,Cutthroat trout,83,6.3
2019,CC,Cutthroat trout,81,5.3
2019,CC,Coastal giant salamander,77,14.7
2019,CC,Coastal giant salamander,82,18.7
2019,CC,Coastal giant salamander,48,4.4
2019,CC,Coastal giant salamander,31,0.9
2019,CC,Coastal giant salamander,58,6.2
2019,CC,Coastal giant salamander,54,6.1
2019,CC,Coastal giant salamander,44,3.3
2019,CC,Coastal giant salamander,31,1.3
2019,CC,Coastal giant salamander,41,2.7
2019,CC,Coastal giant salamander,56,7.2
2019,CC,Coastal giant salamander,56,6.3
2019,CC,Coastal giant salamander,59,7
2019,CC,Coastal giant salamander,68,12.8
2019,CC,Coastal giant salamander,61,9.5
2019,CC,Coastal giant salamander,68,11.2
2019,CC,Coastal giant salamander,124,44.5
2019,CC,Cutthroat trout,135,26.7
2019,CC,Cutthroat trout,80,5.8
2019,CC,Cutthroat trout,82,5.4
2019,CC,Cutthroat trout,78,5.2
2019,CC,Cutthroat trout,87,6.8
2019,CC,Cutthroat trout,38,0.6
2019,CC,Cutthroat trout,80,5.5
2019,CC,Cutthroat trout,88,6.8
2019,CC,Coastal giant salamander,26,0.8
2019,CC,Coastal giant salamander,54,6.2
2019,CC,Coastal giant salamander,50,4.4
2019,CC,Coastal giant salamander,77,16.9
2019,CC,Coastal giant salamander,70,10.8
2019,CC,Coastal giant salamander,74,14.9
2019,CC,Coastal giant salamander,74,13.4
2019,CC,Coastal giant salamander,71,11.4
2019,CC,Coastal giant salamander,68,10.9
2019,CC,Cutthroat trout,47,1.2
2019,CC,Cutthroat trout,48,1.2
2019,CC,Cutthroat trout,92,9.6
2019,CC,Coastal giant salamander,37,2.1
2019,CC,Coastal giant salamander,32,1.4
2019,CC,Coastal giant salamander,40,2.4
2019,CC,Coastal giant salamander,43,3.4
2019,CC,Coastal giant salamander,47,3.2
2019,CC,Coastal giant salamander,50,3.8
2019,CC,Coastal giant salamander,57,5.5
2019,CC,Coastal giant salamander,68,10.3
2019,CC,Cutthroat trout,38,0.6
2019,CC,Cutthroat trout,45,0.9
2019,CC,Cutthroat trout,37,0.5
2019,CC,Cutthroat trout,106,12.2
2019,CC,Coastal giant salamander,48,3.7
2019,CC,Coastal giant salamander,50,4
2019,CC,Coastal giant salamander,45,3.3
2019,CC,Coastal giant salamander,48,3.8
2019,CC,Coastal giant salamander,52,6
2019,CC,Coastal giant salamander,68,12.2
2019,CC,Coastal giant salamander,64,8.6
2019,CC,Cutthroat trout,134,22.3
2019,CC,Cutthroat trout,122,19.2
2019,CC,Cutthroat trout,166,45.8
2019,CC,Cutthroat trout,121,17.7
2019,CC,Cutthroat trout,103,12.2
2019,CC,Cutthroat trout,158,39.2
2019,CC,Cutthroat trout,96,10
2019,CC,Cutthroat trout,133,23.6
2019,CC,Cutthroat trout,118,17.4
2019,CC,Cutthroat trout,110,15.3
2019,CC,Cutthroat trout,120,17.2
2019,CC,Cutthroat trout,86,7.2
2019,CC,Cutthroat trout,90,8.1
2019,CC,Cutthroat trout,79,5.3
2019,CC,Cutthroat trout,43,2.8
2019,CC,Coastal giant salamander,57,6.3
2019,CC,Coastal giant salamander,60,7.8
2019,CC,Cutthroat trout,119,17
2019,CC,Cutthroat trout,107,13.6
2019,CC,Cutthroat trout,85,7
2019,CC,Cutthroat trout,81,5.4
2019,CC,Cutthroat trout,119,17.3
2019,CC,Cutthroat trout,106,12.6
2019,CC,Cutthroat trout,104,11.6
2019,CC,Cutthroat trout,78,5.3
2019,CC,Cutthroat trout,44,0.8
2019,CC,Cutthroat trout,39,0.7
2019,CC,Cutthroat trout,51,1.5
2019,CC,Cutthroat trout,50,1.4
2019,CC,Cutthroat trout,147,34.8
2019,CC,Cutthroat trout,148,32.5
2019,CC,Cutthroat trout,136,24.4
2019,CC,Cutthroat trout,113,14.9
2019,CC,Cutthroat trout,128,21.9
2019,CC,Cutthroat trout,110,14.3
2019,CC,Cutthroat trout,110,13.8
2019,CC,Cutthroat trout,106,11.8
2019,CC,Cutthroat trout,92,9
2019,CC,Cutthroat trout,100,10.7
2019,CC,Cutthroat trout,82,5.8
2019,CC,Cutthroat trout,82,5.8
2019,CC,Cutthroat trout,87,7.2
2019,CC,Cutthroat trout,79,5.3
2019,CC,Cutthroat trout,80,5.7
2019,CC,Cutthroat trout,83,6
2019,CC,Coastal giant salamander,50,3.7
2019,CC,Coastal giant salamander,46,3.9
2019,CC,Coastal giant salamander,53,5.5
2019,CC,Coastal giant salamander,50,4.8
2019,CC,Coastal giant salamander,88,18.6
2019,CC,Coastal giant salamander,77,15.9
2019,CC,Coastal giant salamander,62,9.2
2019,CC,Coastal giant salamander,72,14.7
2019,CC,Coastal giant salamander,63,9.1
2019,CC,Coastal giant salamander,61,8.5
2019,CC,Coastal giant salamander,60,8.4
2019,CC,Coastal giant salamander,63,8.5
2019,CC,Coastal giant salamander,75,12.7
2019,CC,Coastal giant salamander,68,9.8
2019,CC,Cutthroat trout,86,6.4
2019,CC,Cutthroat trout,41,0.7
2019,CC,Cutthroat trout,123,18.9
2019,CC,Cutthroat trout,115,16.9
2019,CC,Cutthroat trout,104,12
2019,CC,Cutthroat trout,141,29.8
2019,CC,Cutthroat trout,84,7.3
2019,CC,Cutthroat trout,96,8.9
2019,CC,Cutthroat trout,48,7.3
2019,CC,Cutthroat trout,75,4.6
2019,CC,Cutthroat trout,83,5.4
2019,CC,Coastal giant salamander,137,62
2019,CC,Coastal giant salamander,67,12.1
2019,CC,Cutthroat trout,44,0.8
2019,CC,Cutthroat trout,48,1.2
2019,CC,Cutthroat trout,37,0.5
2019,CC,Cutthroat trout,36,0.5
2019,CC,Cutthroat trout,34,0.4
2019,CC,Cutthroat trout,84,6.2
2019,CC,Coastal giant salamander,50,5
2019,CC,Coastal giant salamander,38,1.9
2019,CC,Coastal giant salamander,56,7.9
2019,CC,Coastal giant salamander,66,9.6
2019,CC,Coastal giant salamander,70,13.9
2019,CC,Coastal giant salamander,66,11.3
2019,CC,Cutthroat trout,78,4.7
2019,CC,Cutthroat trout,195,71.6
2019,CC,Cutthroat trout,137,25.6
2019,CC,Cutthroat trout,103,12.2
2019,CC,Cutthroat trout,118,17.2
2019,CC,Cutthroat trout,129,21.5
2019,CC,Cutthroat trout,111,13.5
2019,CC,Cutthroat trout,89,7.1
2019,CC,Cutthroat trout,75,4.7
2019,CC,Cutthroat trout,68,3.3
2019,CC,Coastal giant salamander,67,10.2
2019,CC,Cutthroat trout,43,1
2019,CC,Cutthroat trout,133,22.6
2019,CC,Cutthroat trout,144,29.2
2019,CC,Cutthroat trout,87,6.9
2019,CC,Cutthroat trout,80,5.2
2019,CC,Cutthroat trout,45,1.1
2019,CC,Cutthroat trout,44,0.9
2019,CC,Cutthroat trout,90,8.1
2019,CC,Cutthroat trout,86,6.9
2019,CC,Coastal giant salamander,56,5.6
2019,CC,Coastal giant salamander,60,7.8
2019,CC,Coastal giant salamander,45,4.1
2019,CC,Cutthroat trout,93,7.8
2019,CC,Cutthroat trout,118,19
2019,CC,Cutthroat trout,111,13.6
2019,CC,Cutthroat trout,81,5.3
2019,CC,Cutthroat trout,74,4.3
2019,CC,Cutthroat trout,40,0.7
2019,CC,Cutthroat trout,76,4.6
2019,CC,Cutthroat trout,80,5.7
2019,CC,Cutthroat trout,107,14
2019,CC,Coastal giant salamander,42,3.9
2019,CC,Coastal giant salamander,45,4.1
2019,CC,Cutthroat trout,86,7.3
2019,CC,Cutthroat trout,67,3.6
2019,CC,Cutthroat trout,79,5.8
2019,CC,Cutthroat trout,41,0.8
2019,CC,Cutthroat trout,42,0.8
2019,CC,Cutthroat trout,31,0.3
2019,CC,Cutthroat trout,46,1.1
2019,CC,Cutthroat trout,41,0.8
2019,CC,Cutthroat trout,38,0.6
2019,CC,Cutthroat trout,83,5.8
2019,CC,Coastal giant salamander,46,4.2
2019,CC,Coastal giant salamander,37,2.5
2019,CC,Coastal giant salamander,35,2.1
2019,CC,Cutthroat trout,45,1
2019,CC,Cutthroat trout,39,0.6
2019,CC,Cutthroat trout,116,16.8
2019,CC,Cutthroat trout,35,0.5
2019,CC,Coastal giant salamander,43,2.6
2019,CC,Coastal giant salamander,43,3
2019,CC,Coastal giant salamander,40,2.2
2019,CC,Coastal giant salamander,44,3
2019,CC,Coastal giant salamander,41,2.9
2019,CC,Coastal giant salamander,72,13.8
2019,CC,Coastal giant salamander,68,13.1
2019,CC,Coastal giant salamander,65,8.6
2019,CC,Coastal giant salamander,62,9
2019,CC,Cutthroat trout,41,0.8
2019,CC,Cutthroat trout,53,1.7
2019,CC,Cutthroat trout,101,10.8
2019,CC,Cutthroat trout,82,5.8
2019,CC,Cutthroat trout,104,11
2019,CC,Cutthroat trout,90,8.2
2019,CC,Coastal giant salamander,53,6.2
2019,CC,Coastal giant salamander,46,4.2
2019,CC,Coastal giant salamander,47,3.8
2019,CC,Coastal giant salamander,35,1.6
2019,CC,Coastal giant salamander,42,2.7
2019,CC,Coastal giant salamander,53,5.8
2019,CC,Coastal giant salamander,37,2.2
2019,CC,Coastal giant salamander,32,1.3
2019,CC,Coastal giant salamander,50,4.4
2019,CC,Coastal giant salamander,33,1.9
2019,CC,Coastal giant salamander,32,1.5
2019,CC,Coastal giant salamander,57,6.4
2019,CC,Coastal giant salamander,48,4.1
2019,CC,Coastal giant salamander,54,5.7
2019,CC,Coastal giant salamander,41,2.7
2019,CC,Coastal giant salamander,43,3.4
2019,CC,Coastal giant salamander,58,6.8
2019,CC,Coastal giant salamander,52,5.4
2019,CC,Coastal giant salamander,58,7.1
2019,CC,Coastal giant salamander,107,40
2019,CC,Coastal giant salamander,83,21.5
2019,CC,Coastal giant salamander,82,16.6
2019,CC,Coastal giant salamander,73,12.2
2019,CC,Coastal giant salamander,71,13.7
2019,CC,Coastal giant salamander,63,9.6
2019,CC,Coastal giant salamander,63,10.2
2019,CC,Coastal giant salamander,66,11.7
2019,CC,Coastal giant salamander,63,10.3
2019,CC,Coastal giant salamander,71,11.9
2019,CC,Coastal giant salamander,64,11.1
2019,CC,Coastal giant salamander,63,9.6
2019,CC,Coastal giant salamander,70,12
2019,CC,Coastal giant salamander,56,5.9
2019,CC,Coastal giant salamander,58,7.5
2019,CC,Coastal giant salamander,32,1.2
2019,CC,Coastal giant salamander,56,6.6
2019,CC,Coastal giant salamander,67,9.7
2019,CC,Coastal giant salamander,64,8
2019,CC,Cutthroat trout,48,1.2
2019,CC,Cutthroat trout,52,1.7
2019,CC,Cutthroat trout,51,1.4
2019,CC,Cutthroat trout,53,1.8
2019,CC,Cutthroat trout,53,1.7
2019,CC,Cutthroat trout,42,0.9
2019,CC,Cutthroat trout,45,1
2019,CC,Cutthroat trout,49,1.4
2019,CC,Cutthroat trout,53,1.6
2019,CC,Cutthroat trout,46,1
2019,CC,Cutthroat trout,51,1.4
2019,CC,Cutthroat trout,36,0.6
2019,CC,Cutthroat trout,48,1.2
2019,CC,Cutthroat trout,49,1.3
2019,CC,Cutthroat trout,53,1.6
2019,CC,Cutthroat trout,114,15.7
2019,CC,Cutthroat trout,118,16.8
2019,CC,Cutthroat trout,85,7
2019,CC,Cutthroat trout,84,6.3
2019,CC,Cutthroat trout,77,4.8
2019,CC,Cutthroat trout,125,20.6
2019,CC,Cutthroat trout,130,22.6
2019,CC,Cutthroat trout,103,13.3
2019,CC,Cutthroat trout,95,9.6
2019,CC,Cutthroat trout,100,9.2
2019,CC,Cutthroat trout,96,9.5
2019,CC,Cutthroat trout,89,7.3
2019,CC,Cutthroat trout,78,5.2
2019,CC,Cutthroat trout,85,6.6
2019,CC,Cutthroat trout,90,7.2
2019,CC,Cutthroat trout,38,0.7
2019,CC,Cutthroat trout,102,10.5
2019,CC,Cutthroat trout,86,6.4
2019,CC,Cutthroat trout,85,6.4
2019,CC,Cutthroat trout,74,4
2019,CC,Cutthroat trout,83,5.6
2019,CC,Cutthroat trout,76,5.2
2019,CC,Cutthroat trout,42,0.8
2019,CC,Cutthroat trout,42,0.9
2019,CC,Cutthroat trout,48,1.2
2019,CC,Cutthroat trout,42,0.9
2019,CC,Cutthroat trout,43,0.9
2019,CC,Cutthroat trout,42,0.8
2019,CC,Cutthroat trout,110,14.3
2019,CC,Cutthroat trout,129,22.6
2019,CC,Cutthroat trout,141,27.5
2019,CC,Cutthroat trout,111,13.9
2019,CC,Cutthroat trout,118,16.7
2019,CC,Cutthroat trout,98,11
2019,CC,Cutthroat trout,100,10.4
2019,CC,Cutthroat trout,93,8.7
2019,CC,Cutthroat trout,82,5.9
2019,CC,Coastal giant salamander,48,3.3
2019,CC,Coastal giant salamander,75,13.3
2019,CC,Cutthroat trout,47,1.1
2019,CC,Cutthroat trout,42,0.8
2019,CC,Cutthroat trout,176,44.7
2019,CC,Cutthroat trout,125,17.8
2019,CC,Cutthroat trout,100,10
2019,CC,Cutthroat trout,117,17.3
2019,CC,Cutthroat trout,112,15
2019,CC,Cutthroat trout,100,10.4
2019,CC,Cutthroat trout,96,8.8
2019,CC,Cutthroat trout,95,9.2
2019,CC,Cutthroat trout,47,4
2019,CC,Cutthroat trout,45,0.9
2019,CC,Cutthroat trout,45,0.9
2019,CC,Cutthroat trout,48,1.1
2019,CC,Cutthroat trout,49,1.4
2019,CC,Cutthroat trout,41,0.8
2019,CC,Cutthroat trout,105,11.9
2019,CC,Cutthroat trout,88,7.8
2019,CC,Cutthroat trout,115,14.9
2019,CC,Cutthroat trout,78,5.1
2019,CC,Coastal giant salamander,32,1.4
2019,CC,Cutthroat trout,76,4.9
2019,CC,Coastal giant salamander,53,4.5
2019,CC,Coastal giant salamander,43,3.9
2019,CC,Coastal giant salamander,43,3.2
2019,CC,Coastal giant salamander,40,2.9
2019,CC,Coastal giant salamander,33,1.7
2019,CC,Coastal giant salamander,54,6
2019,CC,Coastal giant salamander,58,7.1
2019,CC,Coastal giant salamander,56,6.1
2019,CC,Coastal giant salamander,46,4.3
2019,CC,Coastal giant salamander,53,6.3
2019,CC,Coastal giant salamander,33,1.5
2019,CC,Coastal giant salamander,52,5.8
2019,CC,Coastal giant salamander,66,9.1
2019,CC,Coastal giant salamander,72,12.1
2019,CC,Coastal giant salamander,71,12
2019,CC,Coastal giant salamander,112,40.3
2019,CC,Coastal giant salamander,142,83.8
2019,CC,Coastal giant salamander,29,1.3
2019,CC,Cutthroat trout,36,0.5
2019,CC,Cutthroat trout,133,24.4
2019,CC,Cutthroat trout,38,0.6
2019,CC,Cutthroat trout,36,0.5
2019,CC,Coastal giant salamander,38,2.1
2019,CC,Coastal giant salamander,38,2
2019,CC,Coastal giant salamander,57,6
2019,CC,Coastal giant salamander,58,7.6
2019,CC,Coastal giant salamander,76,14.8
2019,OG,Cutthroat trout,44,0.9
2019,OG,Cutthroat trout,43,0.8
2019,OG,Cutthroat trout,113,15.8
2019,OG,Cutthroat trout,102,10.6
2019,OG,Cutthroat trout,86,7.1
2019,OG,Cutthroat trout,103,11.2
2019,OG,Cutthroat trout,87,6.5
2019,OG,Cutthroat trout,71,4
2019,OG,Cutthroat trout,41,0.7
2019,OG,Coastal giant salamander,37,2.3
2019,OG,Coastal giant salamander,34,1.3
2019,OG,Coastal giant salamander,62,8.7
2019,OG,Coastal giant salamander,72,13
2019,OG,Coastal giant salamander,70,10.8
2019,OG,Coastal giant salamander,138,83.5
2019,OG,Cutthroat trout,138,28.4
2019,OG,Cutthroat trout,102,10.9
2019,OG,Cutthroat trout,112,15
2019,OG,Cutthroat trout,113,14
2019,OG,Cutthroat trout,96,8.3
2019,OG,Cutthroat trout,127,22.8
2019,OG,Cutthroat trout,86,7.2
2019,OG,Cutthroat trout,95,8.6
2019,OG,Coastal giant salamander,42,3.3
2019,OG,Coastal giant salamander,63,10.7
2019,OG,Coastal giant salamander,31,1.2
2019,OG,Coastal giant salamander,72,12.1
2019,OG,Coastal giant salamander,71,11.5
2019,OG,Cutthroat trout,39,0.7
2019,OG,Cutthroat trout,33,0.8
2019,OG,Cutthroat trout,38,0.7
2019,OG,Cutthroat trout,48,1.2
2019,OG,Cutthroat trout,38,0.7
2019,OG,Cutthroat trout,45,1
2019,OG,Cutthroat trout,49,1.3
2019,OG,Cutthroat trout,43,0.9
2019,OG,Cutthroat trout,127,21.4
2019,OG,Cutthroat trout,136,29.1
2019,OG,Cutthroat trout,108,12.5
2019,OG,Cutthroat trout,100,10.8
2019,OG,Cutthroat trout,100,10.1
2019,OG,Cutthroat trout,92,7.9
2019,OG,Cutthroat trout,127,20
2019,OG,Cutthroat trout,95,9.5
2019,OG,Cutthroat trout,110,14
2019,OG,Cutthroat trout,104,11.6
2019,OG,Cutthroat trout,100,10.2
2019,OG,Cutthroat trout,109,13.4
2019,OG,Cutthroat trout,85,6.9
2019,OG,Cutthroat trout,80,5.6
2019,OG,Cutthroat trout,92,9
2019,OG,Cutthroat trout,85,6.4
2019,OG,Cutthroat trout,86,6.4
2019,OG,Coastal giant salamander,42,3
2019,OG,Cutthroat trout,42,0.7
2019,OG,Coastal giant salamander,41,2.8
2019,OG,Coastal giant salamander,56,6.1
2019,OG,Coastal giant salamander,37,1.9
2019,OG,Coastal giant salamander,47,4
2019,OG,Coastal giant salamander,33,1.8
2019,OG,Coastal giant salamander,43,2.6
2019,OG,Coastal giant salamander,40,1.9
2019,OG,Coastal giant salamander,58,5.7
2019,OG,Coastal giant salamander,74,13.4
2019,OG,Coastal giant salamander,60,6.5
2019,OG,Coastal giant salamander,78,16.7
2019,OG,Coastal giant salamander,76,13.7
2019,OG,Coastal giant salamander,70,10.3
2019,OG,Coastal giant salamander,54,5.9
2019,OG,Coastal giant salamander,90,21
2019,OG,Coastal giant salamander,71,11.1
2019,OG,Coastal giant salamander,43,3.1
2019,OG,Coastal giant salamander,61,8.3
2019,OG,Coastal giant salamander,62,8.7
2019,OG,Coastal giant salamander,62,8.6
2019,OG,Coastal giant salamander,172,117.8
2019,OG,Cutthroat trout,114,15.3
2019,OG,Cutthroat trout,147,33
2019,OG,Cutthroat trout,95,9.7
2019,OG,Cutthroat trout,113,16
2019,OG,Cutthroat trout,98,10.9
2019,OG,Cutthroat trout,95,8.8
2019,OG,Cutthroat trout,71,4.1
2019,OG,Coastal giant salamander,45,3.8
2019,OG,Coastal giant salamander,42,2.3
2019,OG,Cutthroat trout,42,0.8
2019,OG,Cutthroat trout,37,0.5
2019,OG,Cutthroat trout,28,0.2
2019,OG,Cutthroat trout,27,0.2
2019,OG,Cutthroat trout,36,0.6
2019,OG,Cutthroat trout,44,1
2019,OG,Cutthroat trout,40,0.8
2019,OG,Cutthroat trout,37,0.5
2019,OG,Cutthroat trout,42,0.8
2019,OG,Coastal giant salamander,28,1.3
2019,OG,Cutthroat trout,47,1.1
2019,OG,Cutthroat trout,117,17
2019,OG,Cutthroat trout,100,10.1
2019,OG,Coastal giant salamander,53,5.2
2019,OG,Coastal giant salamander,69,11.5
2019,OG,Coastal giant salamander,42,0.9
2019,OG,Coastal giant salamander,41,2.3
2019,OG,Cutthroat trout,100,10.4
2019,OG,Cutthroat trout,80,5.6
2019,OG,Coastal giant salamander,42,3.2
2019,OG,Coastal giant salamander,51,5
2019,OG,Coastal giant salamander,38,2
2019,OG,Coastal giant salamander,41,2.5
2019,OG,Coastal giant salamander,44,3.8
2019,OG,Coastal giant salamander,45,3.8
2019,OG,Coastal giant salamander,44,3.2
2019,OG,Coastal giant salamander,33,1.6
2019,OG,Coastal giant salamander,29,0.9
2019,OG,Coastal giant salamander,51,5.4
2019,OG,Coastal giant salamander,55,5.5
2019,OG,Coastal giant salamander,63,9.2
2019,OG,Coastal giant salamander,71,11.9
2019,OG,Coastal giant salamander,67,11.6
2019,OG,Coastal giant salamander,64,9.3
2019,OG,Cutthroat trout,116,16.7
2019,OG,Coastal giant salamander,44,3.6
2019,OG,Cutthroat trout,39,0.5
2019,OG,Cutthroat trout,31,0.3
2019,OG,Cutthroat trout,40,0.7
2019,OG,Coastal giant salamander,43,2.3
2019,OG,Coastal giant salamander,32,0.9
2019,OG,Cutthroat trout,119,17.4
2019,OG,Cutthroat trout,94,8.1
2019,OG,Cutthroat trout,80,5.8
2019,OG,Cutthroat trout,87,6.7
2019,OG,Cutthroat trout,116,16.5
2019,OG,Coastal giant salamander,44,3.3
2019,OG,Coastal giant salamander,37,2.8
2019,OG,Coastal giant salamander,59,7.3
2019,OG,Coastal giant salamander,62,8.1
2019,OG,Coastal giant salamander,61,7.6
2019,OG,Cutthroat trout,82,5.8
2019,OG,Cutthroat trout,110,14
2019,OG,Cutthroat trout,134,23.8
2019,OG,Cutthroat trout,114,16
2019,OG,Cutthroat trout,97,9.7
2019,OG,Cutthroat trout,105,11.8
2019,OG,Cutthroat trout,83,5.4
2019,OG,Cutthroat trout,71,3.7
2019,OG,Coastal giant salamander,80,14.8
2019,OG,Coastal giant salamander,63,10.6
2019,OG,Cutthroat trout,125,19.6
2019,OG,Cutthroat trout,98,10.2
2019,OG,Cutthroat trout,83,6.2
2019,OG,Cutthroat trout,30,0.3
2019,OG,Cutthroat trout,29,0.2
2019,OG,Cutthroat trout,32,0.4
2019,OG,Cutthroat trout,113,16.3
2019,OG,Cutthroat trout,43,0.8
2019,OG,Cutthroat trout,37,0.5
2019,OG,Cutthroat trout,40,0.9
2019,OG,Cutthroat trout,42,0.8
2019,OG,Cutthroat trout,32,0.2
2019,OG,Cutthroat trout,35,0.4
2019,OG,Cutthroat trout,35,0.4
2019,OG,Cutthroat trout,46,1
2019,OG,Coastal giant salamander,28,0.8
2019,OG,Coastal giant salamander,28,1.1
2019,OG,Coastal giant salamander,28,1
2019,OG,Coastal giant salamander,70,9.5
2019,OG,Coastal giant salamander,38,1.8
2019,OG,Coastal giant salamander,36,1.8
2019,OG,Cutthroat trout,40,1
2019,OG,Cutthroat trout,41,0.9
2019,OG,Cutthroat trout,50,1.4
2019,OG,Cutthroat trout,30,0.3
2019,OG,Cutthroat trout,32,0.3
2019,OG,Cutthroat trout,50,1.3
2019,OG,Coastal giant salamander,42,2.8
2019,OG,Coastal giant salamander,42,2.5
2019,OG,Coastal giant salamander,52,4.5
2019,OG,Coastal giant salamander,31,1.5
2019,OG,Coastal giant salamander,32,1
2019,OG,Coastal giant salamander,42,2.4
2019,OG,Coastal giant salamander,53,5.5
2019,OG,Coastal giant salamander,59,6.7
2019,OG,Coastal giant salamander,63,8.4
2019,OG,Coastal giant salamander,63,8.5
2019,OG,Coastal giant salamander,63,10.2
2019,OG,Coastal giant salamander,62,9.5
2019,OG,Cutthroat trout,78,4.7
2019,OG,Cutthroat trout,98,9.5
2019,OG,Cutthroat trout,138,25.6
2019,OG,Cutthroat trout,121,16.9
2019,OG,Cutthroat trout,108,13
2019,OG,Cutthroat trout,146,28.3
2019,OG,Cutthroat trout,51,1.4
2019,OG,Cutthroat trout,54,1.5
2019,OG,Cutthroat trout,51,1.7
2019,OG,Cutthroat trout,52,1.6
2019,OG,Cutthroat trout,48,1.1
2019,OG,Cutthroat trout,116,18.2
2019,OG,Cutthroat trout,104,11.4
2019,OG,Cutthroat trout,85,6.4
2019,OG,Cutthroat trout,74,4.3
2019,OG,Coastal giant salamander,40,2.5
2019,OG,Coastal giant salamander,51,5.8
2019,OG,Coastal giant salamander,36,2
2019,OG,Coastal giant salamander,35,1.7
2019,OG,Coastal giant salamander,32,1.5
2019,OG,Coastal giant salamander,45,3.7
2019,OG,Coastal giant salamander,35,1.9
2019,OG,Coastal giant salamander,50,12.1
2019,OG,Coastal giant salamander,42,2.5
2019,OG,Coastal giant salamander,61,7.4
2019,OG,Coastal giant salamander,71,11.7
2019,OG,Coastal giant salamander,67,10.1
2019,OG,Coastal giant salamander,63,7.5
2019,OG,Coastal giant salamander,56,5.9
2019,OG,Coastal giant salamander,123,55.2
2019,OG,Coastal giant salamander,148,90.2
2019,OG,Cutthroat trout,50,1.3
2019,OG,Cutthroat trout,104,12.2
2019,OG,Cutthroat trout,98,10.1
2019,OG,Cutthroat trout,84,5.7
2019,OG,Cutthroat trout,92,6
2019,OG,Cutthroat trout,80,5.3
2019,OG,Cutthroat trout,75,4.4
2019,OG,Coastal giant salamander,33,1.6
2019,OG,Coastal giant salamander,28,1
2019,OG,Coastal giant salamander,47,3.8
2019,OG,Coastal giant salamander,46,2.8
2019,OG,Cutthroat trout,73,4.5
2019,OG,Cutthroat trout,89,7
2019,OG,Coastal giant salamander,36,1.9
2019,OG,Coastal giant salamander,36,1.8
2019,OG,Coastal giant salamander,52,5.1
2019,OG,Coastal giant salamander,67,10
2019,OG,Cutthroat trout,124,20.7
2019,OG,Coastal giant salamander,72,11.1
2019,OG,Cutthroat trout,36,0.5
2019,OG,Coastal giant salamander,32,1.5
2019,OG,Coastal giant salamander,28,1.2
2019,OG,Coastal giant salamander,24,0.6
2019,OG,Coastal giant salamander,44,3.2
2019,OG,Cutthroat trout,53,1.7
2019,OG,Cutthroat trout,47,1.1
2019,OG,Cutthroat trout,105,13.3
2019,OG,Cutthroat trout,108,13.6
2019,OG,Cutthroat trout,82,5.5
2019,OG,Coastal giant salamander,38,2.1
2019,OG,Coastal giant salamander,50,5.2
2019,OG,Coastal giant salamander,56,7.2
2019,OG,Coastal giant salamander,43,2.9
2019,OG,Coastal giant salamander,58,6.2
2019,OG,Coastal giant salamander,34,1.4
2019,OG,Coastal giant salamander,40,2.7
2019,OG,Coastal giant salamander,43,2.6
2019,OG,Coastal giant salamander,58,6.8
2019,OG,Coastal giant salamander,56,6.5
2019,OG,Coastal giant salamander,61,7.2
2019,OG,Coastal giant salamander,66,10.4
2019,OG,Coastal giant salamander,70,11.5
2019,OG,Cutthroat trout,44,0.9
2019,OG,Cutthroat trout,59,2
2019,OG,Cutthroat trout,132,23.4
2019,OG,Cutthroat trout,107,12.6
2019,OG,Cutthroat trout,127,21.2
2019,OG,Cutthroat trout,96,9.5
2019,OG,Cutthroat trout,91,8.5
2019,OG,Cutthroat trout,81,5.8
2019,OG,Cutthroat trout,77,5.3
2019,OG,Coastal giant salamander,50,4.9
2019,OG,Coastal giant salamander,66,10
2019,OG,Coastal giant salamander,73,4.9
2019,OG,Coastal giant salamander,120,50
2019,OG,Coastal giant salamander,40,3.4
2019,OG,Coastal giant salamander,56,4.9
2019,OG,Cutthroat trout,36,0.6
2019,OG,Cutthroat trout,49,1.4
2019,OG,Cutthroat trout,48,1.2
2019,OG,Cutthroat trout,55,1.9
2019,OG,Cutthroat trout,37,0.7
2019,OG,Cutthroat trout,127,21.1
2019,OG,Cutthroat trout,97,9.5
2019,OG,Cutthroat trout,112,15.3
2019,OG,Cutthroat trout,102,11.6
2019,OG,Cutthroat trout,85,7.1
2019,OG,Cutthroat trout,83,6.1
2019,OG,Cutthroat trout,82,5.8
2019,OG,Cutthroat trout,82,5.8
2019,OG,Cutthroat trout,42,0.8
2019,OG,Coastal giant salamander,33,1.8
2019,OG,Coastal giant salamander,47,4
2019,OG,Coastal giant salamander,70,11.9
2019,OG,Coastal giant salamander,70,11.6
2019,OG,Coastal giant salamander,68,10.5
2019,OG,Coastal giant salamander,63,11.4
2019,OG,Coastal giant salamander,61,9
2019,OG,Cutthroat trout,46,1.2
2019,OG,Cutthroat trout,116,16.4
2019,OG,Cutthroat trout,138,29.1
2019,OG,Cutthroat trout,130,22.6
2019,OG,Cutthroat trout,112,15.5
2019,OG,Cutthroat trout,96,9
2019,OG,Cutthroat trout,97,9
2019,OG,Cutthroat trout,82,5.5
2019,OG,Cutthroat trout,77,4.6
2019,OG,Cutthroat trout,107,12.8
2019,OG,Cutthroat trout,115,15.7
2019,OG,Cutthroat trout,116,16.3
2019,OG,Cutthroat trout,92,8.3
2019,OG,Cutthroat trout,95,9.2
2019,OG,Cutthroat trout,85,6.9
2019,OG,Cutthroat trout,76,5.2
2019,OG,Cutthroat trout,79,5.4
2019,OG,Coastal giant salamander,38,2.1
2019,OG,Coastal giant salamander,43,3.4
2019,OG,Coastal giant salamander,52,5.3
2019,OG,Coastal giant salamander,54,6.6
2019,OG,Cutthroat trout,44,1
2019,OG,Cutthroat trout,110,13.5
2019,OG,Cutthroat trout,110,13.8
2019,OG,Cutthroat trout,99,10.5
2019,OG,Cutthroat trout,120,19.9
2019,OG,Cutthroat trout,92,7.7
2019,OG,Cutthroat trout,85,6.1
2019,OG,Cutthroat trout,82,5.8
2019,OG,Cutthroat trout,98,9.7
2019,OG,Cutthroat trout,78,5
2019,OG,Cutthroat trout,83,5
2019,OG,Coastal giant salamander,44,3.5
2019,OG,Coastal giant salamander,43,3.3
2019,OG,Coastal giant salamander,51,5.7
2019,OG,Coastal giant salamander,41,2.9
2019,OG,Coastal giant salamander,38,2.2
2019,OG,Coastal giant salamander,32,1.3
2019,OG,Coastal giant salamander,42,2.4
2019,OG,Coastal giant salamander,36,1.6
2019,OG,Coastal giant salamander,57,6
2019,OG,Coastal giant salamander,60,7.1
2019,OG,Coastal giant salamander,71,12.3
2019,OG,Coastal giant salamander,77,16.7
2019,OG,Coastal giant salamander,67,10.1
2019,OG,Coastal giant salamander,60,7.9
2019,OG,Coastal giant salamander,67,9.5
2019,OG,Coastal giant salamander,73,14.9
2019,OG,Coastal giant salamander,56,6.5
2019,OG,Coastal giant salamander,47,4.4
2019,OG,Coastal giant salamander,134,80.4
2019,OG,Cutthroat trout,45,1
2019,OG,Cutthroat trout,50,1.2
2019,OG,Cutthroat trout,38,0.7
2019,OG,Cutthroat trout,41,0.7
2019,OG,Cutthroat trout,50,1.3
2019,OG,Cutthroat trout,41,0.7
2019,OG,Cutthroat trout,104,12.1
2019,OG,Cutthroat trout,124,19.8
2019,OG,Cutthroat trout,93,9
2019,OG,Cutthroat trout,130,21.2
2019,OG,Cutthroat trout,98,10.9
2019,OG,Cutthroat trout,101,9.9
2019,OG,Cutthroat trout,79,6
2019,OG,Cutthroat trout,81,5.4
2019,OG,Cutthroat trout,72,4.6
2019,OG,Cutthroat trout,78,5.5
2019,OG,Coastal giant salamander,27,0.9
2019,OG,Coastal giant salamander,51,4.9
2019,OG,Coastal giant salamander,95,21.1
2019,OG,Cutthroat trout,46,1.2
2019,OG,Cutthroat trout,92,8.3
2019,OG,Cutthroat trout,145,31.8
2019,OG,Cutthroat trout,50,1.4
2019,OG,Coastal giant salamander,26,1.2
2019,OG,Coastal giant salamander,27,1
2019,OG,Coastal giant salamander,71,12.2
2019,OG,Coastal giant salamander,68,10.5
2019,OG,Coastal giant salamander,66,11.2
2019,OG,Cutthroat trout,142,29.5
2019,OG,Cutthroat trout,142,28.3
2019,OG,Cutthroat trout,78,6
2019,OG,Cutthroat trout,84,6
2019,OG,Cutthroat trout,45,1
2019,OG,Cutthroat trout,42,0.8
2019,OG,Cutthroat trout,46,1.1
2019,OG,Cutthroat trout,118,19.8
2019,OG,Cutthroat trout,89,7.4
2019,OG,Cutthroat trout,78,5.6
2019,OG,Coastal giant salamander,42,2.5
2019,OG,Coastal giant salamander,41,3
2019,OG,Coastal giant salamander,38,2.4
2019,OG,Coastal giant salamander,34,1.9
2019,OG,Coastal giant salamander,33,1.8
2019,OG,Coastal giant salamander,26,0.7
2019,OG,Coastal giant salamander,37,2.5
2019,OG,Coastal giant salamander,46,4
2019,OG,Coastal giant salamander,25,0.5
2019,OG,Coastal giant salamander,27,0.6
2019,OG,Coastal giant salamander,33,1.6
2019,OG,Coastal giant salamander,38,1.6
2019,OG,Coastal giant salamander,51,5
2019,OG,Coastal giant salamander,50,5.3
2019,OG,Coastal giant salamander,58,6.4
2019,OG,Coastal giant salamander,58,7.9
2019,OG,Coastal giant salamander,65,8.7
2019,OG,Coastal giant salamander,67,9.6
2019,OG,Coastal giant salamander,74,14.3
2019,OG,Coastal giant salamander,73,11.6